0, 0, Header, 1, 2, 240
1, 0, Start_track
1, 0, Time_signature, 3, 2, 24, 8
1, 0, Tempo, 333333
1, 0, End_track
2, 0, Start_track
2, 0, Title_t, "Piano"
2, 0, Program_c, 0, 0
2, 0, Control_c, 0, 7, 127
2, 0, Note_on_c, 4, 59, 79
2, 0, Note_on_c, 4, 52, 104
2, 192, Note_off_c, 4, 52, 64
2, 192, Note_off_c, 4, 59, 64
2, 240, Note_on_c, 4, 59, 86
2, 240, Note_on_c, 4, 52, 104
2, 432, Note_off_c, 4, 52, 64
2, 432, Note_off_c, 4, 59, 64
2, 480, Note_on_c, 4, 52, 117
2, 480, Note_on_c, 4, 59, 99
2, 672, Note_off_c, 4, 59, 64
2, 672, Note_off_c, 4, 52, 64
2, 720, Note_on_c, 4, 59, 77
2, 720, Note_on_c, 4, 52, 97
2, 912, Note_off_c, 4, 52, 64
2, 912, Note_off_c, 4, 59, 64
2, 960, Note_on_c, 4, 59, 86
2, 960, Note_on_c, 4, 52, 108
2, 1152, Note_off_c, 4, 52, 64
2, 1152, Note_off_c, 4, 59, 64
2, 1200, Note_on_c, 4, 52, 127
2, 1200, Note_on_c, 4, 59, 117
2, 1392, Note_off_c, 4, 59, 64
2, 1392, Note_off_c, 4, 52, 64
2, 1440, Note_on_c, 4, 59, 81
2, 1440, Note_on_c, 4, 52, 101
2, 1632, Note_off_c, 4, 52, 64
2, 1632, Note_off_c, 4, 59, 64
2, 1680, Note_on_c, 4, 52, 108
2, 1680, Note_on_c, 4, 59, 88
2, 1872, Note_off_c, 4, 59, 64
2, 1872, Note_off_c, 4, 52, 64
2, 1920, Note_on_c, 4, 59, 88
2, 1920, Note_on_c, 4, 52, 104
2, 2112, Note_off_c, 4, 52, 64
2, 2112, Note_off_c, 4, 59, 64
2, 2160, Note_on_c, 4, 52, 124
2, 2160, Note_on_c, 4, 59, 111
2, 2352, Note_off_c, 4, 59, 64
2, 2352, Note_off_c, 4, 52, 64
2, 2400, Note_on_c, 4, 59, 81
2, 2400, Note_on_c, 4, 52, 113
2, 2592, Note_off_c, 4, 52, 64
2, 2592, Note_off_c, 4, 59, 64
2, 2640, Note_on_c, 4, 52, 127
2, 2640, Note_on_c, 4, 59, 111
2, 2832, Note_off_c, 4, 59, 64
2, 2832, Note_off_c, 4, 52, 64
2, 2880, Note_on_c, 4, 59, 73
2, 2880, Note_on_c, 4, 52, 91
2, 2880, Note_on_c, 0, 49, 68
2, 2976, Note_off_c, 0, 49, 64
2, 3000, Note_on_c, 0, 47, 104
2, 3072, Note_off_c, 4, 52, 64
2, 3072, Note_off_c, 4, 59, 64
2, 3096, Note_off_c, 0, 47, 64
2, 3120, Note_on_c, 4, 52, 101
2, 3120, Note_on_c, 0, 45, 108
2, 3120, Note_on_c, 4, 59, 83
2, 3312, Note_off_c, 4, 59, 64
2, 3312, Note_off_c, 0, 45, 64
2, 3312, Note_off_c, 4, 52, 64
2, 3360, Note_on_c, 4, 52, 117
2, 3360, Note_on_c, 4, 59, 106
2, 3360, Note_on_c, 0, 44, 88
2, 3504, Note_off_c, 0, 44, 64
2, 3540, Note_on_c, 0, 44, 97
2, 3552, Note_off_c, 4, 59, 64
2, 3552, Note_off_c, 4, 52, 64
2, 3564, Note_off_c, 0, 44, 64
2, 3570, Note_on_c, 0, 42, 83
2, 3594, Note_off_c, 0, 42, 64
2, 3600, Note_on_c, 4, 59, 77
2, 3600, Note_on_c, 4, 52, 97
2, 3600, Note_on_c, 0, 40, 94
2, 3792, Note_off_c, 4, 52, 64
2, 3792, Note_off_c, 4, 59, 64
2, 3840, Note_on_c, 4, 59, 81
2, 3840, Note_on_c, 4, 52, 91
2, 4032, Note_off_c, 4, 52, 64
2, 4032, Note_off_c, 4, 59, 64
2, 4080, Note_on_c, 4, 52, 124
2, 4080, Note_on_c, 4, 59, 103
2, 4176, Note_off_c, 0, 40, 64
2, 4272, Note_off_c, 4, 59, 64
2, 4272, Note_off_c, 4, 52, 64
2, 4320, Note_on_c, 4, 52, 101
2, 4320, Note_on_c, 4, 59, 77
2, 4320, Note_on_c, 0, 49, 91
2, 4416, Note_off_c, 0, 49, 64
2, 4500, Note_on_c, 0, 47, 101
2, 4512, Note_off_c, 4, 59, 64
2, 4512, Note_off_c, 4, 52, 64
2, 4548, Note_off_c, 0, 47, 64
2, 4560, Note_on_c, 4, 52, 97
2, 4560, Note_on_c, 0, 45, 91
2, 4560, Note_on_c, 4, 59, 81
2, 4752, Note_off_c, 4, 59, 64
2, 4752, Note_off_c, 0, 45, 64
2, 4752, Note_off_c, 4, 52, 64
2, 4800, Note_on_c, 4, 59, 108
2, 4800, Note_on_c, 4, 52, 117
2, 4800, Note_on_c, 0, 44, 76
2, 4944, Note_off_c, 0, 44, 64
2, 4980, Note_on_c, 0, 44, 80
2, 4992, Note_off_c, 4, 52, 64
2, 4992, Note_off_c, 4, 59, 64
2, 5004, Note_off_c, 0, 44, 64
2, 5010, Note_on_c, 0, 42, 83
2, 5034, Note_off_c, 0, 42, 64
2, 5040, Note_on_c, 4, 52, 104
2, 5040, Note_on_c, 4, 59, 71
2, 5040, Note_on_c, 0, 40, 97
2, 5232, Note_off_c, 4, 59, 64
2, 5232, Note_off_c, 4, 52, 64
2, 5280, Note_on_c, 4, 59, 86
2, 5280, Note_on_c, 4, 52, 104
2, 5424, Note_off_c, 0, 40, 64
2, 5472, Note_off_c, 4, 52, 64
2, 5472, Note_off_c, 4, 59, 64
2, 5520, Note_on_c, 0, 52, 83
2, 5520, Note_on_c, 0, 59, 97
2, 5712, Note_off_c, 0, 59, 64
2, 5712, Note_off_c, 0, 52, 64
2, 5760, Note_on_c, 4, 40, 88
2, 5760, Note_on_c, 0, 59, 91
2, 5760, Note_on_c, 0, 56, 80
2, 5856, Note_off_c, 0, 56, 64
2, 5856, Note_off_c, 0, 59, 64
2, 5940, Note_on_c, 0, 64, 88
2, 5940, Note_on_c, 0, 59, 83
2, 5952, Note_off_c, 4, 40, 64
2, 5988, Note_off_c, 0, 59, 64
2, 5988, Note_off_c, 0, 64, 64
2, 6000, Note_on_c, 4, 59, 81
2, 6000, Note_on_c, 4, 52, 101
2, 6000, Note_on_c, 0, 68, 87
2, 6000, Note_on_c, 0, 64, 108
2, 6192, Note_off_c, 0, 64, 64
2, 6192, Note_off_c, 0, 68, 64
2, 6192, Note_off_c, 4, 52, 64
2, 6192, Note_off_c, 4, 59, 64
2, 6240, Note_on_c, 4, 52, 113
2, 6240, Note_on_c, 4, 59, 122
2, 6240, Note_on_c, 0, 68, 87
2, 6240, Note_on_c, 0, 71, 88
2, 6432, Note_off_c, 0, 71, 64
2, 6432, Note_off_c, 0, 68, 64
2, 6432, Note_off_c, 4, 59, 64
2, 6432, Note_off_c, 4, 52, 64
2, 6480, Note_on_c, 4, 59, 77
2, 6480, Note_on_c, 4, 52, 101
2, 6480, Note_on_c, 0, 71, 104
2, 6480, Note_on_c, 0, 76, 86
2, 6576, Note_off_c, 0, 76, 64
2, 6576, Note_off_c, 0, 71, 64
2, 6660, Note_on_c, 0, 68, 73
2, 6660, Note_on_c, 0, 64, 101
2, 6672, Note_off_c, 4, 52, 64
2, 6672, Note_off_c, 4, 59, 64
2, 6708, Note_off_c, 0, 64, 64
2, 6708, Note_off_c, 0, 68, 64
2, 6720, Note_on_c, 4, 59, 77
2, 6720, Note_on_c, 4, 52, 101
2, 6720, Note_on_c, 0, 68, 87
2, 6720, Note_on_c, 0, 71, 97
2, 6912, Note_off_c, 0, 71, 64
2, 6912, Note_off_c, 0, 68, 64
2, 6912, Note_off_c, 4, 52, 64
2, 6912, Note_off_c, 4, 59, 64
2, 6960, Note_on_c, 4, 56, 83
2, 6960, Note_on_c, 4, 64, 88
2, 6960, Note_on_c, 4, 59, 117
2, 6960, Note_on_c, 4, 52, 104
2, 6960, Note_on_c, 0, 76, 86
2, 6960, Note_on_c, 0, 71, 108
2, 7152, Note_off_c, 0, 71, 64
2, 7152, Note_off_c, 0, 76, 64
2, 7152, Note_off_c, 4, 52, 64
2, 7152, Note_off_c, 4, 59, 64
2, 7152, Note_off_c, 4, 64, 64
2, 7152, Note_off_c, 4, 56, 64
2, 7200, Note_on_c, 4, 63, 68
2, 7200, Note_on_c, 4, 57, 94
2, 7200, Note_on_c, 4, 59, 97
2, 7200, Note_on_c, 4, 52, 45
2, 7200, Note_on_c, 0, 78, 87
2, 7200, Note_on_c, 1, 75, 100
2, 7264, Note_off_c, 0, 78, 64
2, 7280, Note_on_c, 0, 80, 80
2, 7344, Note_off_c, 0, 80, 64
2, 7360, Note_on_c, 0, 78, 83
2, 7392, Note_off_c, 1, 75, 64
2, 7392, Note_off_c, 4, 52, 64
2, 7392, Note_off_c, 4, 59, 64
2, 7392, Note_off_c, 4, 57, 64
2, 7392, Note_off_c, 4, 63, 64
2, 7424, Note_off_c, 0, 78, 64
2, 7440, Note_on_c, 0, 74, 88
2, 7440, Note_on_c, 0, 77, 104
2, 7440, Note_on_c, 4, 63, 46
2, 7440, Note_on_c, 4, 59, 94
2, 7440, Note_on_c, 4, 52, 70
2, 7440, Note_on_c, 4, 57, 91
2, 7536, Note_off_c, 0, 77, 64
2, 7536, Note_off_c, 0, 74, 64
2, 7560, Note_on_c, 0, 78, 80
2, 7560, Note_on_c, 0, 75, 87
2, 7632, Note_off_c, 4, 57, 64
2, 7632, Note_off_c, 4, 52, 64
2, 7632, Note_off_c, 4, 59, 64
2, 7632, Note_off_c, 4, 63, 64
2, 7656, Note_off_c, 0, 75, 64
2, 7656, Note_off_c, 0, 78, 64
2, 7680, Note_on_c, 4, 63, 61
2, 7680, Note_on_c, 4, 57, 97
2, 7680, Note_on_c, 4, 59, 101
2, 7680, Note_on_c, 4, 52, 59
2, 7680, Note_on_c, 0, 80, 80
2, 7680, Note_on_c, 0, 76, 94
2, 7776, Note_off_c, 0, 76, 64
2, 7776, Note_off_c, 0, 80, 64
2, 7800, Note_on_c, 0, 81, 91
2, 7800, Note_on_c, 0, 78, 95
2, 7872, Note_off_c, 4, 52, 64
2, 7872, Note_off_c, 4, 59, 64
2, 7872, Note_off_c, 4, 57, 64
2, 7872, Note_off_c, 4, 63, 64
2, 7896, Note_off_c, 0, 78, 64
2, 7896, Note_off_c, 0, 81, 64
2, 7920, Note_on_c, 4, 56, 68
2, 7920, Note_on_c, 4, 52, 71
2, 7920, Note_on_c, 4, 64, 64
2, 7920, Note_on_c, 4, 59, 91
2, 7920, Note_on_c, 0, 85, 80
2, 7920, Note_on_c, 0, 81, 101
2, 8016, Note_off_c, 0, 81, 64
2, 8016, Note_off_c, 0, 85, 64
2, 8100, Note_on_c, 0, 83, 75
2, 8100, Note_on_c, 0, 80, 87
2, 8112, Note_off_c, 4, 59, 64
2, 8112, Note_off_c, 4, 64, 64
2, 8112, Note_off_c, 4, 52, 64
2, 8112, Note_off_c, 4, 56, 64
2, 8148, Note_off_c, 0, 80, 64
2, 8148, Note_off_c, 0, 83, 64
2, 8160, Note_on_c, 4, 52, 79
2, 8160, Note_on_c, 4, 56, 73
2, 8160, Note_on_c, 4, 64, 83
2, 8160, Note_on_c, 4, 59, 101
2, 8160, Note_on_c, 0, 80, 80
2, 8160, Note_on_c, 0, 76, 101
2, 8352, Note_off_c, 4, 59, 64
2, 8352, Note_off_c, 4, 64, 64
2, 8352, Note_off_c, 4, 56, 64
2, 8352, Note_off_c, 4, 52, 64
2, 8400, Note_on_c, 4, 56, 65
2, 8400, Note_on_c, 4, 64, 66
2, 8400, Note_on_c, 4, 59, 88
2, 8400, Note_on_c, 4, 52, 48
2, 8544, Note_off_c, 0, 76, 64
2, 8544, Note_off_c, 0, 80, 64
2, 8592, Note_off_c, 4, 52, 64
2, 8592, Note_off_c, 4, 59, 64
2, 8592, Note_off_c, 4, 64, 64
2, 8592, Note_off_c, 4, 56, 64
2, 8640, Note_on_c, 4, 63, 53
2, 8640, Note_on_c, 4, 52, 67
2, 8640, Note_on_c, 4, 57, 101
2, 8640, Note_on_c, 4, 59, 101
2, 8640, Note_on_c, 0, 78, 91
2, 8640, Note_on_c, 1, 75, 110
2, 8704, Note_off_c, 0, 78, 64
2, 8720, Note_on_c, 0, 80, 73
2, 8784, Note_off_c, 0, 80, 64
2, 8800, Note_on_c, 0, 78, 91
2, 8832, Note_off_c, 1, 75, 64
2, 8832, Note_off_c, 4, 59, 64
2, 8832, Note_off_c, 4, 57, 64
2, 8832, Note_off_c, 4, 52, 64
2, 8832, Note_off_c, 4, 63, 64
2, 8864, Note_off_c, 0, 78, 64
2, 8880, Note_on_c, 0, 77, 97
2, 8880, Note_on_c, 0, 74, 94
2, 8880, Note_on_c, 4, 63, 63
2, 8880, Note_on_c, 4, 57, 104
2, 8880, Note_on_c, 4, 59, 104
2, 8880, Note_on_c, 4, 52, 57
2, 8976, Note_off_c, 0, 74, 64
2, 8976, Note_off_c, 0, 77, 64
2, 9000, Note_on_c, 0, 78, 83
2, 9000, Note_on_c, 0, 75, 87
2, 9072, Note_off_c, 4, 52, 64
2, 9072, Note_off_c, 4, 59, 64
2, 9072, Note_off_c, 4, 57, 64
2, 9072, Note_off_c, 4, 63, 64
2, 9096, Note_off_c, 0, 75, 64
2, 9096, Note_off_c, 0, 78, 64
2, 9120, Note_on_c, 4, 63, 68
2, 9120, Note_on_c, 4, 57, 101
2, 9120, Note_on_c, 4, 59, 108
2, 9120, Note_on_c, 4, 52, 56
2, 9120, Note_on_c, 0, 80, 83
2, 9120, Note_on_c, 0, 76, 97
2, 9216, Note_off_c, 0, 76, 64
2, 9216, Note_off_c, 0, 80, 64
2, 9240, Note_on_c, 0, 78, 80
2, 9240, Note_on_c, 0, 81, 83
2, 9312, Note_off_c, 4, 52, 64
2, 9312, Note_off_c, 4, 59, 64
2, 9312, Note_off_c, 4, 57, 64
2, 9312, Note_off_c, 4, 63, 64
2, 9336, Note_off_c, 0, 81, 64
2, 9336, Note_off_c, 0, 78, 64
2, 9360, Note_on_c, 4, 56, 71
2, 9360, Note_on_c, 4, 64, 59
2, 9360, Note_on_c, 4, 59, 88
2, 9360, Note_on_c, 4, 52, 48
2, 9360, Note_on_c, 0, 85, 76
2, 9360, Note_on_c, 0, 81, 108
2, 9456, Note_off_c, 0, 81, 64
2, 9456, Note_off_c, 0, 85, 64
2, 9540, Note_on_c, 0, 80, 76
2, 9540, Note_on_c, 0, 83, 88
2, 9552, Note_off_c, 4, 52, 64
2, 9552, Note_off_c, 4, 59, 64
2, 9552, Note_off_c, 4, 64, 64
2, 9552, Note_off_c, 4, 56, 64
2, 9588, Note_off_c, 0, 83, 64
2, 9588, Note_off_c, 0, 80, 64
2, 9600, Note_on_c, 4, 56, 80
2, 9600, Note_on_c, 4, 64, 70
2, 9600, Note_on_c, 4, 59, 88
2, 9600, Note_on_c, 4, 52, 1
2, 9600, Note_on_c, 0, 80, 76
2, 9600, Note_on_c, 0, 76, 101
2, 9792, Note_off_c, 4, 52, 64
2, 9792, Note_off_c, 4, 59, 64
2, 9792, Note_off_c, 4, 64, 64
2, 9792, Note_off_c, 4, 56, 64
2, 9840, Note_on_c, 4, 56, 83
2, 9840, Note_on_c, 4, 64, 81
2, 9840, Note_on_c, 4, 59, 101
2, 9840, Note_on_c, 4, 52, 75
2, 9984, Note_off_c, 0, 76, 64
2, 9984, Note_off_c, 0, 80, 64
2, 10032, Note_off_c, 4, 52, 64
2, 10032, Note_off_c, 4, 59, 64
2, 10032, Note_off_c, 4, 64, 64
2, 10032, Note_off_c, 4, 56, 64
2, 10080, Note_on_c, 4, 42, 87
2, 10080, Note_on_c, 0, 75, 91
2, 10080, Note_on_c, 0, 78, 73
2, 10176, Note_off_c, 0, 78, 64
2, 10176, Note_off_c, 0, 75, 64
2, 10260, Note_on_c, 0, 73, 76
2, 10260, Note_on_c, 0, 76, 88
2, 10272, Note_off_c, 4, 42, 64
2, 10308, Note_off_c, 0, 76, 64
2, 10308, Note_off_c, 0, 73, 64
2, 10320, Note_on_c, 4, 64, 79
2, 10320, Note_on_c, 4, 54, 55
2, 10320, Note_on_c, 4, 58, 87
2, 10320, Note_on_c, 0, 73, 73
2, 10320, Note_on_c, 0, 66, 76
2, 10512, Note_off_c, 4, 58, 64
2, 10512, Note_off_c, 4, 54, 64
2, 10512, Note_off_c, 4, 64, 64
2, 10560, Note_on_c, 4, 54, 57
2, 10560, Note_on_c, 4, 58, 80
2, 10560, Note_on_c, 4, 64, 71
2, 10704, Note_off_c, 0, 66, 64
2, 10704, Note_off_c, 0, 73, 64
2, 10752, Note_off_c, 4, 64, 64
2, 10752, Note_off_c, 4, 58, 64
2, 10752, Note_off_c, 4, 54, 64
2, 10800, Note_on_c, 0, 75, 87
2, 10800, Note_on_c, 0, 71, 97
2, 10800, Note_on_c, 4, 35, 97
2, 10896, Note_off_c, 0, 71, 64
2, 10896, Note_off_c, 0, 75, 64
2, 10980, Note_on_c, 0, 66, 76
2, 10980, Note_on_c, 1, 71, 108
2, 10992, Note_off_c, 4, 35, 64
2, 11028, Note_off_c, 0, 66, 64
2, 11040, Note_on_c, 4, 54, 73
2, 11040, Note_on_c, 4, 47, 94
2, 11040, Note_on_c, 0, 59, 104
2, 11232, Note_off_c, 4, 47, 64
2, 11232, Note_off_c, 4, 54, 64
2, 11280, Note_on_c, 4, 47, 117
2, 11280, Note_on_c, 4, 54, 100
2, 11364, Note_off_c, 1, 71, 64
2, 11424, Note_off_c, 0, 59, 64
2, 11472, Note_off_c, 4, 54, 64
2, 11472, Note_off_c, 4, 47, 64
2, 11520, Note_on_c, 4, 47, 70
2, 11520, Note_on_c, 4, 54, 76
2, 11520, Note_on_c, 0, 44, 80
2, 11616, Note_off_c, 0, 44, 64
2, 11640, Note_on_c, 0, 42, 91
2, 11712, Note_off_c, 4, 54, 64
2, 11712, Note_off_c, 4, 47, 64
2, 11736, Note_off_c, 0, 42, 64
2, 11760, Note_on_c, 4, 47, 77
2, 11760, Note_on_c, 0, 40, 77
2, 11760, Note_on_c, 4, 54, 68
2, 11952, Note_off_c, 4, 54, 64
2, 11952, Note_off_c, 0, 40, 64
2, 11952, Note_off_c, 4, 47, 64
2, 12000, Note_on_c, 4, 47, 108
2, 12000, Note_on_c, 4, 54, 95
2, 12000, Note_on_c, 0, 39, 83
2, 12144, Note_off_c, 0, 39, 64
2, 12180, Note_on_c, 0, 39, 76
2, 12192, Note_off_c, 4, 54, 64
2, 12192, Note_off_c, 4, 47, 64
2, 12204, Note_off_c, 0, 39, 64
2, 12210, Note_on_c, 0, 37, 83
2, 12234, Note_off_c, 0, 37, 64
2, 12240, Note_on_c, 4, 54, 76
2, 12240, Note_on_c, 4, 47, 73
2, 12240, Note_on_c, 0, 35, 101
2, 12432, Note_off_c, 4, 47, 64
2, 12432, Note_off_c, 4, 54, 64
2, 12480, Note_on_c, 4, 47, 91
2, 12480, Note_on_c, 4, 54, 80
2, 12672, Note_off_c, 4, 54, 64
2, 12672, Note_off_c, 4, 47, 64
2, 12720, Note_on_c, 4, 54, 91
2, 12720, Note_on_c, 4, 47, 108
2, 12816, Note_off_c, 0, 35, 64
2, 12912, Note_off_c, 4, 47, 64
2, 12912, Note_off_c, 4, 54, 64
2, 12960, Note_on_c, 4, 54, 73
2, 12960, Note_on_c, 4, 47, 71
2, 12960, Note_on_c, 0, 44, 76
2, 13056, Note_off_c, 0, 44, 64
2, 13140, Note_on_c, 0, 42, 76
2, 13152, Note_off_c, 4, 47, 64
2, 13152, Note_off_c, 4, 54, 64
2, 13188, Note_off_c, 0, 42, 64
2, 13200, Note_on_c, 4, 54, 76
2, 13200, Note_on_c, 0, 40, 108
2, 13200, Note_on_c, 4, 47, 88
2, 13392, Note_off_c, 4, 47, 64
2, 13392, Note_off_c, 0, 40, 64
2, 13392, Note_off_c, 4, 54, 64
2, 13440, Note_on_c, 4, 47, 113
2, 13440, Note_on_c, 4, 54, 100
2, 13440, Note_on_c, 0, 39, 100
2, 13584, Note_off_c, 0, 39, 64
2, 13620, Note_on_c, 0, 39, 73
2, 13632, Note_off_c, 4, 54, 64
2, 13632, Note_off_c, 4, 47, 64
2, 13644, Note_off_c, 0, 39, 64
2, 13650, Note_on_c, 0, 37, 80
2, 13674, Note_off_c, 0, 37, 64
2, 13680, Note_on_c, 4, 54, 73
2, 13680, Note_on_c, 4, 47, 88
2, 13680, Note_on_c, 0, 35, 101
2, 13872, Note_off_c, 4, 47, 64
2, 13872, Note_off_c, 4, 54, 64
2, 13920, Note_on_c, 4, 54, 76
2, 13920, Note_on_c, 4, 47, 71
2, 14064, Note_off_c, 0, 35, 64
2, 14112, Note_off_c, 4, 47, 64
2, 14112, Note_off_c, 4, 54, 64
2, 14160, Note_on_c, 4, 47, 117
2, 14160, Note_on_c, 4, 54, 104
2, 14352, Note_off_c, 4, 54, 64
2, 14352, Note_off_c, 4, 47, 64
2, 14400, Note_on_c, 4, 40, 97
2, 14400, Note_on_c, 0, 56, 76
2, 14400, Note_on_c, 0, 59, 86
2, 14496, Note_off_c, 0, 59, 64
2, 14496, Note_off_c, 0, 56, 64
2, 14580, Note_on_c, 0, 64, 108
2, 14580, Note_on_c, 0, 59, 91
2, 14592, Note_off_c, 4, 40, 64
2, 14628, Note_off_c, 0, 59, 64
2, 14628, Note_off_c, 0, 64, 64
2, 14640, Note_on_c, 4, 59, 91
2, 14640, Note_on_c, 4, 52, 104
2, 14640, Note_on_c, 0, 68, 80
2, 14640, Note_on_c, 0, 64, 113
2, 14832, Note_off_c, 0, 64, 64
2, 14832, Note_off_c, 0, 68, 64
2, 14832, Note_off_c, 4, 52, 64
2, 14832, Note_off_c, 4, 59, 64
2, 14880, Note_on_c, 4, 59, 108
2, 14880, Note_on_c, 4, 52, 113
2, 14880, Note_on_c, 0, 68, 80
2, 14880, Note_on_c, 0, 71, 88
2, 15072, Note_off_c, 0, 71, 64
2, 15072, Note_off_c, 0, 68, 64
2, 15072, Note_off_c, 4, 52, 64
2, 15072, Note_off_c, 4, 59, 64
2, 15120, Note_on_c, 4, 59, 66
2, 15120, Note_on_c, 4, 52, 94
2, 15120, Note_on_c, 0, 71, 97
2, 15120, Note_on_c, 0, 76, 83
2, 15216, Note_off_c, 0, 76, 64
2, 15216, Note_off_c, 0, 71, 64
2, 15300, Note_on_c, 0, 68, 71
2, 15300, Note_on_c, 0, 64, 91
2, 15312, Note_off_c, 4, 52, 64
2, 15312, Note_off_c, 4, 59, 64
2, 15348, Note_off_c, 0, 64, 64
2, 15348, Note_off_c, 0, 68, 64
2, 15360, Note_on_c, 4, 52, 94
2, 15360, Note_on_c, 4, 59, 91
2, 15360, Note_on_c, 0, 68, 71
2, 15360, Note_on_c, 0, 71, 94
2, 15552, Note_off_c, 0, 71, 64
2, 15552, Note_off_c, 0, 68, 64
2, 15552, Note_off_c, 4, 59, 64
2, 15552, Note_off_c, 4, 52, 64
2, 15600, Note_on_c, 4, 56, 91
2, 15600, Note_on_c, 4, 52, 101
2, 15600, Note_on_c, 4, 59, 113
2, 15600, Note_on_c, 4, 64, 101
2, 15600, Note_on_c, 0, 76, 77
2, 15600, Note_on_c, 0, 71, 91
2, 15792, Note_off_c, 0, 71, 64
2, 15792, Note_off_c, 0, 76, 64
2, 15792, Note_off_c, 4, 64, 64
2, 15792, Note_off_c, 4, 59, 64
2, 15792, Note_off_c, 4, 52, 64
2, 15792, Note_off_c, 4, 56, 64
2, 15840, Note_on_c, 4, 52, 71
2, 15840, Note_on_c, 4, 63, 63
2, 15840, Note_on_c, 4, 57, 97
2, 15840, Note_on_c, 4, 59, 97
2, 15840, Note_on_c, 0, 78, 87
2, 15840, Note_on_c, 1, 75, 95
2, 15904, Note_off_c, 0, 78, 64
2, 15920, Note_on_c, 0, 80, 83
2, 15984, Note_off_c, 0, 80, 64
2, 16000, Note_on_c, 0, 78, 83
2, 16032, Note_off_c, 1, 75, 64
2, 16032, Note_off_c, 4, 59, 64
2, 16032, Note_off_c, 4, 57, 64
2, 16032, Note_off_c, 4, 63, 64
2, 16032, Note_off_c, 4, 52, 64
2, 16064, Note_off_c, 0, 78, 64
2, 16080, Note_on_c, 0, 77, 79
2, 16080, Note_on_c, 0, 74, 83
2, 16080, Note_on_c, 4, 63, 50
2, 16080, Note_on_c, 4, 52, 70
2, 16080, Note_on_c, 4, 59, 91
2, 16080, Note_on_c, 4, 57, 83
2, 16176, Note_off_c, 0, 74, 64
2, 16176, Note_off_c, 0, 77, 64
2, 16200, Note_on_c, 0, 78, 80
2, 16200, Note_on_c, 0, 75, 87
2, 16272, Note_off_c, 4, 57, 64
2, 16272, Note_off_c, 4, 59, 64
2, 16272, Note_off_c, 4, 52, 64
2, 16272, Note_off_c, 4, 63, 64
2, 16296, Note_off_c, 0, 75, 64
2, 16296, Note_off_c, 0, 78, 64
2, 16320, Note_on_c, 4, 63, 61
2, 16320, Note_on_c, 4, 52, 68
2, 16320, Note_on_c, 4, 57, 101
2, 16320, Note_on_c, 4, 59, 104
2, 16320, Note_on_c, 0, 80, 63
2, 16320, Note_on_c, 0, 76, 104
2, 16416, Note_off_c, 0, 76, 64
2, 16416, Note_off_c, 0, 80, 64
2, 16440, Note_on_c, 0, 81, 97
2, 16440, Note_on_c, 0, 78, 83
2, 16512, Note_off_c, 4, 59, 64
2, 16512, Note_off_c, 4, 57, 64
2, 16512, Note_off_c, 4, 52, 64
2, 16512, Note_off_c, 4, 63, 64
2, 16536, Note_off_c, 0, 78, 64
2, 16536, Note_off_c, 0, 81, 64
2, 16560, Note_on_c, 4, 56, 76
2, 16560, Note_on_c, 4, 52, 67
2, 16560, Note_on_c, 4, 64, 59
2, 16560, Note_on_c, 4, 59, 94
2, 16560, Note_on_c, 0, 85, 71
2, 16560, Note_on_c, 0, 81, 104
2, 16656, Note_off_c, 0, 81, 64
2, 16656, Note_off_c, 0, 85, 64
2, 16740, Note_on_c, 0, 80, 80
2, 16740, Note_on_c, 0, 83, 97
2, 16752, Note_off_c, 4, 59, 64
2, 16752, Note_off_c, 4, 64, 64
2, 16752, Note_off_c, 4, 52, 64
2, 16752, Note_off_c, 4, 56, 64
2, 16788, Note_off_c, 0, 83, 64
2, 16788, Note_off_c, 0, 80, 64
2, 16800, Note_on_c, 4, 56, 71
2, 16800, Note_on_c, 4, 52, 67
2, 16800, Note_on_c, 4, 59, 97
2, 16800, Note_on_c, 4, 64, 66
2, 16800, Note_on_c, 0, 80, 80
2, 16800, Note_on_c, 0, 76, 104
2, 16992, Note_off_c, 4, 64, 64
2, 16992, Note_off_c, 4, 59, 64
2, 16992, Note_off_c, 4, 52, 64
2, 16992, Note_off_c, 4, 56, 64
2, 17040, Note_on_c, 4, 56, 76
2, 17040, Note_on_c, 4, 52, 71
2, 17040, Note_on_c, 4, 59, 97
2, 17040, Note_on_c, 4, 64, 68
2, 17184, Note_off_c, 0, 76, 64
2, 17184, Note_off_c, 0, 80, 64
2, 17232, Note_off_c, 4, 64, 64
2, 17232, Note_off_c, 4, 59, 64
2, 17232, Note_off_c, 4, 52, 64
2, 17232, Note_off_c, 4, 56, 64
2, 17280, Note_on_c, 4, 63, 57
2, 17280, Note_on_c, 4, 52, 66
2, 17280, Note_on_c, 4, 57, 97
2, 17280, Note_on_c, 4, 59, 101
2, 17280, Note_on_c, 0, 78, 91
2, 17280, Note_on_c, 1, 75, 91
2, 17344, Note_off_c, 0, 78, 64
2, 17360, Note_on_c, 0, 80, 83
2, 17424, Note_off_c, 0, 80, 64
2, 17440, Note_on_c, 0, 78, 87
2, 17472, Note_off_c, 1, 75, 64
2, 17472, Note_off_c, 4, 59, 64
2, 17472, Note_off_c, 4, 57, 64
2, 17472, Note_off_c, 4, 52, 64
2, 17472, Note_off_c, 4, 63, 64
2, 17504, Note_off_c, 0, 78, 64
2, 17520, Note_on_c, 0, 77, 88
2, 17520, Note_on_c, 0, 74, 91
2, 17520, Note_on_c, 4, 52, 67
2, 17520, Note_on_c, 4, 63, 57
2, 17520, Note_on_c, 4, 59, 86
2, 17520, Note_on_c, 4, 57, 73
2, 17616, Note_off_c, 0, 74, 64
2, 17616, Note_off_c, 0, 77, 64
2, 17640, Note_on_c, 0, 78, 80
2, 17640, Note_on_c, 0, 75, 87
2, 17712, Note_off_c, 4, 57, 64
2, 17712, Note_off_c, 4, 59, 64
2, 17712, Note_off_c, 4, 63, 64
2, 17712, Note_off_c, 4, 52, 64
2, 17736, Note_off_c, 0, 75, 64
2, 17736, Note_off_c, 0, 78, 64
2, 17760, Note_on_c, 4, 52, 60
2, 17760, Note_on_c, 4, 63, 49
2, 17760, Note_on_c, 4, 57, 94
2, 17760, Note_on_c, 4, 59, 101
2, 17760, Note_on_c, 0, 80, 80
2, 17760, Note_on_c, 0, 76, 97
2, 17856, Note_off_c, 0, 76, 64
2, 17856, Note_off_c, 0, 80, 64
2, 17880, Note_on_c, 0, 78, 87
2, 17880, Note_on_c, 0, 81, 83
2, 17952, Note_off_c, 4, 59, 64
2, 17952, Note_off_c, 4, 57, 64
2, 17952, Note_off_c, 4, 63, 64
2, 17952, Note_off_c, 4, 52, 64
2, 17976, Note_off_c, 0, 81, 64
2, 17976, Note_off_c, 0, 78, 64
2, 18000, Note_on_c, 4, 56, 57
2, 18000, Note_on_c, 4, 52, 73
2, 18000, Note_on_c, 4, 64, 71
2, 18000, Note_on_c, 4, 59, 101
2, 18000, Note_on_c, 0, 85, 68
2, 18000, Note_on_c, 0, 81, 97
2, 18096, Note_off_c, 0, 81, 64
2, 18096, Note_off_c, 0, 85, 64
2, 18180, Note_on_c, 0, 80, 87
2, 18180, Note_on_c, 0, 83, 94
2, 18192, Note_off_c, 4, 59, 64
2, 18192, Note_off_c, 4, 64, 64
2, 18192, Note_off_c, 4, 52, 64
2, 18192, Note_off_c, 4, 56, 64
2, 18228, Note_off_c, 0, 83, 64
2, 18228, Note_off_c, 0, 80, 64
2, 18240, Note_on_c, 4, 52, 66
2, 18240, Note_on_c, 4, 56, 76
2, 18240, Note_on_c, 4, 64, 62
2, 18240, Note_on_c, 4, 59, 88
2, 18240, Note_on_c, 0, 80, 80
2, 18240, Note_on_c, 0, 76, 104
2, 18432, Note_off_c, 4, 59, 64
2, 18432, Note_off_c, 4, 64, 64
2, 18432, Note_off_c, 4, 56, 64
2, 18432, Note_off_c, 4, 52, 64
2, 18480, Note_on_c, 4, 56, 65
2, 18480, Note_on_c, 4, 52, 60
2, 18480, Note_on_c, 4, 59, 94
2, 18480, Note_on_c, 4, 64, 63
2, 18624, Note_off_c, 0, 76, 64
2, 18624, Note_off_c, 0, 80, 64
2, 18672, Note_off_c, 4, 64, 64
2, 18672, Note_off_c, 4, 59, 64
2, 18672, Note_off_c, 4, 52, 64
2, 18672, Note_off_c, 4, 56, 64
2, 18720, Note_on_c, 4, 42, 80
2, 18720, Note_on_c, 0, 75, 87
2, 18720, Note_on_c, 0, 78, 80
2, 18816, Note_off_c, 0, 78, 64
2, 18816, Note_off_c, 0, 75, 64
2, 18900, Note_on_c, 0, 76, 91
2, 18900, Note_on_c, 0, 73, 73
2, 18912, Note_off_c, 4, 42, 64
2, 18948, Note_off_c, 0, 73, 64
2, 18948, Note_off_c, 0, 76, 64
2, 18960, Note_on_c, 4, 58, 87
2, 18960, Note_on_c, 4, 64, 83
2, 18960, Note_on_c, 4, 54, 45
2, 18960, Note_on_c, 0, 66, 80
2, 18960, Note_on_c, 0, 73, 73
2, 19152, Note_off_c, 4, 54, 64
2, 19152, Note_off_c, 4, 64, 64
2, 19152, Note_off_c, 4, 58, 64
2, 19200, Note_on_c, 4, 54, 83
2, 19200, Note_on_c, 4, 64, 86
2, 19200, Note_on_c, 4, 58, 91
2, 19344, Note_off_c, 0, 73, 64
2, 19344, Note_off_c, 0, 66, 64
2, 19392, Note_off_c, 4, 58, 64
2, 19392, Note_off_c, 4, 64, 64
2, 19392, Note_off_c, 4, 54, 64
2, 19440, Note_on_c, 0, 75, 65
2, 19440, Note_on_c, 0, 71, 104
2, 19440, Note_on_c, 4, 35, 104
2, 19536, Note_off_c, 0, 71, 64
2, 19536, Note_off_c, 0, 75, 64
2, 19620, Note_on_c, 0, 66, 83
2, 19620, Note_on_c, 1, 71, 94
2, 19632, Note_off_c, 4, 35, 64
2, 19668, Note_off_c, 0, 66, 64
2, 19680, Note_on_c, 4, 54, 73
2, 19680, Note_on_c, 4, 47, 104
2, 19680, Note_on_c, 0, 59, 94
2, 19872, Note_off_c, 4, 47, 64
2, 19872, Note_off_c, 4, 54, 64
2, 19920, Note_on_c, 4, 54, 91
2, 19920, Note_on_c, 4, 47, 113
2, 20004, Note_off_c, 1, 71, 64
2, 20064, Note_off_c, 0, 59, 64
2, 20112, Note_off_c, 4, 47, 64
2, 20112, Note_off_c, 4, 54, 64
2, 20160, Note_on_c, 4, 54, 51
2, 20160, Note_on_c, 4, 47, 81
2, 20160, Note_on_c, 0, 44, 83
2, 20256, Note_off_c, 0, 44, 64
2, 20280, Note_on_c, 0, 42, 83
2, 20352, Note_off_c, 4, 47, 64
2, 20352, Note_off_c, 4, 54, 64
2, 20376, Note_off_c, 0, 42, 64
2, 20400, Note_on_c, 4, 47, 97
2, 20400, Note_on_c, 0, 40, 104
2, 20400, Note_on_c, 4, 54, 65
2, 20592, Note_off_c, 4, 54, 64
2, 20592, Note_off_c, 0, 40, 64
2, 20592, Note_off_c, 4, 47, 64
2, 20640, Note_on_c, 4, 54, 100
2, 20640, Note_on_c, 4, 47, 122
2, 20640, Note_on_c, 0, 39, 71
2, 20784, Note_off_c, 0, 39, 64
2, 20820, Note_on_c, 0, 39, 87
2, 20832, Note_off_c, 4, 47, 64
2, 20832, Note_off_c, 4, 54, 64
2, 20844, Note_off_c, 0, 39, 64
2, 20850, Note_on_c, 0, 37, 83
2, 20874, Note_off_c, 0, 37, 64
2, 20880, Note_on_c, 4, 54, 87
2, 20880, Note_on_c, 4, 47, 104
2, 20880, Note_on_c, 0, 35, 108
2, 21072, Note_off_c, 4, 47, 64
2, 21072, Note_off_c, 4, 54, 64
2, 21120, Note_on_c, 4, 54, 46
2, 21120, Note_on_c, 4, 47, 59
2, 21312, Note_off_c, 4, 47, 64
2, 21312, Note_off_c, 4, 54, 64
2, 21360, Note_on_c, 4, 54, 95
2, 21360, Note_on_c, 4, 47, 117
2, 21456, Note_off_c, 0, 35, 64
2, 21552, Note_off_c, 4, 47, 64
2, 21552, Note_off_c, 4, 54, 64
2, 21600, Note_on_c, 4, 54, 73
2, 21600, Note_on_c, 4, 47, 101
2, 21600, Note_on_c, 0, 44, 87
2, 21696, Note_off_c, 0, 44, 64
2, 21780, Note_on_c, 0, 42, 80
2, 21792, Note_off_c, 4, 47, 64
2, 21792, Note_off_c, 4, 54, 64
2, 21828, Note_off_c, 0, 42, 64
2, 21840, Note_on_c, 4, 47, 101
2, 21840, Note_on_c, 0, 40, 113
2, 21840, Note_on_c, 4, 54, 68
2, 22032, Note_off_c, 4, 54, 64
2, 22032, Note_off_c, 0, 40, 64
2, 22032, Note_off_c, 4, 47, 64
2, 22080, Note_on_c, 4, 54, 95
2, 22080, Note_on_c, 4, 47, 97
2, 22080, Note_on_c, 0, 39, 76
2, 22224, Note_off_c, 0, 39, 64
2, 22260, Note_on_c, 0, 39, 80
2, 22272, Note_off_c, 4, 47, 64
2, 22272, Note_off_c, 4, 54, 64
2, 22284, Note_off_c, 0, 39, 64
2, 22290, Note_on_c, 0, 37, 87
2, 22314, Note_off_c, 0, 37, 64
2, 22320, Note_on_c, 4, 54, 110
2, 22320, Note_on_c, 4, 47, 127
2, 22320, Note_on_c, 0, 35, 113
2, 22512, Note_off_c, 4, 47, 64
2, 22512, Note_off_c, 4, 54, 64
2, 22560, Note_on_c, 4, 54, 68
2, 22560, Note_on_c, 4, 47, 101
2, 22704, Note_off_c, 0, 35, 64
2, 22752, Note_off_c, 4, 47, 64
2, 22752, Note_off_c, 4, 54, 64
2, 22800, Note_on_c, 4, 54, 104
2, 22800, Note_on_c, 4, 47, 117
2, 22992, Note_off_c, 4, 47, 64
2, 22992, Note_off_c, 4, 54, 64
2, 23040, Note_on_c, 4, 35, 88
2, 23040, Note_on_c, 4, 47, 86
2, 23040, Note_on_c, 0, 66, 46
2, 23040, Note_on_c, 0, 78, 63
2, 23040, Note_on_c, 0, 75, 83
2, 23040, Note_on_c, 0, 71, 1
2, 23184, Note_off_c, 0, 71, 64
2, 23184, Note_off_c, 0, 75, 64
2, 23184, Note_off_c, 0, 78, 64
2, 23184, Note_off_c, 0, 66, 64
2, 23220, Note_on_c, 0, 78, 68
2, 23220, Note_on_c, 0, 75, 87
2, 23220, Note_on_c, 0, 71, 97
2, 23232, Note_off_c, 4, 47, 64
2, 23232, Note_off_c, 4, 35, 64
2, 23268, Note_off_c, 0, 71, 64
2, 23268, Note_off_c, 0, 75, 64
2, 23268, Note_off_c, 0, 78, 64
2, 23280, Note_on_c, 4, 66, 71
2, 23280, Note_on_c, 4, 59, 104
2, 23280, Note_on_c, 0, 78, 68
2, 23280, Note_on_c, 0, 71, 88
2, 23280, Note_on_c, 0, 74, 108
2, 23472, Note_off_c, 0, 74, 64
2, 23472, Note_off_c, 0, 71, 64
2, 23472, Note_off_c, 0, 78, 64
2, 23472, Note_off_c, 4, 59, 64
2, 23472, Note_off_c, 4, 66, 64
2, 23760, Note_on_c, 0, 81, 86
2, 23760, Note_on_c, 0, 69, 94
2, 23760, Note_on_c, 0, 73, 80
2, 23760, Note_on_c, 4, 42, 83
2, 23760, Note_on_c, 4, 54, 95
2, 23856, Note_off_c, 0, 73, 64
2, 23856, Note_off_c, 0, 69, 64
2, 23856, Note_off_c, 0, 81, 64
2, 23940, Note_on_c, 0, 73, 73
2, 23940, Note_on_c, 0, 81, 83
2, 23952, Note_off_c, 4, 54, 64
2, 23952, Note_off_c, 4, 42, 64
2, 23988, Note_off_c, 0, 81, 64
2, 23988, Note_off_c, 0, 73, 64
2, 24000, Note_on_c, 0, 73, 83
2, 24000, Note_on_c, 0, 81, 101
2, 24000, Note_on_c, 4, 54, 83
2, 24000, Note_on_c, 4, 66, 71
2, 24000, Note_on_c, 4, 61, 91
2, 24192, Note_off_c, 4, 61, 64
2, 24192, Note_off_c, 4, 66, 64
2, 24192, Note_off_c, 4, 54, 64
2, 24192, Note_off_c, 0, 81, 64
2, 24192, Note_off_c, 0, 73, 64
2, 24240, Note_on_c, 0, 80, 76
2, 24240, Note_on_c, 0, 71, 104
2, 24336, Note_off_c, 0, 71, 64
2, 24336, Note_off_c, 0, 80, 64
2, 24360, Note_on_c, 0, 69, 91
2, 24360, Note_on_c, 0, 78, 73
2, 24456, Note_off_c, 0, 78, 64
2, 24456, Note_off_c, 0, 69, 64
2, 24480, Note_on_c, 4, 37, 83
2, 24480, Note_on_c, 4, 49, 100
2, 24480, Note_on_c, 0, 76, 88
2, 24480, Note_on_c, 0, 68, 87
2, 24624, Note_off_c, 0, 68, 64
2, 24624, Note_off_c, 0, 76, 64
2, 24660, Note_on_c, 0, 66, 87
2, 24660, Note_on_c, 0, 75, 76
2, 24672, Note_off_c, 4, 49, 64
2, 24672, Note_off_c, 4, 37, 64
2, 24708, Note_off_c, 0, 75, 64
2, 24708, Note_off_c, 0, 66, 64
2, 24720, Note_on_c, 4, 49, 68
2, 24720, Note_on_c, 4, 61, 71
2, 24720, Note_on_c, 4, 56, 91
2, 24720, Note_on_c, 0, 73, 76
2, 24720, Note_on_c, 0, 64, 104
2, 24912, Note_off_c, 0, 64, 64
2, 24912, Note_off_c, 0, 73, 64
2, 24912, Note_off_c, 4, 56, 64
2, 24912, Note_off_c, 4, 61, 64
2, 24912, Note_off_c, 4, 49, 64
2, 24960, Note_on_c, 4, 49, 73
2, 24960, Note_on_c, 4, 61, 76
2, 24960, Note_on_c, 4, 56, 95
2, 24960, Note_on_c, 0, 68, 80
2, 24960, Note_on_c, 0, 76, 86
2, 25152, Note_off_c, 0, 76, 64
2, 25152, Note_off_c, 0, 68, 64
2, 25152, Note_off_c, 4, 56, 64
2, 25152, Note_off_c, 4, 61, 64
2, 25152, Note_off_c, 4, 49, 64
2, 25200, Note_on_c, 4, 49, 76
2, 25200, Note_on_c, 4, 61, 73
2, 25200, Note_on_c, 4, 56, 91
2, 25200, Note_on_c, 0, 68, 80
2, 25200, Note_on_c, 0, 76, 88
2, 25344, Note_off_c, 0, 76, 64
2, 25344, Note_off_c, 0, 68, 64
2, 25380, Note_on_c, 0, 66, 83
2, 25380, Note_on_c, 0, 75, 76
2, 25392, Note_off_c, 4, 56, 64
2, 25392, Note_off_c, 4, 61, 64
2, 25392, Note_off_c, 4, 49, 64
2, 25428, Note_off_c, 0, 75, 64
2, 25428, Note_off_c, 0, 66, 64
2, 25440, Note_on_c, 4, 49, 73
2, 25440, Note_on_c, 4, 61, 68
2, 25440, Note_on_c, 4, 56, 95
2, 25440, Note_on_c, 0, 64, 104
2, 25440, Note_on_c, 0, 73, 71
2, 25632, Note_off_c, 0, 73, 64
2, 25632, Note_off_c, 0, 64, 64
2, 25632, Note_off_c, 4, 56, 64
2, 25632, Note_off_c, 4, 61, 64
2, 25632, Note_off_c, 4, 49, 64
2, 25680, Note_on_c, 4, 49, 63
2, 25680, Note_on_c, 4, 61, 71
2, 25680, Note_on_c, 4, 56, 95
2, 25680, Note_on_c, 0, 76, 83
2, 25680, Note_on_c, 0, 68, 91
2, 25872, Note_off_c, 0, 68, 64
2, 25872, Note_off_c, 0, 76, 64
2, 25872, Note_off_c, 4, 56, 64
2, 25872, Note_off_c, 4, 61, 64
2, 25872, Note_off_c, 4, 49, 64
2, 25920, Note_on_c, 4, 42, 76
2, 25920, Note_on_c, 4, 54, 91
2, 25920, Note_on_c, 0, 66, 65
2, 25920, Note_on_c, 0, 78, 71
2, 25920, Note_on_c, 0, 73, 91
2, 25920, Note_on_c, 0, 69, 94
2, 26064, Note_off_c, 0, 69, 64
2, 26064, Note_off_c, 0, 73, 64
2, 26064, Note_off_c, 0, 78, 64
2, 26064, Note_off_c, 0, 66, 64
2, 26100, Note_on_c, 0, 78, 68
2, 26100, Note_on_c, 0, 73, 87
2, 26100, Note_on_c, 0, 69, 88
2, 26112, Note_off_c, 4, 54, 64
2, 26112, Note_off_c, 4, 42, 64
2, 26148, Note_off_c, 0, 69, 64
2, 26148, Note_off_c, 0, 73, 64
2, 26148, Note_off_c, 0, 78, 64
2, 26160, Note_on_c, 4, 54, 73
2, 26160, Note_on_c, 4, 66, 73
2, 26160, Note_on_c, 4, 61, 87
2, 26160, Note_on_c, 0, 78, 80
2, 26160, Note_on_c, 0, 69, 104
2, 26160, Note_on_c, 0, 73, 95
2, 26352, Note_off_c, 0, 73, 64
2, 26352, Note_off_c, 0, 69, 64
2, 26352, Note_off_c, 0, 78, 64
2, 26352, Note_off_c, 4, 61, 64
2, 26352, Note_off_c, 4, 66, 64
2, 26352, Note_off_c, 4, 54, 64
2, 26640, Note_on_c, 0, 73, 87
2, 26640, Note_on_c, 0, 81, 71
2, 26640, Note_on_c, 4, 35, 86
2, 26640, Note_on_c, 4, 47, 81
2, 26736, Note_off_c, 0, 81, 64
2, 26736, Note_off_c, 0, 73, 64
2, 26820, Note_on_c, 0, 73, 83
2, 26820, Note_on_c, 0, 81, 94
2, 26832, Note_off_c, 4, 47, 64
2, 26832, Note_off_c, 4, 35, 64
2, 26868, Note_off_c, 0, 81, 64
2, 26868, Note_off_c, 0, 73, 64
2, 26880, Note_on_c, 4, 59, 101
2, 26880, Note_on_c, 4, 54, 55
2, 26880, Note_on_c, 0, 81, 94
2, 26880, Note_on_c, 0, 73, 87
2, 26880, Note_on_c, 4, 63, 59
2, 27072, Note_off_c, 4, 63, 64
2, 27072, Note_off_c, 0, 73, 64
2, 27072, Note_off_c, 0, 81, 64
2, 27072, Note_off_c, 4, 54, 64
2, 27072, Note_off_c, 4, 59, 64
2, 27120, Note_on_c, 4, 47, 101
2, 27120, Note_on_c, 0, 71, 91
2, 27120, Note_on_c, 0, 80, 65
2, 27120, Note_on_c, 0, 75, 87
2, 27216, Note_off_c, 0, 80, 64
2, 27216, Note_off_c, 0, 71, 64
2, 27240, Note_on_c, 0, 78, 76
2, 27240, Note_on_c, 0, 69, 97
2, 27312, Note_off_c, 4, 47, 64
2, 27336, Note_off_c, 0, 75, 64
2, 27336, Note_off_c, 0, 69, 64
2, 27336, Note_off_c, 0, 78, 64
2, 27360, Note_on_c, 4, 40, 88
2, 27360, Note_on_c, 4, 52, 94
2, 27360, Note_on_c, 0, 68, 87
2, 27360, Note_on_c, 0, 76, 94
2, 27456, Note_off_c, 0, 76, 64
2, 27456, Note_off_c, 0, 68, 64
2, 27540, Note_on_c, 0, 73, 80
2, 27540, Note_on_c, 0, 69, 91
2, 27552, Note_off_c, 4, 52, 64
2, 27552, Note_off_c, 4, 40, 64
2, 27588, Note_off_c, 0, 69, 64
2, 27588, Note_off_c, 0, 73, 64
2, 27600, Note_on_c, 4, 59, 83
2, 27600, Note_on_c, 4, 52, 101
2, 27600, Note_on_c, 0, 68, 83
2, 27600, Note_on_c, 0, 71, 108
2, 27792, Note_off_c, 0, 71, 64
2, 27792, Note_off_c, 0, 68, 64
2, 27792, Note_off_c, 4, 52, 64
2, 27792, Note_off_c, 4, 59, 64
2, 27840, Note_on_c, 4, 59, 94
2, 27840, Note_on_c, 4, 52, 108
2, 27840, Note_on_c, 0, 64, 104
2, 27840, Note_on_c, 0, 76, 83
2, 28032, Note_off_c, 0, 76, 64
2, 28032, Note_off_c, 0, 64, 64
2, 28032, Note_off_c, 4, 52, 64
2, 28032, Note_off_c, 4, 59, 64
2, 28080, Note_on_c, 4, 59, 81
2, 28080, Note_on_c, 4, 52, 108
2, 28080, Note_on_c, 0, 76, 86
2, 28080, Note_on_c, 0, 64, 104
2, 28176, Note_off_c, 0, 64, 64
2, 28176, Note_off_c, 0, 76, 64
2, 28260, Note_on_c, 0, 73, 83
2, 28260, Note_on_c, 0, 69, 101
2, 28272, Note_off_c, 4, 52, 64
2, 28272, Note_off_c, 4, 59, 64
2, 28308, Note_off_c, 0, 69, 64
2, 28308, Note_off_c, 0, 73, 64
2, 28320, Note_on_c, 4, 59, 91
2, 28320, Note_on_c, 4, 52, 113
2, 28320, Note_on_c, 0, 68, 83
2, 28320, Note_on_c, 0, 71, 108
2, 28512, Note_off_c, 0, 71, 64
2, 28512, Note_off_c, 0, 68, 64
2, 28512, Note_off_c, 4, 52, 64
2, 28512, Note_off_c, 4, 59, 64
2, 28560, Note_on_c, 4, 59, 86
2, 28560, Note_on_c, 4, 52, 108
2, 28560, Note_on_c, 0, 64, 101
2, 28560, Note_on_c, 0, 76, 73
2, 28752, Note_off_c, 0, 76, 64
2, 28752, Note_off_c, 0, 64, 64
2, 28752, Note_off_c, 4, 52, 64
2, 28752, Note_off_c, 4, 59, 64
2, 28800, Note_on_c, 4, 35, 88
2, 28800, Note_on_c, 4, 47, 86
2, 28800, Note_on_c, 0, 66, 46
2, 28800, Note_on_c, 0, 78, 63
2, 28800, Note_on_c, 0, 75, 83
2, 28800, Note_on_c, 0, 71, 1
2, 28944, Note_off_c, 0, 71, 64
2, 28944, Note_off_c, 0, 75, 64
2, 28944, Note_off_c, 0, 78, 64
2, 28944, Note_off_c, 0, 66, 64
2, 28980, Note_on_c, 0, 78, 68
2, 28980, Note_on_c, 0, 75, 87
2, 28980, Note_on_c, 0, 71, 97
2, 28992, Note_off_c, 4, 47, 64
2, 28992, Note_off_c, 4, 35, 64
2, 29028, Note_off_c, 0, 71, 64
2, 29028, Note_off_c, 0, 75, 64
2, 29028, Note_off_c, 0, 78, 64
2, 29040, Note_on_c, 4, 66, 71
2, 29040, Note_on_c, 4, 59, 104
2, 29040, Note_on_c, 0, 78, 68
2, 29040, Note_on_c, 0, 71, 88
2, 29040, Note_on_c, 0, 74, 108
2, 29232, Note_off_c, 0, 74, 64
2, 29232, Note_off_c, 0, 71, 64
2, 29232, Note_off_c, 0, 78, 64
2, 29232, Note_off_c, 4, 59, 64
2, 29232, Note_off_c, 4, 66, 64
2, 29520, Note_on_c, 0, 81, 86
2, 29520, Note_on_c, 0, 69, 94
2, 29520, Note_on_c, 0, 73, 80
2, 29520, Note_on_c, 4, 42, 83
2, 29520, Note_on_c, 4, 54, 95
2, 29616, Note_off_c, 0, 73, 64
2, 29616, Note_off_c, 0, 69, 64
2, 29616, Note_off_c, 0, 81, 64
2, 29700, Note_on_c, 0, 73, 73
2, 29700, Note_on_c, 0, 81, 83
2, 29712, Note_off_c, 4, 54, 64
2, 29712, Note_off_c, 4, 42, 64
2, 29748, Note_off_c, 0, 81, 64
2, 29748, Note_off_c, 0, 73, 64
2, 29760, Note_on_c, 0, 73, 83
2, 29760, Note_on_c, 0, 81, 101
2, 29760, Note_on_c, 4, 54, 83
2, 29760, Note_on_c, 4, 66, 71
2, 29760, Note_on_c, 4, 61, 91
2, 29952, Note_off_c, 4, 61, 64
2, 29952, Note_off_c, 4, 66, 64
2, 29952, Note_off_c, 4, 54, 64
2, 29952, Note_off_c, 0, 81, 64
2, 29952, Note_off_c, 0, 73, 64
2, 30000, Note_on_c, 0, 80, 76
2, 30000, Note_on_c, 0, 71, 104
2, 30096, Note_off_c, 0, 71, 64
2, 30096, Note_off_c, 0, 80, 64
2, 30120, Note_on_c, 0, 69, 91
2, 30120, Note_on_c, 0, 78, 73
2, 30216, Note_off_c, 0, 78, 64
2, 30216, Note_off_c, 0, 69, 64
2, 30240, Note_on_c, 4, 37, 83
2, 30240, Note_on_c, 4, 49, 100
2, 30240, Note_on_c, 0, 76, 88
2, 30240, Note_on_c, 0, 68, 87
2, 30384, Note_off_c, 0, 68, 64
2, 30384, Note_off_c, 0, 76, 64
2, 30420, Note_on_c, 0, 66, 87
2, 30420, Note_on_c, 0, 75, 76
2, 30432, Note_off_c, 4, 49, 64
2, 30432, Note_off_c, 4, 37, 64
2, 30468, Note_off_c, 0, 75, 64
2, 30468, Note_off_c, 0, 66, 64
2, 30480, Note_on_c, 4, 49, 68
2, 30480, Note_on_c, 4, 61, 71
2, 30480, Note_on_c, 4, 56, 91
2, 30480, Note_on_c, 0, 73, 76
2, 30480, Note_on_c, 0, 64, 104
2, 30672, Note_off_c, 0, 64, 64
2, 30672, Note_off_c, 0, 73, 64
2, 30672, Note_off_c, 4, 56, 64
2, 30672, Note_off_c, 4, 61, 64
2, 30672, Note_off_c, 4, 49, 64
2, 30720, Note_on_c, 4, 49, 73
2, 30720, Note_on_c, 4, 61, 76
2, 30720, Note_on_c, 4, 56, 95
2, 30720, Note_on_c, 0, 68, 80
2, 30720, Note_on_c, 0, 76, 86
2, 30912, Note_off_c, 0, 76, 64
2, 30912, Note_off_c, 0, 68, 64
2, 30912, Note_off_c, 4, 56, 64
2, 30912, Note_off_c, 4, 61, 64
2, 30912, Note_off_c, 4, 49, 64
2, 30960, Note_on_c, 4, 49, 76
2, 30960, Note_on_c, 4, 61, 73
2, 30960, Note_on_c, 4, 56, 91
2, 30960, Note_on_c, 0, 68, 80
2, 30960, Note_on_c, 0, 76, 88
2, 31104, Note_off_c, 0, 76, 64
2, 31104, Note_off_c, 0, 68, 64
2, 31140, Note_on_c, 0, 66, 83
2, 31140, Note_on_c, 0, 75, 76
2, 31152, Note_off_c, 4, 56, 64
2, 31152, Note_off_c, 4, 61, 64
2, 31152, Note_off_c, 4, 49, 64
2, 31188, Note_off_c, 0, 75, 64
2, 31188, Note_off_c, 0, 66, 64
2, 31200, Note_on_c, 4, 49, 73
2, 31200, Note_on_c, 4, 61, 68
2, 31200, Note_on_c, 4, 56, 95
2, 31200, Note_on_c, 0, 64, 104
2, 31200, Note_on_c, 0, 73, 71
2, 31392, Note_off_c, 0, 73, 64
2, 31392, Note_off_c, 0, 64, 64
2, 31392, Note_off_c, 4, 56, 64
2, 31392, Note_off_c, 4, 61, 64
2, 31392, Note_off_c, 4, 49, 64
2, 31440, Note_on_c, 4, 49, 63
2, 31440, Note_on_c, 4, 61, 71
2, 31440, Note_on_c, 4, 56, 95
2, 31440, Note_on_c, 0, 76, 83
2, 31440, Note_on_c, 0, 68, 91
2, 31632, Note_off_c, 0, 68, 64
2, 31632, Note_off_c, 0, 76, 64
2, 31632, Note_off_c, 4, 56, 64
2, 31632, Note_off_c, 4, 61, 64
2, 31632, Note_off_c, 4, 49, 64
2, 31680, Note_on_c, 4, 42, 76
2, 31680, Note_on_c, 4, 54, 91
2, 31680, Note_on_c, 0, 66, 65
2, 31680, Note_on_c, 0, 78, 71
2, 31680, Note_on_c, 0, 73, 91
2, 31680, Note_on_c, 0, 69, 94
2, 31824, Note_off_c, 0, 69, 64
2, 31824, Note_off_c, 0, 73, 64
2, 31824, Note_off_c, 0, 78, 64
2, 31824, Note_off_c, 0, 66, 64
2, 31860, Note_on_c, 0, 78, 68
2, 31860, Note_on_c, 0, 73, 87
2, 31860, Note_on_c, 0, 69, 88
2, 31872, Note_off_c, 4, 54, 64
2, 31872, Note_off_c, 4, 42, 64
2, 31908, Note_off_c, 0, 69, 64
2, 31908, Note_off_c, 0, 73, 64
2, 31908, Note_off_c, 0, 78, 64
2, 31920, Note_on_c, 4, 54, 73
2, 31920, Note_on_c, 4, 66, 73
2, 31920, Note_on_c, 4, 61, 87
2, 31920, Note_on_c, 0, 78, 80
2, 31920, Note_on_c, 0, 69, 104
2, 31920, Note_on_c, 0, 73, 95
2, 32112, Note_off_c, 0, 73, 64
2, 32112, Note_off_c, 0, 69, 64
2, 32112, Note_off_c, 0, 78, 64
2, 32112, Note_off_c, 4, 61, 64
2, 32112, Note_off_c, 4, 66, 64
2, 32112, Note_off_c, 4, 54, 64
2, 32400, Note_on_c, 0, 73, 87
2, 32400, Note_on_c, 0, 81, 71
2, 32400, Note_on_c, 4, 35, 86
2, 32400, Note_on_c, 4, 47, 81
2, 32496, Note_off_c, 0, 81, 64
2, 32496, Note_off_c, 0, 73, 64
2, 32580, Note_on_c, 0, 73, 83
2, 32580, Note_on_c, 0, 81, 94
2, 32592, Note_off_c, 4, 47, 64
2, 32592, Note_off_c, 4, 35, 64
2, 32628, Note_off_c, 0, 81, 64
2, 32628, Note_off_c, 0, 73, 64
2, 32640, Note_on_c, 4, 59, 101
2, 32640, Note_on_c, 4, 54, 55
2, 32640, Note_on_c, 0, 81, 94
2, 32640, Note_on_c, 0, 73, 87
2, 32640, Note_on_c, 4, 63, 59
2, 32832, Note_off_c, 4, 63, 64
2, 32832, Note_off_c, 0, 73, 64
2, 32832, Note_off_c, 0, 81, 64
2, 32832, Note_off_c, 4, 54, 64
2, 32832, Note_off_c, 4, 59, 64
2, 32880, Note_on_c, 4, 47, 101
2, 32880, Note_on_c, 0, 71, 91
2, 32880, Note_on_c, 0, 80, 65
2, 32880, Note_on_c, 0, 75, 87
2, 32976, Note_off_c, 0, 80, 64
2, 32976, Note_off_c, 0, 71, 64
2, 33000, Note_on_c, 0, 78, 76
2, 33000, Note_on_c, 0, 69, 97
2, 33072, Note_off_c, 4, 47, 64
2, 33096, Note_off_c, 0, 75, 64
2, 33096, Note_off_c, 0, 69, 64
2, 33096, Note_off_c, 0, 78, 64
2, 33120, Note_on_c, 4, 40, 88
2, 33120, Note_on_c, 4, 52, 94
2, 33120, Note_on_c, 0, 68, 87
2, 33120, Note_on_c, 0, 76, 94
2, 33216, Note_off_c, 0, 76, 64
2, 33216, Note_off_c, 0, 68, 64
2, 33300, Note_on_c, 0, 73, 80
2, 33300, Note_on_c, 0, 69, 91
2, 33312, Note_off_c, 4, 52, 64
2, 33312, Note_off_c, 4, 40, 64
2, 33348, Note_off_c, 0, 69, 64
2, 33348, Note_off_c, 0, 73, 64
2, 33360, Note_on_c, 4, 59, 83
2, 33360, Note_on_c, 4, 52, 101
2, 33360, Note_on_c, 0, 68, 83
2, 33360, Note_on_c, 0, 71, 108
2, 33552, Note_off_c, 0, 71, 64
2, 33552, Note_off_c, 0, 68, 64
2, 33552, Note_off_c, 4, 52, 64
2, 33552, Note_off_c, 4, 59, 64
2, 33600, Note_on_c, 4, 59, 94
2, 33600, Note_on_c, 4, 52, 108
2, 33600, Note_on_c, 0, 64, 104
2, 33600, Note_on_c, 0, 76, 83
2, 33792, Note_off_c, 0, 76, 64
2, 33792, Note_off_c, 0, 64, 64
2, 33792, Note_off_c, 4, 52, 64
2, 33792, Note_off_c, 4, 59, 64
2, 33840, Note_on_c, 4, 59, 81
2, 33840, Note_on_c, 4, 52, 108
2, 33840, Note_on_c, 0, 76, 86
2, 33840, Note_on_c, 0, 64, 104
2, 33936, Note_off_c, 0, 64, 64
2, 33936, Note_off_c, 0, 76, 64
2, 34020, Note_on_c, 0, 73, 83
2, 34020, Note_on_c, 0, 69, 101
2, 34032, Note_off_c, 4, 52, 64
2, 34032, Note_off_c, 4, 59, 64
2, 34068, Note_off_c, 0, 69, 64
2, 34068, Note_off_c, 0, 73, 64
2, 34080, Note_on_c, 4, 59, 91
2, 34080, Note_on_c, 4, 52, 113
2, 34080, Note_on_c, 0, 68, 83
2, 34080, Note_on_c, 0, 71, 108
2, 34272, Note_off_c, 0, 71, 64
2, 34272, Note_off_c, 0, 68, 64
2, 34272, Note_off_c, 4, 52, 64
2, 34272, Note_off_c, 4, 59, 64
2, 34320, Note_on_c, 4, 59, 86
2, 34320, Note_on_c, 4, 52, 108
2, 34320, Note_on_c, 0, 64, 101
2, 34320, Note_on_c, 0, 76, 73
2, 34512, Note_off_c, 0, 76, 64
2, 34512, Note_off_c, 0, 64, 64
2, 34512, Note_off_c, 4, 52, 64
2, 34512, Note_off_c, 4, 59, 64
2, 34560, Note_on_c, 0, 71, 94
2, 34560, Note_on_c, 4, 59, 101
2, 34560, Note_on_c, 4, 52, 66
2, 34560, Note_on_c, 4, 57, 101
2, 34560, Note_on_c, 4, 63, 59
2, 34608, Note_off_c, 0, 71, 64
2, 34620, Note_on_c, 0, 83, 88
2, 34668, Note_off_c, 0, 83, 64
2, 34740, Note_on_c, 0, 82, 87
2, 34752, Note_off_c, 4, 63, 64
2, 34752, Note_off_c, 4, 57, 64
2, 34752, Note_off_c, 4, 52, 64
2, 34752, Note_off_c, 4, 59, 64
2, 34788, Note_off_c, 0, 82, 64
2, 34800, Note_on_c, 4, 63, 59
2, 34800, Note_on_c, 4, 52, 77
2, 34800, Note_on_c, 4, 59, 108
2, 34800, Note_on_c, 4, 57, 108
2, 34800, Note_on_c, 0, 81, 77
2, 34896, Note_off_c, 0, 81, 64
2, 34920, Note_on_c, 0, 71, 91
2, 34992, Note_off_c, 4, 57, 64
2, 34992, Note_off_c, 4, 59, 64
2, 34992, Note_off_c, 4, 52, 64
2, 34992, Note_off_c, 4, 63, 64
2, 35040, Note_on_c, 4, 52, 86
2, 35040, Note_on_c, 4, 63, 68
2, 35040, Note_on_c, 4, 59, 108
2, 35040, Note_on_c, 4, 57, 104
2, 35040, Note_on_c, 0, 80, 63
2, 35136, Note_off_c, 0, 80, 64
2, 35160, Note_on_c, 0, 78, 80
2, 35232, Note_off_c, 4, 57, 64
2, 35232, Note_off_c, 4, 59, 64
2, 35232, Note_off_c, 4, 63, 64
2, 35232, Note_off_c, 4, 52, 64
2, 35256, Note_off_c, 0, 71, 64
2, 35256, Note_off_c, 0, 78, 64
2, 35280, Note_on_c, 4, 56, 76
2, 35280, Note_on_c, 4, 64, 83
2, 35280, Note_on_c, 4, 52, 75
2, 35280, Note_on_c, 0, 76, 101
2, 35280, Note_on_c, 4, 59, 104
2, 35376, Note_off_c, 0, 76, 64
2, 35400, Note_on_c, 1, 71, 97
2, 35400, Note_on_c, 0, 71, 81
2, 35472, Note_off_c, 4, 59, 64
2, 35472, Note_off_c, 4, 52, 64
2, 35472, Note_off_c, 4, 64, 64
2, 35472, Note_off_c, 4, 56, 64
2, 35496, Note_off_c, 0, 71, 64
2, 35520, Note_on_c, 0, 80, 83
2, 35520, Note_on_c, 4, 52, 88
2, 35520, Note_on_c, 4, 56, 76
2, 35520, Note_on_c, 4, 59, 104
2, 35520, Note_on_c, 4, 64, 81
2, 35616, Note_off_c, 0, 80, 64
2, 35640, Note_on_c, 0, 82, 91
2, 35712, Note_off_c, 4, 64, 64
2, 35712, Note_off_c, 4, 59, 64
2, 35712, Note_off_c, 4, 56, 64
2, 35712, Note_off_c, 4, 52, 64
2, 35736, Note_off_c, 0, 82, 64
2, 35760, Note_on_c, 4, 56, 73
2, 35760, Note_on_c, 4, 52, 97
2, 35760, Note_on_c, 4, 64, 83
2, 35760, Note_on_c, 4, 59, 108
2, 35760, Note_on_c, 0, 83, 104
2, 35952, Note_off_c, 4, 59, 64
2, 35952, Note_off_c, 4, 64, 64
2, 35952, Note_off_c, 4, 52, 64
2, 35952, Note_off_c, 4, 56, 64
2, 36000, Note_on_c, 4, 52, 73
2, 36000, Note_on_c, 4, 63, 65
2, 36000, Note_on_c, 4, 57, 101
2, 36000, Note_on_c, 4, 59, 101
2, 36096, Note_off_c, 0, 83, 64
2, 36096, Note_off_c, 1, 71, 64
2, 36120, Note_on_c, 0, 82, 87
2, 36192, Note_off_c, 4, 59, 64
2, 36192, Note_off_c, 4, 57, 64
2, 36192, Note_off_c, 4, 63, 64
2, 36192, Note_off_c, 4, 52, 64
2, 36216, Note_off_c, 0, 82, 64
2, 36240, Note_on_c, 0, 81, 104
2, 36240, Note_on_c, 4, 63, 68
2, 36240, Note_on_c, 4, 52, 79
2, 36240, Note_on_c, 4, 59, 108
2, 36240, Note_on_c, 4, 57, 108
2, 36336, Note_off_c, 0, 81, 64
2, 36360, Note_on_c, 0, 71, 94
2, 36360, Note_on_c, 1, 71, 108
2, 36432, Note_off_c, 4, 57, 64
2, 36432, Note_off_c, 4, 59, 64
2, 36432, Note_off_c, 4, 52, 64
2, 36432, Note_off_c, 4, 63, 64
2, 36456, Note_off_c, 0, 71, 64
2, 36480, Note_on_c, 4, 63, 68
2, 36480, Note_on_c, 4, 52, 88
2, 36480, Note_on_c, 4, 59, 108
2, 36480, Note_on_c, 4, 57, 108
2, 36480, Note_on_c, 0, 80, 87
2, 36576, Note_off_c, 0, 80, 64
2, 36600, Note_on_c, 0, 78, 87
2, 36648, Note_off_c, 1, 71, 64
2, 36672, Note_off_c, 4, 57, 64
2, 36672, Note_off_c, 4, 59, 64
2, 36672, Note_off_c, 4, 52, 64
2, 36672, Note_off_c, 4, 63, 64
2, 36696, Note_off_c, 0, 78, 64
2, 36720, Note_on_c, 4, 52, 75
2, 36720, Note_on_c, 0, 76, 101
2, 36720, Note_on_c, 4, 56, 65
2, 36720, Note_on_c, 4, 64, 88
2, 36720, Note_on_c, 4, 59, 104
2, 36816, Note_off_c, 0, 76, 64
2, 36840, Note_on_c, 1, 71, 97
2, 36840, Note_on_c, 0, 71, 97
2, 36912, Note_off_c, 4, 59, 64
2, 36912, Note_off_c, 4, 64, 64
2, 36912, Note_off_c, 4, 56, 64
2, 36912, Note_off_c, 4, 52, 64
2, 36936, Note_off_c, 0, 71, 64
2, 36960, Note_on_c, 4, 56, 83
2, 36960, Note_on_c, 4, 64, 81
2, 36960, Note_on_c, 4, 52, 79
2, 36960, Note_on_c, 4, 59, 108
2, 36960, Note_on_c, 0, 75, 91
2, 37032, Note_off_c, 1, 71, 64
2, 37056, Note_off_c, 0, 75, 64
2, 37080, Note_on_c, 0, 73, 80
2, 37104, Note_off_c, 0, 73, 64
2, 37110, Note_on_c, 0, 75, 80
2, 37134, Note_off_c, 0, 75, 64
2, 37140, Note_on_c, 0, 73, 104
2, 37152, Note_off_c, 4, 59, 64
2, 37152, Note_off_c, 4, 52, 64
2, 37152, Note_off_c, 4, 64, 64
2, 37152, Note_off_c, 4, 56, 64
2, 37188, Note_off_c, 0, 73, 64
2, 37200, Note_on_c, 4, 64, 83
2, 37200, Note_on_c, 4, 52, 88
2, 37200, Note_on_c, 4, 56, 87
2, 37200, Note_on_c, 4, 59, 108
2, 37200, Note_on_c, 0, 71, 104
2, 37392, Note_off_c, 0, 71, 64
2, 37392, Note_off_c, 4, 59, 64
2, 37392, Note_off_c, 4, 56, 64
2, 37392, Note_off_c, 4, 52, 64
2, 37392, Note_off_c, 4, 64, 64
2, 37440, Note_on_c, 4, 52, 88
2, 37440, Note_on_c, 4, 63, 73
2, 37440, Note_on_c, 4, 57, 104
2, 37440, Note_on_c, 4, 59, 108
2, 37440, Note_on_c, 0, 83, 101
2, 37536, Note_off_c, 0, 83, 64
2, 37620, Note_on_c, 0, 82, 91
2, 37632, Note_off_c, 4, 59, 64
2, 37632, Note_off_c, 4, 57, 64
2, 37632, Note_off_c, 4, 63, 64
2, 37632, Note_off_c, 4, 52, 64
2, 37668, Note_off_c, 0, 82, 64
2, 37680, Note_on_c, 4, 59, 113
2, 37680, Note_on_c, 0, 81, 104
2, 37680, Note_on_c, 4, 63, 73
2, 37680, Note_on_c, 4, 57, 108
2, 37680, Note_on_c, 4, 52, 60
2, 37776, Note_off_c, 0, 81, 64
2, 37800, Note_on_c, 1, 71, 104
2, 37800, Note_on_c, 0, 71, 101
2, 37872, Note_off_c, 4, 52, 64
2, 37872, Note_off_c, 4, 57, 64
2, 37872, Note_off_c, 4, 63, 64
2, 37872, Note_off_c, 4, 59, 64
2, 37896, Note_off_c, 0, 71, 64
2, 37920, Note_on_c, 4, 63, 65
2, 37920, Note_on_c, 4, 52, 83
2, 37920, Note_on_c, 4, 57, 104
2, 37920, Note_on_c, 4, 59, 104
2, 37920, Note_on_c, 0, 80, 80
2, 38016, Note_off_c, 0, 80, 64
2, 38040, Note_on_c, 0, 78, 83
2, 38088, Note_off_c, 1, 71, 64
2, 38112, Note_off_c, 4, 59, 64
2, 38112, Note_off_c, 4, 57, 64
2, 38112, Note_off_c, 4, 52, 64
2, 38112, Note_off_c, 4, 63, 64
2, 38136, Note_off_c, 0, 78, 64
2, 38160, Note_on_c, 4, 52, 88
2, 38160, Note_on_c, 4, 64, 86
2, 38160, Note_on_c, 0, 76, 91
2, 38160, Note_on_c, 4, 56, 83
2, 38160, Note_on_c, 4, 59, 113
2, 38256, Note_off_c, 0, 76, 64
2, 38280, Note_on_c, 0, 71, 94
2, 38352, Note_off_c, 4, 59, 64
2, 38352, Note_off_c, 4, 56, 64
2, 38352, Note_off_c, 4, 64, 64
2, 38352, Note_off_c, 4, 52, 64
2, 38376, Note_off_c, 0, 71, 64
2, 38400, Note_on_c, 0, 80, 83
2, 38400, Note_on_c, 4, 68, 91
2, 38496, Note_off_c, 4, 68, 64
2, 38496, Note_off_c, 0, 80, 64
2, 38520, Note_on_c, 4, 70, 87
2, 38520, Note_on_c, 0, 82, 91
2, 38616, Note_off_c, 0, 82, 64
2, 38616, Note_off_c, 4, 70, 64
2, 38640, Note_on_c, 4, 71, 104
2, 38640, Note_on_c, 0, 83, 104
2, 38976, Note_off_c, 0, 83, 64
2, 38976, Note_off_c, 4, 71, 64
2, 39000, Note_on_c, 0, 82, 87
2, 39000, Note_on_c, 4, 70, 87
2, 39096, Note_off_c, 4, 70, 64
2, 39096, Note_off_c, 0, 82, 64
2, 39120, Note_on_c, 0, 78, 51
2, 39120, Note_on_c, 4, 66, 91
2, 39216, Note_off_c, 4, 66, 64
2, 39216, Note_off_c, 0, 78, 64
2, 39240, Note_on_c, 0, 81, 88
2, 39240, Note_on_c, 4, 69, 68
2, 39336, Note_off_c, 4, 69, 64
2, 39336, Note_off_c, 0, 81, 64
2, 39360, Note_on_c, 4, 68, 80
2, 39360, Note_on_c, 0, 80, 80
2, 39456, Note_off_c, 0, 80, 64
2, 39456, Note_off_c, 4, 68, 64
2, 39480, Note_on_c, 4, 64, 104
2, 39480, Note_on_c, 0, 76, 108
2, 39576, Note_off_c, 0, 76, 64
2, 39576, Note_off_c, 4, 64, 64
2, 39600, Note_on_c, 4, 66, 87
2, 39600, Note_on_c, 0, 78, 87
2, 39696, Note_off_c, 0, 78, 64
2, 39696, Note_off_c, 4, 66, 64
2, 39720, Note_on_c, 0, 75, 83
2, 39720, Note_on_c, 4, 63, 87
2, 39816, Note_off_c, 4, 63, 64
2, 39816, Note_off_c, 0, 75, 64
2, 39840, Note_on_c, 0, 76, 97
2, 39840, Note_on_c, 4, 64, 88
2, 39936, Note_off_c, 4, 64, 64
2, 39936, Note_off_c, 0, 76, 64
2, 39960, Note_on_c, 0, 73, 91
2, 39960, Note_on_c, 4, 61, 91
2, 40056, Note_off_c, 4, 61, 64
2, 40056, Note_off_c, 0, 73, 64
2, 40080, Note_on_c, 4, 64, 77
2, 40080, Note_on_c, 0, 76, 97
2, 40176, Note_off_c, 0, 76, 64
2, 40176, Note_off_c, 4, 64, 64
2, 40200, Note_on_c, 4, 60, 108
2, 40200, Note_on_c, 0, 72, 104
2, 40296, Note_off_c, 0, 72, 64
2, 40296, Note_off_c, 4, 60, 64
2, 40320, Note_on_c, 4, 59, 104
2, 40320, Note_on_c, 0, 71, 108
2, 40416, Note_off_c, 4, 59, 64
2, 40464, Note_off_c, 0, 71, 64
2, 40500, Note_on_c, 0, 68, 104
2, 40548, Note_off_c, 0, 68, 64
2, 40560, Note_on_c, 4, 62, 83
2, 40560, Note_on_c, 0, 64, 104
2, 40560, Note_on_c, 4, 52, 97
2, 40560, Note_on_c, 4, 59, 101
2, 40752, Note_off_c, 4, 59, 64
2, 40752, Note_off_c, 4, 52, 64
2, 40752, Note_off_c, 0, 64, 64
2, 40752, Note_off_c, 4, 62, 64
2, 40800, Note_on_c, 4, 52, 81
2, 40800, Note_on_c, 4, 62, 79
2, 40800, Note_on_c, 4, 59, 101
2, 40800, Note_on_c, 0, 66, 91
2, 40896, Note_off_c, 0, 66, 64
2, 40920, Note_on_c, 0, 68, 91
2, 40992, Note_off_c, 4, 59, 64
2, 40992, Note_off_c, 4, 62, 64
2, 40992, Note_off_c, 4, 52, 64
2, 41016, Note_off_c, 0, 68, 64
2, 41040, Note_on_c, 4, 61, 80
2, 41040, Note_on_c, 4, 57, 101
2, 41040, Note_on_c, 0, 69, 97
2, 41136, Note_off_c, 0, 69, 64
2, 41160, Note_on_c, 0, 73, 71
2, 41232, Note_off_c, 4, 57, 64
2, 41232, Note_off_c, 4, 61, 64
2, 41256, Note_off_c, 0, 73, 64
2, 41280, Note_on_c, 4, 56, 53
2, 41280, Note_on_c, 4, 64, 81
2, 41280, Note_on_c, 4, 59, 104
2, 41280, Note_on_c, 0, 76, 104
2, 41472, Note_off_c, 4, 59, 64
2, 41472, Note_off_c, 4, 64, 64
2, 41472, Note_off_c, 4, 56, 64
2, 41520, Note_on_c, 4, 59, 104
2, 41520, Note_on_c, 4, 55, 88
2, 41520, Note_on_c, 4, 64, 91
2, 41568, Note_off_c, 0, 76, 64
2, 41640, Note_on_c, 0, 77, 97
2, 41712, Note_off_c, 4, 64, 64
2, 41712, Note_off_c, 4, 55, 64
2, 41712, Note_off_c, 4, 59, 64
2, 41736, Note_off_c, 0, 77, 64
2, 41760, Note_on_c, 4, 61, 87
2, 41760, Note_on_c, 4, 64, 81
2, 41760, Note_on_c, 0, 78, 91
2, 41760, Note_on_c, 4, 54, 68
2, 41856, Note_off_c, 0, 78, 64
2, 41880, Note_on_c, 0, 70, 80
2, 41952, Note_off_c, 4, 54, 64
2, 41952, Note_off_c, 4, 64, 64
2, 41952, Note_off_c, 4, 61, 64
2, 41976, Note_off_c, 0, 70, 64
2, 42000, Note_on_c, 4, 62, 75
2, 42000, Note_on_c, 0, 71, 113
2, 42000, Note_on_c, 4, 59, 97
2, 42192, Note_off_c, 4, 59, 64
2, 42192, Note_off_c, 0, 71, 64
2, 42192, Note_off_c, 4, 62, 64
2, 42240, Note_on_c, 4, 53, 94
2, 42240, Note_on_c, 4, 59, 104
2, 42240, Note_on_c, 4, 62, 94
2, 42240, Note_on_c, 0, 73, 87
2, 42336, Note_off_c, 0, 73, 64
2, 42360, Note_on_c, 0, 74, 94
2, 42432, Note_off_c, 4, 62, 64
2, 42432, Note_off_c, 4, 59, 64
2, 42432, Note_off_c, 4, 53, 64
2, 42456, Note_off_c, 0, 74, 64
2, 42480, Note_on_c, 4, 62, 88
2, 42480, Note_on_c, 4, 59, 108
2, 42480, Note_on_c, 0, 76, 94
2, 42480, Note_on_c, 4, 52, 91
2, 42576, Note_off_c, 0, 76, 64
2, 42600, Note_on_c, 0, 68, 83
2, 42672, Note_off_c, 4, 52, 64
2, 42672, Note_off_c, 4, 59, 64
2, 42672, Note_off_c, 4, 62, 64
2, 42696, Note_off_c, 0, 68, 64
2, 42720, Note_on_c, 4, 57, 94
2, 42720, Note_on_c, 0, 69, 108
2, 42720, Note_on_c, 4, 61, 80
2, 42912, Note_off_c, 4, 61, 64
2, 42912, Note_off_c, 0, 69, 64
2, 42912, Note_off_c, 4, 57, 64
2, 42960, Note_on_c, 4, 45, 94
2, 42960, Note_on_c, 4, 57, 97
2, 42960, Note_on_c, 0, 71, 108
2, 43056, Note_off_c, 0, 71, 64
2, 43080, Note_on_c, 0, 73, 87
2, 43152, Note_off_c, 4, 57, 64
2, 43152, Note_off_c, 4, 45, 64
2, 43176, Note_off_c, 0, 73, 64
2, 43200, Note_on_c, 4, 40, 97
2, 43200, Note_on_c, 4, 52, 88
2, 43200, Note_on_c, 0, 71, 97
2, 43224, Note_off_c, 0, 71, 64
2, 43230, Note_on_c, 0, 73, 83
2, 43254, Note_off_c, 0, 73, 64
2, 43260, Note_on_c, 0, 71, 113
2, 43356, Note_off_c, 0, 71, 64
2, 43380, Note_on_c, 0, 68, 95
2, 43392, Note_off_c, 4, 52, 64
2, 43392, Note_off_c, 4, 40, 64
2, 43428, Note_off_c, 0, 68, 64
2, 43440, Note_on_c, 4, 59, 101
2, 43440, Note_on_c, 0, 64, 108
2, 43440, Note_on_c, 4, 52, 97
2, 43440, Note_on_c, 4, 62, 83
2, 43632, Note_off_c, 4, 62, 64
2, 43632, Note_off_c, 4, 52, 64
2, 43632, Note_off_c, 0, 64, 64
2, 43632, Note_off_c, 4, 59, 64
2, 43680, Note_on_c, 4, 62, 101
2, 43680, Note_on_c, 4, 52, 97
2, 43680, Note_on_c, 4, 59, 113
2, 43680, Note_on_c, 0, 66, 80
2, 43776, Note_off_c, 0, 66, 64
2, 43800, Note_on_c, 0, 68, 104
2, 43872, Note_off_c, 4, 59, 64
2, 43872, Note_off_c, 4, 52, 64
2, 43872, Note_off_c, 4, 62, 64
2, 43896, Note_off_c, 0, 68, 64
2, 43920, Note_on_c, 4, 61, 87
2, 43920, Note_on_c, 4, 57, 101
2, 43920, Note_on_c, 0, 69, 101
2, 44016, Note_off_c, 0, 69, 64
2, 44040, Note_on_c, 0, 73, 87
2, 44112, Note_off_c, 4, 57, 64
2, 44112, Note_off_c, 4, 61, 64
2, 44136, Note_off_c, 0, 73, 64
2, 44160, Note_on_c, 4, 56, 59
2, 44160, Note_on_c, 4, 59, 104
2, 44160, Note_on_c, 4, 64, 83
2, 44160, Note_on_c, 0, 76, 97
2, 44352, Note_off_c, 4, 64, 64
2, 44352, Note_off_c, 4, 59, 64
2, 44352, Note_off_c, 4, 56, 64
2, 44400, Note_on_c, 4, 55, 75
2, 44400, Note_on_c, 4, 64, 79
2, 44400, Note_on_c, 4, 59, 97
2, 44448, Note_off_c, 0, 76, 64
2, 44520, Note_on_c, 0, 77, 104
2, 44592, Note_off_c, 4, 59, 64
2, 44592, Note_off_c, 4, 64, 64
2, 44592, Note_off_c, 4, 55, 64
2, 44616, Note_off_c, 0, 77, 64
2, 44640, Note_on_c, 4, 61, 87
2, 44640, Note_on_c, 4, 64, 88
2, 44640, Note_on_c, 0, 78, 87
2, 44640, Note_on_c, 4, 54, 68
2, 44736, Note_off_c, 0, 78, 64
2, 44760, Note_on_c, 0, 70, 83
2, 44832, Note_off_c, 4, 54, 64
2, 44832, Note_off_c, 4, 64, 64
2, 44832, Note_off_c, 4, 61, 64
2, 44856, Note_off_c, 0, 70, 64
2, 44880, Note_on_c, 4, 62, 91
2, 44880, Note_on_c, 0, 71, 113
2, 44880, Note_on_c, 4, 59, 108
2, 45072, Note_off_c, 4, 59, 64
2, 45072, Note_off_c, 0, 71, 64
2, 45072, Note_off_c, 4, 62, 64
2, 45120, Note_on_c, 4, 52, 81
2, 45120, Note_on_c, 4, 62, 77
2, 45120, Note_on_c, 4, 59, 101
2, 45120, Note_on_c, 0, 73, 83
2, 45216, Note_off_c, 0, 73, 64
2, 45240, Note_on_c, 0, 68, 87
2, 45312, Note_off_c, 4, 59, 64
2, 45312, Note_off_c, 4, 62, 64
2, 45312, Note_off_c, 4, 52, 64
2, 45336, Note_off_c, 0, 68, 64
2, 45360, Note_on_c, 4, 61, 83
2, 45360, Note_on_c, 4, 57, 104
2, 45360, Note_on_c, 0, 69, 113
2, 45552, Note_off_c, 0, 69, 64
2, 45552, Note_off_c, 4, 57, 64
2, 45552, Note_off_c, 4, 61, 64
2, 45600, Note_on_c, 4, 45, 97
2, 45600, Note_on_c, 4, 57, 67
2, 45600, Note_on_c, 0, 81, 101
2, 45792, Note_off_c, 0, 81, 64
2, 45792, Note_off_c, 4, 57, 64
2, 45792, Note_off_c, 4, 45, 64
2, 45840, Note_on_c, 4, 33, 88
2, 45840, Note_on_c, 4, 45, 77
2, 45960, Note_on_c, 0, 70, 87
2, 46032, Note_off_c, 4, 45, 64
2, 46032, Note_off_c, 4, 33, 64
2, 46056, Note_off_c, 0, 70, 64
2, 46080, Note_on_c, 4, 40, 101
2, 46080, Note_on_c, 4, 52, 94
2, 46080, Note_on_c, 0, 71, 113
2, 46224, Note_off_c, 0, 71, 64
2, 46260, Note_on_c, 0, 68, 91
2, 46272, Note_off_c, 4, 52, 64
2, 46272, Note_off_c, 4, 40, 64
2, 46308, Note_off_c, 0, 68, 64
2, 46320, Note_on_c, 4, 59, 104
2, 46320, Note_on_c, 0, 64, 113
2, 46320, Note_on_c, 4, 52, 91
2, 46320, Note_on_c, 4, 62, 77
2, 46512, Note_off_c, 4, 62, 64
2, 46512, Note_off_c, 4, 52, 64
2, 46512, Note_off_c, 0, 64, 64
2, 46512, Note_off_c, 4, 59, 64
2, 46560, Note_on_c, 4, 52, 81
2, 46560, Note_on_c, 4, 62, 83
2, 46560, Note_on_c, 4, 59, 113
2, 46560, Note_on_c, 0, 66, 95
2, 46656, Note_off_c, 0, 66, 64
2, 46680, Note_on_c, 0, 68, 91
2, 46752, Note_off_c, 4, 59, 64
2, 46752, Note_off_c, 4, 62, 64
2, 46752, Note_off_c, 4, 52, 64
2, 46776, Note_off_c, 0, 68, 64
2, 46800, Note_on_c, 4, 61, 76
2, 46800, Note_on_c, 4, 57, 108
2, 46800, Note_on_c, 0, 69, 79
2, 46896, Note_off_c, 0, 69, 64
2, 46920, Note_on_c, 0, 73, 83
2, 46992, Note_off_c, 4, 57, 64
2, 46992, Note_off_c, 4, 61, 64
2, 47016, Note_off_c, 0, 73, 64
2, 47040, Note_on_c, 4, 56, 76
2, 47040, Note_on_c, 4, 64, 71
2, 47040, Note_on_c, 4, 59, 104
2, 47040, Note_on_c, 0, 76, 108
2, 47232, Note_off_c, 4, 59, 64
2, 47232, Note_off_c, 4, 64, 64
2, 47232, Note_off_c, 4, 56, 64
2, 47280, Note_on_c, 4, 64, 88
2, 47280, Note_on_c, 4, 59, 117
2, 47280, Note_on_c, 4, 55, 104
2, 47328, Note_off_c, 0, 76, 64
2, 47400, Note_on_c, 0, 77, 108
2, 47472, Note_off_c, 4, 55, 64
2, 47472, Note_off_c, 4, 59, 64
2, 47472, Note_off_c, 4, 64, 64
2, 47496, Note_off_c, 0, 77, 64
2, 47520, Note_on_c, 4, 54, 80
2, 47520, Note_on_c, 4, 64, 81
2, 47520, Note_on_c, 0, 78, 76
2, 47520, Note_on_c, 4, 61, 73
2, 47616, Note_off_c, 0, 78, 64
2, 47640, Note_on_c, 0, 70, 87
2, 47712, Note_off_c, 4, 61, 64
2, 47712, Note_off_c, 4, 64, 64
2, 47712, Note_off_c, 4, 54, 64
2, 47736, Note_off_c, 0, 70, 64
2, 47760, Note_on_c, 4, 57, 101
2, 47760, Note_on_c, 0, 71, 113
2, 47760, Note_on_c, 4, 63, 63
2, 47760, Note_on_c, 4, 54, 68
2, 47952, Note_off_c, 4, 54, 64
2, 47952, Note_off_c, 4, 63, 64
2, 47952, Note_off_c, 0, 71, 64
2, 47952, Note_off_c, 4, 57, 64
2, 48000, Note_on_c, 4, 53, 81
2, 48000, Note_on_c, 4, 57, 86
2, 48000, Note_on_c, 4, 62, 81
2, 48000, Note_on_c, 0, 73, 95
2, 48096, Note_off_c, 0, 73, 64
2, 48120, Note_on_c, 0, 74, 94
2, 48192, Note_off_c, 4, 62, 64
2, 48192, Note_off_c, 4, 57, 64
2, 48192, Note_off_c, 4, 53, 64
2, 48216, Note_off_c, 0, 74, 64
2, 48240, Note_on_c, 4, 52, 94
2, 48240, Note_on_c, 4, 59, 101
2, 48240, Note_on_c, 0, 76, 86
2, 48240, Note_on_c, 4, 62, 73
2, 48336, Note_off_c, 0, 76, 64
2, 48360, Note_on_c, 0, 68, 87
2, 48432, Note_off_c, 4, 62, 64
2, 48432, Note_off_c, 4, 59, 64
2, 48432, Note_off_c, 4, 52, 64
2, 48456, Note_off_c, 0, 68, 64
2, 48480, Note_on_c, 4, 55, 108
2, 48480, Note_on_c, 0, 69, 104
2, 48480, Note_on_c, 4, 61, 65
2, 48480, Note_on_c, 4, 52, 88
2, 48672, Note_off_c, 4, 52, 64
2, 48672, Note_off_c, 4, 61, 64
2, 48672, Note_off_c, 0, 69, 64
2, 48672, Note_off_c, 4, 55, 64
2, 48720, Note_on_c, 4, 61, 73
2, 48720, Note_on_c, 4, 51, 76
2, 48720, Note_on_c, 4, 55, 108
2, 48720, Note_on_c, 0, 71, 104
2, 48816, Note_off_c, 0, 71, 64
2, 48840, Note_on_c, 0, 73, 80
2, 48912, Note_off_c, 4, 55, 64
2, 48912, Note_off_c, 4, 51, 64
2, 48912, Note_off_c, 4, 61, 64
2, 48936, Note_off_c, 0, 73, 64
2, 48960, Note_on_c, 4, 50, 77
2, 48960, Note_on_c, 4, 62, 71
2, 48960, Note_on_c, 0, 71, 97
2, 48960, Note_on_c, 4, 54, 68
2, 48984, Note_off_c, 0, 71, 64
2, 48990, Note_on_c, 0, 73, 83
2, 49014, Note_off_c, 0, 73, 64
2, 49020, Note_on_c, 0, 71, 97
2, 49068, Note_off_c, 0, 71, 64
2, 49140, Note_on_c, 0, 68, 80
2, 49152, Note_off_c, 4, 54, 64
2, 49152, Note_off_c, 4, 62, 64
2, 49152, Note_off_c, 4, 50, 64
2, 49188, Note_off_c, 0, 68, 64
2, 49200, Note_on_c, 4, 56, 76
2, 49200, Note_on_c, 0, 64, 101
2, 49200, Note_on_c, 4, 50, 94
2, 49200, Note_on_c, 4, 59, 88
2, 49392, Note_off_c, 4, 59, 64
2, 49392, Note_off_c, 4, 50, 64
2, 49392, Note_off_c, 0, 64, 64
2, 49392, Note_off_c, 4, 56, 64
2, 49440, Note_on_c, 4, 50, 91
2, 49440, Note_on_c, 4, 59, 81
2, 49440, Note_on_c, 4, 52, 108
2, 49440, Note_on_c, 0, 66, 91
2, 49536, Note_off_c, 0, 66, 64
2, 49560, Note_on_c, 0, 68, 91
2, 49632, Note_off_c, 4, 52, 64
2, 49632, Note_off_c, 4, 59, 64
2, 49632, Note_off_c, 4, 50, 64
2, 49656, Note_off_c, 0, 68, 64
2, 49680, Note_on_c, 4, 49, 68
2, 49680, Note_on_c, 4, 61, 63
2, 49680, Note_on_c, 4, 52, 113
2, 49680, Note_on_c, 0, 69, 113
2, 49776, Note_off_c, 0, 69, 64
2, 49800, Note_on_c, 0, 73, 83
2, 49872, Note_off_c, 4, 52, 64
2, 49872, Note_off_c, 4, 61, 64
2, 49872, Note_off_c, 4, 49, 64
2, 49896, Note_off_c, 0, 73, 64
2, 49920, Note_on_c, 4, 49, 65
2, 49920, Note_on_c, 4, 57, 79
2, 49920, Note_on_c, 4, 52, 104
2, 49920, Note_on_c, 0, 76, 108
2, 50112, Note_off_c, 4, 52, 64
2, 50112, Note_off_c, 4, 57, 64
2, 50112, Note_off_c, 4, 49, 64
2, 50160, Note_on_c, 4, 57, 75
2, 50160, Note_on_c, 4, 48, 91
2, 50160, Note_on_c, 4, 52, 101
2, 50208, Note_off_c, 0, 76, 64
2, 50280, Note_on_c, 0, 77, 113
2, 50352, Note_off_c, 4, 52, 64
2, 50352, Note_off_c, 4, 48, 64
2, 50352, Note_off_c, 4, 57, 64
2, 50376, Note_off_c, 0, 77, 64
2, 50400, Note_on_c, 4, 47, 91
2, 50400, Note_on_c, 4, 57, 86
2, 50400, Note_on_c, 0, 78, 91
2, 50400, Note_on_c, 4, 51, 63
2, 50496, Note_off_c, 0, 78, 64
2, 50520, Note_on_c, 0, 70, 80
2, 50592, Note_off_c, 4, 51, 64
2, 50592, Note_off_c, 4, 57, 64
2, 50592, Note_off_c, 4, 47, 64
2, 50616, Note_off_c, 0, 70, 64
2, 50640, Note_on_c, 4, 40, 97
2, 50640, Note_on_c, 0, 71, 117
2, 50832, Note_off_c, 0, 71, 64
2, 50832, Note_off_c, 4, 40, 64
2, 50880, Note_on_c, 4, 62, 91
2, 50880, Note_on_c, 4, 59, 104
2, 50880, Note_on_c, 4, 52, 81
2, 50880, Note_on_c, 0, 73, 87
2, 50976, Note_off_c, 0, 73, 64
2, 51000, Note_on_c, 0, 68, 80
2, 51072, Note_off_c, 4, 52, 64
2, 51072, Note_off_c, 4, 59, 64
2, 51072, Note_off_c, 4, 62, 64
2, 51096, Note_off_c, 0, 68, 64
2, 51120, Note_on_c, 4, 61, 76
2, 51120, Note_on_c, 4, 57, 104
2, 51120, Note_on_c, 0, 69, 104
2, 51312, Note_off_c, 0, 69, 64
2, 51312, Note_off_c, 4, 57, 64
2, 51312, Note_off_c, 4, 61, 64
2, 51360, Note_on_c, 4, 64, 88
2, 51360, Note_on_c, 4, 57, 94
2, 51360, Note_on_c, 0, 81, 97
2, 51552, Note_off_c, 0, 81, 64
2, 51552, Note_off_c, 4, 57, 64
2, 51552, Note_off_c, 4, 64, 64
2, 51600, Note_on_c, 4, 64, 81
2, 51600, Note_on_c, 4, 57, 94
2, 51792, Note_off_c, 4, 57, 64
2, 51792, Note_off_c, 4, 64, 64
2, 51840, Note_on_c, 4, 57, 101
2, 51840, Note_on_c, 4, 64, 86
2, 51840, Note_on_c, 0, 54, 87
2, 51936, Note_off_c, 0, 54, 64
2, 51960, Note_on_c, 0, 52, 113
2, 52032, Note_off_c, 4, 64, 64
2, 52032, Note_off_c, 4, 57, 64
2, 52056, Note_off_c, 0, 52, 64
2, 52080, Note_on_c, 4, 64, 73
2, 52080, Note_on_c, 0, 50, 117
2, 52080, Note_on_c, 4, 57, 91
2, 52272, Note_off_c, 4, 57, 64
2, 52272, Note_off_c, 0, 50, 64
2, 52272, Note_off_c, 4, 64, 64
2, 52320, Note_on_c, 4, 64, 108
2, 52320, Note_on_c, 4, 57, 108
2, 52320, Note_on_c, 0, 49, 87
2, 52464, Note_off_c, 0, 49, 64
2, 52500, Note_on_c, 0, 49, 80
2, 52512, Note_off_c, 4, 57, 64
2, 52512, Note_off_c, 4, 64, 64
2, 52524, Note_off_c, 0, 49, 64
2, 52530, Note_on_c, 0, 47, 108
2, 52554, Note_off_c, 0, 47, 64
2, 52560, Note_on_c, 4, 64, 77
2, 52560, Note_on_c, 4, 57, 94
2, 52560, Note_on_c, 0, 45, 108
2, 52752, Note_off_c, 4, 57, 64
2, 52752, Note_off_c, 4, 64, 64
2, 52800, Note_on_c, 4, 64, 75
2, 52800, Note_on_c, 4, 57, 91
2, 52992, Note_off_c, 4, 57, 64
2, 52992, Note_off_c, 4, 64, 64
2, 53040, Note_on_c, 4, 64, 113
2, 53040, Note_on_c, 4, 57, 117
2, 53136, Note_off_c, 0, 45, 64
2, 53232, Note_off_c, 4, 57, 64
2, 53232, Note_off_c, 4, 64, 64
2, 53280, Note_on_c, 4, 64, 75
2, 53280, Note_on_c, 4, 57, 86
2, 53280, Note_on_c, 0, 54, 83
2, 53376, Note_off_c, 0, 54, 64
2, 53460, Note_on_c, 0, 52, 104
2, 53472, Note_off_c, 4, 57, 64
2, 53472, Note_off_c, 4, 64, 64
2, 53508, Note_off_c, 0, 52, 64
2, 53520, Note_on_c, 4, 57, 97
2, 53520, Note_on_c, 0, 50, 108
2, 53520, Note_on_c, 4, 64, 86
2, 53712, Note_off_c, 4, 64, 64
2, 53712, Note_off_c, 0, 50, 64
2, 53712, Note_off_c, 4, 57, 64
2, 53760, Note_on_c, 4, 64, 104
2, 53760, Note_on_c, 4, 57, 113
2, 53760, Note_on_c, 0, 49, 91
2, 53904, Note_off_c, 0, 49, 64
2, 53940, Note_on_c, 0, 49, 83
2, 53952, Note_off_c, 4, 57, 64
2, 53952, Note_off_c, 4, 64, 64
2, 53964, Note_off_c, 0, 49, 64
2, 53970, Note_on_c, 0, 47, 104
2, 53994, Note_off_c, 0, 47, 64
2, 54000, Note_on_c, 4, 64, 83
2, 54000, Note_on_c, 4, 57, 101
2, 54000, Note_on_c, 0, 45, 101
2, 54192, Note_off_c, 4, 57, 64
2, 54192, Note_off_c, 4, 64, 64
2, 54240, Note_on_c, 4, 64, 88
2, 54240, Note_on_c, 4, 57, 101
2, 54384, Note_off_c, 0, 45, 64
2, 54432, Note_off_c, 4, 57, 64
2, 54432, Note_off_c, 4, 64, 64
2, 54480, Note_on_c, 0, 64, 104
2, 54480, Note_on_c, 0, 57, 97
2, 54672, Note_off_c, 0, 57, 64
2, 54672, Note_off_c, 0, 64, 64
2, 54720, Note_on_c, 4, 40, 97
2, 54720, Note_on_c, 0, 59, 97
2, 54720, Note_on_c, 0, 56, 71
2, 54816, Note_off_c, 0, 56, 64
2, 54816, Note_off_c, 0, 59, 64
2, 54900, Note_on_c, 0, 59, 91
2, 54900, Note_on_c, 0, 64, 104
2, 54912, Note_off_c, 4, 40, 64
2, 54948, Note_off_c, 0, 64, 64
2, 54948, Note_off_c, 0, 59, 64
2, 54960, Note_on_c, 4, 59, 94
2, 54960, Note_on_c, 4, 52, 113
2, 54960, Note_on_c, 0, 68, 87
2, 54960, Note_on_c, 0, 64, 86
2, 55152, Note_off_c, 0, 64, 64
2, 55152, Note_off_c, 0, 68, 64
2, 55152, Note_off_c, 4, 52, 64
2, 55152, Note_off_c, 4, 59, 64
2, 55200, Note_on_c, 4, 59, 113
2, 55200, Note_on_c, 4, 52, 117
2, 55200, Note_on_c, 0, 71, 94
2, 55200, Note_on_c, 0, 68, 87
2, 55392, Note_off_c, 0, 68, 64
2, 55392, Note_off_c, 0, 71, 64
2, 55392, Note_off_c, 4, 52, 64
2, 55392, Note_off_c, 4, 59, 64
2, 55440, Note_on_c, 4, 59, 77
2, 55440, Note_on_c, 4, 52, 101
2, 55440, Note_on_c, 0, 76, 94
2, 55440, Note_on_c, 0, 71, 108
2, 55536, Note_off_c, 0, 71, 64
2, 55536, Note_off_c, 0, 76, 64
2, 55620, Note_on_c, 0, 68, 83
2, 55620, Note_on_c, 0, 64, 104
2, 55632, Note_off_c, 4, 52, 64
2, 55632, Note_off_c, 4, 59, 64
2, 55668, Note_off_c, 0, 64, 64
2, 55668, Note_off_c, 0, 68, 64
2, 55680, Note_on_c, 4, 59, 91
2, 55680, Note_on_c, 4, 52, 97
2, 55680, Note_on_c, 0, 68, 80
2, 55680, Note_on_c, 0, 71, 108
2, 55872, Note_off_c, 0, 71, 64
2, 55872, Note_off_c, 0, 68, 64
2, 55872, Note_off_c, 4, 52, 64
2, 55872, Note_off_c, 4, 59, 64
2, 55920, Note_on_c, 4, 56, 80
2, 55920, Note_on_c, 4, 59, 104
2, 55920, Note_on_c, 4, 64, 83
2, 55920, Note_on_c, 4, 52, 58
2, 55920, Note_on_c, 0, 76, 86
2, 55920, Note_on_c, 0, 71, 108
2, 56112, Note_off_c, 0, 71, 64
2, 56112, Note_off_c, 0, 76, 64
2, 56112, Note_off_c, 4, 52, 64
2, 56112, Note_off_c, 4, 64, 64
2, 56112, Note_off_c, 4, 59, 64
2, 56112, Note_off_c, 4, 56, 64
2, 56160, Note_on_c, 4, 63, 63
2, 56160, Note_on_c, 4, 52, 71
2, 56160, Note_on_c, 4, 59, 97
2, 56160, Note_on_c, 4, 57, 101
2, 56160, Note_on_c, 0, 78, 104
2, 56160, Note_on_c, 1, 75, 95
2, 56224, Note_off_c, 0, 78, 64
2, 56240, Note_on_c, 0, 80, 73
2, 56304, Note_off_c, 0, 80, 64
2, 56320, Note_on_c, 0, 78, 83
2, 56352, Note_off_c, 1, 75, 64
2, 56352, Note_off_c, 4, 57, 64
2, 56352, Note_off_c, 4, 59, 64
2, 56352, Note_off_c, 4, 52, 64
2, 56352, Note_off_c, 4, 63, 64
2, 56384, Note_off_c, 0, 78, 64
2, 56400, Note_on_c, 0, 77, 101
2, 56400, Note_on_c, 0, 74, 86
2, 56400, Note_on_c, 4, 63, 47
2, 56400, Note_on_c, 4, 52, 71
2, 56400, Note_on_c, 4, 57, 101
2, 56400, Note_on_c, 4, 59, 97
2, 56496, Note_off_c, 0, 74, 64
2, 56496, Note_off_c, 0, 77, 64
2, 56520, Note_on_c, 0, 78, 87
2, 56520, Note_on_c, 0, 75, 87
2, 56592, Note_off_c, 4, 59, 64
2, 56592, Note_off_c, 4, 57, 64
2, 56592, Note_off_c, 4, 52, 64
2, 56592, Note_off_c, 4, 63, 64
2, 56616, Note_off_c, 0, 75, 64
2, 56616, Note_off_c, 0, 78, 64
2, 56640, Note_on_c, 4, 63, 65
2, 56640, Note_on_c, 4, 52, 62
2, 56640, Note_on_c, 4, 59, 94
2, 56640, Note_on_c, 4, 57, 101
2, 56640, Note_on_c, 0, 80, 83
2, 56640, Note_on_c, 0, 76, 97
2, 56736, Note_off_c, 0, 76, 64
2, 56736, Note_off_c, 0, 80, 64
2, 56760, Note_on_c, 0, 81, 83
2, 56760, Note_on_c, 0, 78, 87
2, 56832, Note_off_c, 4, 57, 64
2, 56832, Note_off_c, 4, 59, 64
2, 56832, Note_off_c, 4, 52, 64
2, 56832, Note_off_c, 4, 63, 64
2, 56856, Note_off_c, 0, 78, 64
2, 56856, Note_off_c, 0, 81, 64
2, 56880, Note_on_c, 4, 56, 73
2, 56880, Note_on_c, 4, 64, 88
2, 56880, Note_on_c, 4, 59, 108
2, 56880, Note_on_c, 4, 52, 71
2, 56880, Note_on_c, 0, 85, 87
2, 56880, Note_on_c, 0, 81, 104
2, 56976, Note_off_c, 0, 81, 64
2, 56976, Note_off_c, 0, 85, 64
2, 57060, Note_on_c, 0, 83, 101
2, 57060, Note_on_c, 0, 80, 80
2, 57072, Note_off_c, 4, 52, 64
2, 57072, Note_off_c, 4, 59, 64
2, 57072, Note_off_c, 4, 64, 64
2, 57072, Note_off_c, 4, 56, 64
2, 57108, Note_off_c, 0, 80, 64
2, 57108, Note_off_c, 0, 83, 64
2, 57120, Note_on_c, 4, 56, 76
2, 57120, Note_on_c, 4, 52, 67
2, 57120, Note_on_c, 4, 64, 70
2, 57120, Note_on_c, 4, 59, 97
2, 57120, Note_on_c, 0, 80, 87
2, 57120, Note_on_c, 0, 76, 97
2, 57312, Note_off_c, 4, 59, 64
2, 57312, Note_off_c, 4, 64, 64
2, 57312, Note_off_c, 4, 52, 64
2, 57312, Note_off_c, 4, 56, 64
2, 57360, Note_on_c, 4, 52, 79
2, 57360, Note_on_c, 4, 56, 80
2, 57360, Note_on_c, 4, 64, 68
2, 57360, Note_on_c, 4, 59, 108
2, 57504, Note_off_c, 0, 76, 64
2, 57504, Note_off_c, 0, 80, 64
2, 57552, Note_off_c, 4, 59, 64
2, 57552, Note_off_c, 4, 64, 64
2, 57552, Note_off_c, 4, 56, 64
2, 57552, Note_off_c, 4, 52, 64
2, 57600, Note_on_c, 4, 63, 71
2, 57600, Note_on_c, 4, 52, 70
2, 57600, Note_on_c, 4, 57, 104
2, 57600, Note_on_c, 4, 59, 108
2, 57600, Note_on_c, 0, 78, 76
2, 57600, Note_on_c, 1, 75, 104
2, 57664, Note_off_c, 0, 78, 64
2, 57680, Note_on_c, 0, 80, 80
2, 57744, Note_off_c, 0, 80, 64
2, 57760, Note_on_c, 0, 78, 83
2, 57792, Note_off_c, 1, 75, 64
2, 57792, Note_off_c, 4, 59, 64
2, 57792, Note_off_c, 4, 57, 64
2, 57792, Note_off_c, 4, 52, 64
2, 57792, Note_off_c, 4, 63, 64
2, 57824, Note_off_c, 0, 78, 64
2, 57840, Note_on_c, 0, 77, 88
2, 57840, Note_on_c, 0, 74, 94
2, 57840, Note_on_c, 4, 52, 86
2, 57840, Note_on_c, 4, 57, 101
2, 57840, Note_on_c, 4, 59, 104
2, 57840, Note_on_c, 4, 63, 71
2, 57936, Note_off_c, 0, 74, 64
2, 57936, Note_off_c, 0, 77, 64
2, 57960, Note_on_c, 0, 78, 87
2, 57960, Note_on_c, 0, 75, 87
2, 58032, Note_off_c, 4, 63, 64
2, 58032, Note_off_c, 4, 59, 64
2, 58032, Note_off_c, 4, 57, 64
2, 58032, Note_off_c, 4, 52, 64
2, 58056, Note_off_c, 0, 75, 64
2, 58056, Note_off_c, 0, 78, 64
2, 58080, Note_on_c, 4, 63, 61
2, 58080, Note_on_c, 4, 57, 104
2, 58080, Note_on_c, 4, 59, 108
2, 58080, Note_on_c, 4, 52, 61
2, 58080, Note_on_c, 0, 80, 87
2, 58080, Note_on_c, 0, 76, 108
2, 58176, Note_off_c, 0, 76, 64
2, 58176, Note_off_c, 0, 80, 64
2, 58200, Note_on_c, 0, 78, 87
2, 58200, Note_on_c, 0, 81, 88
2, 58272, Note_off_c, 4, 52, 64
2, 58272, Note_off_c, 4, 59, 64
2, 58272, Note_off_c, 4, 57, 64
2, 58272, Note_off_c, 4, 63, 64
2, 58296, Note_off_c, 0, 81, 64
2, 58296, Note_off_c, 0, 78, 64
2, 58320, Note_on_c, 4, 64, 71
2, 58320, Note_on_c, 4, 56, 73
2, 58320, Note_on_c, 4, 52, 63
2, 58320, Note_on_c, 4, 59, 101
2, 58320, Note_on_c, 0, 85, 71
2, 58320, Note_on_c, 0, 81, 104
2, 58416, Note_off_c, 0, 81, 64
2, 58416, Note_off_c, 0, 85, 64
2, 58500, Note_on_c, 0, 80, 76
2, 58500, Note_on_c, 0, 83, 104
2, 58512, Note_off_c, 4, 59, 64
2, 58512, Note_off_c, 4, 52, 64
2, 58512, Note_off_c, 4, 56, 64
2, 58512, Note_off_c, 4, 64, 64
2, 58548, Note_off_c, 0, 83, 64
2, 58548, Note_off_c, 0, 80, 64
2, 58560, Note_on_c, 4, 52, 83
2, 58560, Note_on_c, 4, 56, 83
2, 58560, Note_on_c, 4, 64, 81
2, 58560, Note_on_c, 4, 59, 113
2, 58560, Note_on_c, 0, 80, 76
2, 58560, Note_on_c, 0, 76, 101
2, 58752, Note_off_c, 4, 59, 64
2, 58752, Note_off_c, 4, 64, 64
2, 58752, Note_off_c, 4, 56, 64
2, 58752, Note_off_c, 4, 52, 64
2, 58800, Note_on_c, 4, 64, 75
2, 58800, Note_on_c, 4, 52, 86
2, 58800, Note_on_c, 4, 59, 113
2, 58800, Note_on_c, 4, 56, 83
2, 58944, Note_off_c, 0, 76, 64
2, 58944, Note_off_c, 0, 80, 64
2, 58992, Note_off_c, 4, 56, 64
2, 58992, Note_off_c, 4, 59, 64
2, 58992, Note_off_c, 4, 52, 64
2, 58992, Note_off_c, 4, 64, 64
2, 59040, Note_on_c, 4, 42, 100
2, 59040, Note_on_c, 0, 75, 91
2, 59040, Note_on_c, 0, 78, 87
2, 59136, Note_off_c, 0, 78, 64
2, 59136, Note_off_c, 0, 75, 64
2, 59220, Note_on_c, 0, 73, 83
2, 59220, Note_on_c, 0, 76, 104
2, 59232, Note_off_c, 4, 42, 64
2, 59268, Note_off_c, 0, 76, 64
2, 59268, Note_off_c, 0, 73, 64
2, 59280, Note_on_c, 4, 58, 76
2, 59280, Note_on_c, 4, 64, 68
2, 59280, Note_on_c, 4, 54, 55
2, 59280, Note_on_c, 0, 66, 91
2, 59280, Note_on_c, 0, 73, 80
2, 59472, Note_off_c, 4, 54, 64
2, 59472, Note_off_c, 4, 64, 64
2, 59472, Note_off_c, 4, 58, 64
2, 59520, Note_on_c, 4, 54, 71
2, 59520, Note_on_c, 4, 58, 91
2, 59520, Note_on_c, 4, 64, 83
2, 59664, Note_off_c, 0, 73, 64
2, 59664, Note_off_c, 0, 66, 64
2, 59712, Note_off_c, 4, 64, 64
2, 59712, Note_off_c, 4, 58, 64
2, 59712, Note_off_c, 4, 54, 64
2, 59760, Note_on_c, 0, 75, 73
2, 59760, Note_on_c, 0, 71, 104
2, 59760, Note_on_c, 4, 35, 117
2, 59856, Note_off_c, 0, 71, 64
2, 59856, Note_off_c, 0, 75, 64
2, 59940, Note_on_c, 1, 66, 80
2, 59940, Note_on_c, 0, 71, 104
2, 59952, Note_off_c, 4, 35, 64
2, 59988, Note_off_c, 1, 66, 64
2, 60000, Note_on_c, 4, 54, 80
2, 60000, Note_on_c, 1, 59, 101
2, 60000, Note_on_c, 4, 47, 88
2, 60192, Note_off_c, 4, 47, 64
2, 60192, Note_off_c, 4, 54, 64
2, 60240, Note_on_c, 4, 54, 83
2, 60240, Note_on_c, 4, 47, 81
2, 60324, Note_off_c, 0, 71, 64
2, 60384, Note_off_c, 1, 59, 64
2, 60432, Note_off_c, 4, 47, 64
2, 60432, Note_off_c, 4, 54, 64
2, 60480, Note_on_c, 4, 47, 81
2, 60480, Note_on_c, 4, 54, 80
2, 60480, Note_on_c, 0, 44, 80
2, 60576, Note_off_c, 0, 44, 64
2, 60600, Note_on_c, 0, 42, 87
2, 60672, Note_off_c, 4, 54, 64
2, 60672, Note_off_c, 4, 47, 64
2, 60696, Note_off_c, 0, 42, 64
2, 60720, Note_on_c, 4, 54, 83
2, 60720, Note_on_c, 0, 40, 108
2, 60720, Note_on_c, 4, 47, 81
2, 60912, Note_off_c, 4, 47, 64
2, 60912, Note_off_c, 0, 40, 64
2, 60912, Note_off_c, 4, 54, 64
2, 60960, Note_on_c, 4, 54, 87
2, 60960, Note_on_c, 4, 47, 88
2, 60960, Note_on_c, 0, 39, 87
2, 61104, Note_off_c, 0, 39, 64
2, 61140, Note_on_c, 0, 39, 76
2, 61152, Note_off_c, 4, 47, 64
2, 61152, Note_off_c, 4, 54, 64
2, 61164, Note_off_c, 0, 39, 64
2, 61170, Note_on_c, 0, 37, 80
2, 61194, Note_off_c, 0, 37, 64
2, 61200, Note_on_c, 4, 54, 87
2, 61200, Note_on_c, 4, 47, 94
2, 61200, Note_on_c, 0, 35, 108
2, 61392, Note_off_c, 4, 47, 64
2, 61392, Note_off_c, 4, 54, 64
2, 61440, Note_on_c, 4, 54, 76
2, 61440, Note_on_c, 4, 47, 81
2, 61632, Note_off_c, 4, 47, 64
2, 61632, Note_off_c, 4, 54, 64
2, 61680, Note_on_c, 4, 54, 87
2, 61680, Note_on_c, 4, 47, 94
2, 61776, Note_off_c, 0, 35, 64
2, 61872, Note_off_c, 4, 47, 64
2, 61872, Note_off_c, 4, 54, 64
2, 61920, Note_on_c, 4, 54, 68
2, 61920, Note_on_c, 4, 47, 63
2, 61920, Note_on_c, 0, 44, 83
2, 62016, Note_off_c, 0, 44, 64
2, 62100, Note_on_c, 0, 42, 100
2, 62112, Note_off_c, 4, 47, 64
2, 62112, Note_off_c, 4, 54, 64
2, 62148, Note_off_c, 0, 42, 64
2, 62160, Note_on_c, 4, 47, 81
2, 62160, Note_on_c, 0, 40, 108
2, 62160, Note_on_c, 4, 54, 73
2, 62352, Note_off_c, 4, 54, 64
2, 62352, Note_off_c, 0, 40, 64
2, 62352, Note_off_c, 4, 47, 64
2, 62400, Note_on_c, 4, 47, 104
2, 62400, Note_on_c, 4, 54, 95
2, 62400, Note_on_c, 0, 39, 100
2, 62544, Note_off_c, 0, 39, 64
2, 62580, Note_on_c, 0, 39, 87
2, 62592, Note_off_c, 4, 54, 64
2, 62592, Note_off_c, 4, 47, 64
2, 62604, Note_off_c, 0, 39, 64
2, 62610, Note_on_c, 0, 37, 80
2, 62634, Note_off_c, 0, 37, 64
2, 62640, Note_on_c, 4, 54, 76
2, 62640, Note_on_c, 4, 47, 81
2, 62640, Note_on_c, 0, 35, 97
2, 62832, Note_off_c, 4, 47, 64
2, 62832, Note_off_c, 4, 54, 64
2, 62880, Note_on_c, 4, 54, 71
2, 62880, Note_on_c, 4, 47, 77
2, 63024, Note_off_c, 0, 35, 64
2, 63072, Note_off_c, 4, 47, 64
2, 63072, Note_off_c, 4, 54, 64
2, 63120, Note_on_c, 4, 54, 95
2, 63120, Note_on_c, 4, 47, 104
2, 63312, Note_off_c, 4, 47, 64
2, 63312, Note_off_c, 4, 54, 64
2, 63360, Note_on_c, 4, 40, 113
2, 63360, Note_on_c, 0, 56, 87
2, 63360, Note_on_c, 0, 59, 113
2, 63456, Note_off_c, 0, 59, 64
2, 63456, Note_off_c, 0, 56, 64
2, 63540, Note_on_c, 0, 64, 79
2, 63540, Note_on_c, 0, 59, 101
2, 63552, Note_off_c, 4, 40, 64
2, 63588, Note_off_c, 0, 59, 64
2, 63588, Note_off_c, 0, 64, 64
2, 63600, Note_on_c, 4, 52, 101
2, 63600, Note_on_c, 4, 59, 94
2, 63600, Note_on_c, 0, 68, 83
2, 63600, Note_on_c, 0, 64, 94
2, 63792, Note_off_c, 0, 64, 64
2, 63792, Note_off_c, 0, 68, 64
2, 63792, Note_off_c, 4, 59, 64
2, 63792, Note_off_c, 4, 52, 64
2, 63840, Note_on_c, 4, 52, 104
2, 63840, Note_on_c, 4, 59, 97
2, 63840, Note_on_c, 0, 68, 83
2, 63840, Note_on_c, 0, 71, 97
2, 64032, Note_off_c, 0, 71, 64
2, 64032, Note_off_c, 0, 68, 64
2, 64032, Note_off_c, 4, 59, 64
2, 64032, Note_off_c, 4, 52, 64
2, 64080, Note_on_c, 4, 59, 83
2, 64080, Note_on_c, 4, 52, 64
2, 64080, Note_on_c, 0, 71, 101
2, 64080, Note_on_c, 0, 76, 104
2, 64176, Note_off_c, 0, 76, 64
2, 64176, Note_off_c, 0, 71, 64
2, 64260, Note_on_c, 0, 68, 76
2, 64260, Note_on_c, 0, 64, 97
2, 64272, Note_off_c, 4, 52, 64
2, 64272, Note_off_c, 4, 59, 64
2, 64308, Note_off_c, 0, 64, 64
2, 64308, Note_off_c, 0, 68, 64
2, 64320, Note_on_c, 4, 52, 91
2, 64320, Note_on_c, 4, 59, 94
2, 64320, Note_on_c, 0, 71, 88
2, 64320, Note_on_c, 0, 68, 76
2, 64512, Note_off_c, 0, 68, 64
2, 64512, Note_off_c, 0, 71, 64
2, 64512, Note_off_c, 4, 59, 64
2, 64512, Note_off_c, 4, 52, 64
2, 64560, Note_on_c, 4, 52, 108
2, 64560, Note_on_c, 4, 59, 113
2, 64560, Note_on_c, 4, 64, 97
2, 64560, Note_on_c, 4, 56, 87
2, 64560, Note_on_c, 0, 71, 97
2, 64560, Note_on_c, 0, 76, 94
2, 64752, Note_off_c, 0, 76, 64
2, 64752, Note_off_c, 0, 71, 64
2, 64752, Note_off_c, 4, 56, 64
2, 64752, Note_off_c, 4, 64, 64
2, 64752, Note_off_c, 4, 59, 64
2, 64752, Note_off_c, 4, 52, 64
2, 64800, Note_on_c, 4, 63, 65
2, 64800, Note_on_c, 4, 52, 68
2, 64800, Note_on_c, 4, 59, 108
2, 64800, Note_on_c, 4, 57, 104
2, 64800, Note_on_c, 0, 78, 83
2, 64800, Note_on_c, 1, 75, 91
2, 64864, Note_off_c, 0, 78, 64
2, 64880, Note_on_c, 0, 80, 80
2, 64944, Note_off_c, 0, 80, 64
2, 64960, Note_on_c, 0, 78, 91
2, 64992, Note_off_c, 1, 75, 64
2, 64992, Note_off_c, 4, 57, 64
2, 64992, Note_off_c, 4, 59, 64
2, 64992, Note_off_c, 4, 52, 64
2, 64992, Note_off_c, 4, 63, 64
2, 65024, Note_off_c, 0, 78, 64
2, 65040, Note_on_c, 0, 77, 101
2, 65040, Note_on_c, 0, 74, 97
2, 65040, Note_on_c, 4, 63, 71
2, 65040, Note_on_c, 4, 52, 67
2, 65040, Note_on_c, 4, 57, 104
2, 65040, Note_on_c, 4, 59, 108
2, 65136, Note_off_c, 0, 74, 64
2, 65136, Note_off_c, 0, 77, 64
2, 65160, Note_on_c, 0, 78, 83
2, 65160, Note_on_c, 0, 75, 87
2, 65232, Note_off_c, 4, 59, 64
2, 65232, Note_off_c, 4, 57, 64
2, 65232, Note_off_c, 4, 52, 64
2, 65232, Note_off_c, 4, 63, 64
2, 65256, Note_off_c, 0, 75, 64
2, 65256, Note_off_c, 0, 78, 64
2, 65280, Note_on_c, 4, 63, 71
2, 65280, Note_on_c, 4, 52, 68
2, 65280, Note_on_c, 4, 59, 113
2, 65280, Note_on_c, 4, 57, 108
2, 65280, Note_on_c, 0, 80, 83
2, 65280, Note_on_c, 0, 76, 104
2, 65376, Note_off_c, 0, 76, 64
2, 65376, Note_off_c, 0, 80, 64
2, 65400, Note_on_c, 0, 78, 91
2, 65400, Note_on_c, 0, 81, 91
2, 65472, Note_off_c, 4, 57, 64
2, 65472, Note_off_c, 4, 59, 64
2, 65472, Note_off_c, 4, 52, 64
2, 65472, Note_off_c, 4, 63, 64
2, 65496, Note_off_c, 0, 81, 64
2, 65496, Note_off_c, 0, 78, 64
2, 65520, Note_on_c, 4, 64, 77
2, 65520, Note_on_c, 4, 56, 83
2, 65520, Note_on_c, 4, 59, 104
2, 65520, Note_on_c, 4, 52, 81
2, 65520, Note_on_c, 0, 85, 71
2, 65520, Note_on_c, 0, 81, 108
2, 65616, Note_off_c, 0, 81, 64
2, 65616, Note_off_c, 0, 85, 64
2, 65700, Note_on_c, 0, 83, 101
2, 65700, Note_on_c, 0, 80, 76
2, 65712, Note_off_c, 4, 52, 64
2, 65712, Note_off_c, 4, 59, 64
2, 65712, Note_off_c, 4, 56, 64
2, 65712, Note_off_c, 4, 64, 64
2, 65748, Note_off_c, 0, 80, 64
2, 65748, Note_off_c, 0, 83, 64
2, 65760, Note_on_c, 4, 52, 64
2, 65760, Note_on_c, 4, 56, 87
2, 65760, Note_on_c, 4, 64, 79
2, 65760, Note_on_c, 4, 59, 104
2, 65760, Note_on_c, 0, 80, 68
2, 65760, Note_on_c, 0, 76, 97
2, 65952, Note_off_c, 4, 59, 64
2, 65952, Note_off_c, 4, 64, 64
2, 65952, Note_off_c, 4, 56, 64
2, 65952, Note_off_c, 4, 52, 64
2, 66000, Note_on_c, 4, 56, 87
2, 66000, Note_on_c, 4, 52, 75
2, 66000, Note_on_c, 4, 64, 83
2, 66000, Note_on_c, 4, 59, 108
2, 66144, Note_off_c, 0, 76, 64
2, 66144, Note_off_c, 0, 80, 64
2, 66192, Note_off_c, 4, 59, 64
2, 66192, Note_off_c, 4, 64, 64
2, 66192, Note_off_c, 4, 52, 64
2, 66192, Note_off_c, 4, 56, 64
2, 66240, Note_on_c, 4, 63, 73
2, 66240, Note_on_c, 4, 52, 94
2, 66240, Note_on_c, 4, 57, 104
2, 66240, Note_on_c, 4, 59, 113
2, 66240, Note_on_c, 0, 78, 104
2, 66240, Note_on_c, 1, 75, 104
2, 66304, Note_off_c, 0, 78, 64
2, 66320, Note_on_c, 0, 80, 73
2, 66384, Note_off_c, 0, 80, 64
2, 66400, Note_on_c, 0, 78, 87
2, 66432, Note_off_c, 1, 75, 64
2, 66432, Note_off_c, 4, 59, 64
2, 66432, Note_off_c, 4, 57, 64
2, 66432, Note_off_c, 4, 52, 64
2, 66432, Note_off_c, 4, 63, 64
2, 66464, Note_off_c, 0, 78, 64
2, 66480, Note_on_c, 0, 74, 97
2, 66480, Note_on_c, 0, 77, 101
2, 66480, Note_on_c, 4, 63, 65
2, 66480, Note_on_c, 4, 52, 79
2, 66480, Note_on_c, 4, 59, 108
2, 66480, Note_on_c, 4, 57, 101
2, 66576, Note_off_c, 0, 77, 64
2, 66576, Note_off_c, 0, 74, 64
2, 66600, Note_on_c, 0, 78, 91
2, 66600, Note_on_c, 0, 75, 87
2, 66672, Note_off_c, 4, 57, 64
2, 66672, Note_off_c, 4, 59, 64
2, 66672, Note_off_c, 4, 52, 64
2, 66672, Note_off_c, 4, 63, 64
2, 66696, Note_off_c, 0, 75, 64
2, 66696, Note_off_c, 0, 78, 64
2, 66720, Note_on_c, 4, 63, 71
2, 66720, Note_on_c, 4, 52, 64
2, 66720, Note_on_c, 4, 57, 104
2, 66720, Note_on_c, 4, 59, 108
2, 66720, Note_on_c, 0, 80, 83
2, 66720, Note_on_c, 0, 76, 113
2, 66816, Note_off_c, 0, 76, 64
2, 66816, Note_off_c, 0, 80, 64
2, 66840, Note_on_c, 0, 81, 101
2, 66840, Note_on_c, 0, 78, 95
2, 66912, Note_off_c, 4, 59, 64
2, 66912, Note_off_c, 4, 57, 64
2, 66912, Note_off_c, 4, 52, 64
2, 66912, Note_off_c, 4, 63, 64
2, 66936, Note_off_c, 0, 78, 64
2, 66936, Note_off_c, 0, 81, 64
2, 66960, Note_on_c, 4, 56, 76
2, 66960, Note_on_c, 4, 64, 75
2, 66960, Note_on_c, 4, 59, 104
2, 66960, Note_on_c, 4, 52, 63
2, 66960, Note_on_c, 0, 81, 101
2, 66960, Note_on_c, 0, 85, 91
2, 67056, Note_off_c, 0, 85, 64
2, 67056, Note_off_c, 0, 81, 64
2, 67140, Note_on_c, 0, 80, 83
2, 67140, Note_on_c, 0, 83, 86
2, 67152, Note_off_c, 4, 52, 64
2, 67152, Note_off_c, 4, 59, 64
2, 67152, Note_off_c, 4, 64, 64
2, 67152, Note_off_c, 4, 56, 64
2, 67188, Note_off_c, 0, 83, 64
2, 67188, Note_off_c, 0, 80, 64
2, 67200, Note_on_c, 4, 56, 73
2, 67200, Note_on_c, 4, 64, 71
2, 67200, Note_on_c, 4, 52, 75
2, 67200, Note_on_c, 4, 59, 101
2, 67200, Note_on_c, 0, 80, 83
2, 67200, Note_on_c, 0, 76, 108
2, 67392, Note_off_c, 4, 59, 64
2, 67392, Note_off_c, 4, 52, 64
2, 67392, Note_off_c, 4, 64, 64
2, 67392, Note_off_c, 4, 56, 64
2, 67440, Note_on_c, 4, 56, 80
2, 67440, Note_on_c, 4, 52, 77
2, 67440, Note_on_c, 4, 64, 75
2, 67440, Note_on_c, 4, 59, 101
2, 67584, Note_off_c, 0, 76, 64
2, 67584, Note_off_c, 0, 80, 64
2, 67632, Note_off_c, 4, 59, 64
2, 67632, Note_off_c, 4, 64, 64
2, 67632, Note_off_c, 4, 52, 64
2, 67632, Note_off_c, 4, 56, 64
2, 67680, Note_on_c, 4, 57, 101
2, 67680, Note_on_c, 4, 64, 94
2, 67680, Note_on_c, 0, 78, 83
2, 67680, Note_on_c, 0, 73, 95
2, 67776, Note_off_c, 0, 73, 64
2, 67776, Note_off_c, 0, 78, 64
2, 67800, Note_on_c, 0, 72, 113
2, 67800, Note_on_c, 0, 78, 83
2, 67872, Note_off_c, 4, 64, 64
2, 67872, Note_off_c, 4, 57, 64
2, 67896, Note_off_c, 0, 78, 64
2, 67896, Note_off_c, 0, 72, 64
2, 67920, Note_on_c, 4, 63, 87
2, 67920, Note_on_c, 4, 59, 104
2, 67920, Note_on_c, 0, 78, 68
2, 67920, Note_on_c, 0, 71, 97
2, 68112, Note_off_c, 0, 71, 64
2, 68112, Note_off_c, 0, 78, 64
2, 68112, Note_off_c, 4, 59, 64
2, 68112, Note_off_c, 4, 63, 64
2, 68160, Note_on_c, 4, 63, 80
2, 68160, Note_on_c, 4, 59, 104
2, 68160, Note_on_c, 0, 80, 76
2, 68160, Note_on_c, 0, 69, 101
2, 68352, Note_off_c, 0, 69, 64
2, 68352, Note_off_c, 0, 80, 64
2, 68352, Note_off_c, 4, 59, 64
2, 68352, Note_off_c, 4, 63, 64
2, 68400, Note_on_c, 4, 59, 91
2, 68400, Note_on_c, 4, 52, 108
2, 68400, Note_on_c, 4, 64, 94
2, 68400, Note_on_c, 0, 68, 80
2, 68400, Note_on_c, 0, 76, 83
2, 68592, Note_off_c, 4, 64, 64
2, 68592, Note_off_c, 4, 52, 64
2, 68592, Note_off_c, 4, 59, 64
2, 68640, Note_on_c, 4, 52, 97
2, 68640, Note_on_c, 4, 64, 94
2, 68640, Note_on_c, 4, 59, 108
2, 68784, Note_off_c, 0, 76, 64
2, 68784, Note_off_c, 0, 68, 64
2, 68832, Note_off_c, 4, 59, 64
2, 68832, Note_off_c, 4, 64, 64
2, 68832, Note_off_c, 4, 52, 64
2, 68880, Note_on_c, 4, 56, 83
2, 68880, Note_on_c, 4, 64, 86
2, 68880, Note_on_c, 0, 88, 83
2, 68880, Note_on_c, 0, 76, 91
2, 69072, Note_off_c, 0, 76, 64
2, 69072, Note_off_c, 0, 88, 64
2, 69072, Note_off_c, 4, 64, 64
2, 69072, Note_off_c, 4, 56, 64
2, 69120, Note_on_c, 0, 70, 80
2, 69120, Note_on_c, 0, 78, 73
2, 69120, Note_on_c, 4, 64, 83
2, 69120, Note_on_c, 4, 57, 108
2, 69216, Note_off_c, 0, 78, 64
2, 69216, Note_off_c, 0, 70, 64
2, 69240, Note_on_c, 0, 70, 87
2, 69240, Note_on_c, 0, 78, 83
2, 69312, Note_off_c, 4, 57, 64
2, 69312, Note_off_c, 4, 64, 64
2, 69336, Note_off_c, 0, 78, 64
2, 69336, Note_off_c, 0, 70, 64
2, 69360, Note_on_c, 0, 69, 101
2, 69360, Note_on_c, 0, 78, 80
2, 69360, Note_on_c, 4, 64, 88
2, 69360, Note_on_c, 4, 57, 101
2, 69552, Note_off_c, 4, 57, 64
2, 69552, Note_off_c, 4, 64, 64
2, 69552, Note_off_c, 0, 78, 64
2, 69552, Note_off_c, 0, 69, 64
2, 69600, Note_on_c, 4, 63, 91
2, 69600, Note_on_c, 4, 59, 108
2, 69600, Note_on_c, 0, 80, 83
2, 69600, Note_on_c, 1, 71, 97
2, 69696, Note_off_c, 1, 71, 64
2, 69720, Note_on_c, 1, 69, 101
2, 69792, Note_off_c, 0, 80, 64
2, 69792, Note_off_c, 4, 59, 64
2, 69792, Note_off_c, 4, 63, 64
2, 69816, Note_off_c, 1, 69, 64
2, 69840, Note_on_c, 4, 52, 108
2, 69840, Note_on_c, 4, 64, 94
2, 69840, Note_on_c, 4, 59, 113
2, 69840, Note_on_c, 0, 68, 83
2, 69840, Note_on_c, 0, 76, 108
2, 70032, Note_off_c, 0, 76, 64
2, 70032, Note_off_c, 0, 68, 64
2, 70032, Note_off_c, 4, 59, 64
2, 70032, Note_off_c, 4, 64, 64
2, 70032, Note_off_c, 4, 52, 64
2, 70080, Note_on_c, 4, 40, 97
2, 70080, Note_on_c, 4, 52, 97
2, 70080, Note_on_c, 0, 76, 113
2, 70080, Note_on_c, 0, 88, 94
2, 70272, Note_off_c, 0, 88, 64
2, 70272, Note_off_c, 0, 76, 64
2, 70272, Note_off_c, 4, 52, 64
2, 70272, Note_off_c, 4, 40, 64
2, 70272, End_track
0, 0, End_of_file
