0, 0, Header, 1, 3, 480
1, 0, Start_track
1, 0, Title_t, "Bach 3rd English Suite: 3. Courante"
1, 0, Time_signature, 3, 1, 48, 8
1, 0, Key_signature, -2, "major"
1, 0, Tempo, 300000
1, 43225, Tempo, 298507
1, 43441, Tempo, 300000
1, 43549, Tempo, 301508
1, 43657, Tempo, 303030
1, 43765, Tempo, 304569
1, 43873, Tempo, 306122
1, 43981, Tempo, 307692
1, 44089, Tempo, 309278
1, 44197, Tempo, 310881
1, 44305, Tempo, 312500
1, 44413, Tempo, 314136
1, 44521, Tempo, 315789
1, 44629, Tempo, 317460
1, 44845, Tempo, 319149
1, 44953, Tempo, 320856
1, 45061, Tempo, 322581
1, 45169, Tempo, 324324
1, 45721, Tempo, 348837
1, 45829, Tempo, 350877
1, 45849, Tempo, 340909
1, 45957, Tempo, 344828
1, 46065, Tempo, 348837
1, 46173, Tempo, 352941
1, 46281, Tempo, 357143
1, 46389, Tempo, 361446
1, 46497, Tempo, 365854
1, 46605, Tempo, 370370
1, 46713, Tempo, 375000
1, 46821, Tempo, 379747
1, 46929, Tempo, 384615
1, 47037, Tempo, 392157
1, 47145, Tempo, 397351
1, 47253, Tempo, 402685
1, 47361, Tempo, 408163
1, 47469, Tempo, 413793
1, 47577, Tempo, 419580
1, 47685, Tempo, 425532
1, 47773, Tempo, 413793
1, 47881, Tempo, 419580
1, 47989, Tempo, 422535
1, 48729, Tempo, 298507
1, 89305, Tempo, 298507
1, 89433, Tempo, 312500
1, 89541, Tempo, 314136
1, 89649, Tempo, 315789
1, 89757, Tempo, 319149
1, 89865, Tempo, 320856
1, 89973, Tempo, 322581
1, 90081, Tempo, 326087
1, 90189, Tempo, 327869
1, 90297, Tempo, 331492
1, 90405, Tempo, 333333
1, 90513, Tempo, 335196
1, 90621, Tempo, 338983
1, 90729, Tempo, 340909
1, 90837, Tempo, 344828
1, 90945, Tempo, 346821
1, 91053, Tempo, 348837
1, 91161, Tempo, 352941
1, 91269, Tempo, 355030
1, 91801, Tempo, 348837
1, 91865, Tempo, 365854
1, 91973, Tempo, 368098
1, 92081, Tempo, 372671
1, 92189, Tempo, 377358
1, 92297, Tempo, 382166
1, 92405, Tempo, 387097
1, 92513, Tempo, 392157
1, 92621, Tempo, 397351
1, 92729, Tempo, 402685
1, 92837, Tempo, 405405
1, 92945, Tempo, 410959
1, 93053, Tempo, 416667
1, 93161, Tempo, 422535
1, 93269, Tempo, 428571
1, 93377, Tempo, 434783
1, 93485, Tempo, 441176
1, 93593, Tempo, 447761
1, 93701, Tempo, 451128
1, 93809, Tempo, 458015
1, 93917, Tempo, 465116
1, 94025, Tempo, 472441
1, 94133, Tempo, 480000
1, 94809, Tempo, 298507
1, 135389, Tempo, 298507
1, 135497, Tempo, 300000
1, 135605, Tempo, 303030
1, 135713, Tempo, 306122
1, 135821, Tempo, 309278
1, 135929, Tempo, 312500
1, 136037, Tempo, 314136
1, 136145, Tempo, 317460
1, 136253, Tempo, 320856
1, 136361, Tempo, 324324
1, 136469, Tempo, 327869
1, 136577, Tempo, 329670
1, 136685, Tempo, 333333
1, 136793, Tempo, 337079
1, 136901, Tempo, 340909
1, 137009, Tempo, 344828
1, 137117, Tempo, 348837
1, 138205, Tempo, 357143
1, 138421, Tempo, 359281
1, 138529, Tempo, 361446
1, 138637, Tempo, 363636
1, 138745, Tempo, 365854
1, 138853, Tempo, 368098
1, 138961, Tempo, 370370
1, 139069, Tempo, 372671
1, 139177, Tempo, 375000
1, 139285, Tempo, 377358
1, 139393, Tempo, 379747
1, 139501, Tempo, 382166
1, 139609, Tempo, 384615
1, 139717, Tempo, 387097
1, 139825, Tempo, 389610
1, 139933, Tempo, 392157
1, 140765, Tempo, 304569
1, 181277, Tempo, 312500
1, 181341, Tempo, 304569
1, 181449, Tempo, 307692
1, 181557, Tempo, 310881
1, 181665, Tempo, 315789
1, 181773, Tempo, 319149
1, 181881, Tempo, 324324
1, 181989, Tempo, 327869
1, 182097, Tempo, 333333
1, 182205, Tempo, 337079
1, 182313, Tempo, 342857
1, 182421, Tempo, 346821
1, 182529, Tempo, 350877
1, 182637, Tempo, 357143
1, 182745, Tempo, 361446
1, 182853, Tempo, 368098
1, 182961, Tempo, 372671
1, 183069, Tempo, 379747
1, 183177, Tempo, 384615
1, 183285, Tempo, 392157
1, 183325, Tempo, 365854
1, 183541, Tempo, 368098
1, 183649, Tempo, 370370
1, 183757, Tempo, 372671
1, 183865, Tempo, 375000
1, 183973, Tempo, 377358
1, 184189, Tempo, 379747
1, 184297, Tempo, 382166
1, 184413, Tempo, 405405
1, 184521, Tempo, 408163
1, 184541, Tempo, 405405
1, 184649, Tempo, 413793
1, 184757, Tempo, 425532
1, 184865, Tempo, 437956
1, 184973, Tempo, 451128
1, 185081, Tempo, 465116
1, 185189, Tempo, 480000
1, 185297, Tempo, 495868
1, 185405, Tempo, 512821
1, 185513, Tempo, 530973
1, 185621, Tempo, 550459
1, 185729, Tempo, 571429
1, 185837, Tempo, 594059
1, 185945, Tempo, 618557
1, 185945, End_track
2, 0, Start_track
2, 0, Title_t, "Piano 1"
2, 0, Program_c, 0, 6
2, 0, Control_c, 0, 7, 115
2, 0, Control_c, 0, 10, 79
2, 0, Control_c, 0, 91, 127
2, 0, Control_c, 0, 121, 127
2, 2635, Note_on_c, 0, 62, 79
2, 2776, Note_on_c, 0, 62, 0
2, 2885, Note_on_c, 0, 62, 80
2, 3125, Note_on_c, 0, 60, 81
2, 3354, Note_on_c, 0, 60, 0
2, 3367, Note_on_c, 0, 58, 82
2, 3604, Note_on_c, 0, 58, 0
2, 3607, Note_on_c, 0, 57, 83
2, 3843, Note_on_c, 0, 57, 0
2, 3851, Note_on_c, 0, 58, 84
2, 4486, Note_on_c, 0, 62, 0
2, 4556, Note_on_c, 0, 62, 87
2, 4789, Note_on_c, 0, 58, 0
2, 4798, Note_on_c, 0, 62, 0
2, 4801, Note_on_c, 0, 67, 88
2, 5043, Note_on_c, 0, 69, 88
2, 5141, Note_on_c, 0, 67, 0
2, 5281, Note_on_c, 0, 66, 89
2, 5285, Note_on_c, 0, 69, 0
2, 5517, Note_on_c, 0, 67, 90
2, 5523, Note_on_c, 0, 66, 0
2, 5755, Note_on_c, 0, 69, 92
2, 5767, Note_on_c, 0, 67, 0
2, 5841, Control_c, 0, 64, 127
2, 5995, Note_on_c, 0, 63, 93
2, 6237, Note_on_c, 0, 62, 94
2, 6238, Note_on_c, 0, 63, 0
2, 6404, Control_c, 0, 64, 0
2, 6475, Note_on_c, 0, 60, 95
2, 6483, Note_on_c, 0, 62, 0
2, 6725, Note_on_c, 0, 62, 96
2, 6728, Note_on_c, 0, 60, 0
2, 6832, Note_on_c, 0, 69, 0
2, 7308, Note_on_c, 0, 62, 0
2, 7451, Note_on_c, 0, 62, 99
2, 7680, Note_on_c, 0, 62, 0
2, 7683, Note_on_c, 0, 69, 100
2, 7921, Note_on_c, 0, 70, 101
2, 7927, Note_on_c, 0, 69, 0
2, 8161, Note_on_c, 0, 67, 102
2, 8173, Note_on_c, 0, 70, 0
2, 8394, Note_on_c, 0, 67, 0
2, 8396, Note_on_c, 0, 69, 103
2, 8638, Note_on_c, 0, 70, 104
2, 8649, Note_on_c, 0, 69, 0
2, 8744, Control_c, 0, 64, 127
2, 8790, Control_c, 0, 64, 0
2, 8886, Note_on_c, 0, 69, 104
2, 9120, Note_on_c, 0, 69, 0
2, 9127, Note_on_c, 0, 67, 104
2, 9359, Note_on_c, 0, 67, 0
2, 9362, Note_on_c, 0, 66, 104
2, 9584, Note_on_c, 0, 70, 0
2, 9595, Note_on_c, 0, 66, 0
2, 9599, Note_on_c, 0, 67, 104
2, 9842, Note_on_c, 0, 67, 0
2, 9844, Note_on_c, 0, 62, 104
2, 10079, Note_on_c, 0, 63, 104
2, 10090, Note_on_c, 0, 62, 0
2, 10318, Note_on_c, 0, 70, 104
2, 10332, Note_on_c, 0, 63, 0
2, 10562, Note_on_c, 0, 69, 104
2, 10575, Note_on_c, 0, 70, 0
2, 10802, Note_on_c, 0, 72, 104
2, 10804, Note_on_c, 0, 69, 0
2, 11031, Note_on_c, 0, 72, 0
2, 11038, Note_on_c, 0, 66, 104
2, 11270, Note_on_c, 0, 67, 104
2, 11273, Note_on_c, 0, 66, 0
2, 11518, Note_on_c, 0, 67, 0
2, 11525, Note_on_c, 0, 66, 102
2, 11601, Note_on_c, 0, 67, 101
2, 11620, Note_on_c, 0, 66, 0
2, 11681, Note_on_c, 0, 66, 99
2, 11713, Note_on_c, 0, 67, 0
2, 12012, Note_on_c, 0, 64, 93
2, 12059, Note_on_c, 0, 66, 0
2, 12242, Note_on_c, 0, 64, 0
2, 12245, Note_on_c, 0, 62, 89
2, 12492, Note_on_c, 0, 74, 85
2, 12497, Note_on_c, 0, 62, 0
2, 13204, Note_on_c, 0, 75, 82
2, 13207, Note_on_c, 0, 74, 0
2, 13448, Note_on_c, 0, 74, 82
2, 13454, Note_on_c, 0, 75, 0
2, 13674, Note_on_c, 0, 74, 0
2, 13686, Note_on_c, 0, 72, 82
2, 13918, Note_on_c, 0, 72, 0
2, 13919, Note_on_c, 0, 70, 82
2, 14159, Note_on_c, 0, 69, 82
2, 14164, Note_on_c, 0, 70, 0
2, 14401, Note_on_c, 0, 70, 82
2, 14407, Note_on_c, 0, 69, 0
2, 14645, Note_on_c, 0, 69, 82
2, 14655, Note_on_c, 0, 70, 0
2, 14741, Control_c, 0, 64, 127
2, 14874, Note_on_c, 0, 69, 0
2, 14883, Note_on_c, 0, 67, 82
2, 15110, Control_c, 0, 64, 0
2, 15115, Note_on_c, 0, 69, 82
2, 15118, Note_on_c, 0, 67, 0
2, 15357, Note_on_c, 0, 70, 82
2, 15373, Note_on_c, 0, 69, 0
2, 15598, Note_on_c, 0, 70, 0
2, 15599, Note_on_c, 0, 72, 82
2, 15832, Note_on_c, 0, 74, 82
2, 15835, Note_on_c, 0, 72, 0
2, 16073, Note_on_c, 0, 75, 83
2, 16088, Note_on_c, 0, 74, 0
2, 16306, Note_on_c, 0, 75, 0
2, 16320, Note_on_c, 0, 77, 86
2, 16400, Note_on_c, 0, 75, 88
2, 16406, Note_on_c, 0, 77, 0
2, 16486, Note_on_c, 0, 75, 0
2, 16504, Note_on_c, 0, 77, 89
2, 16590, Note_on_c, 0, 77, 0
2, 16597, Note_on_c, 0, 75, 90
2, 16669, Note_on_c, 0, 77, 91
2, 16683, Note_on_c, 0, 75, 0
2, 16755, Note_on_c, 0, 77, 0
2, 16767, Note_on_c, 0, 75, 93
2, 16845, Note_on_c, 0, 77, 94
2, 16853, Note_on_c, 0, 75, 0
2, 16931, Note_on_c, 0, 77, 0
2, 16941, Note_on_c, 0, 75, 95
2, 17027, Note_on_c, 0, 75, 0
2, 17077, Note_on_c, 0, 74, 97
2, 17149, Note_on_c, 0, 75, 98
2, 17205, Note_on_c, 0, 74, 0
2, 17299, Note_on_c, 0, 77, 100
2, 17305, Note_on_c, 0, 75, 0
2, 18007, Note_on_c, 0, 77, 0
2, 18008, Note_on_c, 0, 75, 95
2, 18244, Note_on_c, 0, 74, 92
2, 18247, Note_on_c, 0, 75, 0
2, 18474, Note_on_c, 0, 74, 0
2, 18483, Note_on_c, 0, 72, 90
2, 18718, Note_on_c, 0, 70, 88
2, 18724, Note_on_c, 0, 72, 0
2, 18954, Note_on_c, 0, 69, 87
2, 18961, Note_on_c, 0, 70, 0
2, 19198, Note_on_c, 0, 70, 85
2, 19210, Note_on_c, 0, 69, 0
2, 19441, Note_on_c, 0, 72, 84
2, 19452, Note_on_c, 0, 70, 0
2, 19678, Note_on_c, 0, 65, 83
2, 19684, Note_on_c, 0, 72, 0
2, 19917, Note_on_c, 0, 68, 81
2, 19922, Note_on_c, 0, 65, 0
2, 20159, Note_on_c, 0, 67, 80
2, 20164, Note_on_c, 0, 68, 0
2, 20396, Note_on_c, 0, 67, 0
2, 20643, Note_on_c, 0, 79, 106
2, 21358, Note_on_c, 0, 77, 83
2, 21374, Note_on_c, 0, 79, 0
2, 21597, Note_on_c, 0, 75, 82
2, 21607, Note_on_c, 0, 77, 0
2, 21836, Note_on_c, 0, 74, 82
2, 21845, Note_on_c, 0, 75, 0
2, 22075, Note_on_c, 0, 72, 81
2, 22077, Note_on_c, 0, 74, 0
2, 22310, Note_on_c, 0, 74, 80
2, 22318, Note_on_c, 0, 72, 0
2, 22550, Note_on_c, 0, 75, 79
2, 22564, Note_on_c, 0, 74, 0
2, 22783, Note_on_c, 0, 70, 78
2, 22793, Note_on_c, 0, 75, 0
2, 23026, Note_on_c, 0, 69, 77
2, 23045, Note_on_c, 0, 70, 0
2, 23276, Note_on_c, 0, 72, 80
2, 23299, Note_on_c, 0, 69, 0
2, 23520, Note_on_c, 0, 74, 82
2, 23522, Note_on_c, 0, 72, 0
2, 23758, Note_on_c, 0, 75, 84
2, 23763, Note_on_c, 0, 74, 0
2, 24002, Note_on_c, 0, 77, 86
2, 24009, Note_on_c, 0, 75, 0
2, 24238, Note_on_c, 0, 77, 0
2, 24238, Note_on_c, 0, 75, 88
2, 24479, Note_on_c, 0, 77, 91
2, 24490, Note_on_c, 0, 75, 0
2, 24720, Note_on_c, 0, 79, 93
2, 24725, Note_on_c, 0, 77, 0
2, 24957, Note_on_c, 0, 77, 95
2, 24961, Note_on_c, 0, 79, 0
2, 25197, Note_on_c, 0, 75, 95
2, 25215, Note_on_c, 0, 77, 0
2, 25431, Note_on_c, 0, 74, 93
2, 25441, Note_on_c, 0, 75, 0
2, 25668, Note_on_c, 0, 72, 91
2, 25682, Note_on_c, 0, 74, 0
2, 25911, Note_on_c, 0, 74, 90
2, 25915, Note_on_c, 0, 72, 0
2, 25981, Control_c, 0, 64, 127
2, 26167, Note_on_c, 0, 74, 0
2, 26189, Control_c, 0, 64, 0
2, 26398, Note_on_c, 0, 70, 94
2, 26643, Note_on_c, 0, 70, 0
2, 26868, Note_on_c, 0, 74, 105
2, 26939, Control_c, 0, 64, 127
2, 26969, Note_on_c, 0, 79, 107
2, 27009, Note_on_c, 0, 81, 108
2, 27092, Note_on_c, 0, 82, 110
2, 27139, Note_on_c, 0, 81, 0
2, 27539, Control_c, 0, 64, 0
2, 27592, Note_on_c, 0, 81, 113
2, 27726, Note_on_c, 0, 74, 0
2, 27753, Note_on_c, 0, 82, 0
2, 27807, Note_on_c, 0, 79, 0
2, 27832, Note_on_c, 0, 81, 0
2, 27846, Note_on_c, 0, 79, 113
2, 28075, Note_on_c, 0, 81, 113
2, 28088, Note_on_c, 0, 79, 0
2, 28325, Note_on_c, 0, 82, 113
2, 28327, Note_on_c, 0, 81, 0
2, 28553, Note_on_c, 0, 82, 0
2, 28561, Note_on_c, 0, 77, 113
2, 28792, Note_on_c, 0, 77, 0
2, 28798, Note_on_c, 0, 75, 113
2, 28879, Note_on_c, 0, 75, 0
2, 28910, Note_on_c, 0, 77, 113
2, 28974, Note_on_c, 0, 75, 113
2, 28991, Note_on_c, 0, 77, 0
2, 29521, Note_on_c, 0, 74, 113
2, 29624, Note_on_c, 0, 75, 0
2, 29752, Note_on_c, 0, 74, 0
2, 29757, Note_on_c, 0, 72, 113
2, 29998, Note_on_c, 0, 74, 113
2, 30007, Note_on_c, 0, 72, 0
2, 30242, Note_on_c, 0, 75, 111
2, 30251, Note_on_c, 0, 74, 0
2, 30471, Note_on_c, 0, 75, 0
2, 30474, Note_on_c, 0, 70, 108
2, 30714, Note_on_c, 0, 69, 106
2, 30730, Note_on_c, 0, 70, 0
2, 30952, Note_on_c, 0, 70, 104
2, 30969, Note_on_c, 0, 69, 0
2, 31197, Note_on_c, 0, 72, 101
2, 31211, Note_on_c, 0, 70, 0
2, 31436, Note_on_c, 0, 67, 99
2, 31443, Note_on_c, 0, 72, 0
2, 31678, Note_on_c, 0, 66, 96
2, 31683, Note_on_c, 0, 67, 0
2, 31919, Note_on_c, 0, 67, 94
2, 31935, Note_on_c, 0, 66, 0
2, 31959, Control_c, 0, 64, 127
2, 32143, Note_on_c, 0, 67, 0
2, 32155, Note_on_c, 0, 69, 92
2, 32185, Control_c, 0, 64, 0
2, 32401, Note_on_c, 0, 63, 89
2, 32409, Note_on_c, 0, 69, 0
2, 32643, Note_on_c, 0, 63, 0
2, 32646, Note_on_c, 0, 62, 87
2, 32883, Note_on_c, 0, 64, 85
2, 32888, Note_on_c, 0, 62, 0
2, 33128, Note_on_c, 0, 66, 82
2, 33131, Note_on_c, 0, 64, 0
2, 33366, Note_on_c, 0, 66, 0
2, 33597, Note_on_c, 0, 67, 78
2, 34074, Note_on_c, 0, 67, 0
2, 34086, Note_on_c, 0, 70, 83
2, 34314, Note_on_c, 0, 70, 0
2, 34316, Note_on_c, 0, 69, 79
2, 34561, Note_on_c, 0, 70, 82
2, 34571, Note_on_c, 0, 69, 0
2, 34818, Note_on_c, 0, 70, 0
2, 35044, Note_on_c, 0, 67, 88
2, 35289, Note_on_c, 0, 67, 0
2, 35528, Note_on_c, 0, 79, 94
2, 36235, Note_on_c, 0, 80, 101
2, 36239, Note_on_c, 0, 79, 0
2, 36480, Note_on_c, 0, 79, 103
2, 36495, Note_on_c, 0, 80, 0
2, 36714, Note_on_c, 0, 79, 0
2, 36718, Note_on_c, 0, 77, 99
2, 36951, Note_on_c, 0, 75, 99
2, 36961, Note_on_c, 0, 77, 0
2, 37194, Note_on_c, 0, 74, 99
2, 37209, Note_on_c, 0, 75, 0
2, 37436, Note_on_c, 0, 75, 99
2, 37449, Note_on_c, 0, 74, 0
2, 37673, Note_on_c, 0, 74, 102
2, 37683, Control_c, 0, 64, 127
2, 37913, Note_on_c, 0, 72, 104
2, 37922, Note_on_c, 0, 74, 0
2, 38152, Note_on_c, 0, 70, 106
2, 38162, Note_on_c, 0, 72, 0
2, 38196, Control_c, 0, 64, 0
2, 38401, Note_on_c, 0, 72, 109
2, 38407, Note_on_c, 0, 70, 0
2, 38623, Note_on_c, 0, 75, 0
2, 38654, Note_on_c, 0, 72, 0
2, 38881, Note_on_c, 0, 75, 114
2, 38883, Note_on_c, 0, 79, 114
2, 38905, Control_c, 0, 64, 127
2, 38999, Control_c, 0, 64, 0
2, 39137, Note_on_c, 0, 75, 0
2, 39138, Note_on_c, 0, 79, 0
2, 39352, Note_on_c, 0, 74, 118
2, 39362, Note_on_c, 0, 81, 119
2, 39367, Control_c, 0, 64, 127
2, 39601, Note_on_c, 0, 72, 113
2, 39609, Note_on_c, 0, 74, 0
2, 39841, Note_on_c, 0, 70, 115
2, 39844, Note_on_c, 0, 72, 0
2, 39878, Control_c, 0, 64, 0
2, 40080, Note_on_c, 0, 69, 116
2, 40091, Note_on_c, 0, 70, 0
2, 40295, Control_c, 0, 64, 127
2, 40321, Note_on_c, 0, 70, 118
2, 40328, Note_on_c, 0, 69, 0
2, 40583, Control_c, 0, 64, 0
2, 40799, Note_on_c, 0, 79, 117
2, 40808, Note_on_c, 0, 81, 0
2, 41039, Note_on_c, 0, 77, 118
2, 41046, Note_on_c, 0, 79, 0
2, 41288, Note_on_c, 0, 79, 91
2, 41382, Note_on_c, 0, 77, 0
2, 41770, Note_on_c, 0, 69, 111
2, 41776, Note_on_c, 0, 70, 0
2, 42005, Note_on_c, 0, 69, 0
2, 42007, Note_on_c, 0, 67, 108
2, 42247, Note_on_c, 0, 73, 104
2, 42252, Note_on_c, 0, 67, 0
2, 42476, Note_on_c, 0, 73, 0
2, 42478, Note_on_c, 0, 74, 101
2, 42712, Note_on_c, 0, 74, 0
2, 42731, Note_on_c, 0, 76, 98
2, 42955, Note_on_c, 0, 76, 0
2, 42961, Note_on_c, 0, 70, 94
2, 43207, Note_on_c, 0, 69, 91
2, 43210, Note_on_c, 0, 70, 0
2, 43295, Control_c, 0, 64, 127
2, 43788, Control_c, 0, 64, 0
2, 43902, Note_on_c, 0, 79, 0
2, 43904, Note_on_c, 0, 81, 84
2, 44095, Note_on_c, 0, 77, 83
2, 44152, Note_on_c, 0, 81, 0
2, 44153, Note_on_c, 0, 79, 83
2, 44166, Control_c, 0, 64, 127
2, 44194, Note_on_c, 0, 77, 0
2, 44252, Note_on_c, 0, 77, 82
2, 44291, Note_on_c, 0, 79, 0
2, 44435, Control_c, 0, 64, 0
2, 44689, Control_c, 0, 64, 127
2, 44888, Note_on_c, 0, 77, 0
2, 44902, Control_c, 0, 64, 0
2, 44903, Note_on_c, 0, 76, 78
2, 45108, Note_on_c, 0, 76, 0
2, 45112, Note_on_c, 0, 69, 0
2, 45142, Note_on_c, 0, 77, 77
2, 45177, Note_on_c, 0, 73, 76
2, 45201, Control_c, 0, 64, 127
2, 45258, Note_on_c, 0, 76, 76
2, 45286, Note_on_c, 0, 77, 0
2, 45359, Note_on_c, 0, 76, 0
2, 45365, Note_on_c, 0, 77, 75
2, 45439, Note_on_c, 0, 77, 0
2, 45439, Note_on_c, 0, 76, 75
2, 45540, Control_c, 0, 64, 0
2, 45557, Note_on_c, 0, 76, 0
2, 45572, Note_on_c, 0, 77, 74
2, 45613, Note_on_c, 0, 77, 0
2, 45635, Note_on_c, 0, 76, 73
2, 45774, Note_on_c, 0, 76, 0
2, 45822, Note_on_c, 0, 74, 72
2, 45990, Note_on_c, 0, 73, 0
2, 46056, Note_on_c, 0, 74, 0
2, 46095, Note_on_c, 0, 74, 71
2, 46574, Control_c, 0, 64, 127
2, 46848, Control_c, 0, 64, 0
2, 47509, Note_on_c, 0, 66, 66
2, 47510, Note_on_c, 0, 69, 66
2, 47677, Control_c, 0, 64, 127
2, 48430, Control_c, 0, 64, 0
2, 48469, Note_on_c, 0, 66, 0
2, 48470, Note_on_c, 0, 69, 0
2, 48479, Note_on_c, 0, 74, 0
2, 48715, Note_on_c, 0, 62, 74
2, 48856, Note_on_c, 0, 62, 0
2, 48965, Note_on_c, 0, 62, 75
2, 49205, Note_on_c, 0, 60, 76
2, 49434, Note_on_c, 0, 60, 0
2, 49447, Note_on_c, 0, 58, 77
2, 49684, Note_on_c, 0, 58, 0
2, 49687, Note_on_c, 0, 57, 78
2, 49923, Note_on_c, 0, 57, 0
2, 49931, Note_on_c, 0, 58, 79
2, 50566, Note_on_c, 0, 62, 0
2, 50636, Note_on_c, 0, 62, 82
2, 50869, Note_on_c, 0, 58, 0
2, 50878, Note_on_c, 0, 62, 0
2, 50881, Note_on_c, 0, 67, 83
2, 51123, Note_on_c, 0, 69, 83
2, 51221, Note_on_c, 0, 67, 0
2, 51361, Note_on_c, 0, 66, 83
2, 51365, Note_on_c, 0, 69, 0
2, 51597, Note_on_c, 0, 67, 84
2, 51603, Note_on_c, 0, 66, 0
2, 51835, Note_on_c, 0, 69, 86
2, 51847, Note_on_c, 0, 67, 0
2, 52007, Control_c, 0, 64, 127
2, 52075, Note_on_c, 0, 63, 87
2, 52317, Note_on_c, 0, 62, 88
2, 52318, Note_on_c, 0, 63, 0
2, 52522, Control_c, 0, 64, 0
2, 52555, Note_on_c, 0, 60, 89
2, 52563, Note_on_c, 0, 62, 0
2, 52805, Note_on_c, 0, 62, 90
2, 52808, Note_on_c, 0, 60, 0
2, 52912, Note_on_c, 0, 69, 0
2, 53388, Note_on_c, 0, 62, 0
2, 53531, Note_on_c, 0, 62, 93
2, 53760, Note_on_c, 0, 62, 0
2, 53763, Note_on_c, 0, 69, 94
2, 54001, Note_on_c, 0, 70, 95
2, 54007, Note_on_c, 0, 69, 0
2, 54241, Note_on_c, 0, 67, 96
2, 54253, Note_on_c, 0, 70, 0
2, 54474, Note_on_c, 0, 67, 0
2, 54476, Note_on_c, 0, 69, 97
2, 54718, Note_on_c, 0, 70, 98
2, 54729, Note_on_c, 0, 69, 0
2, 54966, Note_on_c, 0, 69, 98
2, 55200, Note_on_c, 0, 69, 0
2, 55207, Note_on_c, 0, 67, 98
2, 55439, Note_on_c, 0, 67, 0
2, 55442, Note_on_c, 0, 66, 98
2, 55664, Note_on_c, 0, 70, 0
2, 55675, Note_on_c, 0, 66, 0
2, 55679, Note_on_c, 0, 67, 98
2, 55922, Note_on_c, 0, 67, 0
2, 55924, Note_on_c, 0, 62, 98
2, 56159, Note_on_c, 0, 63, 98
2, 56170, Note_on_c, 0, 62, 0
2, 56398, Note_on_c, 0, 70, 98
2, 56412, Note_on_c, 0, 63, 0
2, 56642, Note_on_c, 0, 69, 98
2, 56655, Note_on_c, 0, 70, 0
2, 56882, Note_on_c, 0, 72, 98
2, 56884, Note_on_c, 0, 69, 0
2, 57111, Note_on_c, 0, 72, 0
2, 57118, Note_on_c, 0, 66, 98
2, 57350, Note_on_c, 0, 67, 98
2, 57353, Note_on_c, 0, 66, 0
2, 57598, Note_on_c, 0, 67, 0
2, 57605, Note_on_c, 0, 66, 96
2, 57664, Control_c, 0, 64, 127
2, 57681, Note_on_c, 0, 67, 95
2, 57700, Note_on_c, 0, 66, 0
2, 57761, Note_on_c, 0, 66, 94
2, 57793, Note_on_c, 0, 67, 0
2, 57938, Control_c, 0, 64, 0
2, 58092, Note_on_c, 0, 64, 88
2, 58139, Note_on_c, 0, 66, 0
2, 58322, Note_on_c, 0, 64, 0
2, 58325, Note_on_c, 0, 62, 84
2, 58572, Note_on_c, 0, 74, 81
2, 58577, Note_on_c, 0, 62, 0
2, 59284, Note_on_c, 0, 75, 79
2, 59287, Note_on_c, 0, 74, 0
2, 59528, Note_on_c, 0, 74, 79
2, 59534, Note_on_c, 0, 75, 0
2, 59754, Note_on_c, 0, 74, 0
2, 59766, Note_on_c, 0, 72, 79
2, 59998, Note_on_c, 0, 72, 0
2, 59999, Note_on_c, 0, 70, 79
2, 60239, Note_on_c, 0, 69, 79
2, 60244, Note_on_c, 0, 70, 0
2, 60481, Note_on_c, 0, 70, 79
2, 60487, Note_on_c, 0, 69, 0
2, 60610, Control_c, 0, 64, 127
2, 60725, Note_on_c, 0, 69, 79
2, 60735, Note_on_c, 0, 70, 0
2, 60954, Note_on_c, 0, 69, 0
2, 60963, Note_on_c, 0, 67, 79
2, 61195, Note_on_c, 0, 69, 79
2, 61198, Note_on_c, 0, 67, 0
2, 61321, Control_c, 0, 64, 0
2, 61437, Note_on_c, 0, 70, 79
2, 61453, Note_on_c, 0, 69, 0
2, 61678, Note_on_c, 0, 70, 0
2, 61679, Note_on_c, 0, 72, 79
2, 61912, Note_on_c, 0, 74, 79
2, 61915, Note_on_c, 0, 72, 0
2, 62153, Note_on_c, 0, 75, 80
2, 62168, Note_on_c, 0, 74, 0
2, 62386, Note_on_c, 0, 75, 0
2, 62400, Note_on_c, 0, 77, 82
2, 62480, Note_on_c, 0, 75, 84
2, 62486, Note_on_c, 0, 77, 0
2, 62566, Note_on_c, 0, 75, 0
2, 62584, Note_on_c, 0, 77, 85
2, 62670, Note_on_c, 0, 77, 0
2, 62677, Note_on_c, 0, 75, 86
2, 62749, Note_on_c, 0, 77, 87
2, 62763, Note_on_c, 0, 75, 0
2, 62835, Note_on_c, 0, 77, 0
2, 62847, Note_on_c, 0, 75, 89
2, 62925, Note_on_c, 0, 77, 90
2, 62933, Note_on_c, 0, 75, 0
2, 63011, Note_on_c, 0, 77, 0
2, 63021, Note_on_c, 0, 75, 91
2, 63107, Note_on_c, 0, 75, 0
2, 63157, Note_on_c, 0, 74, 93
2, 63229, Note_on_c, 0, 75, 95
2, 63285, Note_on_c, 0, 74, 0
2, 63379, Note_on_c, 0, 77, 96
2, 63385, Note_on_c, 0, 75, 0
2, 64087, Note_on_c, 0, 77, 0
2, 64088, Note_on_c, 0, 75, 92
2, 64324, Note_on_c, 0, 74, 89
2, 64327, Note_on_c, 0, 75, 0
2, 64554, Note_on_c, 0, 74, 0
2, 64563, Note_on_c, 0, 72, 87
2, 64798, Note_on_c, 0, 70, 85
2, 64804, Note_on_c, 0, 72, 0
2, 65034, Note_on_c, 0, 69, 84
2, 65041, Note_on_c, 0, 70, 0
2, 65278, Note_on_c, 0, 70, 82
2, 65290, Note_on_c, 0, 69, 0
2, 65521, Note_on_c, 0, 72, 81
2, 65532, Note_on_c, 0, 70, 0
2, 65758, Note_on_c, 0, 65, 80
2, 65764, Note_on_c, 0, 72, 0
2, 65997, Note_on_c, 0, 68, 78
2, 66002, Note_on_c, 0, 65, 0
2, 66239, Note_on_c, 0, 67, 77
2, 66244, Note_on_c, 0, 68, 0
2, 66476, Note_on_c, 0, 67, 0
2, 66723, Note_on_c, 0, 79, 102
2, 67438, Note_on_c, 0, 77, 80
2, 67454, Note_on_c, 0, 79, 0
2, 67677, Note_on_c, 0, 75, 79
2, 67687, Note_on_c, 0, 77, 0
2, 67916, Note_on_c, 0, 74, 79
2, 67925, Note_on_c, 0, 75, 0
2, 68155, Note_on_c, 0, 72, 79
2, 68157, Note_on_c, 0, 74, 0
2, 68390, Note_on_c, 0, 74, 78
2, 68398, Note_on_c, 0, 72, 0
2, 68630, Note_on_c, 0, 75, 77
2, 68644, Note_on_c, 0, 74, 0
2, 68863, Note_on_c, 0, 70, 76
2, 68873, Note_on_c, 0, 75, 0
2, 69106, Note_on_c, 0, 69, 75
2, 69125, Note_on_c, 0, 70, 0
2, 69356, Note_on_c, 0, 72, 78
2, 69379, Note_on_c, 0, 69, 0
2, 69600, Note_on_c, 0, 74, 80
2, 69602, Note_on_c, 0, 72, 0
2, 69838, Note_on_c, 0, 75, 82
2, 69843, Note_on_c, 0, 74, 0
2, 70082, Note_on_c, 0, 77, 84
2, 70089, Note_on_c, 0, 75, 0
2, 70318, Note_on_c, 0, 77, 0
2, 70318, Note_on_c, 0, 75, 86
2, 70559, Note_on_c, 0, 77, 89
2, 70570, Note_on_c, 0, 75, 0
2, 70800, Note_on_c, 0, 79, 91
2, 70805, Note_on_c, 0, 77, 0
2, 71037, Note_on_c, 0, 77, 93
2, 71041, Note_on_c, 0, 79, 0
2, 71277, Note_on_c, 0, 75, 93
2, 71295, Note_on_c, 0, 77, 0
2, 71511, Note_on_c, 0, 74, 91
2, 71521, Note_on_c, 0, 75, 0
2, 71748, Note_on_c, 0, 72, 89
2, 71762, Note_on_c, 0, 74, 0
2, 71991, Note_on_c, 0, 74, 88
2, 71995, Note_on_c, 0, 72, 0
2, 72247, Note_on_c, 0, 74, 0
2, 72274, Control_c, 0, 64, 127
2, 72478, Note_on_c, 0, 70, 92
2, 72517, Control_c, 0, 64, 0
2, 72723, Note_on_c, 0, 70, 0
2, 72948, Note_on_c, 0, 74, 105
2, 73049, Note_on_c, 0, 79, 107
2, 73089, Note_on_c, 0, 81, 108
2, 73172, Note_on_c, 0, 82, 110
2, 73219, Note_on_c, 0, 81, 0
2, 73672, Note_on_c, 0, 81, 113
2, 73806, Note_on_c, 0, 74, 0
2, 73833, Note_on_c, 0, 82, 0
2, 73887, Note_on_c, 0, 79, 0
2, 73912, Note_on_c, 0, 81, 0
2, 73926, Note_on_c, 0, 79, 113
2, 74155, Note_on_c, 0, 81, 113
2, 74168, Note_on_c, 0, 79, 0
2, 74405, Note_on_c, 0, 82, 113
2, 74407, Note_on_c, 0, 81, 0
2, 74633, Note_on_c, 0, 82, 0
2, 74641, Note_on_c, 0, 77, 113
2, 74872, Note_on_c, 0, 77, 0
2, 74878, Note_on_c, 0, 75, 113
2, 74959, Note_on_c, 0, 75, 0
2, 74990, Note_on_c, 0, 77, 113
2, 75054, Note_on_c, 0, 75, 113
2, 75071, Note_on_c, 0, 77, 0
2, 75601, Note_on_c, 0, 74, 113
2, 75704, Note_on_c, 0, 75, 0
2, 75832, Note_on_c, 0, 74, 0
2, 75837, Note_on_c, 0, 72, 113
2, 76078, Note_on_c, 0, 74, 113
2, 76087, Note_on_c, 0, 72, 0
2, 76322, Note_on_c, 0, 75, 111
2, 76331, Note_on_c, 0, 74, 0
2, 76551, Note_on_c, 0, 75, 0
2, 76554, Note_on_c, 0, 70, 108
2, 76794, Note_on_c, 0, 69, 106
2, 76810, Note_on_c, 0, 70, 0
2, 77032, Note_on_c, 0, 70, 104
2, 77049, Note_on_c, 0, 69, 0
2, 77277, Note_on_c, 0, 72, 101
2, 77291, Note_on_c, 0, 70, 0
2, 77516, Note_on_c, 0, 67, 99
2, 77523, Note_on_c, 0, 72, 0
2, 77758, Note_on_c, 0, 66, 96
2, 77763, Note_on_c, 0, 67, 0
2, 77931, Control_c, 0, 64, 127
2, 77999, Note_on_c, 0, 67, 94
2, 78015, Note_on_c, 0, 66, 0
2, 78223, Note_on_c, 0, 67, 0
2, 78235, Note_on_c, 0, 69, 92
2, 78383, Control_c, 0, 64, 0
2, 78481, Note_on_c, 0, 63, 89
2, 78489, Note_on_c, 0, 69, 0
2, 78723, Note_on_c, 0, 63, 0
2, 78726, Note_on_c, 0, 62, 87
2, 78963, Note_on_c, 0, 64, 85
2, 78968, Note_on_c, 0, 62, 0
2, 79208, Note_on_c, 0, 66, 82
2, 79211, Note_on_c, 0, 64, 0
2, 79446, Note_on_c, 0, 66, 0
2, 79677, Note_on_c, 0, 67, 78
2, 80154, Note_on_c, 0, 67, 0
2, 80166, Note_on_c, 0, 70, 83
2, 80394, Note_on_c, 0, 70, 0
2, 80396, Note_on_c, 0, 69, 79
2, 80641, Note_on_c, 0, 70, 82
2, 80651, Note_on_c, 0, 69, 0
2, 80898, Note_on_c, 0, 70, 0
2, 81124, Note_on_c, 0, 67, 89
2, 81369, Note_on_c, 0, 67, 0
2, 81608, Note_on_c, 0, 79, 96
2, 82315, Note_on_c, 0, 80, 105
2, 82319, Note_on_c, 0, 79, 0
2, 82560, Note_on_c, 0, 79, 107
2, 82575, Note_on_c, 0, 80, 0
2, 82794, Note_on_c, 0, 79, 0
2, 82798, Note_on_c, 0, 77, 104
2, 83031, Note_on_c, 0, 75, 104
2, 83041, Note_on_c, 0, 77, 0
2, 83274, Note_on_c, 0, 74, 105
2, 83289, Note_on_c, 0, 75, 0
2, 83516, Note_on_c, 0, 75, 105
2, 83529, Note_on_c, 0, 74, 0
2, 83705, Control_c, 0, 64, 127
2, 83753, Note_on_c, 0, 74, 109
2, 83993, Note_on_c, 0, 72, 111
2, 84002, Note_on_c, 0, 74, 0
2, 84232, Note_on_c, 0, 70, 113
2, 84242, Note_on_c, 0, 72, 0
2, 84281, Control_c, 0, 64, 0
2, 84481, Note_on_c, 0, 72, 118
2, 84487, Note_on_c, 0, 70, 0
2, 84703, Note_on_c, 0, 75, 0
2, 84734, Note_on_c, 0, 72, 0
2, 84961, Note_on_c, 0, 75, 125
2, 84963, Note_on_c, 0, 79, 125
2, 85217, Note_on_c, 0, 75, 0
2, 85218, Note_on_c, 0, 79, 0
2, 85432, Note_on_c, 0, 74, 127
2, 85442, Note_on_c, 0, 81, 127
2, 85681, Note_on_c, 0, 72, 125
2, 85689, Note_on_c, 0, 74, 0
2, 85921, Note_on_c, 0, 70, 127
2, 85924, Note_on_c, 0, 72, 0
2, 86160, Note_on_c, 0, 69, 127
2, 86171, Note_on_c, 0, 70, 0
2, 86401, Note_on_c, 0, 70, 127
2, 86408, Note_on_c, 0, 69, 0
2, 86879, Note_on_c, 0, 79, 127
2, 86888, Note_on_c, 0, 81, 0
2, 87119, Note_on_c, 0, 77, 127
2, 87126, Note_on_c, 0, 79, 0
2, 87368, Note_on_c, 0, 79, 102
2, 87462, Note_on_c, 0, 77, 0
2, 87850, Note_on_c, 0, 69, 125
2, 87856, Note_on_c, 0, 70, 0
2, 88085, Note_on_c, 0, 69, 0
2, 88087, Note_on_c, 0, 67, 121
2, 88327, Note_on_c, 0, 73, 115
2, 88332, Note_on_c, 0, 67, 0
2, 88556, Note_on_c, 0, 73, 0
2, 88558, Note_on_c, 0, 74, 112
2, 88792, Note_on_c, 0, 74, 0
2, 88811, Note_on_c, 0, 76, 107
2, 89035, Note_on_c, 0, 76, 0
2, 89041, Note_on_c, 0, 70, 103
2, 89287, Note_on_c, 0, 69, 98
2, 89290, Note_on_c, 0, 70, 0
2, 89982, Note_on_c, 0, 79, 0
2, 89984, Note_on_c, 0, 81, 90
2, 90175, Note_on_c, 0, 77, 88
2, 90232, Note_on_c, 0, 81, 0
2, 90233, Note_on_c, 0, 79, 88
2, 90274, Note_on_c, 0, 77, 0
2, 90332, Note_on_c, 0, 77, 87
2, 90371, Note_on_c, 0, 79, 0
2, 90401, Control_c, 0, 64, 127
2, 90737, Control_c, 0, 64, 0
2, 90968, Note_on_c, 0, 77, 0
2, 90983, Note_on_c, 0, 76, 82
2, 91167, Control_c, 0, 64, 127
2, 91188, Note_on_c, 0, 76, 0
2, 91192, Note_on_c, 0, 69, 0
2, 91222, Note_on_c, 0, 77, 80
2, 91257, Note_on_c, 0, 73, 79
2, 91338, Note_on_c, 0, 76, 79
2, 91366, Note_on_c, 0, 77, 0
2, 91439, Note_on_c, 0, 76, 0
2, 91445, Note_on_c, 0, 77, 78
2, 91519, Note_on_c, 0, 77, 0
2, 91519, Note_on_c, 0, 76, 77
2, 91601, Control_c, 0, 64, 0
2, 91637, Note_on_c, 0, 76, 0
2, 91652, Note_on_c, 0, 77, 76
2, 91693, Note_on_c, 0, 77, 0
2, 91715, Note_on_c, 0, 76, 75
2, 91854, Note_on_c, 0, 76, 0
2, 91902, Note_on_c, 0, 74, 74
2, 92070, Note_on_c, 0, 73, 0
2, 92136, Note_on_c, 0, 74, 0
2, 92156, Control_c, 0, 64, 127
2, 92175, Note_on_c, 0, 74, 72
2, 92408, Control_c, 0, 64, 0
2, 92553, Control_c, 0, 64, 127
2, 93488, Control_c, 0, 64, 0
2, 93589, Note_on_c, 0, 66, 66
2, 93590, Note_on_c, 0, 69, 66
2, 93664, Control_c, 0, 64, 127
2, 94549, Note_on_c, 0, 66, 0
2, 94550, Note_on_c, 0, 69, 0
2, 94550, Control_c, 0, 64, 0
2, 94559, Note_on_c, 0, 74, 0
2, 94783, Note_on_c, 0, 81, 80
2, 95022, Note_on_c, 0, 81, 0
2, 95057, Note_on_c, 0, 81, 80
2, 95180, Control_c, 0, 64, 127
2, 95284, Note_on_c, 0, 79, 80
2, 95512, Note_on_c, 0, 79, 0
2, 95526, Note_on_c, 0, 78, 80
2, 95712, Control_c, 0, 64, 0
2, 95756, Note_on_c, 0, 78, 0
2, 95758, Note_on_c, 0, 76, 80
2, 95999, Note_on_c, 0, 76, 0
2, 96001, Note_on_c, 0, 78, 80
2, 96017, Note_on_c, 0, 81, 0
2, 96257, Note_on_c, 0, 78, 0
2, 96476, Note_on_c, 0, 74, 80
2, 96478, Note_on_c, 0, 78, 80
2, 96727, Note_on_c, 0, 74, 0
2, 96729, Note_on_c, 0, 78, 0
2, 96955, Note_on_c, 0, 79, 80
2, 96960, Note_on_c, 0, 74, 80
2, 97673, Note_on_c, 0, 81, 80
2, 97683, Note_on_c, 0, 79, 0
2, 97918, Note_on_c, 0, 82, 80
2, 97931, Note_on_c, 0, 81, 0
2, 98647, Note_on_c, 0, 81, 80
2, 98659, Note_on_c, 0, 82, 0
2, 98781, Note_on_c, 0, 74, 0
2, 98886, Note_on_c, 0, 81, 0
2, 98887, Note_on_c, 0, 79, 80
2, 99119, Note_on_c, 0, 79, 0
2, 99123, Note_on_c, 0, 81, 80
2, 99358, Note_on_c, 0, 82, 80
2, 99367, Note_on_c, 0, 81, 0
2, 99599, Note_on_c, 0, 82, 0
2, 99599, Note_on_c, 0, 77, 80
2, 99821, Note_on_c, 0, 77, 0
2, 99842, Note_on_c, 0, 77, 80
2, 100081, Note_on_c, 0, 76, 80
2, 100089, Note_on_c, 0, 77, 0
2, 100321, Note_on_c, 0, 74, 80
2, 100329, Note_on_c, 0, 76, 0
2, 100551, Note_on_c, 0, 74, 0
2, 100558, Note_on_c, 0, 72, 80
2, 100802, Note_on_c, 0, 84, 80
2, 100806, Note_on_c, 0, 72, 0
2, 100998, Control_c, 0, 64, 127
2, 101252, Control_c, 0, 64, 0
2, 101516, Note_on_c, 0, 84, 0
2, 101516, Note_on_c, 0, 79, 85
2, 101759, Note_on_c, 0, 81, 86
2, 101770, Note_on_c, 0, 79, 0
2, 102002, Note_on_c, 0, 76, 88
2, 102006, Note_on_c, 0, 81, 0
2, 102235, Note_on_c, 0, 77, 89
2, 102239, Note_on_c, 0, 76, 0
2, 102470, Note_on_c, 0, 82, 90
2, 102472, Note_on_c, 0, 77, 0
2, 102711, Note_on_c, 0, 76, 92
2, 102714, Note_on_c, 0, 81, 92
2, 102726, Note_on_c, 0, 82, 0
2, 102754, Control_c, 0, 64, 127
2, 102849, Note_on_c, 0, 81, 0
2, 102882, Note_on_c, 0, 79, 93
2, 102959, Note_on_c, 0, 81, 93
2, 103018, Note_on_c, 0, 79, 0
2, 103046, Control_c, 0, 64, 0
2, 103074, Note_on_c, 0, 79, 94
2, 103087, Note_on_c, 0, 81, 0
2, 103184, Note_on_c, 0, 81, 95
2, 103202, Note_on_c, 0, 79, 0
2, 103270, Note_on_c, 0, 79, 95
2, 103312, Note_on_c, 0, 81, 0
2, 103390, Note_on_c, 0, 77, 96
2, 103402, Note_on_c, 0, 79, 0
2, 103479, Note_on_c, 0, 79, 96
2, 103518, Note_on_c, 0, 77, 0
2, 103566, Note_on_c, 0, 76, 0
2, 103679, Note_on_c, 0, 77, 98
2, 103706, Note_on_c, 0, 79, 0
2, 103784, Control_c, 0, 64, 127
2, 104236, Control_c, 0, 64, 0
2, 104871, Note_on_c, 0, 79, 97
2, 104879, Note_on_c, 0, 77, 0
2, 105111, Note_on_c, 0, 80, 96
2, 105125, Note_on_c, 0, 79, 0
2, 105353, Note_on_c, 0, 79, 96
2, 105372, Note_on_c, 0, 80, 0
2, 105599, Note_on_c, 0, 77, 95
2, 105605, Note_on_c, 0, 79, 0
2, 105837, Note_on_c, 0, 75, 94
2, 105846, Note_on_c, 0, 77, 0
2, 106082, Note_on_c, 0, 74, 94
2, 106093, Note_on_c, 0, 75, 0
2, 106315, Note_on_c, 0, 75, 93
2, 106325, Note_on_c, 0, 74, 0
2, 106558, Note_on_c, 0, 72, 92
2, 106567, Note_on_c, 0, 75, 0
2, 106801, Note_on_c, 0, 71, 92
2, 106807, Note_on_c, 0, 72, 0
2, 107046, Note_on_c, 0, 69, 91
2, 107057, Note_on_c, 0, 71, 0
2, 107281, Note_on_c, 0, 69, 0
2, 107282, Note_on_c, 0, 67, 92
2, 107523, Note_on_c, 0, 72, 93
2, 107527, Note_on_c, 0, 67, 0
2, 107758, Note_on_c, 0, 71, 94
2, 107759, Note_on_c, 0, 72, 0
2, 107996, Note_on_c, 0, 72, 95
2, 108006, Note_on_c, 0, 71, 0
2, 108237, Note_on_c, 0, 75, 96
2, 108250, Note_on_c, 0, 72, 0
2, 108474, Note_on_c, 0, 74, 97
2, 108481, Note_on_c, 0, 75, 0
2, 108710, Note_on_c, 0, 75, 98
2, 108724, Note_on_c, 0, 74, 0
2, 108955, Note_on_c, 0, 77, 99
2, 108973, Note_on_c, 0, 75, 0
2, 109192, Note_on_c, 0, 74, 101
2, 109195, Note_on_c, 0, 77, 0
2, 109432, Note_on_c, 0, 77, 102
2, 109445, Note_on_c, 0, 74, 0
2, 109520, Control_c, 0, 64, 127
2, 109676, Note_on_c, 0, 75, 103
2, 109691, Note_on_c, 0, 77, 0
2, 109854, Control_c, 0, 64, 0
2, 109917, Note_on_c, 0, 74, 104
2, 109934, Note_on_c, 0, 75, 0
2, 110160, Note_on_c, 0, 72, 105
2, 110164, Note_on_c, 0, 74, 0
2, 110398, Note_on_c, 0, 74, 106
2, 110406, Note_on_c, 0, 72, 0
2, 110636, Note_on_c, 0, 76, 107
2, 110650, Note_on_c, 0, 74, 0
2, 110877, Note_on_c, 0, 76, 0
2, 110879, Note_on_c, 0, 77, 108
2, 111115, Note_on_c, 0, 79, 109
2, 111118, Note_on_c, 0, 77, 0
2, 111253, Note_on_c, 0, 79, 0
2, 111373, Note_on_c, 0, 80, 110
2, 111482, Note_on_c, 0, 80, 0
2, 111483, Note_on_c, 0, 79, 111
2, 111590, Note_on_c, 0, 79, 0
2, 111603, Note_on_c, 0, 80, 111
2, 111703, Note_on_c, 0, 80, 0
2, 111707, Note_on_c, 0, 79, 112
2, 111830, Note_on_c, 0, 79, 0
2, 111860, Note_on_c, 0, 80, 112
2, 111960, Note_on_c, 0, 80, 0
2, 111969, Note_on_c, 0, 79, 113
2, 112084, Note_on_c, 0, 79, 0
2, 112086, Note_on_c, 0, 77, 113
2, 112203, Note_on_c, 0, 77, 0
2, 112207, Note_on_c, 0, 79, 114
2, 112307, Note_on_c, 0, 79, 0
2, 112327, Note_on_c, 0, 80, 114
2, 112393, Control_c, 0, 64, 127
2, 112713, Control_c, 0, 64, 0
2, 113043, Note_on_c, 0, 80, 0
2, 113046, Note_on_c, 0, 71, 115
2, 113286, Note_on_c, 0, 72, 115
2, 113287, Note_on_c, 0, 71, 0
2, 114011, Note_on_c, 0, 72, 0
2, 114011, Note_on_c, 0, 74, 115
2, 114234, Note_on_c, 0, 74, 0
2, 114245, Note_on_c, 0, 75, 111
2, 114251, Note_on_c, 0, 71, 111
2, 114355, Control_c, 0, 64, 127
2, 114376, Note_on_c, 0, 75, 0
2, 114403, Note_on_c, 0, 74, 107
2, 114485, Note_on_c, 0, 74, 0
2, 114514, Note_on_c, 0, 75, 104
2, 114528, Note_on_c, 0, 75, 0
2, 114558, Note_on_c, 0, 74, 103
2, 114591, Note_on_c, 0, 74, 0
2, 114596, Control_c, 0, 64, 0
2, 114642, Note_on_c, 0, 75, 101
2, 114669, Note_on_c, 0, 75, 0
2, 114724, Note_on_c, 0, 74, 99
2, 114859, Control_c, 0, 64, 127
2, 114970, Note_on_c, 0, 74, 0
2, 114970, Note_on_c, 0, 72, 92
2, 114971, Note_on_c, 0, 71, 0
2, 115016, Control_c, 0, 64, 0
2, 115183, Note_on_c, 0, 72, 0
2, 115210, Note_on_c, 0, 72, 86
2, 115357, Control_c, 0, 64, 127
2, 115790, Control_c, 0, 64, 0
2, 116396, Note_on_c, 0, 72, 0
2, 116396, Note_on_c, 0, 74, 83
2, 116634, Note_on_c, 0, 75, 83
2, 116645, Note_on_c, 0, 74, 0
2, 116877, Note_on_c, 0, 74, 83
2, 116893, Note_on_c, 0, 75, 0
2, 117112, Note_on_c, 0, 74, 0
2, 117113, Note_on_c, 0, 72, 83
2, 117352, Note_on_c, 0, 70, 83
2, 117366, Note_on_c, 0, 72, 0
2, 117591, Note_on_c, 0, 69, 83
2, 117605, Note_on_c, 0, 70, 0
2, 117833, Note_on_c, 0, 70, 83
2, 117850, Note_on_c, 0, 69, 0
2, 118074, Note_on_c, 0, 69, 83
2, 118093, Note_on_c, 0, 70, 0
2, 118318, Note_on_c, 0, 67, 83
2, 118328, Note_on_c, 0, 69, 0
2, 118565, Note_on_c, 0, 65, 83
2, 118574, Note_on_c, 0, 67, 0
2, 118802, Note_on_c, 0, 65, 0
2, 118804, Note_on_c, 0, 67, 83
2, 119045, Note_on_c, 0, 69, 84
2, 119049, Note_on_c, 0, 67, 0
2, 119284, Note_on_c, 0, 70, 87
2, 119288, Note_on_c, 0, 69, 0
2, 119522, Note_on_c, 0, 70, 0
2, 119523, Note_on_c, 0, 72, 90
2, 119759, Note_on_c, 0, 72, 0
2, 119759, Note_on_c, 0, 74, 92
2, 119983, Note_on_c, 0, 74, 0
2, 120015, Note_on_c, 0, 74, 96
2, 120150, Note_on_c, 0, 72, 97
2, 120165, Note_on_c, 0, 74, 0
2, 120274, Note_on_c, 0, 74, 99
2, 120287, Note_on_c, 0, 72, 0
2, 120358, Note_on_c, 0, 74, 0
2, 120366, Note_on_c, 0, 72, 100
2, 120444, Note_on_c, 0, 74, 101
2, 120447, Note_on_c, 0, 72, 0
2, 120505, Note_on_c, 0, 74, 0
2, 120576, Note_on_c, 0, 72, 103
2, 120685, Note_on_c, 0, 72, 0
2, 120693, Note_on_c, 0, 70, 104
2, 120833, Note_on_c, 0, 72, 106
2, 120842, Note_on_c, 0, 70, 0
2, 120946, Note_on_c, 0, 74, 107
2, 120948, Note_on_c, 0, 72, 0
2, 120962, Control_c, 0, 64, 127
2, 121204, Note_on_c, 0, 72, 109
2, 121364, Control_c, 0, 64, 0
2, 121443, Note_on_c, 0, 70, 109
2, 121453, Note_on_c, 0, 72, 0
2, 121657, Note_on_c, 0, 70, 0
2, 121698, Note_on_c, 0, 69, 109
2, 121922, Note_on_c, 0, 69, 0
2, 121931, Note_on_c, 0, 70, 109
2, 122157, Note_on_c, 0, 70, 0
2, 122167, Note_on_c, 0, 67, 106
2, 122397, Note_on_c, 0, 69, 101
2, 122402, Note_on_c, 0, 67, 0
2, 122630, Note_on_c, 0, 70, 97
2, 122633, Note_on_c, 0, 69, 0
2, 122866, Note_on_c, 0, 74, 0
2, 122877, Note_on_c, 0, 64, 92
2, 122878, Note_on_c, 0, 70, 0
2, 123109, Note_on_c, 0, 67, 94
2, 123347, Note_on_c, 0, 69, 98
2, 123364, Note_on_c, 0, 67, 0
2, 123586, Note_on_c, 0, 70, 102
2, 123612, Note_on_c, 0, 69, 0
2, 123836, Note_on_c, 0, 72, 106
2, 123840, Note_on_c, 0, 64, 0
2, 123858, Note_on_c, 0, 70, 0
2, 123944, Control_c, 0, 64, 127
2, 124081, Note_on_c, 0, 70, 104
2, 124328, Note_on_c, 0, 70, 0
2, 124334, Note_on_c, 0, 69, 100
2, 124349, Control_c, 0, 64, 0
2, 124562, Note_on_c, 0, 69, 0
2, 124569, Note_on_c, 0, 67, 97
2, 124798, Note_on_c, 0, 67, 0
2, 124810, Note_on_c, 0, 69, 93
2, 125039, Note_on_c, 0, 69, 0
2, 125041, Note_on_c, 0, 66, 92
2, 125269, Note_on_c, 0, 66, 0
2, 125287, Note_on_c, 0, 67, 94
2, 125515, Note_on_c, 0, 67, 0
2, 125525, Note_on_c, 0, 69, 96
2, 125761, Note_on_c, 0, 62, 98
2, 125769, Note_on_c, 0, 69, 0
2, 126002, Note_on_c, 0, 72, 100
2, 126012, Note_on_c, 0, 72, 0
2, 126242, Note_on_c, 0, 70, 103
2, 126337, Note_on_c, 0, 72, 0
2, 126479, Note_on_c, 0, 69, 105
2, 126488, Note_on_c, 0, 70, 0
2, 126717, Note_on_c, 0, 70, 107
2, 126722, Note_on_c, 0, 62, 0
2, 126726, Note_on_c, 0, 69, 0
2, 126795, Control_c, 0, 64, 127
2, 126961, Note_on_c, 0, 69, 109
2, 126975, Control_c, 0, 64, 0
2, 127205, Note_on_c, 0, 69, 0
2, 127209, Note_on_c, 0, 67, 109
2, 127443, Note_on_c, 0, 66, 109
2, 127465, Note_on_c, 0, 67, 0
2, 127679, Note_on_c, 0, 66, 0
2, 127685, Note_on_c, 0, 67, 109
2, 127921, Note_on_c, 0, 63, 109
2, 127929, Note_on_c, 0, 67, 0
2, 128163, Note_on_c, 0, 65, 109
2, 128173, Note_on_c, 0, 63, 0
2, 128301, Note_on_c, 0, 70, 0
2, 128398, Note_on_c, 0, 70, 109
2, 128402, Note_on_c, 0, 67, 109
2, 128412, Note_on_c, 0, 65, 0
2, 128623, Note_on_c, 0, 70, 0
2, 128645, Note_on_c, 0, 70, 109
2, 128658, Note_on_c, 0, 67, 0
2, 128886, Note_on_c, 0, 69, 106
2, 128898, Note_on_c, 0, 70, 0
2, 129123, Note_on_c, 0, 70, 103
2, 129132, Note_on_c, 0, 69, 0
2, 129358, Note_on_c, 0, 70, 0
2, 129358, Note_on_c, 0, 67, 99
2, 129599, Note_on_c, 0, 67, 0
2, 129599, Note_on_c, 0, 66, 95
2, 129601, Note_on_c, 0, 62, 95
2, 129699, Control_c, 0, 64, 127
2, 130113, Control_c, 0, 64, 0
2, 131033, Note_on_c, 0, 67, 95
2, 131048, Note_on_c, 0, 66, 0
2, 131277, Note_on_c, 0, 69, 96
2, 131292, Note_on_c, 0, 67, 0
2, 131520, Note_on_c, 0, 67, 96
2, 131532, Note_on_c, 0, 69, 0
2, 131768, Note_on_c, 0, 67, 0
2, 131768, Note_on_c, 0, 65, 97
2, 132003, Note_on_c, 0, 63, 98
2, 132009, Note_on_c, 0, 65, 0
2, 132015, Note_on_c, 0, 62, 0
2, 132247, Note_on_c, 0, 62, 98
2, 132257, Note_on_c, 0, 63, 0
2, 132480, Note_on_c, 0, 62, 0
2, 132484, Note_on_c, 0, 63, 99
2, 132719, Note_on_c, 0, 58, 100
2, 132961, Note_on_c, 0, 57, 100
2, 132963, Note_on_c, 0, 58, 0
2, 133201, Note_on_c, 0, 57, 0
2, 133201, Note_on_c, 0, 55, 101
2, 133439, Note_on_c, 0, 60, 102
2, 133441, Note_on_c, 0, 55, 0
2, 133458, Note_on_c, 0, 63, 0
2, 133676, Note_on_c, 0, 63, 102
2, 133778, Note_on_c, 0, 60, 0
2, 133917, Note_on_c, 0, 67, 103
2, 133933, Note_on_c, 0, 63, 0
2, 134155, Note_on_c, 0, 70, 104
2, 134171, Note_on_c, 0, 67, 0
2, 134396, Note_on_c, 0, 69, 104
2, 134409, Note_on_c, 0, 70, 0
2, 134637, Note_on_c, 0, 66, 105
2, 134649, Note_on_c, 0, 69, 0
2, 134877, Note_on_c, 0, 67, 106
2, 134890, Note_on_c, 0, 66, 0
2, 135115, Note_on_c, 0, 69, 106
2, 135125, Note_on_c, 0, 67, 0
2, 135351, Note_on_c, 0, 69, 0
2, 135354, Note_on_c, 0, 62, 107
2, 135364, Control_c, 0, 64, 127
2, 135588, Control_c, 0, 64, 0
2, 135598, Note_on_c, 0, 66, 108
2, 135617, Note_on_c, 0, 62, 0
2, 135834, Note_on_c, 0, 69, 108
2, 135843, Note_on_c, 0, 66, 0
2, 136069, Note_on_c, 0, 72, 109
2, 136077, Note_on_c, 0, 69, 0
2, 136189, Note_on_c, 0, 72, 0
2, 136312, Note_on_c, 0, 67, 109
2, 136316, Note_on_c, 0, 72, 109
2, 136326, Control_c, 0, 64, 127
2, 136397, Note_on_c, 0, 70, 109
2, 136418, Note_on_c, 0, 72, 0
2, 136510, Note_on_c, 0, 70, 0
2, 136514, Note_on_c, 0, 72, 110
2, 136545, Note_on_c, 0, 72, 0
2, 136592, Note_on_c, 0, 70, 110
2, 136703, Control_c, 0, 64, 0
2, 137048, Note_on_c, 0, 69, 111
2, 137084, Note_on_c, 0, 70, 0
2, 137229, Control_c, 0, 64, 127
2, 137267, Note_on_c, 0, 69, 0
2, 137277, Note_on_c, 0, 70, 111
2, 137278, Note_on_c, 0, 67, 0
2, 137284, Note_on_c, 0, 66, 111
2, 137397, Note_on_c, 0, 69, 111
2, 137401, Note_on_c, 0, 70, 0
2, 137512, Note_on_c, 0, 69, 0
2, 137542, Note_on_c, 0, 70, 112
2, 137627, Control_c, 0, 64, 0
2, 137657, Note_on_c, 0, 70, 0
2, 137659, Note_on_c, 0, 69, 112
2, 137766, Note_on_c, 0, 70, 112
2, 137774, Note_on_c, 0, 69, 0
2, 137867, Note_on_c, 0, 69, 112
2, 137893, Note_on_c, 0, 70, 0
2, 138005, Note_on_c, 0, 67, 113
2, 138008, Note_on_c, 0, 69, 0
2, 138110, Note_on_c, 0, 66, 0
2, 138137, Note_on_c, 0, 67, 0
2, 138239, Note_on_c, 0, 67, 113
2, 139672, Note_on_c, 0, 62, 93
2, 139678, Note_on_c, 0, 58, 92
2, 139744, Control_c, 0, 64, 127
2, 140442, Control_c, 0, 64, 0
2, 140620, Note_on_c, 0, 62, 0
2, 140636, Note_on_c, 0, 58, 0
2, 140683, Note_on_c, 0, 67, 0
2, 140863, Note_on_c, 0, 81, 75
2, 141102, Note_on_c, 0, 81, 0
2, 141137, Note_on_c, 0, 81, 75
2, 141264, Control_c, 0, 64, 127
2, 141364, Note_on_c, 0, 79, 75
2, 141592, Note_on_c, 0, 79, 0
2, 141606, Note_on_c, 0, 78, 75
2, 141660, Control_c, 0, 64, 0
2, 141836, Note_on_c, 0, 78, 0
2, 141838, Note_on_c, 0, 76, 75
2, 142079, Note_on_c, 0, 76, 0
2, 142081, Note_on_c, 0, 78, 75
2, 142097, Note_on_c, 0, 81, 0
2, 142337, Note_on_c, 0, 78, 0
2, 142556, Note_on_c, 0, 74, 75
2, 142558, Note_on_c, 0, 78, 75
2, 142807, Note_on_c, 0, 74, 0
2, 142809, Note_on_c, 0, 78, 0
2, 143035, Note_on_c, 0, 79, 75
2, 143040, Note_on_c, 0, 74, 75
2, 143753, Note_on_c, 0, 81, 76
2, 143763, Note_on_c, 0, 79, 0
2, 143934, Control_c, 0, 64, 127
2, 143998, Note_on_c, 0, 82, 76
2, 144011, Note_on_c, 0, 81, 0
2, 144247, Control_c, 0, 64, 0
2, 144727, Note_on_c, 0, 81, 76
2, 144739, Note_on_c, 0, 82, 0
2, 144861, Note_on_c, 0, 74, 0
2, 144966, Note_on_c, 0, 81, 0
2, 144967, Note_on_c, 0, 79, 76
2, 145199, Note_on_c, 0, 79, 0
2, 145203, Note_on_c, 0, 81, 76
2, 145438, Note_on_c, 0, 82, 76
2, 145447, Note_on_c, 0, 81, 0
2, 145679, Note_on_c, 0, 82, 0
2, 145679, Note_on_c, 0, 77, 76
2, 145901, Note_on_c, 0, 77, 0
2, 145922, Note_on_c, 0, 77, 76
2, 146161, Note_on_c, 0, 76, 76
2, 146169, Note_on_c, 0, 77, 0
2, 146401, Note_on_c, 0, 74, 76
2, 146409, Note_on_c, 0, 76, 0
2, 146631, Note_on_c, 0, 74, 0
2, 146638, Note_on_c, 0, 72, 77
2, 146882, Note_on_c, 0, 84, 77
2, 146886, Note_on_c, 0, 72, 0
2, 147596, Note_on_c, 0, 84, 0
2, 147596, Note_on_c, 0, 79, 81
2, 147839, Note_on_c, 0, 81, 82
2, 147850, Note_on_c, 0, 79, 0
2, 148082, Note_on_c, 0, 76, 84
2, 148086, Note_on_c, 0, 81, 0
2, 148315, Note_on_c, 0, 77, 85
2, 148319, Note_on_c, 0, 76, 0
2, 148550, Note_on_c, 0, 82, 86
2, 148552, Note_on_c, 0, 77, 0
2, 148791, Note_on_c, 0, 76, 88
2, 148794, Note_on_c, 0, 81, 88
2, 148806, Note_on_c, 0, 82, 0
2, 148929, Note_on_c, 0, 81, 0
2, 148962, Note_on_c, 0, 79, 89
2, 149039, Note_on_c, 0, 81, 89
2, 149098, Note_on_c, 0, 79, 0
2, 149154, Note_on_c, 0, 79, 90
2, 149167, Note_on_c, 0, 81, 0
2, 149264, Note_on_c, 0, 81, 91
2, 149282, Note_on_c, 0, 79, 0
2, 149350, Note_on_c, 0, 79, 91
2, 149392, Note_on_c, 0, 81, 0
2, 149470, Note_on_c, 0, 77, 92
2, 149482, Note_on_c, 0, 79, 0
2, 149559, Note_on_c, 0, 79, 92
2, 149598, Note_on_c, 0, 77, 0
2, 149646, Note_on_c, 0, 76, 0
2, 149759, Note_on_c, 0, 77, 95
2, 149786, Note_on_c, 0, 79, 0
2, 150951, Note_on_c, 0, 79, 94
2, 150959, Note_on_c, 0, 77, 0
2, 151191, Note_on_c, 0, 80, 93
2, 151205, Note_on_c, 0, 79, 0
2, 151433, Note_on_c, 0, 79, 93
2, 151452, Note_on_c, 0, 80, 0
2, 151679, Note_on_c, 0, 77, 92
2, 151685, Note_on_c, 0, 79, 0
2, 151917, Note_on_c, 0, 75, 91
2, 151926, Note_on_c, 0, 77, 0
2, 152162, Note_on_c, 0, 74, 91
2, 152173, Note_on_c, 0, 75, 0
2, 152395, Note_on_c, 0, 75, 90
2, 152405, Note_on_c, 0, 74, 0
2, 152638, Note_on_c, 0, 72, 90
2, 152647, Note_on_c, 0, 75, 0
2, 152838, Control_c, 0, 64, 127
2, 152881, Note_on_c, 0, 71, 90
2, 152887, Note_on_c, 0, 72, 0
2, 152966, Control_c, 0, 64, 0
2, 153126, Note_on_c, 0, 69, 89
2, 153137, Note_on_c, 0, 71, 0
2, 153361, Note_on_c, 0, 69, 0
2, 153362, Note_on_c, 0, 67, 90
2, 153603, Note_on_c, 0, 72, 91
2, 153607, Note_on_c, 0, 67, 0
2, 153838, Note_on_c, 0, 71, 92
2, 153839, Note_on_c, 0, 72, 0
2, 154076, Note_on_c, 0, 72, 93
2, 154086, Note_on_c, 0, 71, 0
2, 154317, Note_on_c, 0, 75, 94
2, 154330, Note_on_c, 0, 72, 0
2, 154554, Note_on_c, 0, 74, 95
2, 154561, Note_on_c, 0, 75, 0
2, 154790, Note_on_c, 0, 75, 96
2, 154804, Note_on_c, 0, 74, 0
2, 155035, Note_on_c, 0, 77, 97
2, 155053, Note_on_c, 0, 75, 0
2, 155272, Note_on_c, 0, 74, 98
2, 155275, Note_on_c, 0, 77, 0
2, 155512, Note_on_c, 0, 77, 99
2, 155525, Note_on_c, 0, 74, 0
2, 155756, Note_on_c, 0, 75, 101
2, 155771, Note_on_c, 0, 77, 0
2, 155997, Note_on_c, 0, 74, 102
2, 156014, Note_on_c, 0, 75, 0
2, 156240, Note_on_c, 0, 72, 103
2, 156244, Note_on_c, 0, 74, 0
2, 156478, Note_on_c, 0, 74, 104
2, 156486, Note_on_c, 0, 72, 0
2, 156716, Note_on_c, 0, 76, 105
2, 156730, Note_on_c, 0, 74, 0
2, 156957, Note_on_c, 0, 76, 0
2, 156959, Note_on_c, 0, 77, 106
2, 157195, Note_on_c, 0, 79, 107
2, 157198, Note_on_c, 0, 77, 0
2, 157333, Note_on_c, 0, 79, 0
2, 157453, Note_on_c, 0, 80, 108
2, 157562, Note_on_c, 0, 80, 0
2, 157563, Note_on_c, 0, 79, 109
2, 157670, Note_on_c, 0, 79, 0
2, 157683, Note_on_c, 0, 80, 109
2, 157783, Note_on_c, 0, 80, 0
2, 157787, Note_on_c, 0, 79, 110
2, 157910, Note_on_c, 0, 79, 0
2, 157940, Note_on_c, 0, 80, 110
2, 158040, Note_on_c, 0, 80, 0
2, 158049, Note_on_c, 0, 79, 111
2, 158164, Note_on_c, 0, 79, 0
2, 158166, Note_on_c, 0, 77, 111
2, 158283, Note_on_c, 0, 77, 0
2, 158287, Note_on_c, 0, 79, 112
2, 158387, Note_on_c, 0, 79, 0
2, 158407, Note_on_c, 0, 80, 112
2, 158544, Control_c, 0, 64, 127
2, 158796, Control_c, 0, 64, 0
2, 159123, Note_on_c, 0, 80, 0
2, 159126, Note_on_c, 0, 71, 115
2, 159366, Note_on_c, 0, 72, 115
2, 159367, Note_on_c, 0, 71, 0
2, 159385, Control_c, 0, 64, 127
2, 159806, Control_c, 0, 64, 0
2, 160091, Note_on_c, 0, 72, 0
2, 160091, Note_on_c, 0, 74, 115
2, 160314, Note_on_c, 0, 74, 0
2, 160325, Note_on_c, 0, 75, 111
2, 160331, Control_c, 0, 64, 127
2, 160331, Note_on_c, 0, 71, 111
2, 160456, Note_on_c, 0, 75, 0
2, 160483, Note_on_c, 0, 74, 107
2, 160565, Note_on_c, 0, 74, 0
2, 160592, Control_c, 0, 64, 0
2, 160594, Note_on_c, 0, 75, 104
2, 160608, Note_on_c, 0, 75, 0
2, 160638, Note_on_c, 0, 74, 103
2, 160671, Note_on_c, 0, 74, 0
2, 160722, Note_on_c, 0, 75, 101
2, 160749, Note_on_c, 0, 75, 0
2, 160804, Note_on_c, 0, 74, 99
2, 161050, Note_on_c, 0, 74, 0
2, 161050, Note_on_c, 0, 72, 92
2, 161051, Note_on_c, 0, 71, 0
2, 161263, Note_on_c, 0, 72, 0
2, 161290, Note_on_c, 0, 72, 86
2, 161336, Control_c, 0, 64, 127
2, 161778, Control_c, 0, 64, 0
2, 162476, Note_on_c, 0, 72, 0
2, 162476, Note_on_c, 0, 74, 83
2, 162714, Note_on_c, 0, 75, 83
2, 162725, Note_on_c, 0, 74, 0
2, 162957, Note_on_c, 0, 74, 83
2, 162973, Note_on_c, 0, 75, 0
2, 163192, Note_on_c, 0, 74, 0
2, 163193, Note_on_c, 0, 72, 83
2, 163432, Note_on_c, 0, 70, 83
2, 163446, Note_on_c, 0, 72, 0
2, 163671, Note_on_c, 0, 69, 83
2, 163685, Note_on_c, 0, 70, 0
2, 163913, Note_on_c, 0, 70, 83
2, 163930, Note_on_c, 0, 69, 0
2, 164154, Note_on_c, 0, 69, 83
2, 164173, Note_on_c, 0, 70, 0
2, 164398, Note_on_c, 0, 67, 83
2, 164408, Note_on_c, 0, 69, 0
2, 164645, Note_on_c, 0, 65, 83
2, 164654, Note_on_c, 0, 67, 0
2, 164882, Note_on_c, 0, 65, 0
2, 164884, Note_on_c, 0, 67, 83
2, 165125, Note_on_c, 0, 69, 84
2, 165129, Note_on_c, 0, 67, 0
2, 165364, Note_on_c, 0, 70, 87
2, 165368, Note_on_c, 0, 69, 0
2, 165602, Note_on_c, 0, 70, 0
2, 165603, Note_on_c, 0, 72, 90
2, 165839, Note_on_c, 0, 72, 0
2, 165839, Note_on_c, 0, 74, 92
2, 166063, Note_on_c, 0, 74, 0
2, 166095, Note_on_c, 0, 74, 96
2, 166230, Note_on_c, 0, 72, 97
2, 166245, Note_on_c, 0, 74, 0
2, 166354, Note_on_c, 0, 74, 99
2, 166367, Note_on_c, 0, 72, 0
2, 166438, Note_on_c, 0, 74, 0
2, 166446, Note_on_c, 0, 72, 100
2, 166524, Note_on_c, 0, 74, 101
2, 166527, Note_on_c, 0, 72, 0
2, 166585, Note_on_c, 0, 74, 0
2, 166656, Note_on_c, 0, 72, 103
2, 166765, Note_on_c, 0, 72, 0
2, 166773, Note_on_c, 0, 70, 104
2, 166913, Note_on_c, 0, 72, 106
2, 166922, Note_on_c, 0, 70, 0
2, 167026, Note_on_c, 0, 74, 107
2, 167028, Note_on_c, 0, 72, 0
2, 167057, Control_c, 0, 64, 127
2, 167284, Note_on_c, 0, 72, 109
2, 167415, Control_c, 0, 64, 0
2, 167523, Note_on_c, 0, 70, 109
2, 167533, Note_on_c, 0, 72, 0
2, 167737, Note_on_c, 0, 70, 0
2, 167778, Note_on_c, 0, 69, 109
2, 168002, Note_on_c, 0, 69, 0
2, 168011, Note_on_c, 0, 70, 109
2, 168237, Note_on_c, 0, 70, 0
2, 168247, Note_on_c, 0, 67, 106
2, 168477, Note_on_c, 0, 69, 101
2, 168482, Note_on_c, 0, 67, 0
2, 168710, Note_on_c, 0, 70, 97
2, 168713, Note_on_c, 0, 69, 0
2, 168946, Note_on_c, 0, 74, 0
2, 168957, Note_on_c, 0, 64, 92
2, 168958, Note_on_c, 0, 70, 0
2, 169189, Note_on_c, 0, 67, 94
2, 169427, Note_on_c, 0, 69, 98
2, 169444, Note_on_c, 0, 67, 0
2, 169666, Note_on_c, 0, 70, 102
2, 169692, Note_on_c, 0, 69, 0
2, 169916, Note_on_c, 0, 72, 106
2, 169920, Note_on_c, 0, 64, 0
2, 169938, Note_on_c, 0, 70, 0
2, 170161, Note_on_c, 0, 70, 104
2, 170408, Note_on_c, 0, 70, 0
2, 170414, Note_on_c, 0, 69, 100
2, 170642, Note_on_c, 0, 69, 0
2, 170649, Note_on_c, 0, 67, 97
2, 170878, Note_on_c, 0, 67, 0
2, 170890, Note_on_c, 0, 69, 93
2, 171119, Note_on_c, 0, 69, 0
2, 171121, Note_on_c, 0, 66, 92
2, 171349, Note_on_c, 0, 66, 0
2, 171367, Note_on_c, 0, 67, 94
2, 171595, Note_on_c, 0, 67, 0
2, 171605, Note_on_c, 0, 69, 96
2, 171841, Note_on_c, 0, 62, 98
2, 171849, Note_on_c, 0, 69, 0
2, 172082, Note_on_c, 0, 72, 100
2, 172092, Note_on_c, 0, 72, 0
2, 172322, Note_on_c, 0, 70, 103
2, 172417, Note_on_c, 0, 72, 0
2, 172559, Note_on_c, 0, 69, 105
2, 172568, Note_on_c, 0, 70, 0
2, 172797, Note_on_c, 0, 70, 107
2, 172802, Note_on_c, 0, 62, 0
2, 172806, Note_on_c, 0, 69, 0
2, 172838, Control_c, 0, 64, 127
2, 173041, Note_on_c, 0, 69, 109
2, 173259, Control_c, 0, 64, 0
2, 173285, Note_on_c, 0, 69, 0
2, 173289, Note_on_c, 0, 67, 109
2, 173523, Note_on_c, 0, 66, 109
2, 173545, Note_on_c, 0, 67, 0
2, 173759, Note_on_c, 0, 66, 0
2, 173765, Note_on_c, 0, 67, 109
2, 174001, Note_on_c, 0, 63, 109
2, 174009, Note_on_c, 0, 67, 0
2, 174243, Note_on_c, 0, 65, 109
2, 174253, Note_on_c, 0, 63, 0
2, 174381, Note_on_c, 0, 70, 0
2, 174478, Note_on_c, 0, 70, 109
2, 174482, Note_on_c, 0, 67, 109
2, 174492, Note_on_c, 0, 65, 0
2, 174703, Note_on_c, 0, 70, 0
2, 174725, Note_on_c, 0, 70, 109
2, 174738, Note_on_c, 0, 67, 0
2, 174966, Note_on_c, 0, 69, 106
2, 174978, Note_on_c, 0, 70, 0
2, 175203, Note_on_c, 0, 70, 103
2, 175212, Note_on_c, 0, 69, 0
2, 175438, Note_on_c, 0, 70, 0
2, 175438, Note_on_c, 0, 67, 99
2, 175679, Note_on_c, 0, 67, 0
2, 175679, Note_on_c, 0, 66, 95
2, 175681, Note_on_c, 0, 62, 95
2, 176039, Control_c, 0, 64, 127
2, 176545, Control_c, 0, 64, 0
2, 177113, Note_on_c, 0, 67, 95
2, 177128, Note_on_c, 0, 66, 0
2, 177357, Note_on_c, 0, 69, 96
2, 177372, Note_on_c, 0, 67, 0
2, 177600, Note_on_c, 0, 67, 96
2, 177612, Note_on_c, 0, 69, 0
2, 177848, Note_on_c, 0, 67, 0
2, 177848, Note_on_c, 0, 65, 97
2, 178083, Note_on_c, 0, 63, 98
2, 178089, Note_on_c, 0, 65, 0
2, 178095, Note_on_c, 0, 62, 0
2, 178327, Note_on_c, 0, 62, 99
2, 178337, Note_on_c, 0, 63, 0
2, 178560, Note_on_c, 0, 62, 0
2, 178564, Note_on_c, 0, 63, 101
2, 178799, Note_on_c, 0, 58, 103
2, 179041, Note_on_c, 0, 57, 103
2, 179043, Note_on_c, 0, 58, 0
2, 179281, Note_on_c, 0, 57, 0
2, 179281, Note_on_c, 0, 55, 104
2, 179519, Note_on_c, 0, 60, 106
2, 179521, Note_on_c, 0, 55, 0
2, 179538, Note_on_c, 0, 63, 0
2, 179756, Note_on_c, 0, 63, 107
2, 179858, Note_on_c, 0, 60, 0
2, 179997, Note_on_c, 0, 67, 108
2, 180013, Note_on_c, 0, 63, 0
2, 180235, Note_on_c, 0, 70, 109
2, 180251, Note_on_c, 0, 67, 0
2, 180476, Note_on_c, 0, 69, 109
2, 180489, Note_on_c, 0, 70, 0
2, 180717, Note_on_c, 0, 66, 111
2, 180729, Note_on_c, 0, 69, 0
2, 180957, Note_on_c, 0, 67, 113
2, 180970, Note_on_c, 0, 66, 0
2, 181195, Note_on_c, 0, 69, 113
2, 181205, Note_on_c, 0, 67, 0
2, 181431, Note_on_c, 0, 69, 0
2, 181434, Note_on_c, 0, 62, 114
2, 181437, Control_c, 0, 64, 127
2, 181668, Control_c, 0, 64, 0
2, 181678, Note_on_c, 0, 66, 115
2, 181697, Note_on_c, 0, 62, 0
2, 181914, Note_on_c, 0, 69, 116
2, 181923, Note_on_c, 0, 66, 0
2, 182149, Note_on_c, 0, 72, 118
2, 182157, Note_on_c, 0, 69, 0
2, 182269, Note_on_c, 0, 72, 0
2, 182392, Note_on_c, 0, 67, 118
2, 182396, Note_on_c, 0, 72, 118
2, 182397, Control_c, 0, 64, 127
2, 182477, Note_on_c, 0, 70, 118
2, 182498, Note_on_c, 0, 72, 0
2, 182587, Control_c, 0, 64, 0
2, 182590, Note_on_c, 0, 70, 0
2, 182594, Note_on_c, 0, 72, 120
2, 182625, Note_on_c, 0, 72, 0
2, 182672, Note_on_c, 0, 70, 120
2, 183128, Note_on_c, 0, 69, 123
2, 183164, Note_on_c, 0, 70, 0
2, 183336, Control_c, 0, 64, 127
2, 183347, Note_on_c, 0, 69, 0
2, 183357, Note_on_c, 0, 70, 124
2, 183358, Note_on_c, 0, 67, 0
2, 183364, Note_on_c, 0, 66, 124
2, 183477, Note_on_c, 0, 69, 124
2, 183481, Note_on_c, 0, 70, 0
2, 183590, Control_c, 0, 64, 0
2, 183592, Note_on_c, 0, 69, 0
2, 183622, Note_on_c, 0, 70, 125
2, 183737, Note_on_c, 0, 70, 0
2, 183739, Note_on_c, 0, 69, 125
2, 183846, Note_on_c, 0, 70, 125
2, 183854, Note_on_c, 0, 69, 0
2, 183947, Note_on_c, 0, 69, 125
2, 183973, Note_on_c, 0, 70, 0
2, 184085, Note_on_c, 0, 67, 126
2, 184088, Note_on_c, 0, 69, 0
2, 184190, Note_on_c, 0, 66, 0
2, 184217, Note_on_c, 0, 67, 0
2, 184319, Note_on_c, 0, 67, 126
2, 185689, Control_c, 0, 64, 127
2, 185752, Note_on_c, 0, 62, 105
2, 185758, Note_on_c, 0, 58, 103
2, 186646, Control_c, 0, 64, 0
2, 186700, Note_on_c, 0, 62, 0
2, 186716, Note_on_c, 0, 58, 0
2, 186731, Control_c, 0, 64, 127
2, 186763, Note_on_c, 0, 67, 0
2, 186956, Control_c, 0, 64, 0
2, 187200, Control_c, 0, 121, 127
2, 187200, End_track
3, 0, Start_track
3, 0, Title_t, "seq. by David Siu dss@po.cwru.edu"
3, 0, Program_c, 0, 6
3, 0, Control_c, 0, 7, 115
3, 0, Control_c, 0, 10, 47
3, 2896, Note_on_c, 0, 55, 80
3, 4094, Note_on_c, 0, 54, 85
3, 4096, Note_on_c, 0, 55, 0
3, 4332, Note_on_c, 0, 54, 0
3, 4336, Note_on_c, 0, 55, 86
3, 4570, Note_on_c, 0, 55, 0
3, 4577, Note_on_c, 0, 50, 87
3, 4802, Note_on_c, 0, 50, 0
3, 4810, Note_on_c, 0, 51, 88
3, 5047, Note_on_c, 0, 51, 0
3, 5047, Note_on_c, 0, 48, 89
3, 5286, Note_on_c, 0, 48, 0
3, 5286, Note_on_c, 0, 50, 89
3, 5504, Note_on_c, 0, 50, 0
3, 5514, Note_on_c, 0, 51, 90
3, 5747, Note_on_c, 0, 51, 0
3, 5762, Note_on_c, 0, 42, 92
3, 6957, Note_on_c, 0, 57, 97
3, 6959, Note_on_c, 0, 42, 0
3, 7205, Note_on_c, 0, 58, 98
3, 7304, Note_on_c, 0, 57, 0
3, 7438, Note_on_c, 0, 60, 99
3, 7443, Note_on_c, 0, 58, 0
3, 7676, Note_on_c, 0, 54, 100
3, 7686, Note_on_c, 0, 60, 0
3, 7913, Note_on_c, 0, 55, 101
3, 7927, Note_on_c, 0, 54, 0
3, 8151, Note_on_c, 0, 57, 102
3, 8163, Note_on_c, 0, 55, 0
3, 8387, Note_on_c, 0, 50, 103
3, 8405, Note_on_c, 0, 57, 0
3, 8641, Note_on_c, 0, 55, 104
3, 8751, Note_on_c, 0, 50, 0
3, 8898, Note_on_c, 0, 55, 0
3, 9126, Note_on_c, 0, 50, 104
3, 9467, Note_on_c, 0, 50, 0
3, 9603, Note_on_c, 0, 51, 104
3, 9854, Note_on_c, 0, 51, 0
3, 10082, Note_on_c, 0, 55, 104
3, 10335, Note_on_c, 0, 55, 0
3, 10564, Note_on_c, 0, 48, 104
3, 10796, Note_on_c, 0, 48, 0
3, 11041, Note_on_c, 0, 51, 104
3, 11284, Note_on_c, 0, 51, 0
3, 11517, Note_on_c, 0, 50, 102
3, 12249, Note_on_c, 0, 48, 89
3, 12253, Note_on_c, 0, 50, 0
3, 12485, Note_on_c, 0, 48, 0
3, 12487, Note_on_c, 0, 46, 85
3, 12718, Note_on_c, 0, 46, 0
3, 12728, Note_on_c, 0, 45, 82
3, 12954, Note_on_c, 0, 45, 0
3, 12957, Note_on_c, 0, 46, 82
3, 13202, Note_on_c, 0, 43, 82
3, 13206, Note_on_c, 0, 46, 0
3, 13441, Note_on_c, 0, 43, 0
3, 13445, Note_on_c, 0, 50, 82
3, 13682, Note_on_c, 0, 50, 0
3, 13923, Note_on_c, 0, 38, 82
3, 14149, Note_on_c, 0, 38, 0
3, 14399, Note_on_c, 0, 43, 82
3, 14874, Note_on_c, 0, 46, 82
3, 15364, Note_on_c, 0, 50, 82
3, 15380, Note_on_c, 0, 46, 0
3, 15836, Note_on_c, 0, 55, 82
3, 15842, Note_on_c, 0, 50, 0
3, 16065, Note_on_c, 0, 43, 0
3, 16317, Note_on_c, 0, 53, 86
3, 16330, Note_on_c, 0, 55, 0
3, 16794, Note_on_c, 0, 51, 93
3, 16803, Note_on_c, 0, 53, 0
3, 17273, Note_on_c, 0, 50, 100
3, 17283, Note_on_c, 0, 51, 0
3, 17524, Note_on_c, 0, 53, 99
3, 17637, Note_on_c, 0, 50, 0
3, 17759, Note_on_c, 0, 53, 0
3, 17764, Note_on_c, 0, 55, 97
3, 18001, Note_on_c, 0, 57, 95
3, 18006, Note_on_c, 0, 55, 0
3, 18241, Note_on_c, 0, 58, 92
3, 18246, Note_on_c, 0, 57, 0
3, 18478, Note_on_c, 0, 57, 90
3, 18484, Note_on_c, 0, 58, 0
3, 18717, Note_on_c, 0, 58, 88
3, 18727, Note_on_c, 0, 57, 0
3, 18952, Note_on_c, 0, 60, 87
3, 18956, Note_on_c, 0, 58, 0
3, 19192, Note_on_c, 0, 62, 85
3, 19204, Note_on_c, 0, 60, 0
3, 19435, Note_on_c, 0, 62, 0
3, 19675, Note_on_c, 0, 58, 83
3, 19926, Note_on_c, 0, 58, 0
3, 20160, Note_on_c, 0, 63, 80
3, 20396, Note_on_c, 0, 65, 80
3, 20404, Note_on_c, 0, 63, 0
3, 20636, Note_on_c, 0, 63, 80
3, 20639, Note_on_c, 0, 65, 0
3, 20876, Note_on_c, 0, 62, 85
3, 20882, Note_on_c, 0, 63, 0
3, 21109, Note_on_c, 0, 60, 84
3, 21121, Note_on_c, 0, 62, 0
3, 21344, Note_on_c, 0, 60, 0
3, 21603, Note_on_c, 0, 62, 82
3, 21846, Note_on_c, 0, 62, 0
3, 22074, Note_on_c, 0, 63, 81
3, 22334, Note_on_c, 0, 63, 0
3, 22554, Note_on_c, 0, 60, 79
3, 22805, Note_on_c, 0, 60, 0
3, 23035, Note_on_c, 0, 65, 77
3, 23295, Note_on_c, 0, 65, 0
3, 23519, Note_on_c, 0, 63, 82
3, 23766, Note_on_c, 0, 63, 0
3, 23998, Note_on_c, 0, 62, 86
3, 24479, Note_on_c, 0, 60, 91
3, 24487, Note_on_c, 0, 62, 0
3, 24716, Note_on_c, 0, 58, 93
3, 24722, Note_on_c, 0, 60, 0
3, 24965, Note_on_c, 0, 65, 95
3, 24972, Note_on_c, 0, 58, 0
3, 25197, Note_on_c, 0, 65, 0
3, 25438, Note_on_c, 0, 53, 93
3, 25672, Note_on_c, 0, 53, 0
3, 25915, Note_on_c, 0, 58, 90
3, 26162, Note_on_c, 0, 58, 0
3, 26398, Note_on_c, 0, 46, 94
3, 26632, Note_on_c, 0, 46, 0
3, 26641, Note_on_c, 0, 45, 99
3, 26882, Note_on_c, 0, 45, 0
3, 26893, Note_on_c, 0, 43, 105
3, 27125, Note_on_c, 0, 43, 0
3, 27131, Note_on_c, 0, 42, 111
3, 27367, Note_on_c, 0, 43, 113
3, 27373, Note_on_c, 0, 42, 0
3, 27605, Note_on_c, 0, 43, 0
3, 27606, Note_on_c, 0, 45, 113
3, 27843, Note_on_c, 0, 46, 113
3, 27846, Note_on_c, 0, 45, 0
3, 28082, Note_on_c, 0, 46, 0
3, 28319, Note_on_c, 0, 43, 113
3, 28558, Note_on_c, 0, 43, 0
3, 28801, Note_on_c, 0, 48, 113
3, 29046, Note_on_c, 0, 47, 113
3, 29053, Note_on_c, 0, 48, 0
3, 29278, Note_on_c, 0, 47, 0
3, 29279, Note_on_c, 0, 48, 113
3, 29513, Note_on_c, 0, 50, 113
3, 29524, Note_on_c, 0, 48, 0
3, 29747, Note_on_c, 0, 51, 113
3, 29764, Note_on_c, 0, 50, 0
3, 30002, Note_on_c, 0, 51, 0
3, 30231, Note_on_c, 0, 50, 111
3, 30493, Note_on_c, 0, 50, 0
3, 30718, Note_on_c, 0, 48, 106
3, 30972, Note_on_c, 0, 48, 0
3, 31206, Note_on_c, 0, 45, 101
3, 31442, Note_on_c, 0, 45, 0
3, 31683, Note_on_c, 0, 50, 96
3, 32652, Note_on_c, 0, 50, 0
3, 33360, Note_on_c, 0, 60, 80
3, 33602, Note_on_c, 0, 58, 80
3, 33608, Note_on_c, 0, 60, 0
3, 33845, Note_on_c, 0, 60, 79
3, 33852, Note_on_c, 0, 58, 0
3, 34087, Note_on_c, 0, 60, 0
3, 34087, Note_on_c, 0, 62, 83
3, 34321, Note_on_c, 0, 54, 79
3, 34322, Note_on_c, 0, 62, 0
3, 34564, Note_on_c, 0, 55, 82
3, 34577, Note_on_c, 0, 54, 0
3, 34799, Note_on_c, 0, 57, 85
3, 34807, Note_on_c, 0, 55, 0
3, 35044, Note_on_c, 0, 58, 88
3, 35047, Note_on_c, 0, 57, 0
3, 35285, Note_on_c, 0, 50, 91
3, 35290, Note_on_c, 0, 58, 0
3, 35521, Note_on_c, 0, 51, 94
3, 35526, Note_on_c, 0, 50, 0
3, 35766, Note_on_c, 0, 53, 97
3, 35769, Note_on_c, 0, 51, 0
3, 36009, Note_on_c, 0, 55, 99
3, 36011, Note_on_c, 0, 53, 0
3, 36236, Note_on_c, 0, 55, 0
3, 36243, Note_on_c, 0, 48, 99
3, 36481, Note_on_c, 0, 47, 98
3, 36485, Note_on_c, 0, 48, 0
3, 36715, Note_on_c, 0, 47, 0
3, 36719, Note_on_c, 0, 48, 99
3, 36951, Note_on_c, 0, 50, 99
3, 36955, Note_on_c, 0, 48, 0
3, 37192, Note_on_c, 0, 43, 99
3, 37208, Note_on_c, 0, 50, 0
3, 37436, Note_on_c, 0, 48, 99
3, 37443, Note_on_c, 0, 43, 0
3, 38501, Note_on_c, 0, 48, 0
3, 38641, Note_on_c, 0, 69, 111
3, 38879, Note_on_c, 0, 70, 114
3, 38889, Note_on_c, 0, 69, 0
3, 39119, Note_on_c, 0, 72, 116
3, 39127, Note_on_c, 0, 70, 0
3, 39357, Note_on_c, 0, 66, 119
3, 39374, Note_on_c, 0, 72, 0
3, 39598, Note_on_c, 0, 67, 113
3, 39614, Note_on_c, 0, 66, 0
3, 39836, Note_on_c, 0, 69, 115
3, 39848, Note_on_c, 0, 67, 0
3, 40075, Note_on_c, 0, 69, 0
3, 40084, Note_on_c, 0, 62, 116
3, 40324, Note_on_c, 0, 67, 118
3, 40328, Note_on_c, 0, 62, 0
3, 40560, Note_on_c, 0, 65, 119
3, 40562, Note_on_c, 0, 67, 0
3, 40798, Note_on_c, 0, 64, 117
3, 40806, Note_on_c, 0, 65, 0
3, 41036, Note_on_c, 0, 62, 118
3, 41041, Note_on_c, 0, 64, 0
3, 41278, Note_on_c, 0, 64, 118
3, 41289, Note_on_c, 0, 62, 0
3, 41519, Note_on_c, 0, 61, 115
3, 41521, Note_on_c, 0, 64, 0
3, 41753, Note_on_c, 0, 62, 111
3, 41762, Note_on_c, 0, 61, 0
3, 41995, Note_on_c, 0, 64, 108
3, 42010, Note_on_c, 0, 62, 0
3, 42237, Note_on_c, 0, 57, 104
3, 42238, Note_on_c, 0, 64, 0
3, 42477, Note_on_c, 0, 59, 101
3, 42496, Note_on_c, 0, 57, 0
3, 42718, Note_on_c, 0, 61, 98
3, 42721, Note_on_c, 0, 59, 0
3, 42962, Note_on_c, 0, 61, 0
3, 43200, Note_on_c, 0, 53, 91
3, 43437, Note_on_c, 0, 57, 87
3, 43678, Note_on_c, 0, 59, 86
3, 43688, Note_on_c, 0, 57, 0
3, 43916, Note_on_c, 0, 61, 84
3, 43923, Note_on_c, 0, 53, 0
3, 43929, Note_on_c, 0, 59, 0
3, 44161, Note_on_c, 0, 62, 83
3, 44175, Note_on_c, 0, 61, 0
3, 44635, Note_on_c, 0, 55, 80
3, 45114, Note_on_c, 0, 57, 77
3, 45121, Note_on_c, 0, 62, 0
3, 45124, Note_on_c, 0, 55, 0
3, 45600, Note_on_c, 0, 45, 74
3, 46073, Note_on_c, 0, 45, 0
3, 46073, Note_on_c, 0, 57, 0
3, 46080, Note_on_c, 0, 50, 71
3, 46563, Note_on_c, 0, 38, 69
3, 47053, Note_on_c, 0, 45, 68
3, 47266, Note_on_c, 0, 50, 0
3, 47526, Note_on_c, 0, 50, 66
3, 48483, Note_on_c, 0, 38, 0
3, 48495, Note_on_c, 0, 50, 0
3, 48511, Note_on_c, 0, 45, 0
3, 48976, Note_on_c, 0, 55, 75
3, 50174, Note_on_c, 0, 54, 80
3, 50176, Note_on_c, 0, 55, 0
3, 50412, Note_on_c, 0, 54, 0
3, 50416, Note_on_c, 0, 55, 81
3, 50650, Note_on_c, 0, 55, 0
3, 50657, Note_on_c, 0, 50, 82
3, 50882, Note_on_c, 0, 50, 0
3, 50890, Note_on_c, 0, 51, 83
3, 51127, Note_on_c, 0, 51, 0
3, 51127, Note_on_c, 0, 48, 83
3, 51366, Note_on_c, 0, 48, 0
3, 51366, Note_on_c, 0, 50, 83
3, 51584, Note_on_c, 0, 50, 0
3, 51594, Note_on_c, 0, 51, 84
3, 51827, Note_on_c, 0, 51, 0
3, 51842, Note_on_c, 0, 42, 86
3, 53037, Note_on_c, 0, 57, 91
3, 53039, Note_on_c, 0, 42, 0
3, 53285, Note_on_c, 0, 58, 92
3, 53384, Note_on_c, 0, 57, 0
3, 53518, Note_on_c, 0, 60, 93
3, 53523, Note_on_c, 0, 58, 0
3, 53756, Note_on_c, 0, 54, 94
3, 53766, Note_on_c, 0, 60, 0
3, 53993, Note_on_c, 0, 55, 95
3, 54007, Note_on_c, 0, 54, 0
3, 54231, Note_on_c, 0, 57, 96
3, 54243, Note_on_c, 0, 55, 0
3, 54467, Note_on_c, 0, 50, 97
3, 54485, Note_on_c, 0, 57, 0
3, 54721, Note_on_c, 0, 55, 98
3, 54831, Note_on_c, 0, 50, 0
3, 54978, Note_on_c, 0, 55, 0
3, 55206, Note_on_c, 0, 50, 98
3, 55547, Note_on_c, 0, 50, 0
3, 55683, Note_on_c, 0, 51, 98
3, 55934, Note_on_c, 0, 51, 0
3, 56162, Note_on_c, 0, 55, 98
3, 56415, Note_on_c, 0, 55, 0
3, 56644, Note_on_c, 0, 48, 98
3, 56876, Note_on_c, 0, 48, 0
3, 57121, Note_on_c, 0, 51, 98
3, 57364, Note_on_c, 0, 51, 0
3, 57597, Note_on_c, 0, 50, 96
3, 58329, Note_on_c, 0, 48, 84
3, 58333, Note_on_c, 0, 50, 0
3, 58565, Note_on_c, 0, 48, 0
3, 58567, Note_on_c, 0, 46, 81
3, 58798, Note_on_c, 0, 46, 0
3, 58808, Note_on_c, 0, 45, 79
3, 59034, Note_on_c, 0, 45, 0
3, 59037, Note_on_c, 0, 46, 79
3, 59282, Note_on_c, 0, 43, 79
3, 59286, Note_on_c, 0, 46, 0
3, 59521, Note_on_c, 0, 43, 0
3, 59525, Note_on_c, 0, 50, 79
3, 59762, Note_on_c, 0, 50, 0
3, 60003, Note_on_c, 0, 38, 79
3, 60229, Note_on_c, 0, 38, 0
3, 60479, Note_on_c, 0, 43, 79
3, 60954, Note_on_c, 0, 46, 79
3, 61444, Note_on_c, 0, 50, 79
3, 61460, Note_on_c, 0, 46, 0
3, 61916, Note_on_c, 0, 55, 79
3, 61922, Note_on_c, 0, 50, 0
3, 62145, Note_on_c, 0, 43, 0
3, 62397, Note_on_c, 0, 53, 82
3, 62410, Note_on_c, 0, 55, 0
3, 62874, Note_on_c, 0, 51, 89
3, 62883, Note_on_c, 0, 53, 0
3, 63353, Note_on_c, 0, 50, 96
3, 63363, Note_on_c, 0, 51, 0
3, 63604, Note_on_c, 0, 53, 96
3, 63717, Note_on_c, 0, 50, 0
3, 63839, Note_on_c, 0, 53, 0
3, 63844, Note_on_c, 0, 55, 94
3, 64081, Note_on_c, 0, 57, 92
3, 64086, Note_on_c, 0, 55, 0
3, 64321, Note_on_c, 0, 58, 89
3, 64326, Note_on_c, 0, 57, 0
3, 64558, Note_on_c, 0, 57, 87
3, 64564, Note_on_c, 0, 58, 0
3, 64797, Note_on_c, 0, 58, 85
3, 64807, Note_on_c, 0, 57, 0
3, 65032, Note_on_c, 0, 60, 84
3, 65036, Note_on_c, 0, 58, 0
3, 65272, Note_on_c, 0, 62, 82
3, 65284, Note_on_c, 0, 60, 0
3, 65515, Note_on_c, 0, 62, 0
3, 65755, Note_on_c, 0, 58, 80
3, 66006, Note_on_c, 0, 58, 0
3, 66240, Note_on_c, 0, 63, 77
3, 66476, Note_on_c, 0, 65, 77
3, 66484, Note_on_c, 0, 63, 0
3, 66716, Note_on_c, 0, 63, 77
3, 66719, Note_on_c, 0, 65, 0
3, 66956, Note_on_c, 0, 62, 82
3, 66962, Note_on_c, 0, 63, 0
3, 67189, Note_on_c, 0, 60, 81
3, 67201, Note_on_c, 0, 62, 0
3, 67424, Note_on_c, 0, 60, 0
3, 67683, Note_on_c, 0, 62, 79
3, 67926, Note_on_c, 0, 62, 0
3, 68154, Note_on_c, 0, 63, 79
3, 68414, Note_on_c, 0, 63, 0
3, 68634, Note_on_c, 0, 60, 77
3, 68885, Note_on_c, 0, 60, 0
3, 69115, Note_on_c, 0, 65, 75
3, 69375, Note_on_c, 0, 65, 0
3, 69599, Note_on_c, 0, 63, 80
3, 69846, Note_on_c, 0, 63, 0
3, 70078, Note_on_c, 0, 62, 84
3, 70559, Note_on_c, 0, 60, 89
3, 70567, Note_on_c, 0, 62, 0
3, 70796, Note_on_c, 0, 58, 91
3, 70802, Note_on_c, 0, 60, 0
3, 71045, Note_on_c, 0, 65, 93
3, 71052, Note_on_c, 0, 58, 0
3, 71277, Note_on_c, 0, 65, 0
3, 71518, Note_on_c, 0, 53, 91
3, 71752, Note_on_c, 0, 53, 0
3, 71995, Note_on_c, 0, 58, 88
3, 72242, Note_on_c, 0, 58, 0
3, 72478, Note_on_c, 0, 46, 92
3, 72712, Note_on_c, 0, 46, 0
3, 72721, Note_on_c, 0, 45, 97
3, 72962, Note_on_c, 0, 45, 0
3, 72973, Note_on_c, 0, 43, 105
3, 73205, Note_on_c, 0, 43, 0
3, 73211, Note_on_c, 0, 42, 111
3, 73447, Note_on_c, 0, 43, 113
3, 73453, Note_on_c, 0, 42, 0
3, 73685, Note_on_c, 0, 43, 0
3, 73686, Note_on_c, 0, 45, 113
3, 73923, Note_on_c, 0, 46, 113
3, 73926, Note_on_c, 0, 45, 0
3, 74162, Note_on_c, 0, 46, 0
3, 74399, Note_on_c, 0, 43, 113
3, 74638, Note_on_c, 0, 43, 0
3, 74881, Note_on_c, 0, 48, 113
3, 75126, Note_on_c, 0, 47, 113
3, 75133, Note_on_c, 0, 48, 0
3, 75358, Note_on_c, 0, 47, 0
3, 75359, Note_on_c, 0, 48, 113
3, 75593, Note_on_c, 0, 50, 113
3, 75604, Note_on_c, 0, 48, 0
3, 75827, Note_on_c, 0, 51, 113
3, 75844, Note_on_c, 0, 50, 0
3, 76082, Note_on_c, 0, 51, 0
3, 76311, Note_on_c, 0, 50, 111
3, 76573, Note_on_c, 0, 50, 0
3, 76798, Note_on_c, 0, 48, 106
3, 77052, Note_on_c, 0, 48, 0
3, 77286, Note_on_c, 0, 45, 101
3, 77522, Note_on_c, 0, 45, 0
3, 77763, Note_on_c, 0, 50, 96
3, 78732, Note_on_c, 0, 50, 0
3, 79440, Note_on_c, 0, 60, 80
3, 79682, Note_on_c, 0, 58, 80
3, 79688, Note_on_c, 0, 60, 0
3, 79925, Note_on_c, 0, 60, 79
3, 79932, Note_on_c, 0, 58, 0
3, 80167, Note_on_c, 0, 60, 0
3, 80167, Note_on_c, 0, 62, 83
3, 80401, Note_on_c, 0, 54, 79
3, 80402, Note_on_c, 0, 62, 0
3, 80644, Note_on_c, 0, 55, 82
3, 80657, Note_on_c, 0, 54, 0
3, 80879, Note_on_c, 0, 57, 86
3, 80887, Note_on_c, 0, 55, 0
3, 81124, Note_on_c, 0, 58, 89
3, 81127, Note_on_c, 0, 57, 0
3, 81365, Note_on_c, 0, 50, 92
3, 81370, Note_on_c, 0, 58, 0
3, 81601, Note_on_c, 0, 51, 96
3, 81606, Note_on_c, 0, 50, 0
3, 81846, Note_on_c, 0, 53, 99
3, 81849, Note_on_c, 0, 51, 0
3, 82089, Note_on_c, 0, 55, 103
3, 82091, Note_on_c, 0, 53, 0
3, 82316, Note_on_c, 0, 55, 0
3, 82323, Note_on_c, 0, 48, 103
3, 82561, Note_on_c, 0, 47, 101
3, 82565, Note_on_c, 0, 48, 0
3, 82795, Note_on_c, 0, 47, 0
3, 82799, Note_on_c, 0, 48, 104
3, 83031, Note_on_c, 0, 50, 104
3, 83035, Note_on_c, 0, 48, 0
3, 83272, Note_on_c, 0, 43, 105
3, 83288, Note_on_c, 0, 50, 0
3, 83516, Note_on_c, 0, 48, 105
3, 83523, Note_on_c, 0, 43, 0
3, 84581, Note_on_c, 0, 48, 0
3, 84721, Note_on_c, 0, 69, 120
3, 84959, Note_on_c, 0, 70, 125
3, 84969, Note_on_c, 0, 69, 0
3, 85199, Note_on_c, 0, 72, 127
3, 85207, Note_on_c, 0, 70, 0
3, 85437, Note_on_c, 0, 66, 127
3, 85454, Note_on_c, 0, 72, 0
3, 85678, Note_on_c, 0, 67, 125
3, 85694, Note_on_c, 0, 66, 0
3, 85916, Note_on_c, 0, 69, 127
3, 85928, Note_on_c, 0, 67, 0
3, 86155, Note_on_c, 0, 69, 0
3, 86164, Note_on_c, 0, 62, 127
3, 86404, Note_on_c, 0, 67, 127
3, 86408, Note_on_c, 0, 62, 0
3, 86640, Note_on_c, 0, 65, 127
3, 86642, Note_on_c, 0, 67, 0
3, 86878, Note_on_c, 0, 64, 127
3, 86886, Note_on_c, 0, 65, 0
3, 87116, Note_on_c, 0, 62, 127
3, 87121, Note_on_c, 0, 64, 0
3, 87358, Note_on_c, 0, 64, 127
3, 87369, Note_on_c, 0, 62, 0
3, 87599, Note_on_c, 0, 61, 127
3, 87601, Note_on_c, 0, 64, 0
3, 87833, Note_on_c, 0, 62, 125
3, 87842, Note_on_c, 0, 61, 0
3, 88075, Note_on_c, 0, 64, 121
3, 88090, Note_on_c, 0, 62, 0
3, 88317, Note_on_c, 0, 57, 115
3, 88318, Note_on_c, 0, 64, 0
3, 88557, Note_on_c, 0, 59, 112
3, 88576, Note_on_c, 0, 57, 0
3, 88798, Note_on_c, 0, 61, 107
3, 88801, Note_on_c, 0, 59, 0
3, 89042, Note_on_c, 0, 61, 0
3, 89280, Note_on_c, 0, 53, 98
3, 89517, Note_on_c, 0, 57, 94
3, 89758, Note_on_c, 0, 59, 92
3, 89768, Note_on_c, 0, 57, 0
3, 89996, Note_on_c, 0, 61, 90
3, 90003, Note_on_c, 0, 53, 0
3, 90009, Note_on_c, 0, 59, 0
3, 90241, Note_on_c, 0, 62, 88
3, 90255, Note_on_c, 0, 61, 0
3, 90715, Note_on_c, 0, 55, 84
3, 91194, Note_on_c, 0, 57, 80
3, 91201, Note_on_c, 0, 62, 0
3, 91204, Note_on_c, 0, 55, 0
3, 91680, Note_on_c, 0, 45, 76
3, 92153, Note_on_c, 0, 45, 0
3, 92153, Note_on_c, 0, 57, 0
3, 92160, Note_on_c, 0, 50, 72
3, 92643, Note_on_c, 0, 38, 70
3, 93133, Note_on_c, 0, 45, 68
3, 93346, Note_on_c, 0, 50, 0
3, 93606, Note_on_c, 0, 50, 66
3, 94563, Note_on_c, 0, 38, 0
3, 94575, Note_on_c, 0, 50, 0
3, 94591, Note_on_c, 0, 45, 0
3, 95046, Note_on_c, 0, 50, 80
3, 96012, Note_on_c, 0, 50, 0
3, 96239, Note_on_c, 0, 75, 80
3, 96479, Note_on_c, 0, 74, 80
3, 96493, Note_on_c, 0, 75, 0
3, 96710, Note_on_c, 0, 74, 0
3, 96713, Note_on_c, 0, 72, 80
3, 96953, Note_on_c, 0, 70, 80
3, 96957, Note_on_c, 0, 72, 0
3, 97190, Note_on_c, 0, 69, 80
3, 97207, Note_on_c, 0, 70, 0
3, 97432, Note_on_c, 0, 67, 80
3, 97435, Note_on_c, 0, 69, 0
3, 97664, Note_on_c, 0, 66, 80
3, 97677, Note_on_c, 0, 67, 0
3, 97908, Note_on_c, 0, 67, 80
3, 97928, Note_on_c, 0, 66, 0
3, 98168, Note_on_c, 0, 67, 0
3, 98395, Note_on_c, 0, 55, 80
3, 98637, Note_on_c, 0, 57, 80
3, 98649, Note_on_c, 0, 55, 0
3, 98876, Note_on_c, 0, 58, 80
3, 98884, Note_on_c, 0, 57, 0
3, 99126, Note_on_c, 0, 58, 0
3, 99361, Note_on_c, 0, 55, 80
3, 99595, Note_on_c, 0, 55, 0
3, 99839, Note_on_c, 0, 60, 80
3, 100083, Note_on_c, 0, 60, 0
3, 100313, Note_on_c, 0, 58, 80
3, 100556, Note_on_c, 0, 58, 0
3, 100804, Note_on_c, 0, 57, 80
3, 101034, Note_on_c, 0, 57, 0
3, 101041, Note_on_c, 0, 60, 82
3, 101278, Note_on_c, 0, 62, 83
3, 101282, Note_on_c, 0, 60, 0
3, 101516, Note_on_c, 0, 64, 85
3, 101517, Note_on_c, 0, 62, 0
3, 101755, Note_on_c, 0, 65, 86
3, 101773, Note_on_c, 0, 64, 0
3, 101988, Note_on_c, 0, 65, 0
3, 102239, Note_on_c, 0, 58, 89
3, 102470, Note_on_c, 0, 58, 0
3, 102724, Note_on_c, 0, 60, 92
3, 103204, Note_on_c, 0, 48, 95
3, 103441, Note_on_c, 0, 48, 0
3, 103669, Note_on_c, 0, 60, 0
3, 103677, Note_on_c, 0, 53, 97
3, 103917, Note_on_c, 0, 53, 0
3, 103921, Note_on_c, 0, 55, 99
3, 104158, Note_on_c, 0, 55, 0
3, 104161, Note_on_c, 0, 56, 99
3, 104402, Note_on_c, 0, 55, 98
3, 104404, Note_on_c, 0, 56, 0
3, 104648, Note_on_c, 0, 53, 97
3, 104650, Note_on_c, 0, 55, 0
3, 104883, Note_on_c, 0, 53, 0
3, 104885, Note_on_c, 0, 51, 97
3, 105122, Note_on_c, 0, 51, 0
3, 105123, Note_on_c, 0, 50, 96
3, 105353, Note_on_c, 0, 51, 96
3, 105355, Note_on_c, 0, 50, 0
3, 105597, Note_on_c, 0, 47, 95
3, 105606, Note_on_c, 0, 51, 0
3, 105839, Note_on_c, 0, 47, 0
3, 106079, Note_on_c, 0, 48, 94
3, 106330, Note_on_c, 0, 48, 0
3, 106568, Note_on_c, 0, 43, 92
3, 106815, Note_on_c, 0, 43, 0
3, 107042, Note_on_c, 0, 55, 91
3, 107281, Note_on_c, 0, 53, 92
3, 107291, Note_on_c, 0, 55, 0
3, 107527, Note_on_c, 0, 51, 93
3, 107529, Note_on_c, 0, 53, 0
3, 107762, Note_on_c, 0, 51, 0
3, 107995, Note_on_c, 0, 56, 95
3, 108238, Note_on_c, 0, 56, 0
3, 108472, Note_on_c, 0, 53, 97
3, 108718, Note_on_c, 0, 53, 0
3, 108955, Note_on_c, 0, 55, 99
3, 109208, Note_on_c, 0, 55, 0
3, 109442, Note_on_c, 0, 48, 102
3, 109688, Note_on_c, 0, 48, 0
3, 109923, Note_on_c, 0, 60, 104
3, 110158, Note_on_c, 0, 58, 105
3, 110165, Note_on_c, 0, 60, 0
3, 110396, Note_on_c, 0, 56, 106
3, 110416, Note_on_c, 0, 58, 0
3, 110628, Note_on_c, 0, 56, 0
3, 110876, Note_on_c, 0, 61, 108
3, 111113, Note_on_c, 0, 61, 0
3, 111358, Note_on_c, 0, 58, 110
3, 111599, Note_on_c, 0, 58, 0
3, 111838, Note_on_c, 0, 60, 112
3, 112078, Note_on_c, 0, 60, 0
3, 112316, Note_on_c, 0, 53, 114
3, 112558, Note_on_c, 0, 51, 115
3, 112565, Note_on_c, 0, 53, 0
3, 112794, Note_on_c, 0, 53, 115
3, 112796, Note_on_c, 0, 51, 0
3, 113035, Note_on_c, 0, 50, 115
3, 113044, Note_on_c, 0, 53, 0
3, 113276, Note_on_c, 0, 51, 115
3, 113286, Note_on_c, 0, 50, 0
3, 113523, Note_on_c, 0, 56, 115
3, 113539, Note_on_c, 0, 51, 0
3, 113761, Note_on_c, 0, 55, 115
3, 113770, Note_on_c, 0, 56, 0
3, 114000, Note_on_c, 0, 53, 115
3, 114005, Note_on_c, 0, 55, 0
3, 114243, Note_on_c, 0, 55, 111
3, 114246, Note_on_c, 0, 53, 0
3, 114472, Note_on_c, 0, 55, 0
3, 114721, Note_on_c, 0, 43, 99
3, 114954, Note_on_c, 0, 43, 0
3, 115204, Note_on_c, 0, 36, 86
3, 115457, Note_on_c, 0, 36, 0
3, 115689, Note_on_c, 0, 63, 83
3, 115925, Note_on_c, 0, 62, 83
3, 115927, Note_on_c, 0, 63, 0
3, 116158, Note_on_c, 0, 62, 0
3, 116170, Note_on_c, 0, 60, 83
3, 116407, Note_on_c, 0, 60, 0
3, 116410, Note_on_c, 0, 58, 83
3, 116648, Note_on_c, 0, 57, 83
3, 116650, Note_on_c, 0, 58, 0
3, 116885, Note_on_c, 0, 58, 83
3, 116892, Note_on_c, 0, 57, 0
3, 117124, Note_on_c, 0, 51, 83
3, 117126, Note_on_c, 0, 58, 0
3, 117355, Note_on_c, 0, 51, 0
3, 117603, Note_on_c, 0, 55, 83
3, 117844, Note_on_c, 0, 55, 0
3, 118082, Note_on_c, 0, 53, 83
3, 118322, Note_on_c, 0, 53, 0
3, 118561, Note_on_c, 0, 51, 83
3, 118803, Note_on_c, 0, 51, 0
3, 119042, Note_on_c, 0, 50, 84
3, 119282, Note_on_c, 0, 50, 0
3, 119517, Note_on_c, 0, 55, 89
3, 119764, Note_on_c, 0, 55, 0
3, 119999, Note_on_c, 0, 51, 95
3, 120235, Note_on_c, 0, 51, 0
3, 120478, Note_on_c, 0, 53, 101
3, 120712, Note_on_c, 0, 53, 0
3, 120958, Note_on_c, 0, 46, 107
3, 121200, Note_on_c, 0, 46, 0
3, 121441, Note_on_c, 0, 53, 109
3, 121677, Note_on_c, 0, 53, 0
3, 121925, Note_on_c, 0, 58, 109
3, 123116, Note_on_c, 0, 62, 95
3, 123117, Note_on_c, 0, 58, 0
3, 123361, Note_on_c, 0, 60, 98
3, 123371, Note_on_c, 0, 62, 0
3, 123594, Note_on_c, 0, 58, 102
3, 123602, Note_on_c, 0, 60, 0
3, 123838, Note_on_c, 0, 57, 106
3, 123939, Note_on_c, 0, 58, 0
3, 124081, Note_on_c, 0, 57, 0
3, 124326, Note_on_c, 0, 55, 101
3, 124557, Note_on_c, 0, 55, 0
3, 124806, Note_on_c, 0, 54, 93
3, 125992, Note_on_c, 0, 50, 100
3, 125999, Note_on_c, 0, 54, 0
3, 126227, Note_on_c, 0, 52, 103
3, 126236, Note_on_c, 0, 50, 0
3, 126474, Note_on_c, 0, 54, 105
3, 126494, Note_on_c, 0, 52, 0
3, 126719, Note_on_c, 0, 55, 107
3, 126733, Note_on_c, 0, 54, 0
3, 126951, Note_on_c, 0, 55, 0
3, 127195, Note_on_c, 0, 50, 109
3, 127432, Note_on_c, 0, 50, 0
3, 127683, Note_on_c, 0, 43, 109
3, 127936, Note_on_c, 0, 43, 0
3, 128677, Note_on_c, 0, 61, 109
3, 128786, Note_on_c, 0, 61, 0
3, 128812, Note_on_c, 0, 62, 107
3, 128897, Note_on_c, 0, 62, 0
3, 128909, Note_on_c, 0, 61, 106
3, 129682, Note_on_c, 0, 61, 0
3, 129839, Note_on_c, 0, 58, 92
3, 130082, Note_on_c, 0, 58, 0
3, 130086, Note_on_c, 0, 57, 92
3, 130317, Note_on_c, 0, 57, 0
3, 130319, Note_on_c, 0, 55, 93
3, 130556, Note_on_c, 0, 55, 0
3, 130559, Note_on_c, 0, 57, 94
3, 130798, Note_on_c, 0, 50, 94
3, 130801, Note_on_c, 0, 57, 0
3, 131032, Note_on_c, 0, 51, 95
3, 131046, Note_on_c, 0, 50, 0
3, 131270, Note_on_c, 0, 48, 96
3, 131279, Note_on_c, 0, 51, 0
3, 131515, Note_on_c, 0, 47, 96
3, 131525, Note_on_c, 0, 48, 0
3, 131756, Note_on_c, 0, 48, 97
3, 131774, Note_on_c, 0, 47, 0
3, 131989, Note_on_c, 0, 50, 98
3, 131998, Note_on_c, 0, 48, 0
3, 132239, Note_on_c, 0, 43, 98
3, 132242, Note_on_c, 0, 50, 0
3, 132485, Note_on_c, 0, 48, 99
3, 132489, Note_on_c, 0, 43, 0
3, 132721, Note_on_c, 0, 50, 100
3, 132727, Note_on_c, 0, 48, 0
3, 132963, Note_on_c, 0, 48, 100
3, 132973, Note_on_c, 0, 50, 0
3, 133199, Note_on_c, 0, 46, 101
3, 133204, Note_on_c, 0, 48, 0
3, 133437, Note_on_c, 0, 45, 102
3, 133451, Note_on_c, 0, 46, 0
3, 133682, Note_on_c, 0, 45, 0
3, 133911, Note_on_c, 0, 46, 103
3, 134154, Note_on_c, 0, 46, 0
3, 134401, Note_on_c, 0, 48, 104
3, 134640, Note_on_c, 0, 51, 105
3, 134649, Note_on_c, 0, 48, 0
3, 134877, Note_on_c, 0, 50, 106
3, 134887, Note_on_c, 0, 51, 0
3, 135111, Note_on_c, 0, 48, 106
3, 135115, Note_on_c, 0, 50, 0
3, 135350, Note_on_c, 0, 54, 107
3, 135363, Note_on_c, 0, 48, 0
3, 135592, Note_on_c, 0, 54, 0
3, 135836, Note_on_c, 0, 50, 108
3, 136074, Note_on_c, 0, 50, 0
3, 136315, Note_on_c, 0, 55, 109
3, 136556, Note_on_c, 0, 55, 0
3, 136801, Note_on_c, 0, 48, 110
3, 137035, Note_on_c, 0, 48, 0
3, 137278, Note_on_c, 0, 50, 111
3, 137518, Note_on_c, 0, 50, 0
3, 137761, Note_on_c, 0, 38, 112
3, 137986, Note_on_c, 0, 38, 0
3, 138246, Note_on_c, 0, 43, 113
3, 138726, Note_on_c, 0, 46, 106
3, 138848, Note_on_c, 0, 46, 0
3, 139203, Note_on_c, 0, 50, 99
3, 139323, Note_on_c, 0, 50, 0
3, 139683, Note_on_c, 0, 55, 92
3, 140625, Note_on_c, 0, 43, 0
3, 140626, Note_on_c, 0, 55, 0
3, 141126, Note_on_c, 0, 50, 75
3, 142092, Note_on_c, 0, 50, 0
3, 142319, Note_on_c, 0, 75, 75
3, 142559, Note_on_c, 0, 74, 75
3, 142573, Note_on_c, 0, 75, 0
3, 142790, Note_on_c, 0, 74, 0
3, 142793, Note_on_c, 0, 72, 75
3, 143033, Note_on_c, 0, 70, 75
3, 143037, Note_on_c, 0, 72, 0
3, 143270, Note_on_c, 0, 69, 75
3, 143287, Note_on_c, 0, 70, 0
3, 143512, Note_on_c, 0, 67, 75
3, 143515, Note_on_c, 0, 69, 0
3, 143744, Note_on_c, 0, 66, 76
3, 143757, Note_on_c, 0, 67, 0
3, 143988, Note_on_c, 0, 67, 76
3, 144008, Note_on_c, 0, 66, 0
3, 144248, Note_on_c, 0, 67, 0
3, 144475, Note_on_c, 0, 55, 76
3, 144717, Note_on_c, 0, 57, 76
3, 144729, Note_on_c, 0, 55, 0
3, 144956, Note_on_c, 0, 58, 76
3, 144964, Note_on_c, 0, 57, 0
3, 145206, Note_on_c, 0, 58, 0
3, 145441, Note_on_c, 0, 55, 76
3, 145675, Note_on_c, 0, 55, 0
3, 145919, Note_on_c, 0, 60, 76
3, 146163, Note_on_c, 0, 60, 0
3, 146393, Note_on_c, 0, 58, 76
3, 146636, Note_on_c, 0, 58, 0
3, 146884, Note_on_c, 0, 57, 77
3, 147114, Note_on_c, 0, 57, 0
3, 147121, Note_on_c, 0, 60, 79
3, 147358, Note_on_c, 0, 62, 80
3, 147362, Note_on_c, 0, 60, 0
3, 147596, Note_on_c, 0, 64, 81
3, 147597, Note_on_c, 0, 62, 0
3, 147835, Note_on_c, 0, 65, 82
3, 147853, Note_on_c, 0, 64, 0
3, 148068, Note_on_c, 0, 65, 0
3, 148319, Note_on_c, 0, 58, 85
3, 148550, Note_on_c, 0, 58, 0
3, 148804, Note_on_c, 0, 60, 88
3, 149284, Note_on_c, 0, 48, 91
3, 149521, Note_on_c, 0, 48, 0
3, 149749, Note_on_c, 0, 60, 0
3, 149757, Note_on_c, 0, 53, 94
3, 149997, Note_on_c, 0, 53, 0
3, 150001, Note_on_c, 0, 55, 96
3, 150238, Note_on_c, 0, 55, 0
3, 150241, Note_on_c, 0, 56, 96
3, 150482, Note_on_c, 0, 55, 95
3, 150484, Note_on_c, 0, 56, 0
3, 150728, Note_on_c, 0, 53, 94
3, 150730, Note_on_c, 0, 55, 0
3, 150963, Note_on_c, 0, 53, 0
3, 150965, Note_on_c, 0, 51, 94
3, 151202, Note_on_c, 0, 51, 0
3, 151203, Note_on_c, 0, 50, 93
3, 151433, Note_on_c, 0, 51, 93
3, 151435, Note_on_c, 0, 50, 0
3, 151677, Note_on_c, 0, 47, 92
3, 151686, Note_on_c, 0, 51, 0
3, 151919, Note_on_c, 0, 47, 0
3, 152159, Note_on_c, 0, 48, 91
3, 152410, Note_on_c, 0, 48, 0
3, 152648, Note_on_c, 0, 43, 90
3, 152895, Note_on_c, 0, 43, 0
3, 153122, Note_on_c, 0, 55, 89
3, 153361, Note_on_c, 0, 53, 90
3, 153371, Note_on_c, 0, 55, 0
3, 153607, Note_on_c, 0, 51, 91
3, 153609, Note_on_c, 0, 53, 0
3, 153842, Note_on_c, 0, 51, 0
3, 154075, Note_on_c, 0, 56, 93
3, 154318, Note_on_c, 0, 56, 0
3, 154552, Note_on_c, 0, 53, 95
3, 154798, Note_on_c, 0, 53, 0
3, 155035, Note_on_c, 0, 55, 97
3, 155288, Note_on_c, 0, 55, 0
3, 155522, Note_on_c, 0, 48, 100
3, 155768, Note_on_c, 0, 48, 0
3, 156003, Note_on_c, 0, 60, 102
3, 156238, Note_on_c, 0, 58, 103
3, 156245, Note_on_c, 0, 60, 0
3, 156476, Note_on_c, 0, 56, 104
3, 156496, Note_on_c, 0, 58, 0
3, 156708, Note_on_c, 0, 56, 0
3, 156956, Note_on_c, 0, 61, 106
3, 157193, Note_on_c, 0, 61, 0
3, 157438, Note_on_c, 0, 58, 108
3, 157679, Note_on_c, 0, 58, 0
3, 157918, Note_on_c, 0, 60, 110
3, 158158, Note_on_c, 0, 60, 0
3, 158396, Note_on_c, 0, 53, 112
3, 158638, Note_on_c, 0, 51, 115
3, 158645, Note_on_c, 0, 53, 0
3, 158874, Note_on_c, 0, 53, 115
3, 158876, Note_on_c, 0, 51, 0
3, 159115, Note_on_c, 0, 50, 115
3, 159124, Note_on_c, 0, 53, 0
3, 159356, Note_on_c, 0, 51, 115
3, 159366, Note_on_c, 0, 50, 0
3, 159603, Note_on_c, 0, 56, 115
3, 159619, Note_on_c, 0, 51, 0
3, 159841, Note_on_c, 0, 55, 115
3, 159850, Note_on_c, 0, 56, 0
3, 160080, Note_on_c, 0, 53, 115
3, 160085, Note_on_c, 0, 55, 0
3, 160323, Note_on_c, 0, 55, 111
3, 160326, Note_on_c, 0, 53, 0
3, 160552, Note_on_c, 0, 55, 0
3, 160801, Note_on_c, 0, 43, 99
3, 161034, Note_on_c, 0, 43, 0
3, 161284, Note_on_c, 0, 36, 86
3, 161537, Note_on_c, 0, 36, 0
3, 161769, Note_on_c, 0, 63, 83
3, 162005, Note_on_c, 0, 62, 83
3, 162007, Note_on_c, 0, 63, 0
3, 162238, Note_on_c, 0, 62, 0
3, 162250, Note_on_c, 0, 60, 83
3, 162487, Note_on_c, 0, 60, 0
3, 162490, Note_on_c, 0, 58, 83
3, 162728, Note_on_c, 0, 57, 83
3, 162730, Note_on_c, 0, 58, 0
3, 162965, Note_on_c, 0, 58, 83
3, 162972, Note_on_c, 0, 57, 0
3, 163204, Note_on_c, 0, 51, 83
3, 163206, Note_on_c, 0, 58, 0
3, 163435, Note_on_c, 0, 51, 0
3, 163683, Note_on_c, 0, 55, 83
3, 163924, Note_on_c, 0, 55, 0
3, 164162, Note_on_c, 0, 53, 83
3, 164402, Note_on_c, 0, 53, 0
3, 164641, Note_on_c, 0, 51, 83
3, 164883, Note_on_c, 0, 51, 0
3, 165122, Note_on_c, 0, 50, 84
3, 165362, Note_on_c, 0, 50, 0
3, 165597, Note_on_c, 0, 55, 89
3, 165844, Note_on_c, 0, 55, 0
3, 166079, Note_on_c, 0, 51, 95
3, 166315, Note_on_c, 0, 51, 0
3, 166558, Note_on_c, 0, 53, 101
3, 166792, Note_on_c, 0, 53, 0
3, 167038, Note_on_c, 0, 46, 107
3, 167280, Note_on_c, 0, 46, 0
3, 167521, Note_on_c, 0, 53, 109
3, 167757, Note_on_c, 0, 53, 0
3, 168005, Note_on_c, 0, 58, 109
3, 169196, Note_on_c, 0, 62, 95
3, 169197, Note_on_c, 0, 58, 0
3, 169441, Note_on_c, 0, 60, 98
3, 169451, Note_on_c, 0, 62, 0
3, 169674, Note_on_c, 0, 58, 102
3, 169682, Note_on_c, 0, 60, 0
3, 169918, Note_on_c, 0, 57, 106
3, 170019, Note_on_c, 0, 58, 0
3, 170161, Note_on_c, 0, 57, 0
3, 170406, Note_on_c, 0, 55, 101
3, 170637, Note_on_c, 0, 55, 0
3, 170886, Note_on_c, 0, 54, 93
3, 172072, Note_on_c, 0, 50, 100
3, 172079, Note_on_c, 0, 54, 0
3, 172307, Note_on_c, 0, 52, 103
3, 172316, Note_on_c, 0, 50, 0
3, 172554, Note_on_c, 0, 54, 105
3, 172574, Note_on_c, 0, 52, 0
3, 172799, Note_on_c, 0, 55, 107
3, 172813, Note_on_c, 0, 54, 0
3, 173031, Note_on_c, 0, 55, 0
3, 173275, Note_on_c, 0, 50, 109
3, 173512, Note_on_c, 0, 50, 0
3, 173763, Note_on_c, 0, 43, 109
3, 174016, Note_on_c, 0, 43, 0
3, 174757, Note_on_c, 0, 61, 109
3, 174866, Note_on_c, 0, 61, 0
3, 174892, Note_on_c, 0, 62, 107
3, 174977, Note_on_c, 0, 62, 0
3, 174989, Note_on_c, 0, 61, 106
3, 175762, Note_on_c, 0, 61, 0
3, 175919, Note_on_c, 0, 58, 92
3, 176162, Note_on_c, 0, 58, 0
3, 176166, Note_on_c, 0, 57, 92
3, 176397, Note_on_c, 0, 57, 0
3, 176399, Note_on_c, 0, 55, 93
3, 176636, Note_on_c, 0, 55, 0
3, 176639, Note_on_c, 0, 57, 94
3, 176878, Note_on_c, 0, 50, 94
3, 176881, Note_on_c, 0, 57, 0
3, 177112, Note_on_c, 0, 51, 95
3, 177126, Note_on_c, 0, 50, 0
3, 177350, Note_on_c, 0, 48, 96
3, 177359, Note_on_c, 0, 51, 0
3, 177595, Note_on_c, 0, 47, 96
3, 177605, Note_on_c, 0, 48, 0
3, 177836, Note_on_c, 0, 48, 97
3, 177854, Note_on_c, 0, 47, 0
3, 178069, Note_on_c, 0, 50, 98
3, 178078, Note_on_c, 0, 48, 0
3, 178319, Note_on_c, 0, 43, 99
3, 178322, Note_on_c, 0, 50, 0
3, 178565, Note_on_c, 0, 48, 101
3, 178569, Note_on_c, 0, 43, 0
3, 178801, Note_on_c, 0, 50, 103
3, 178807, Note_on_c, 0, 48, 0
3, 179043, Note_on_c, 0, 48, 103
3, 179053, Note_on_c, 0, 50, 0
3, 179279, Note_on_c, 0, 46, 104
3, 179284, Note_on_c, 0, 48, 0
3, 179517, Note_on_c, 0, 45, 106
3, 179531, Note_on_c, 0, 46, 0
3, 179762, Note_on_c, 0, 45, 0
3, 179991, Note_on_c, 0, 46, 108
3, 180234, Note_on_c, 0, 46, 0
3, 180481, Note_on_c, 0, 48, 109
3, 180720, Note_on_c, 0, 51, 111
3, 180729, Note_on_c, 0, 48, 0
3, 180957, Note_on_c, 0, 50, 113
3, 180967, Note_on_c, 0, 51, 0
3, 181191, Note_on_c, 0, 48, 113
3, 181195, Note_on_c, 0, 50, 0
3, 181430, Note_on_c, 0, 54, 114
3, 181443, Note_on_c, 0, 48, 0
3, 181672, Note_on_c, 0, 54, 0
3, 181916, Note_on_c, 0, 50, 116
3, 182154, Note_on_c, 0, 50, 0
3, 182395, Note_on_c, 0, 55, 118
3, 182636, Note_on_c, 0, 55, 0
3, 182881, Note_on_c, 0, 48, 120
3, 183115, Note_on_c, 0, 48, 0
3, 183358, Note_on_c, 0, 50, 124
3, 183598, Note_on_c, 0, 50, 0
3, 183841, Note_on_c, 0, 38, 125
3, 184066, Note_on_c, 0, 38, 0
3, 184326, Note_on_c, 0, 43, 126
3, 184806, Note_on_c, 0, 46, 120
3, 184928, Note_on_c, 0, 46, 0
3, 185283, Note_on_c, 0, 50, 112
3, 185403, Note_on_c, 0, 50, 0
3, 185763, Note_on_c, 0, 55, 103
3, 186705, Note_on_c, 0, 43, 0
3, 186706, Note_on_c, 0, 55, 0
3, 186706, End_track
0, 0, End_of_file
