0, 0, Header, 0, 1, 240
1, 0, Start_track
1, 0, Title_t, "--------"
1, 0, Time_signature, 1, 2, 24, 8
1, 0, Key_signature, 0, "major"
1, 0, Tempo, 500000
1, 0, Program_c, 0, 6
1, 0, Control_c, 0, 7, 105
1, 0, Control_c, 0, 10, 64
1, 0, Program_c, 0, 6
1, 0, Control_c, 0, 7, 105
1, 0, Control_c, 0, 10, 48
1, 0, Program_c, 0, 6
1, 0, Control_c, 0, 7, 105
1, 0, Control_c, 0, 10, 48
1, 336, Marker_t, "interpreted by (P) 1997 S.D. Rodrian  WTC Book1 Prelude & Fugue in f#m"
1, 2357, Control_c, 0, 10, 67
1, 2376, Control_c, 0, 10, 79
1, 2381, Control_c, 0, 10, 60
1, 2412, Control_c, 0, 10, 75
1, 2412, Control_c, 0, 10, 66
1, 2413, Control_c, 0, 10, 58
1, 2421, Program_c, 0, 0
1, 2424, Control_c, 0, 10, 55
1, 2451, Control_c, 0, 10, 74
1, 2452, Control_c, 0, 10, 59
1, 2470, Program_c, 0, 0
1, 2509, Program_c, 0, 0
1, 2654, Note_on_c, 0, 57, 107
1, 2656, Note_on_c, 0, 54, 107
1, 2778, Note_on_c, 0, 57, 0
1, 2778, Note_on_c, 0, 73, 104
1, 2904, Note_on_c, 0, 73, 0
1, 2904, Note_on_c, 0, 74, 104
1, 2904, Note_on_c, 0, 59, 107
1, 2967, Note_on_c, 0, 74, 0
1, 2967, Note_on_c, 0, 73, 104
1, 3030, Note_on_c, 0, 73, 0
1, 3031, Note_on_c, 0, 59, 0
1, 3031, Note_on_c, 0, 71, 104
1, 3092, Note_on_c, 0, 71, 0
1, 3092, Note_on_c, 0, 74, 104
1, 3153, Note_on_c, 0, 74, 0
1, 3154, Note_on_c, 0, 73, 104
1, 3154, Note_on_c, 0, 57, 107
1, 3215, Note_on_c, 0, 73, 0
1, 3215, Note_on_c, 0, 71, 104
1, 3276, Note_on_c, 0, 71, 0
1, 3276, Note_on_c, 0, 57, 0
1, 3277, Note_on_c, 0, 69, 104
1, 3337, Note_on_c, 0, 69, 0
1, 3338, Note_on_c, 0, 73, 104
1, 3399, Note_on_c, 0, 73, 0
1, 3399, Note_on_c, 0, 71, 104
1, 3400, Note_on_c, 0, 56, 107
1, 3461, Note_on_c, 0, 71, 0
1, 3462, Note_on_c, 0, 69, 104
1, 3524, Note_on_c, 0, 69, 0
1, 3524, Note_on_c, 0, 56, 0
1, 3525, Note_on_c, 0, 68, 104
1, 3585, Note_on_c, 0, 68, 0
1, 3586, Note_on_c, 0, 71, 104
1, 3637, Note_on_c, 0, 54, 0
1, 3648, Note_on_c, 0, 71, 0
1, 3648, Note_on_c, 0, 69, 104
1, 3648, Note_on_c, 0, 54, 107
1, 3649, Note_on_c, 0, 42, 107
1, 3710, Note_on_c, 0, 69, 0
1, 3711, Note_on_c, 0, 68, 104
1, 3773, Note_on_c, 0, 68, 0
1, 3773, Note_on_c, 0, 42, 0
1, 3773, Note_on_c, 0, 54, 0
1, 3774, Note_on_c, 0, 54, 107
1, 3774, Note_on_c, 0, 66, 107
1, 3836, Note_on_c, 0, 66, 0
1, 3837, Note_on_c, 0, 69, 104
1, 3899, Note_on_c, 0, 69, 0
1, 3899, Note_on_c, 0, 54, 0
1, 3900, Note_on_c, 0, 73, 104
1, 3900, Note_on_c, 0, 57, 107
1, 3960, Note_on_c, 0, 57, 0
1, 3960, Note_on_c, 0, 56, 107
1, 4022, Note_on_c, 0, 56, 0
1, 4023, Note_on_c, 0, 73, 0
1, 4023, Note_on_c, 0, 81, 92
1, 4024, Note_on_c, 0, 54, 107
1, 4085, Note_on_c, 0, 54, 0
1, 4085, Note_on_c, 0, 57, 107
1, 4146, Note_on_c, 0, 57, 0
1, 4147, Note_on_c, 0, 81, 0
1, 4147, Note_on_c, 0, 72, 104
1, 4148, Note_on_c, 0, 56, 107
1, 4209, Note_on_c, 0, 56, 0
1, 4209, Note_on_c, 0, 54, 107
1, 4270, Note_on_c, 0, 54, 0
1, 4271, Note_on_c, 0, 72, 0
1, 4271, Note_on_c, 0, 80, 92
1, 4272, Note_on_c, 0, 52, 107
1, 4332, Note_on_c, 0, 52, 0
1, 4332, Note_on_c, 0, 56, 107
1, 4393, Note_on_c, 0, 56, 0
1, 4393, Note_on_c, 0, 80, 0
1, 4394, Note_on_c, 0, 68, 104
1, 4394, Note_on_c, 0, 54, 107
1, 4454, Note_on_c, 0, 54, 0
1, 4455, Note_on_c, 0, 52, 107
1, 4517, Note_on_c, 0, 52, 0
1, 4517, Note_on_c, 0, 68, 0
1, 4518, Note_on_c, 0, 78, 92
1, 4518, Note_on_c, 0, 51, 107
1, 4578, Note_on_c, 0, 51, 0
1, 4579, Note_on_c, 0, 54, 107
1, 4640, Note_on_c, 0, 54, 0
1, 4640, Note_on_c, 0, 78, 0
1, 4641, Note_on_c, 0, 73, 104
1, 4641, Note_on_c, 0, 52, 107
1, 4700, Note_on_c, 0, 52, 0
1, 4701, Note_on_c, 0, 51, 107
1, 4762, Note_on_c, 0, 51, 0
1, 4762, Note_on_c, 0, 73, 0
1, 4763, Note_on_c, 0, 76, 104
1, 4763, Note_on_c, 0, 49, 107
1, 4822, Note_on_c, 0, 49, 0
1, 4823, Note_on_c, 0, 52, 107
1, 4883, Note_on_c, 0, 52, 0
1, 4883, Note_on_c, 0, 76, 0
1, 4884, Note_on_c, 0, 69, 104
1, 4884, Note_on_c, 0, 54, 107
1, 4943, Note_on_c, 0, 69, 0
1, 4944, Note_on_c, 0, 68, 104
1, 5004, Note_on_c, 0, 68, 0
1, 5004, Note_on_c, 0, 54, 0
1, 5004, Note_on_c, 0, 66, 107
1, 5005, Note_on_c, 0, 57, 107
1, 5064, Note_on_c, 0, 66, 0
1, 5064, Note_on_c, 0, 69, 104
1, 5124, Note_on_c, 0, 69, 0
1, 5125, Note_on_c, 0, 57, 0
1, 5125, Note_on_c, 0, 71, 104
1, 5126, Note_on_c, 0, 50, 107
1, 5185, Note_on_c, 0, 50, 0
1, 5185, Note_on_c, 0, 49, 107
1, 5245, Note_on_c, 0, 49, 0
1, 5246, Note_on_c, 0, 71, 0
1, 5246, Note_on_c, 0, 74, 104
1, 5247, Note_on_c, 0, 47, 107
1, 5306, Note_on_c, 0, 47, 0
1, 5306, Note_on_c, 0, 50, 107
1, 5366, Note_on_c, 0, 50, 0
1, 5367, Note_on_c, 0, 74, 0
1, 5367, Note_on_c, 0, 68, 104
1, 5368, Note_on_c, 0, 52, 107
1, 5426, Note_on_c, 0, 68, 0
1, 5426, Note_on_c, 0, 66, 107
1, 5486, Note_on_c, 0, 66, 0
1, 5487, Note_on_c, 0, 52, 0
1, 5487, Note_on_c, 0, 64, 107
1, 5488, Note_on_c, 0, 56, 107
1, 5547, Note_on_c, 0, 64, 0
1, 5547, Note_on_c, 0, 68, 104
1, 5607, Note_on_c, 0, 68, 0
1, 5608, Note_on_c, 0, 56, 0
1, 5608, Note_on_c, 0, 69, 104
1, 5609, Note_on_c, 0, 49, 107
1, 5668, Note_on_c, 0, 49, 0
1, 5668, Note_on_c, 0, 47, 107
1, 5728, Note_on_c, 0, 47, 0
1, 5729, Note_on_c, 0, 69, 0
1, 5729, Note_on_c, 0, 73, 104
1, 5730, Note_on_c, 0, 45, 107
1, 5788, Note_on_c, 0, 45, 0
1, 5788, Note_on_c, 0, 49, 107
1, 5849, Note_on_c, 0, 49, 0
1, 5849, Note_on_c, 0, 73, 0
1, 5849, Note_on_c, 0, 71, 104
1, 5850, Note_on_c, 0, 50, 107
1, 5908, Note_on_c, 0, 50, 0
1, 5908, Note_on_c, 0, 71, 0
1, 5909, Note_on_c, 0, 73, 104
1, 5909, Note_on_c, 0, 49, 107
1, 5969, Note_on_c, 0, 49, 0
1, 5969, Note_on_c, 0, 73, 0
1, 5969, Note_on_c, 0, 74, 104
1, 5970, Note_on_c, 0, 47, 107
1, 6028, Note_on_c, 0, 47, 0
1, 6029, Note_on_c, 0, 74, 0
1, 6029, Note_on_c, 0, 78, 92
1, 6029, Note_on_c, 0, 50, 107
1, 6089, Note_on_c, 0, 50, 0
1, 6089, Note_on_c, 0, 78, 0
1, 6090, Note_on_c, 0, 69, 104
1, 6090, Note_on_c, 0, 49, 107
1, 6148, Note_on_c, 0, 49, 0
1, 6149, Note_on_c, 0, 69, 0
1, 6149, Note_on_c, 0, 71, 104
1, 6149, Note_on_c, 0, 47, 107
1, 6209, Note_on_c, 0, 47, 0
1, 6209, Note_on_c, 0, 71, 0
1, 6210, Note_on_c, 0, 73, 104
1, 6210, Note_on_c, 0, 45, 107
1, 6268, Note_on_c, 0, 45, 0
1, 6268, Note_on_c, 0, 73, 0
1, 6269, Note_on_c, 0, 78, 92
1, 6270, Note_on_c, 0, 49, 107
1, 6329, Note_on_c, 0, 78, 0
1, 6329, Note_on_c, 0, 68, 104
1, 6330, Note_on_c, 0, 49, 0
1, 6330, Note_on_c, 0, 47, 107
1, 6388, Note_on_c, 0, 47, 0
1, 6389, Note_on_c, 0, 68, 0
1, 6389, Note_on_c, 0, 69, 104
1, 6390, Note_on_c, 0, 45, 107
1, 6449, Note_on_c, 0, 45, 0
1, 6449, Note_on_c, 0, 69, 0
1, 6450, Note_on_c, 0, 71, 104
1, 6450, Note_on_c, 0, 44, 107
1, 6508, Note_on_c, 0, 44, 0
1, 6509, Note_on_c, 0, 71, 0
1, 6509, Note_on_c, 0, 77, 92
1, 6510, Note_on_c, 0, 47, 107
1, 6569, Note_on_c, 0, 47, 0
1, 6569, Note_on_c, 0, 77, 0
1, 6570, Note_on_c, 0, 66, 107
1, 6570, Note_on_c, 0, 45, 107
1, 6629, Note_on_c, 0, 45, 0
1, 6630, Note_on_c, 0, 44, 107
1, 6690, Note_on_c, 0, 44, 0
1, 6690, Note_on_c, 0, 69, 104
1, 6691, Note_on_c, 0, 42, 107
1, 6693, Note_on_c, 0, 66, 0
1, 6750, Note_on_c, 0, 42, 0
1, 6751, Note_on_c, 0, 45, 107
1, 6811, Note_on_c, 0, 45, 0
1, 6811, Note_on_c, 0, 71, 104
1, 6812, Note_on_c, 0, 50, 107
1, 6814, Note_on_c, 0, 69, 0
1, 6871, Note_on_c, 0, 73, 104
1, 6873, Note_on_c, 0, 71, 0
1, 6932, Note_on_c, 0, 73, 0
1, 6932, Note_on_c, 0, 50, 0
1, 6933, Note_on_c, 0, 74, 104
1, 6933, Note_on_c, 0, 54, 107
1, 6992, Note_on_c, 0, 74, 0
1, 6993, Note_on_c, 0, 71, 104
1, 7053, Note_on_c, 0, 71, 0
1, 7053, Note_on_c, 0, 54, 0
1, 7054, Note_on_c, 0, 68, 104
1, 7054, Note_on_c, 0, 47, 107
1, 7113, Note_on_c, 0, 47, 0
1, 7114, Note_on_c, 0, 45, 107
1, 7174, Note_on_c, 0, 45, 0
1, 7174, Note_on_c, 0, 68, 0
1, 7175, Note_on_c, 0, 71, 104
1, 7175, Note_on_c, 0, 44, 107
1, 7234, Note_on_c, 0, 44, 0
1, 7235, Note_on_c, 0, 47, 107
1, 7294, Note_on_c, 0, 47, 0
1, 7294, Note_on_c, 0, 71, 0
1, 7295, Note_on_c, 0, 73, 104
1, 7295, Note_on_c, 0, 52, 107
1, 7354, Note_on_c, 0, 73, 0
1, 7355, Note_on_c, 0, 74, 104
1, 7414, Note_on_c, 0, 74, 0
1, 7414, Note_on_c, 0, 52, 0
1, 7415, Note_on_c, 0, 76, 104
1, 7415, Note_on_c, 0, 56, 107
1, 7475, Note_on_c, 0, 76, 0
1, 7475, Note_on_c, 0, 73, 104
1, 7534, Note_on_c, 0, 73, 0
1, 7534, Note_on_c, 0, 69, 104
1, 7535, Note_on_c, 0, 49, 107
1, 7538, Note_on_c, 0, 56, 0
1, 7595, Note_on_c, 0, 47, 107
1, 7597, Note_on_c, 0, 49, 0
1, 7656, Note_on_c, 0, 47, 0
1, 7656, Note_on_c, 0, 69, 0
1, 7656, Note_on_c, 0, 73, 104
1, 7657, Note_on_c, 0, 45, 107
1, 7716, Note_on_c, 0, 45, 0
1, 7716, Note_on_c, 0, 49, 107
1, 7776, Note_on_c, 0, 49, 0
1, 7777, Note_on_c, 0, 73, 0
1, 7777, Note_on_c, 0, 78, 92
1, 7778, Note_on_c, 0, 50, 107
1, 7837, Note_on_c, 0, 50, 0
1, 7837, Note_on_c, 0, 78, 0
1, 7838, Note_on_c, 0, 76, 104
1, 7838, Note_on_c, 0, 52, 107
1, 7897, Note_on_c, 0, 52, 0
1, 7898, Note_on_c, 0, 76, 0
1, 7898, Note_on_c, 0, 74, 104
1, 7899, Note_on_c, 0, 54, 107
1, 7958, Note_on_c, 0, 54, 0
1, 7958, Note_on_c, 0, 74, 0
1, 7959, Note_on_c, 0, 78, 92
1, 7959, Note_on_c, 0, 57, 107
1, 8018, Note_on_c, 0, 57, 0
1, 8019, Note_on_c, 0, 78, 0
1, 8019, Note_on_c, 0, 76, 104
1, 8020, Note_on_c, 0, 49, 107
1, 8079, Note_on_c, 0, 49, 0
1, 8079, Note_on_c, 0, 76, 0
1, 8080, Note_on_c, 0, 74, 104
1, 8080, Note_on_c, 0, 50, 107
1, 8138, Note_on_c, 0, 50, 0
1, 8139, Note_on_c, 0, 74, 0
1, 8139, Note_on_c, 0, 73, 104
1, 8140, Note_on_c, 0, 52, 107
1, 8199, Note_on_c, 0, 52, 0
1, 8199, Note_on_c, 0, 73, 0
1, 8200, Note_on_c, 0, 76, 104
1, 8200, Note_on_c, 0, 57, 107
1, 8259, Note_on_c, 0, 57, 0
1, 8259, Note_on_c, 0, 76, 0
1, 8259, Note_on_c, 0, 74, 104
1, 8260, Note_on_c, 0, 47, 107
1, 8319, Note_on_c, 0, 47, 0
1, 8320, Note_on_c, 0, 74, 0
1, 8320, Note_on_c, 0, 73, 104
1, 8320, Note_on_c, 0, 49, 107
1, 8379, Note_on_c, 0, 49, 0
1, 8380, Note_on_c, 0, 73, 0
1, 8380, Note_on_c, 0, 71, 104
1, 8381, Note_on_c, 0, 50, 107
1, 8439, Note_on_c, 0, 50, 0
1, 8440, Note_on_c, 0, 71, 0
1, 8440, Note_on_c, 0, 74, 104
1, 8440, Note_on_c, 0, 56, 107
1, 8500, Note_on_c, 0, 56, 0
1, 8500, Note_on_c, 0, 74, 0
1, 8501, Note_on_c, 0, 73, 104
1, 8501, Note_on_c, 0, 45, 107
1, 8559, Note_on_c, 0, 73, 0
1, 8559, Note_on_c, 0, 71, 104
1, 8619, Note_on_c, 0, 71, 0
1, 8619, Note_on_c, 0, 45, 0
1, 8619, Note_on_c, 0, 69, 104
1, 8620, Note_on_c, 0, 57, 107
1, 8678, Note_on_c, 0, 57, 0
1, 8679, Note_on_c, 0, 69, 0
1, 8679, Note_on_c, 0, 68, 104
1, 8680, Note_on_c, 0, 59, 107
1, 8738, Note_on_c, 0, 59, 0
1, 8738, Note_on_c, 0, 68, 0
1, 8739, Note_on_c, 0, 69, 104
1, 8739, Note_on_c, 0, 61, 107
1, 8797, Note_on_c, 0, 61, 0
1, 8798, Note_on_c, 0, 69, 0
1, 8798, Note_on_c, 0, 71, 104
1, 8799, Note_on_c, 0, 59, 107
1, 8857, Note_on_c, 0, 59, 0
1, 8857, Note_on_c, 0, 71, 0
1, 8858, Note_on_c, 0, 73, 104
1, 8858, Note_on_c, 0, 57, 107
1, 8917, Note_on_c, 0, 57, 0
1, 8918, Note_on_c, 0, 73, 0
1, 8918, Note_on_c, 0, 76, 104
1, 8919, Note_on_c, 0, 61, 107
1, 8977, Note_on_c, 0, 61, 0
1, 8977, Note_on_c, 0, 76, 0
1, 8978, Note_on_c, 0, 68, 104
1, 8978, Note_on_c, 0, 59, 107
1, 9037, Note_on_c, 0, 59, 0
1, 9038, Note_on_c, 0, 68, 0
1, 9038, Note_on_c, 0, 69, 104
1, 9039, Note_on_c, 0, 57, 107
1, 9097, Note_on_c, 0, 57, 0
1, 9097, Note_on_c, 0, 69, 0
1, 9098, Note_on_c, 0, 71, 104
1, 9098, Note_on_c, 0, 56, 107
1, 9157, Note_on_c, 0, 56, 0
1, 9158, Note_on_c, 0, 71, 0
1, 9158, Note_on_c, 0, 76, 104
1, 9159, Note_on_c, 0, 59, 107
1, 9217, Note_on_c, 0, 59, 0
1, 9217, Note_on_c, 0, 76, 0
1, 9218, Note_on_c, 0, 66, 107
1, 9218, Note_on_c, 0, 57, 107
1, 9277, Note_on_c, 0, 57, 0
1, 9278, Note_on_c, 0, 66, 0
1, 9278, Note_on_c, 0, 68, 104
1, 9279, Note_on_c, 0, 56, 107
1, 9337, Note_on_c, 0, 56, 0
1, 9337, Note_on_c, 0, 68, 0
1, 9338, Note_on_c, 0, 69, 104
1, 9338, Note_on_c, 0, 54, 107
1, 9397, Note_on_c, 0, 54, 0
1, 9398, Note_on_c, 0, 69, 0
1, 9398, Note_on_c, 0, 75, 104
1, 9399, Note_on_c, 0, 57, 107
1, 9457, Note_on_c, 0, 57, 0
1, 9457, Note_on_c, 0, 75, 0
1, 9458, Note_on_c, 0, 64, 107
1, 9458, Note_on_c, 0, 56, 107
1, 9516, Note_on_c, 0, 56, 0
1, 9517, Note_on_c, 0, 54, 107
1, 9576, Note_on_c, 0, 54, 0
1, 9576, Note_on_c, 0, 64, 0
1, 9577, Note_on_c, 0, 80, 92
1, 9577, Note_on_c, 0, 52, 107
1, 9636, Note_on_c, 0, 52, 0
1, 9636, Note_on_c, 0, 56, 107
1, 9695, Note_on_c, 0, 56, 0
1, 9696, Note_on_c, 0, 61, 107
1, 9755, Note_on_c, 0, 80, 0
1, 9755, Note_on_c, 0, 76, 104
1, 9814, Note_on_c, 0, 76, 0
1, 9815, Note_on_c, 0, 61, 0
1, 9815, Note_on_c, 0, 73, 104
1, 9816, Note_on_c, 0, 64, 107
1, 9874, Note_on_c, 0, 73, 0
1, 9874, Note_on_c, 0, 72, 104
1, 9933, Note_on_c, 0, 72, 0
1, 9934, Note_on_c, 0, 64, 0
1, 9934, Note_on_c, 0, 73, 104
1, 9935, Note_on_c, 0, 57, 107
1, 9993, Note_on_c, 0, 57, 0
1, 9993, Note_on_c, 0, 56, 107
1, 10052, Note_on_c, 0, 56, 0
1, 10053, Note_on_c, 0, 73, 0
1, 10053, Note_on_c, 0, 81, 92
1, 10054, Note_on_c, 0, 54, 107
1, 10112, Note_on_c, 0, 54, 0
1, 10112, Note_on_c, 0, 57, 107
1, 10171, Note_on_c, 0, 57, 0
1, 10172, Note_on_c, 0, 63, 107
1, 10231, Note_on_c, 0, 81, 0
1, 10231, Note_on_c, 0, 78, 92
1, 10291, Note_on_c, 0, 78, 0
1, 10292, Note_on_c, 0, 63, 0
1, 10292, Note_on_c, 0, 75, 104
1, 10293, Note_on_c, 0, 66, 107
1, 10351, Note_on_c, 0, 75, 0
1, 10351, Note_on_c, 0, 73, 104
1, 10411, Note_on_c, 0, 73, 0
1, 10412, Note_on_c, 0, 66, 0
1, 10412, Note_on_c, 0, 72, 104
1, 10413, Note_on_c, 0, 56, 107
1, 10471, Note_on_c, 0, 72, 0
1, 10471, Note_on_c, 0, 75, 104
1, 10531, Note_on_c, 0, 75, 0
1, 10532, Note_on_c, 0, 56, 0
1, 10532, Note_on_c, 0, 80, 92
1, 10533, Note_on_c, 0, 64, 107
1, 10591, Note_on_c, 0, 80, 0
1, 10591, Note_on_c, 0, 73, 104
1, 10651, Note_on_c, 0, 73, 0
1, 10652, Note_on_c, 0, 64, 0
1, 10652, Note_on_c, 0, 81, 92
1, 10653, Note_on_c, 0, 54, 107
1, 10711, Note_on_c, 0, 81, 0
1, 10712, Note_on_c, 0, 80, 92
1, 10772, Note_on_c, 0, 80, 0
1, 10772, Note_on_c, 0, 54, 0
1, 10773, Note_on_c, 0, 78, 92
1, 10773, Note_on_c, 0, 63, 107
1, 10831, Note_on_c, 0, 78, 0
1, 10832, Note_on_c, 0, 81, 92
1, 10891, Note_on_c, 0, 81, 0
1, 10891, Note_on_c, 0, 63, 0
1, 10891, Note_on_c, 0, 80, 92
1, 10892, Note_on_c, 0, 52, 107
1, 10950, Note_on_c, 0, 80, 0
1, 10950, Note_on_c, 0, 78, 92
1, 11010, Note_on_c, 0, 78, 0
1, 11010, Note_on_c, 0, 52, 0
1, 11011, Note_on_c, 0, 76, 104
1, 11011, Note_on_c, 0, 61, 107
1, 11070, Note_on_c, 0, 76, 0
1, 11071, Note_on_c, 0, 80, 92
1, 11130, Note_on_c, 0, 80, 0
1, 11130, Note_on_c, 0, 61, 0
1, 11131, Note_on_c, 0, 78, 92
1, 11131, Note_on_c, 0, 51, 107
1, 11190, Note_on_c, 0, 78, 0
1, 11191, Note_on_c, 0, 76, 104
1, 11251, Note_on_c, 0, 76, 0
1, 11251, Note_on_c, 0, 51, 0
1, 11252, Note_on_c, 0, 75, 104
1, 11252, Note_on_c, 0, 60, 107
1, 11311, Note_on_c, 0, 75, 0
1, 11312, Note_on_c, 0, 78, 92
1, 11372, Note_on_c, 0, 78, 0
1, 11372, Note_on_c, 0, 60, 0
1, 11373, Note_on_c, 0, 76, 104
1, 11373, Note_on_c, 0, 49, 107
1, 11432, Note_on_c, 0, 76, 0
1, 11433, Note_on_c, 0, 75, 104
1, 11492, Note_on_c, 0, 75, 0
1, 11492, Note_on_c, 0, 49, 0
1, 11493, Note_on_c, 0, 73, 104
1, 11493, Note_on_c, 0, 61, 107
1, 11552, Note_on_c, 0, 73, 0
1, 11553, Note_on_c, 0, 76, 104
1, 11612, Note_on_c, 0, 76, 0
1, 11612, Note_on_c, 0, 61, 0
1, 11613, Note_on_c, 0, 80, 92
1, 11613, Note_on_c, 0, 53, 107
1, 11672, Note_on_c, 0, 53, 0
1, 11673, Note_on_c, 0, 54, 107
1, 11732, Note_on_c, 0, 54, 0
1, 11732, Note_on_c, 0, 80, 0
1, 11733, Note_on_c, 0, 71, 104
1, 11733, Note_on_c, 0, 56, 107
1, 11791, Note_on_c, 0, 56, 0
1, 11792, Note_on_c, 0, 53, 107
1, 11851, Note_on_c, 0, 53, 0
1, 11851, Note_on_c, 0, 71, 0
1, 11852, Note_on_c, 0, 69, 104
1, 11852, Note_on_c, 0, 54, 107
1, 11910, Note_on_c, 0, 54, 0
1, 11911, Note_on_c, 0, 69, 0
1, 11911, Note_on_c, 0, 68, 104
1, 11912, Note_on_c, 0, 56, 107
1, 11969, Note_on_c, 0, 56, 0
1, 11969, Note_on_c, 0, 68, 0
1, 11970, Note_on_c, 0, 66, 107
1, 11970, Note_on_c, 0, 57, 107
1, 12027, Note_on_c, 0, 66, 0
1, 12028, Note_on_c, 0, 57, 0
1, 12028, Note_on_c, 0, 69, 104
1, 12029, Note_on_c, 0, 54, 107
1, 12087, Note_on_c, 0, 54, 0
1, 12087, Note_on_c, 0, 69, 0
1, 12088, Note_on_c, 0, 78, 92
1, 12088, Note_on_c, 0, 51, 107
1, 12147, Note_on_c, 0, 51, 0
1, 12148, Note_on_c, 0, 52, 107
1, 12207, Note_on_c, 0, 52, 0
1, 12207, Note_on_c, 0, 78, 0
1, 12208, Note_on_c, 0, 75, 104
1, 12208, Note_on_c, 0, 54, 107
1, 12267, Note_on_c, 0, 54, 0
1, 12268, Note_on_c, 0, 51, 107
1, 12327, Note_on_c, 0, 51, 0
1, 12328, Note_on_c, 0, 75, 0
1, 12328, Note_on_c, 0, 72, 104
1, 12328, Note_on_c, 0, 56, 107
1, 12387, Note_on_c, 0, 72, 0
1, 12388, Note_on_c, 0, 70, 104
1, 12447, Note_on_c, 0, 70, 0
1, 12447, Note_on_c, 0, 56, 0
1, 12448, Note_on_c, 0, 68, 104
1, 12448, Note_on_c, 0, 49, 107
1, 12507, Note_on_c, 0, 68, 0
1, 12508, Note_on_c, 0, 76, 104
1, 12567, Note_on_c, 0, 76, 0
1, 12567, Note_on_c, 0, 49, 0
1, 12568, Note_on_c, 0, 69, 104
1, 12568, Note_on_c, 0, 54, 107
1, 12627, Note_on_c, 0, 69, 0
1, 12628, Note_on_c, 0, 68, 104
1, 12687, Note_on_c, 0, 68, 0
1, 12687, Note_on_c, 0, 54, 0
1, 12688, Note_on_c, 0, 66, 107
1, 12688, Note_on_c, 0, 48, 107
1, 12747, Note_on_c, 0, 66, 0
1, 12748, Note_on_c, 0, 75, 104
1, 12807, Note_on_c, 0, 75, 0
1, 12807, Note_on_c, 0, 48, 0
1, 12808, Note_on_c, 0, 68, 104
1, 12808, Note_on_c, 0, 52, 107
1, 12867, Note_on_c, 0, 68, 0
1, 12868, Note_on_c, 0, 66, 107
1, 12927, Note_on_c, 0, 66, 0
1, 12927, Note_on_c, 0, 52, 0
1, 12928, Note_on_c, 0, 49, 107
1, 12928, Note_on_c, 0, 64, 107
1, 12987, Note_on_c, 0, 64, 0
1, 12988, Note_on_c, 0, 73, 104
1, 13047, Note_on_c, 0, 73, 0
1, 13047, Note_on_c, 0, 49, 0
1, 13048, Note_on_c, 0, 66, 107
1, 13049, Note_on_c, 0, 51, 107
1, 13107, Note_on_c, 0, 66, 0
1, 13108, Note_on_c, 0, 64, 107
1, 13167, Note_on_c, 0, 64, 0
1, 13167, Note_on_c, 0, 51, 0
1, 13168, Note_on_c, 0, 63, 107
1, 13168, Note_on_c, 0, 44, 107
1, 13228, Note_on_c, 0, 63, 0
1, 13228, Note_on_c, 0, 72, 104
1, 13287, Note_on_c, 0, 72, 0
1, 13288, Note_on_c, 0, 44, 0
1, 13288, Note_on_c, 0, 73, 104
1, 13288, Note_on_c, 0, 45, 107
1, 13348, Note_on_c, 0, 73, 0
1, 13348, Note_on_c, 0, 72, 104
1, 13408, Note_on_c, 0, 72, 0
1, 13409, Note_on_c, 0, 45, 0
1, 13409, Note_on_c, 0, 73, 104
1, 13410, Note_on_c, 0, 42, 107
1, 13469, Note_on_c, 0, 73, 0
1, 13469, Note_on_c, 0, 78, 92
1, 13529, Note_on_c, 0, 78, 0
1, 13530, Note_on_c, 0, 42, 0
1, 13530, Note_on_c, 0, 76, 104
1, 13531, Note_on_c, 0, 44, 107
1, 13551, Note_on_c, 0, 76, 0
1, 13551, Note_on_c, 0, 75, 104
1, 13574, Note_on_c, 0, 75, 0
1, 13574, Note_on_c, 0, 76, 104
1, 13590, Note_on_c, 0, 44, 0
1, 13590, Note_on_c, 0, 42, 107
1, 13596, Note_on_c, 0, 76, 0
1, 13596, Note_on_c, 0, 75, 104
1, 13619, Note_on_c, 0, 75, 0
1, 13619, Note_on_c, 0, 76, 104
1, 13641, Note_on_c, 0, 76, 0
1, 13641, Note_on_c, 0, 75, 104
1, 13650, Note_on_c, 0, 42, 0
1, 13651, Note_on_c, 0, 44, 107
1, 13697, Note_on_c, 0, 75, 0
1, 13711, Note_on_c, 0, 73, 104
1, 13762, Note_on_c, 0, 73, 0
1, 13771, Note_on_c, 0, 44, 0
1, 13772, Note_on_c, 0, 73, 104
1, 13772, Note_on_c, 0, 37, 107
1, 13892, Note_on_c, 0, 37, 0
1, 13893, Note_on_c, 0, 68, 104
1, 14014, Note_on_c, 0, 68, 0
1, 14015, Note_on_c, 0, 69, 104
1, 14015, Note_on_c, 0, 54, 107
1, 14075, Note_on_c, 0, 69, 0
1, 14075, Note_on_c, 0, 68, 104
1, 14135, Note_on_c, 0, 68, 0
1, 14136, Note_on_c, 0, 54, 0
1, 14136, Note_on_c, 0, 66, 107
1, 14196, Note_on_c, 0, 66, 0
1, 14196, Note_on_c, 0, 69, 104
1, 14256, Note_on_c, 0, 69, 0
1, 14256, Note_on_c, 0, 68, 104
1, 14257, Note_on_c, 0, 52, 107
1, 14316, Note_on_c, 0, 68, 0
1, 14316, Note_on_c, 0, 66, 107
1, 14376, Note_on_c, 0, 66, 0
1, 14376, Note_on_c, 0, 52, 0
1, 14377, Note_on_c, 0, 64, 107
1, 14436, Note_on_c, 0, 64, 0
1, 14437, Note_on_c, 0, 68, 104
1, 14497, Note_on_c, 0, 68, 0
1, 14497, Note_on_c, 0, 66, 107
1, 14498, Note_on_c, 0, 51, 107
1, 14557, Note_on_c, 0, 66, 0
1, 14558, Note_on_c, 0, 64, 107
1, 14617, Note_on_c, 0, 64, 0
1, 14617, Note_on_c, 0, 51, 0
1, 14618, Note_on_c, 0, 63, 107
1, 14677, Note_on_c, 0, 63, 0
1, 14678, Note_on_c, 0, 66, 107
1, 14737, Note_on_c, 0, 66, 0
1, 14737, Note_on_c, 0, 64, 107
1, 14738, Note_on_c, 0, 49, 107
1, 14797, Note_on_c, 0, 49, 0
1, 14798, Note_on_c, 0, 52, 107
1, 14857, Note_on_c, 0, 52, 0
1, 14857, Note_on_c, 0, 64, 0
1, 14858, Note_on_c, 0, 73, 0
1, 14858, Note_on_c, 0, 54, 107
1, 14916, Note_on_c, 0, 54, 0
1, 14917, Note_on_c, 0, 56, 107
1, 14976, Note_on_c, 0, 56, 0
1, 14976, Note_on_c, 0, 66, 107
1, 14977, Note_on_c, 0, 57, 107
1, 15036, Note_on_c, 0, 57, 0
1, 15036, Note_on_c, 0, 66, 0
1, 15036, Note_on_c, 0, 68, 104
1, 15037, Note_on_c, 0, 56, 107
1, 15095, Note_on_c, 0, 56, 0
1, 15096, Note_on_c, 0, 68, 0
1, 15096, Note_on_c, 0, 69, 104
1, 15096, Note_on_c, 0, 54, 107
1, 15154, Note_on_c, 0, 54, 0
1, 15154, Note_on_c, 0, 69, 0
1, 15155, Note_on_c, 0, 73, 104
1, 15155, Note_on_c, 0, 57, 107
1, 15214, Note_on_c, 0, 57, 0
1, 15214, Note_on_c, 0, 73, 0
1, 15214, Note_on_c, 0, 64, 107
1, 15215, Note_on_c, 0, 56, 107
1, 15273, Note_on_c, 0, 56, 0
1, 15273, Note_on_c, 0, 64, 0
1, 15274, Note_on_c, 0, 66, 107
1, 15274, Note_on_c, 0, 54, 107
1, 15332, Note_on_c, 0, 54, 0
1, 15333, Note_on_c, 0, 66, 0
1, 15333, Note_on_c, 0, 68, 104
1, 15334, Note_on_c, 0, 52, 107
1, 15392, Note_on_c, 0, 52, 0
1, 15393, Note_on_c, 0, 68, 0
1, 15393, Note_on_c, 0, 73, 104
1, 15393, Note_on_c, 0, 56, 107
1, 15452, Note_on_c, 0, 56, 0
1, 15452, Note_on_c, 0, 73, 0
1, 15452, Note_on_c, 0, 63, 107
1, 15453, Note_on_c, 0, 54, 107
1, 15511, Note_on_c, 0, 54, 0
1, 15512, Note_on_c, 0, 63, 0
1, 15512, Note_on_c, 0, 64, 107
1, 15512, Note_on_c, 0, 52, 107
1, 15571, Note_on_c, 0, 52, 0
1, 15571, Note_on_c, 0, 64, 0
1, 15571, Note_on_c, 0, 66, 107
1, 15572, Note_on_c, 0, 51, 107
1, 15630, Note_on_c, 0, 51, 0
1, 15631, Note_on_c, 0, 66, 0
1, 15631, Note_on_c, 0, 72, 104
1, 15632, Note_on_c, 0, 54, 107
1, 15690, Note_on_c, 0, 54, 0
1, 15690, Note_on_c, 0, 72, 0
1, 15691, Note_on_c, 0, 73, 104
1, 15691, Note_on_c, 0, 52, 107
1, 15749, Note_on_c, 0, 52, 0
1, 15750, Note_on_c, 0, 51, 107
1, 15809, Note_on_c, 0, 51, 0
1, 15809, Note_on_c, 0, 73, 0
1, 15810, Note_on_c, 0, 49, 107
1, 15810, Note_on_c, 0, 61, 107
1, 15868, Note_on_c, 0, 49, 0
1, 15869, Note_on_c, 0, 47, 107
1, 15928, Note_on_c, 0, 47, 0
1, 15928, Note_on_c, 0, 61, 0
1, 15929, Note_on_c, 0, 73, 104
1, 15929, Note_on_c, 0, 66, 107
1, 15930, Note_on_c, 0, 64, 107
1, 15930, Note_on_c, 0, 46, 107
1, 15987, Note_on_c, 0, 46, 0
1, 15988, Note_on_c, 0, 47, 107
1, 16047, Note_on_c, 0, 47, 0
1, 16047, Note_on_c, 0, 64, 0
1, 16048, Note_on_c, 0, 66, 0
1, 16048, Note_on_c, 0, 73, 0
1, 16049, Note_on_c, 0, 49, 107
1, 16106, Note_on_c, 0, 49, 0
1, 16107, Note_on_c, 0, 46, 107
1, 16166, Note_on_c, 0, 46, 0
1, 16166, Note_on_c, 0, 74, 104
1, 16167, Note_on_c, 0, 66, 107
1, 16167, Note_on_c, 0, 62, 107
1, 16168, Note_on_c, 0, 47, 107
1, 16226, Note_on_c, 0, 47, 0
1, 16227, Note_on_c, 0, 49, 107
1, 16286, Note_on_c, 0, 49, 0
1, 16286, Note_on_c, 0, 62, 0
1, 16287, Note_on_c, 0, 66, 0
1, 16287, Note_on_c, 0, 74, 0
1, 16288, Note_on_c, 0, 50, 107
1, 16345, Note_on_c, 0, 50, 0
1, 16346, Note_on_c, 0, 47, 107
1, 16405, Note_on_c, 0, 47, 0
1, 16405, Note_on_c, 0, 70, 104
1, 16406, Note_on_c, 0, 61, 107
1, 16406, Note_on_c, 0, 49, 107
1, 16407, Note_on_c, 0, 64, 107
1, 16464, Note_on_c, 0, 49, 0
1, 16465, Note_on_c, 0, 50, 107
1, 16524, Note_on_c, 0, 50, 0
1, 16524, Note_on_c, 0, 64, 0
1, 16525, Note_on_c, 0, 61, 0
1, 16525, Note_on_c, 0, 70, 0
1, 16526, Note_on_c, 0, 52, 107
1, 16584, Note_on_c, 0, 52, 0
1, 16584, Note_on_c, 0, 49, 107
1, 16644, Note_on_c, 0, 49, 0
1, 16644, Note_on_c, 0, 71, 104
1, 16645, Note_on_c, 0, 66, 107
1, 16645, Note_on_c, 0, 50, 107
1, 16646, Note_on_c, 0, 59, 107
1, 16704, Note_on_c, 0, 71, 0
1, 16704, Note_on_c, 0, 69, 104
1, 16764, Note_on_c, 0, 69, 0
1, 16764, Note_on_c, 0, 59, 0
1, 16765, Note_on_c, 0, 50, 0
1, 16765, Note_on_c, 0, 66, 0
1, 16766, Note_on_c, 0, 68, 104
1, 16824, Note_on_c, 0, 68, 0
1, 16824, Note_on_c, 0, 66, 107
1, 16884, Note_on_c, 0, 66, 0
1, 16884, Note_on_c, 0, 68, 104
1, 16885, Note_on_c, 0, 64, 107
1, 16885, Note_on_c, 0, 62, 107
1, 16944, Note_on_c, 0, 68, 0
1, 16944, Note_on_c, 0, 69, 104
1, 17003, Note_on_c, 0, 69, 0
1, 17004, Note_on_c, 0, 62, 0
1, 17004, Note_on_c, 0, 64, 0
1, 17004, Note_on_c, 0, 71, 104
1, 17063, Note_on_c, 0, 71, 0
1, 17063, Note_on_c, 0, 68, 104
1, 17122, Note_on_c, 0, 68, 0
1, 17123, Note_on_c, 0, 69, 104
1, 17123, Note_on_c, 0, 66, 107
1, 17124, Note_on_c, 0, 61, 107
1, 17182, Note_on_c, 0, 69, 0
1, 17182, Note_on_c, 0, 71, 104
1, 17241, Note_on_c, 0, 71, 0
1, 17242, Note_on_c, 0, 61, 0
1, 17242, Note_on_c, 0, 66, 0
1, 17243, Note_on_c, 0, 73, 104
1, 17300, Note_on_c, 0, 73, 0
1, 17300, Note_on_c, 0, 69, 104
1, 17359, Note_on_c, 0, 69, 0
1, 17360, Note_on_c, 0, 71, 104
1, 17360, Note_on_c, 0, 68, 104
1, 17361, Note_on_c, 0, 59, 107
1, 17418, Note_on_c, 0, 71, 0
1, 17418, Note_on_c, 0, 73, 104
1, 17477, Note_on_c, 0, 73, 0
1, 17478, Note_on_c, 0, 59, 0
1, 17478, Note_on_c, 0, 68, 0
1, 17479, Note_on_c, 0, 74, 104
1, 17537, Note_on_c, 0, 74, 0
1, 17537, Note_on_c, 0, 71, 104
1, 17597, Note_on_c, 0, 71, 0
1, 17597, Note_on_c, 0, 69, 104
1, 17597, Note_on_c, 0, 73, 104
1, 17598, Note_on_c, 0, 57, 107
1, 17656, Note_on_c, 0, 57, 0
1, 17657, Note_on_c, 0, 73, 0
1, 17657, Note_on_c, 0, 69, 0
1, 17657, Note_on_c, 0, 71, 104
1, 17658, Note_on_c, 0, 59, 107
1, 17715, Note_on_c, 0, 59, 0
1, 17716, Note_on_c, 0, 71, 0
1, 17716, Note_on_c, 0, 69, 104
1, 17717, Note_on_c, 0, 61, 107
1, 17775, Note_on_c, 0, 61, 0
1, 17776, Note_on_c, 0, 69, 0
1, 17776, Note_on_c, 0, 68, 104
1, 17776, Note_on_c, 0, 57, 107
1, 17834, Note_on_c, 0, 57, 0
1, 17834, Note_on_c, 0, 68, 0
1, 17834, Note_on_c, 0, 66, 107
1, 17835, Note_on_c, 0, 62, 107
1, 17892, Note_on_c, 0, 66, 0
1, 17893, Note_on_c, 0, 76, 104
1, 17953, Note_on_c, 0, 76, 0
1, 17953, Note_on_c, 0, 62, 0
1, 17953, Note_on_c, 0, 74, 104
1, 17954, Note_on_c, 0, 54, 107
1, 18012, Note_on_c, 0, 74, 0
1, 18013, Note_on_c, 0, 73, 104
1, 18072, Note_on_c, 0, 73, 0
1, 18072, Note_on_c, 0, 54, 0
1, 18073, Note_on_c, 0, 71, 104
1, 18073, Note_on_c, 0, 56, 107
1, 18132, Note_on_c, 0, 56, 0
1, 18132, Note_on_c, 0, 71, 0
1, 18132, Note_on_c, 0, 69, 104
1, 18133, Note_on_c, 0, 57, 107
1, 18191, Note_on_c, 0, 57, 0
1, 18192, Note_on_c, 0, 69, 0
1, 18192, Note_on_c, 0, 68, 104
1, 18192, Note_on_c, 0, 59, 107
1, 18250, Note_on_c, 0, 59, 0
1, 18250, Note_on_c, 0, 68, 0
1, 18251, Note_on_c, 0, 66, 107
1, 18251, Note_on_c, 0, 56, 107
1, 18309, Note_on_c, 0, 56, 0
1, 18310, Note_on_c, 0, 66, 0
1, 18310, Note_on_c, 0, 65, 107
1, 18311, Note_on_c, 0, 61, 107
1, 18368, Note_on_c, 0, 65, 0
1, 18368, Note_on_c, 0, 74, 104
1, 18427, Note_on_c, 0, 74, 0
1, 18428, Note_on_c, 0, 61, 0
1, 18428, Note_on_c, 0, 73, 104
1, 18429, Note_on_c, 0, 53, 107
1, 18487, Note_on_c, 0, 73, 0
1, 18487, Note_on_c, 0, 71, 104
1, 18546, Note_on_c, 0, 71, 0
1, 18547, Note_on_c, 0, 53, 0
1, 18547, Note_on_c, 0, 69, 104
1, 18548, Note_on_c, 0, 54, 107
1, 18606, Note_on_c, 0, 54, 0
1, 18606, Note_on_c, 0, 69, 0
1, 18607, Note_on_c, 0, 68, 104
1, 18607, Note_on_c, 0, 42, 107
1, 18664, Note_on_c, 0, 42, 0
1, 18665, Note_on_c, 0, 68, 0
1, 18665, Note_on_c, 0, 66, 107
1, 18666, Note_on_c, 0, 44, 107
1, 18724, Note_on_c, 0, 44, 0
1, 18724, Note_on_c, 0, 66, 0
1, 18725, Note_on_c, 0, 64, 107
1, 18725, Note_on_c, 0, 45, 107
1, 18782, Note_on_c, 0, 45, 0
1, 18783, Note_on_c, 0, 64, 0
1, 18783, Note_on_c, 0, 62, 107
1, 18784, Note_on_c, 0, 47, 107
1, 18842, Note_on_c, 0, 47, 0
1, 18842, Note_on_c, 0, 62, 0
1, 18843, Note_on_c, 0, 69, 104
1, 18843, Note_on_c, 0, 49, 107
1, 18900, Note_on_c, 0, 49, 0
1, 18901, Note_on_c, 0, 69, 0
1, 18901, Note_on_c, 0, 68, 104
1, 18902, Note_on_c, 0, 50, 107
1, 18959, Note_on_c, 0, 50, 0
1, 18960, Note_on_c, 0, 68, 0
1, 18960, Note_on_c, 0, 66, 107
1, 18960, Note_on_c, 0, 47, 107
1, 19018, Note_on_c, 0, 47, 0
1, 19018, Note_on_c, 0, 66, 0
1, 19019, Note_on_c, 0, 65, 107
1, 19019, Note_on_c, 0, 49, 107
1, 19076, Note_on_c, 0, 65, 0
1, 19077, Note_on_c, 0, 63, 107
1, 19135, Note_on_c, 0, 63, 0
1, 19135, Note_on_c, 0, 61, 107
1, 19194, Note_on_c, 0, 49, 0
1, 19195, Note_on_c, 0, 59, 107
1, 19253, Note_on_c, 0, 59, 0
1, 19253, Note_on_c, 0, 61, 0
1, 19254, Note_on_c, 0, 57, 107
1, 19312, Note_on_c, 0, 57, 0
1, 19313, Note_on_c, 0, 71, 104
1, 19313, Note_on_c, 0, 56, 107
1, 19372, Note_on_c, 0, 56, 0
1, 19372, Note_on_c, 0, 71, 0
1, 19373, Note_on_c, 0, 69, 104
1, 19373, Note_on_c, 0, 54, 107
1, 19431, Note_on_c, 0, 54, 0
1, 19432, Note_on_c, 0, 69, 0
1, 19432, Note_on_c, 0, 68, 104
1, 19433, Note_on_c, 0, 53, 107
1, 19491, Note_on_c, 0, 53, 0
1, 19491, Note_on_c, 0, 68, 0
1, 19492, Note_on_c, 0, 69, 104
1, 19492, Note_on_c, 0, 54, 107
1, 19549, Note_on_c, 0, 54, 0
1, 19550, Note_on_c, 0, 69, 0
1, 19550, Note_on_c, 0, 71, 104
1, 19551, Note_on_c, 0, 56, 107
1, 19609, Note_on_c, 0, 56, 0
1, 19609, Note_on_c, 0, 71, 0
1, 19610, Note_on_c, 0, 73, 104
1, 19610, Note_on_c, 0, 57, 107
1, 19668, Note_on_c, 0, 57, 0
1, 19668, Note_on_c, 0, 73, 0
1, 19668, Note_on_c, 0, 74, 104
1, 19669, Note_on_c, 0, 54, 107
1, 19727, Note_on_c, 0, 54, 0
1, 19728, Note_on_c, 0, 74, 0
1, 19728, Note_on_c, 0, 73, 95
1, 19728, Note_on_c, 0, 66, 107
1, 19729, Note_on_c, 0, 62, 107
1, 19749, Note_on_c, 0, 73, 0
1, 19750, Note_on_c, 0, 71, 95
1, 19770, Note_on_c, 0, 71, 0
1, 19771, Note_on_c, 0, 73, 95
1, 19792, Note_on_c, 0, 73, 0
1, 19793, Note_on_c, 0, 71, 95
1, 19814, Note_on_c, 0, 71, 0
1, 19815, Note_on_c, 0, 73, 95
1, 19837, Note_on_c, 0, 73, 0
1, 19837, Note_on_c, 0, 71, 98
1, 19846, Note_on_c, 0, 62, 0
1, 19847, Note_on_c, 0, 50, 107
1, 19893, Note_on_c, 0, 71, 0
1, 19907, Note_on_c, 0, 73, 104
1, 19958, Note_on_c, 0, 73, 0
1, 19967, Note_on_c, 0, 50, 0
1, 19968, Note_on_c, 0, 66, 0
1, 19968, Note_on_c, 0, 73, 104
1, 19968, Note_on_c, 0, 65, 107
1, 19969, Note_on_c, 0, 49, 107
1, 20089, Note_on_c, 0, 49, 0
1, 20089, Note_on_c, 0, 65, 0
1, 20090, Note_on_c, 0, 73, 0
1, 20090, Note_on_c, 0, 61, 107
1, 20211, Note_on_c, 0, 61, 0
1, 20212, Note_on_c, 0, 68, 104
1, 20212, Note_on_c, 0, 71, 104
1, 20212, Note_on_c, 0, 76, 104
1, 20213, Note_on_c, 0, 62, 107
1, 20272, Note_on_c, 0, 62, 0
1, 20272, Note_on_c, 0, 61, 107
1, 20332, Note_on_c, 0, 76, 0
1, 20333, Note_on_c, 0, 68, 0
1, 20333, Note_on_c, 0, 71, 0
1, 20333, Note_on_c, 0, 59, 107
1, 20338, Note_on_c, 0, 61, 0
1, 20393, Note_on_c, 0, 62, 107
1, 20398, Note_on_c, 0, 59, 0
1, 20452, Note_on_c, 0, 69, 104
1, 20453, Note_on_c, 0, 73, 104
1, 20453, Note_on_c, 0, 78, 92
1, 20454, Note_on_c, 0, 61, 107
1, 20459, Note_on_c, 0, 62, 0
1, 20513, Note_on_c, 0, 59, 107
1, 20518, Note_on_c, 0, 61, 0
1, 20572, Note_on_c, 0, 78, 0
1, 20573, Note_on_c, 0, 69, 0
1, 20573, Note_on_c, 0, 73, 0
1, 20574, Note_on_c, 0, 57, 107
1, 20579, Note_on_c, 0, 59, 0
1, 20633, Note_on_c, 0, 61, 107
1, 20639, Note_on_c, 0, 57, 0
1, 20692, Note_on_c, 0, 59, 107
1, 20693, Note_on_c, 0, 65, 107
1, 20699, Note_on_c, 0, 61, 0
1, 20703, Note_on_c, 0, 73, 104
1, 20712, Note_on_c, 0, 80, 92
1, 20752, Note_on_c, 0, 57, 107
1, 20759, Note_on_c, 0, 59, 0
1, 20811, Note_on_c, 0, 80, 0
1, 20812, Note_on_c, 0, 65, 0
1, 20812, Note_on_c, 0, 73, 0
1, 20813, Note_on_c, 0, 56, 107
1, 20818, Note_on_c, 0, 57, 0
1, 20872, Note_on_c, 0, 59, 107
1, 20878, Note_on_c, 0, 56, 0
1, 20931, Note_on_c, 0, 57, 107
1, 20937, Note_on_c, 0, 59, 0
1, 20991, Note_on_c, 0, 73, 102
1, 20991, Note_on_c, 0, 56, 107
1, 20998, Note_on_c, 0, 57, 0
1, 21051, Note_on_c, 0, 78, 90
1, 21052, Note_on_c, 0, 54, 107
1, 21057, Note_on_c, 0, 56, 0
1, 21058, Note_on_c, 0, 73, 0
1, 21110, Note_on_c, 0, 76, 102
1, 21110, Note_on_c, 0, 57, 107
1, 21117, Note_on_c, 0, 78, 0
1, 21117, Note_on_c, 0, 54, 0
1, 21169, Note_on_c, 0, 74, 102
1, 21170, Note_on_c, 0, 59, 107
1, 21175, Note_on_c, 0, 57, 0
1, 21176, Note_on_c, 0, 76, 0
1, 21229, Note_on_c, 0, 73, 102
1, 21229, Note_on_c, 0, 57, 107
1, 21235, Note_on_c, 0, 74, 0
1, 21235, Note_on_c, 0, 59, 0
1, 21288, Note_on_c, 0, 71, 102
1, 21289, Note_on_c, 0, 56, 107
1, 21294, Note_on_c, 0, 57, 0
1, 21295, Note_on_c, 0, 73, 0
1, 21348, Note_on_c, 0, 74, 102
1, 21348, Note_on_c, 0, 59, 107
1, 21355, Note_on_c, 0, 71, 0
1, 21355, Note_on_c, 0, 56, 0
1, 21408, Note_on_c, 0, 73, 102
1, 21409, Note_on_c, 0, 57, 107
1, 21414, Note_on_c, 0, 59, 0
1, 21415, Note_on_c, 0, 74, 0
1, 21468, Note_on_c, 0, 71, 102
1, 21468, Note_on_c, 0, 56, 107
1, 21475, Note_on_c, 0, 73, 0
1, 21475, Note_on_c, 0, 57, 0
1, 21528, Note_on_c, 0, 69, 102
1, 21529, Note_on_c, 0, 54, 107
1, 21534, Note_on_c, 0, 56, 0
1, 21535, Note_on_c, 0, 71, 0
1, 21589, Note_on_c, 0, 73, 102
1, 21589, Note_on_c, 0, 57, 107
1, 21595, Note_on_c, 0, 69, 0
1, 21595, Note_on_c, 0, 54, 0
1, 21649, Note_on_c, 0, 71, 102
1, 21650, Note_on_c, 0, 56, 107
1, 21655, Note_on_c, 0, 57, 0
1, 21656, Note_on_c, 0, 73, 0
1, 21710, Note_on_c, 0, 69, 102
1, 21710, Note_on_c, 0, 54, 107
1, 21716, Note_on_c, 0, 56, 0
1, 21717, Note_on_c, 0, 71, 0
1, 21770, Note_on_c, 0, 68, 102
1, 21771, Note_on_c, 0, 53, 107
1, 21776, Note_on_c, 0, 54, 0
1, 21777, Note_on_c, 0, 69, 0
1, 21830, Note_on_c, 0, 71, 102
1, 21830, Note_on_c, 0, 56, 107
1, 21836, Note_on_c, 0, 68, 0
1, 21836, Note_on_c, 0, 53, 0
1, 21890, Note_on_c, 0, 56, 0
1, 21891, Note_on_c, 0, 69, 104
1, 21891, Note_on_c, 0, 54, 107
1, 21896, Note_on_c, 0, 71, 0
1, 21950, Note_on_c, 0, 71, 104
1, 21956, Note_on_c, 0, 69, 0
1, 22009, Note_on_c, 0, 54, 0
1, 22009, Note_on_c, 0, 73, 104
1, 22009, Note_on_c, 0, 45, 107
1, 22014, Note_on_c, 0, 71, 0
1, 22067, Note_on_c, 0, 45, 0
1, 22068, Note_on_c, 0, 73, 0
1, 22068, Note_on_c, 0, 74, 104
1, 22068, Note_on_c, 0, 47, 107
1, 22127, Note_on_c, 0, 47, 0
1, 22127, Note_on_c, 0, 74, 0
1, 22128, Note_on_c, 0, 65, 107
1, 22128, Note_on_c, 0, 49, 107
1, 22185, Note_on_c, 0, 49, 0
1, 22186, Note_on_c, 0, 65, 0
1, 22186, Note_on_c, 0, 74, 104
1, 22187, Note_on_c, 0, 47, 107
1, 22245, Note_on_c, 0, 47, 0
1, 22246, Note_on_c, 0, 74, 0
1, 22246, Note_on_c, 0, 73, 104
1, 22246, Note_on_c, 0, 45, 107
1, 22305, Note_on_c, 0, 45, 0
1, 22305, Note_on_c, 0, 73, 0
1, 22305, Note_on_c, 0, 71, 104
1, 22306, Note_on_c, 0, 44, 107
1, 22365, Note_on_c, 0, 44, 0
1, 22366, Note_on_c, 0, 71, 0
1, 22366, Note_on_c, 0, 69, 104
1, 22366, Note_on_c, 0, 42, 107
1, 22424, Note_on_c, 0, 69, 0
1, 22425, Note_on_c, 0, 68, 104
1, 22485, Note_on_c, 0, 68, 0
1, 22485, Note_on_c, 0, 42, 0
1, 22486, Note_on_c, 0, 69, 104
1, 22487, Note_on_c, 0, 47, 107
1, 22545, Note_on_c, 0, 69, 0
1, 22545, Note_on_c, 0, 66, 107
1, 22596, Note_on_c, 0, 66, 0
1, 22605, Note_on_c, 0, 47, 0
1, 22606, Note_on_c, 0, 66, 107
1, 22606, Note_on_c, 0, 49, 107
1, 22627, Note_on_c, 0, 66, 0
1, 22627, Note_on_c, 0, 65, 107
1, 22649, Note_on_c, 0, 65, 0
1, 22649, Note_on_c, 0, 66, 107
1, 22671, Note_on_c, 0, 66, 0
1, 22671, Note_on_c, 0, 65, 107
1, 22693, Note_on_c, 0, 65, 0
1, 22693, Note_on_c, 0, 66, 107
1, 22716, Note_on_c, 0, 66, 0
1, 22716, Note_on_c, 0, 65, 107
1, 22725, Note_on_c, 0, 49, 0
1, 22726, Note_on_c, 0, 37, 107
1, 22780, Note_on_c, 0, 65, 0
1, 22787, Note_on_c, 0, 66, 107
1, 22836, Note_on_c, 0, 66, 0
1, 22845, Note_on_c, 0, 37, 0
1, 22846, Note_on_c, 0, 66, 107
1, 22846, Note_on_c, 0, 42, 107
1, 22906, Note_on_c, 0, 57, 107
1, 22966, Note_on_c, 0, 57, 0
1, 22967, Note_on_c, 0, 42, 0
1, 22967, Note_on_c, 0, 59, 107
1, 23027, Note_on_c, 0, 59, 0
1, 23027, Note_on_c, 0, 61, 107
1, 23086, Note_on_c, 0, 61, 0
1, 23087, Note_on_c, 0, 62, 107
1, 23087, Note_on_c, 0, 47, 107
1, 23147, Note_on_c, 0, 62, 0
1, 23147, Note_on_c, 0, 61, 107
1, 23207, Note_on_c, 0, 61, 0
1, 23208, Note_on_c, 0, 47, 0
1, 23208, Note_on_c, 0, 59, 107
1, 23268, Note_on_c, 0, 59, 0
1, 23268, Note_on_c, 0, 62, 107
1, 23328, Note_on_c, 0, 62, 0
1, 23328, Note_on_c, 0, 61, 107
1, 23329, Note_on_c, 0, 45, 107
1, 23388, Note_on_c, 0, 61, 0
1, 23388, Note_on_c, 0, 59, 107
1, 23448, Note_on_c, 0, 59, 0
1, 23448, Note_on_c, 0, 45, 0
1, 23449, Note_on_c, 0, 57, 107
1, 23508, Note_on_c, 0, 57, 0
1, 23508, Note_on_c, 0, 61, 107
1, 23567, Note_on_c, 0, 61, 0
1, 23568, Note_on_c, 0, 59, 107
1, 23568, Note_on_c, 0, 44, 107
1, 23627, Note_on_c, 0, 59, 0
1, 23627, Note_on_c, 0, 57, 107
1, 23686, Note_on_c, 0, 57, 0
1, 23687, Note_on_c, 0, 44, 0
1, 23687, Note_on_c, 0, 56, 107
1, 23746, Note_on_c, 0, 56, 0
1, 23746, Note_on_c, 0, 59, 107
1, 23805, Note_on_c, 0, 59, 0
1, 23806, Note_on_c, 0, 57, 107
1, 23806, Note_on_c, 0, 42, 107
1, 23864, Note_on_c, 0, 42, 0
1, 23864, Note_on_c, 0, 45, 107
1, 23923, Note_on_c, 0, 45, 0
1, 23924, Note_on_c, 0, 57, 0
1, 23924, Note_on_c, 0, 66, 0
1, 23925, Note_on_c, 0, 47, 107
1, 23982, Note_on_c, 0, 47, 0
1, 23982, Note_on_c, 0, 49, 107
1, 24041, Note_on_c, 0, 49, 0
1, 24042, Note_on_c, 0, 59, 107
1, 24042, Note_on_c, 0, 50, 107
1, 24101, Note_on_c, 0, 50, 0
1, 24101, Note_on_c, 0, 59, 0
1, 24102, Note_on_c, 0, 61, 107
1, 24102, Note_on_c, 0, 49, 107
1, 24159, Note_on_c, 0, 49, 0
1, 24160, Note_on_c, 0, 61, 0
1, 24160, Note_on_c, 0, 62, 107
1, 24161, Note_on_c, 0, 47, 107
1, 24219, Note_on_c, 0, 47, 0
1, 24219, Note_on_c, 0, 62, 0
1, 24220, Note_on_c, 0, 50, 107
1, 24220, Note_on_c, 0, 66, 107
1, 24278, Note_on_c, 0, 50, 0
1, 24279, Note_on_c, 0, 66, 0
1, 24279, Note_on_c, 0, 57, 107
1, 24280, Note_on_c, 0, 49, 107
1, 24339, Note_on_c, 0, 49, 0
1, 24339, Note_on_c, 0, 57, 0
1, 24340, Note_on_c, 0, 59, 107
1, 24340, Note_on_c, 0, 47, 107
1, 24399, Note_on_c, 0, 47, 0
1, 24400, Note_on_c, 0, 59, 0
1, 24400, Note_on_c, 0, 61, 107
1, 24401, Note_on_c, 0, 45, 107
1, 24459, Note_on_c, 0, 45, 0
1, 24460, Note_on_c, 0, 61, 0
1, 24460, Note_on_c, 0, 66, 107
1, 24461, Note_on_c, 0, 49, 107
1, 24521, Note_on_c, 0, 49, 0
1, 24521, Note_on_c, 0, 66, 0
1, 24521, Note_on_c, 0, 56, 107
1, 24522, Note_on_c, 0, 47, 107
1, 24582, Note_on_c, 0, 47, 0
1, 24583, Note_on_c, 0, 56, 0
1, 24583, Note_on_c, 0, 57, 107
1, 24583, Note_on_c, 0, 45, 107
1, 24644, Note_on_c, 0, 45, 0
1, 24644, Note_on_c, 0, 57, 0
1, 24645, Note_on_c, 0, 59, 107
1, 24645, Note_on_c, 0, 44, 107
1, 24705, Note_on_c, 0, 44, 0
1, 24706, Note_on_c, 0, 59, 0
1, 24706, Note_on_c, 0, 65, 107
1, 24706, Note_on_c, 0, 47, 107
1, 24768, Note_on_c, 0, 47, 0
1, 24768, Note_on_c, 0, 65, 0
1, 24768, Note_on_c, 0, 66, 107
1, 24768, Note_on_c, 0, 45, 107
1, 24832, Note_on_c, 0, 62, 107
1, 24896, Note_on_c, 0, 62, 0
1, 24897, Note_on_c, 0, 45, 0
1, 24897, Note_on_c, 0, 61, 107
1, 24898, Note_on_c, 0, 47, 101
1, 24964, Note_on_c, 0, 61, 0
1, 24965, Note_on_c, 0, 59, 107
1, 25032, Note_on_c, 0, 59, 0
1, 25032, Note_on_c, 0, 47, 0
1, 25032, Note_on_c, 0, 49, 99
1, 25033, Note_on_c, 0, 57, 99
1, 25091, Note_on_c, 0, 66, 0
1, 25104, Note_on_c, 0, 66, 107
1, 25175, Note_on_c, 0, 57, 0
1, 25175, Note_on_c, 0, 49, 0
1, 25176, Note_on_c, 0, 56, 99
1, 25176, Note_on_c, 0, 37, 101
1, 25263, Note_on_c, 0, 66, 0
1, 25263, Note_on_c, 0, 65, 107
1, 25359, Note_on_c, 0, 65, 0
1, 25359, Note_on_c, 0, 37, 0
1, 25360, Note_on_c, 0, 56, 0
1, 25360, Note_on_c, 0, 66, 87
1, 25361, Note_on_c, 0, 61, 87
1, 25361, Note_on_c, 0, 58, 87
1, 25362, Note_on_c, 0, 42, 87
1, 26563, Note_on_c, 0, 42, 0
1, 26563, Note_on_c, 0, 61, 0
1, 26564, Note_on_c, 0, 58, 0
1, 26564, Note_on_c, 0, 66, 0
1, 26796, Marker_t, "Copyright 1997 (P) S.D.Rodrian -  NOT to be reproduced or sold sans permission !"
1, 27343, Note_on_c, 0, 54, 107
1, 27637, Note_on_c, 0, 54, 0
1, 27638, Note_on_c, 0, 56, 107
1, 27931, Note_on_c, 0, 56, 0
1, 27932, Note_on_c, 0, 57, 107
1, 28852, Note_on_c, 0, 57, 0
1, 28852, Note_on_c, 0, 56, 107
1, 28998, Note_on_c, 0, 56, 0
1, 28998, Note_on_c, 0, 58, 107
1, 29143, Note_on_c, 0, 58, 0
1, 29144, Note_on_c, 0, 59, 107
1, 29721, Note_on_c, 0, 59, 0
1, 29722, Note_on_c, 0, 58, 107
1, 29865, Note_on_c, 0, 58, 0
1, 29866, Note_on_c, 0, 56, 107
1, 30009, Note_on_c, 0, 56, 0
1, 30010, Note_on_c, 0, 58, 107
1, 30153, Note_on_c, 0, 58, 0
1, 30154, Note_on_c, 0, 60, 107
1, 30297, Note_on_c, 0, 60, 0
1, 30298, Note_on_c, 0, 61, 107
1, 30734, Note_on_c, 0, 61, 0
1, 30734, Note_on_c, 0, 59, 107
1, 30879, Note_on_c, 0, 59, 0
1, 30879, Note_on_c, 0, 57, 107
1, 31025, Note_on_c, 0, 57, 0
1, 31025, Note_on_c, 0, 61, 107
1, 31170, Note_on_c, 0, 61, 0
1, 31170, Note_on_c, 0, 59, 107
1, 31316, Note_on_c, 0, 59, 0
1, 31317, Note_on_c, 0, 57, 107
1, 31449, Note_on_c, 0, 57, 0
1, 31461, Note_on_c, 0, 57, 101
1, 31498, Note_on_c, 0, 57, 0
1, 31498, Note_on_c, 0, 56, 101
1, 31534, Note_on_c, 0, 56, 0
1, 31534, Note_on_c, 0, 57, 101
1, 31571, Note_on_c, 0, 57, 0
1, 31571, Note_on_c, 0, 56, 101
1, 31596, Marker_t, "This file may be freely distributed on the WWW, as long as it's not modified. SDR"
1, 31607, Note_on_c, 0, 56, 0
1, 31608, Note_on_c, 0, 57, 101
1, 31644, Note_on_c, 0, 57, 0
1, 31644, Note_on_c, 0, 56, 101
1, 31680, Note_on_c, 0, 56, 0
1, 31680, Note_on_c, 0, 57, 101
1, 31716, Note_on_c, 0, 57, 0
1, 31717, Note_on_c, 0, 56, 101
1, 32044, Note_on_c, 0, 56, 0
1, 32044, Note_on_c, 0, 54, 107
1, 32338, Note_on_c, 0, 61, 107
1, 32631, Note_on_c, 0, 61, 0
1, 32632, Note_on_c, 0, 63, 107
1, 32926, Note_on_c, 0, 63, 0
1, 32926, Note_on_c, 0, 54, 0
1, 32926, Note_on_c, 0, 64, 107
1, 33072, Note_on_c, 0, 61, 107
1, 33219, Note_on_c, 0, 61, 0
1, 33219, Note_on_c, 0, 61, 107
1, 33366, Note_on_c, 0, 61, 0
1, 33366, Note_on_c, 0, 59, 107
1, 33513, Note_on_c, 0, 59, 0
1, 33513, Note_on_c, 0, 59, 107
1, 33660, Note_on_c, 0, 59, 0
1, 33661, Note_on_c, 0, 58, 107
1, 33808, Note_on_c, 0, 58, 0
1, 33808, Note_on_c, 0, 58, 107
1, 33954, Note_on_c, 0, 58, 0
1, 33954, Note_on_c, 0, 59, 107
1, 34102, Note_on_c, 0, 59, 0
1, 34102, Note_on_c, 0, 64, 0
1, 34103, Note_on_c, 0, 59, 107
1, 34103, Note_on_c, 0, 63, 107
1, 34248, Note_on_c, 0, 63, 0
1, 34249, Note_on_c, 0, 59, 0
1, 34249, Note_on_c, 0, 65, 107
1, 34249, Note_on_c, 0, 57, 107
1, 34395, Note_on_c, 0, 65, 0
1, 34396, Note_on_c, 0, 57, 0
1, 34396, Note_on_c, 0, 57, 107
1, 34397, Note_on_c, 0, 66, 107
1, 34542, Note_on_c, 0, 57, 0
1, 34543, Note_on_c, 0, 56, 107
1, 34689, Note_on_c, 0, 56, 0
1, 34690, Note_on_c, 0, 56, 107
1, 34981, Note_on_c, 0, 66, 0
1, 34981, Note_on_c, 0, 65, 107
1, 35127, Note_on_c, 0, 65, 0
1, 35127, Note_on_c, 0, 63, 107
1, 35272, Note_on_c, 0, 63, 0
1, 35272, Note_on_c, 0, 65, 107
1, 35418, Note_on_c, 0, 65, 0
1, 35418, Note_on_c, 0, 56, 0
1, 35419, Note_on_c, 0, 67, 107
1, 35419, Note_on_c, 0, 58, 107
1, 35563, Note_on_c, 0, 58, 0
1, 35563, Note_on_c, 0, 67, 0
1, 35564, Note_on_c, 0, 68, 99
1, 35565, Note_on_c, 0, 60, 107
1, 35711, Note_on_c, 0, 60, 0
1, 35711, Note_on_c, 0, 61, 107
1, 35857, Note_on_c, 0, 61, 0
1, 35858, Note_on_c, 0, 63, 107
1, 36004, Note_on_c, 0, 68, 0
1, 36005, Note_on_c, 0, 66, 107
1, 36151, Note_on_c, 0, 66, 0
1, 36152, Note_on_c, 0, 63, 0
1, 36152, Note_on_c, 0, 56, 107
1, 36153, Note_on_c, 0, 64, 107
1, 36297, Note_on_c, 0, 64, 0
1, 36297, Note_on_c, 0, 68, 99
1, 36384, Marker_t, "SDRodrian@aol.com  626 Lalor Trenton NJ 08611 http://members.aol.com/sdrodrian"
1, 36443, Note_on_c, 0, 68, 0
1, 36443, Note_on_c, 0, 56, 0
1, 36443, Note_on_c, 0, 61, 107
1, 36444, Note_on_c, 0, 66, 107
1, 36588, Note_on_c, 0, 66, 0
1, 36588, Note_on_c, 0, 64, 107
1, 36721, Note_on_c, 0, 64, 0
1, 36733, Note_on_c, 0, 64, 94
1, 36770, Note_on_c, 0, 64, 0
1, 36770, Note_on_c, 0, 63, 94
1, 36806, Note_on_c, 0, 63, 0
1, 36807, Note_on_c, 0, 64, 94
1, 36843, Note_on_c, 0, 64, 0
1, 36843, Note_on_c, 0, 63, 94
1, 36879, Note_on_c, 0, 63, 0
1, 36880, Note_on_c, 0, 64, 94
1, 36916, Note_on_c, 0, 64, 0
1, 36916, Note_on_c, 0, 63, 94
1, 36952, Note_on_c, 0, 63, 0
1, 36953, Note_on_c, 0, 64, 94
1, 36988, Note_on_c, 0, 64, 0
1, 36988, Note_on_c, 0, 63, 94
1, 37024, Note_on_c, 0, 61, 0
1, 37025, Note_on_c, 0, 60, 107
1, 37315, Note_on_c, 0, 60, 0
1, 37316, Note_on_c, 0, 63, 0
1, 37316, Note_on_c, 0, 61, 107
1, 37461, Note_on_c, 0, 64, 107
1, 37606, Note_on_c, 0, 64, 0
1, 37607, Note_on_c, 0, 66, 107
1, 37752, Note_on_c, 0, 66, 0
1, 37752, Note_on_c, 0, 61, 0
1, 37753, Note_on_c, 0, 68, 99
1, 37753, Note_on_c, 0, 59, 107
1, 37897, Note_on_c, 0, 59, 0
1, 37897, Note_on_c, 0, 68, 0
1, 37898, Note_on_c, 0, 69, 99
1, 37898, Note_on_c, 0, 61, 107
1, 38042, Note_on_c, 0, 61, 0
1, 38042, Note_on_c, 0, 63, 107
1, 38186, Note_on_c, 0, 63, 0
1, 38186, Note_on_c, 0, 64, 107
1, 38330, Note_on_c, 0, 69, 0
1, 38330, Note_on_c, 0, 66, 107
1, 38474, Note_on_c, 0, 66, 0
1, 38474, Note_on_c, 0, 68, 99
1, 38618, Note_on_c, 0, 68, 0
1, 38619, Note_on_c, 0, 64, 0
1, 38619, Note_on_c, 0, 70, 99
1, 38619, Note_on_c, 0, 61, 107
1, 38762, Note_on_c, 0, 61, 0
1, 38762, Note_on_c, 0, 70, 0
1, 38763, Note_on_c, 0, 71, 99
1, 38764, Note_on_c, 0, 63, 107
1, 38906, Note_on_c, 0, 63, 0
1, 38907, Note_on_c, 0, 65, 107
1, 39050, Note_on_c, 0, 65, 0
1, 39051, Note_on_c, 0, 66, 107
1, 39195, Note_on_c, 0, 71, 0
1, 39196, Note_on_c, 0, 71, 99
1, 39341, Note_on_c, 0, 71, 0
1, 39342, Note_on_c, 0, 66, 0
1, 39342, Note_on_c, 0, 71, 99
1, 39343, Note_on_c, 0, 61, 107
1, 39343, Note_on_c, 0, 42, 107
1, 39486, Note_on_c, 0, 71, 0
1, 39487, Note_on_c, 0, 69, 99
1, 39632, Note_on_c, 0, 69, 0
1, 39633, Note_on_c, 0, 42, 0
1, 39633, Note_on_c, 0, 61, 0
1, 39634, Note_on_c, 0, 69, 99
1, 39634, Note_on_c, 0, 59, 107
1, 39635, Note_on_c, 0, 44, 107
1, 39777, Note_on_c, 0, 69, 0
1, 39778, Note_on_c, 0, 68, 99
1, 39923, Note_on_c, 0, 68, 0
1, 39924, Note_on_c, 0, 44, 0
1, 39924, Note_on_c, 0, 59, 0
1, 39924, Note_on_c, 0, 68, 99
1, 39925, Note_on_c, 0, 61, 107
1, 39925, Note_on_c, 0, 45, 107
1, 40069, Note_on_c, 0, 68, 0
1, 40069, Note_on_c, 0, 66, 107
1, 40214, Note_on_c, 0, 66, 0
1, 40214, Note_on_c, 0, 61, 0
1, 40215, Note_on_c, 0, 66, 107
1, 40215, Note_on_c, 0, 57, 107
1, 40360, Note_on_c, 0, 66, 0
1, 40360, Note_on_c, 0, 64, 107
1, 40505, Note_on_c, 0, 64, 0
1, 40505, Note_on_c, 0, 57, 0
1, 40506, Note_on_c, 0, 64, 107
1, 40506, Note_on_c, 0, 54, 107
1, 40651, Note_on_c, 0, 64, 0
1, 40651, Note_on_c, 0, 63, 107
1, 40796, Note_on_c, 0, 63, 0
1, 40797, Note_on_c, 0, 54, 0
1, 40797, Note_on_c, 0, 59, 107
1, 40797, Note_on_c, 0, 63, 107
1, 40942, Note_on_c, 0, 63, 0
1, 40943, Note_on_c, 0, 64, 107
1, 41087, Note_on_c, 0, 64, 0
1, 41088, Note_on_c, 0, 45, 0
1, 41088, Note_on_c, 0, 64, 107
1, 41088, Note_on_c, 0, 44, 107
1, 41231, Note_on_c, 0, 44, 0
1, 41232, Note_on_c, 0, 64, 0
1, 41232, Note_on_c, 0, 62, 107
1, 41232, Note_on_c, 0, 46, 107
1, 41375, Note_on_c, 0, 46, 0
1, 41376, Note_on_c, 0, 62, 0
1, 41376, Note_on_c, 0, 62, 107
1, 41376, Note_on_c, 0, 47, 107
1, 41448, Marker_t, "1121 Deutz Ave Trenton NJ 08611 http://www.geocities.com/Paris/LeftBank/3214"
1, 41519, Note_on_c, 0, 62, 0
1, 41520, Note_on_c, 0, 61, 107
1, 41662, Note_on_c, 0, 61, 0
1, 41663, Note_on_c, 0, 59, 0
1, 41663, Note_on_c, 0, 53, 107
1, 41664, Note_on_c, 0, 61, 107
1, 41805, Note_on_c, 0, 53, 0
1, 41806, Note_on_c, 0, 49, 107
1, 41947, Note_on_c, 0, 49, 0
1, 41948, Note_on_c, 0, 47, 0
1, 41948, Note_on_c, 0, 54, 107
1, 41949, Note_on_c, 0, 46, 107
1, 42090, Note_on_c, 0, 46, 0
1, 42091, Note_on_c, 0, 44, 107
1, 42232, Note_on_c, 0, 44, 0
1, 42233, Note_on_c, 0, 54, 0
1, 42233, Note_on_c, 0, 61, 0
1, 42234, Note_on_c, 0, 61, 107
1, 42234, Note_on_c, 0, 46, 107
1, 42376, Note_on_c, 0, 46, 0
1, 42377, Note_on_c, 0, 63, 107
1, 42377, Note_on_c, 0, 48, 107
1, 42520, Note_on_c, 0, 48, 0
1, 42521, Note_on_c, 0, 63, 0
1, 42521, Note_on_c, 0, 65, 107
1, 42522, Note_on_c, 0, 49, 107
1, 42665, Note_on_c, 0, 65, 0
1, 42666, Note_on_c, 0, 61, 0
1, 42666, Note_on_c, 0, 63, 107
1, 42667, Note_on_c, 0, 66, 107
1, 42811, Note_on_c, 0, 66, 0
1, 42812, Note_on_c, 0, 63, 0
1, 42812, Note_on_c, 0, 68, 107
1, 42813, Note_on_c, 0, 65, 107
1, 42956, Note_on_c, 0, 49, 0
1, 42957, Note_on_c, 0, 47, 107
1, 43102, Note_on_c, 0, 47, 0
1, 43102, Note_on_c, 0, 65, 0
1, 43102, Note_on_c, 0, 68, 0
1, 43103, Note_on_c, 0, 66, 107
1, 43103, Note_on_c, 0, 61, 107
1, 43104, Note_on_c, 0, 45, 107
1, 43246, Note_on_c, 0, 45, 0
1, 43247, Note_on_c, 0, 66, 0
1, 43247, Note_on_c, 0, 49, 107
1, 43248, Note_on_c, 0, 64, 107
1, 43391, Note_on_c, 0, 64, 0
1, 43391, Note_on_c, 0, 49, 0
1, 43391, Note_on_c, 0, 61, 0
1, 43392, Note_on_c, 0, 66, 107
1, 43392, Note_on_c, 0, 62, 107
1, 43392, Note_on_c, 0, 47, 107
1, 43535, Note_on_c, 0, 47, 0
1, 43535, Note_on_c, 0, 62, 0
1, 43536, Note_on_c, 0, 61, 107
1, 43536, Note_on_c, 0, 45, 107
1, 43666, Note_on_c, 0, 45, 0
1, 43679, Note_on_c, 0, 61, 0
1, 43679, Note_on_c, 0, 59, 107
1, 43680, Note_on_c, 0, 45, 107
1, 43714, Note_on_c, 0, 45, 0
1, 43715, Note_on_c, 0, 44, 107
1, 43751, Note_on_c, 0, 44, 0
1, 43751, Note_on_c, 0, 45, 107
1, 43786, Note_on_c, 0, 45, 0
1, 43787, Note_on_c, 0, 44, 107
1, 43822, Note_on_c, 0, 44, 0
1, 43822, Note_on_c, 0, 45, 107
1, 43857, Note_on_c, 0, 45, 0
1, 43858, Note_on_c, 0, 44, 107
1, 43893, Note_on_c, 0, 44, 0
1, 43893, Note_on_c, 0, 45, 107
1, 43928, Note_on_c, 0, 45, 0
1, 43929, Note_on_c, 0, 44, 107
1, 43964, Note_on_c, 0, 66, 0
1, 43964, Note_on_c, 0, 65, 107
1, 44249, Note_on_c, 0, 65, 0
1, 44249, Note_on_c, 0, 44, 0
1, 44250, Note_on_c, 0, 66, 107
1, 44250, Note_on_c, 0, 42, 107
1, 44395, Note_on_c, 0, 59, 0
1, 44395, Note_on_c, 0, 57, 107
1, 44540, Note_on_c, 0, 57, 0
1, 44540, Note_on_c, 0, 59, 107
1, 44686, Note_on_c, 0, 59, 0
1, 44686, Note_on_c, 0, 42, 0
1, 44687, Note_on_c, 0, 61, 107
1, 44687, Note_on_c, 0, 40, 107
1, 44831, Note_on_c, 0, 40, 0
1, 44831, Note_on_c, 0, 61, 0
1, 44832, Note_on_c, 0, 62, 107
1, 44832, Note_on_c, 0, 42, 107
1, 44975, Note_on_c, 0, 42, 0
1, 44975, Note_on_c, 0, 44, 107
1, 45118, Note_on_c, 0, 44, 0
1, 45118, Note_on_c, 0, 66, 0
1, 45119, Note_on_c, 0, 64, 107
1, 45119, Note_on_c, 0, 45, 107
1, 45260, Note_on_c, 0, 62, 0
1, 45260, Note_on_c, 0, 61, 107
1, 45403, Note_on_c, 0, 61, 0
1, 45404, Note_on_c, 0, 64, 0
1, 45404, Note_on_c, 0, 63, 107
1, 45404, Note_on_c, 0, 66, 107
1, 45545, Note_on_c, 0, 66, 0
1, 45546, Note_on_c, 0, 63, 0
1, 45546, Note_on_c, 0, 68, 107
1, 45546, Note_on_c, 0, 65, 107
1, 45689, Note_on_c, 0, 65, 0
1, 45690, Note_on_c, 0, 68, 0
1, 45690, Note_on_c, 0, 69, 107
1, 45690, Note_on_c, 0, 66, 107
1, 45833, Note_on_c, 0, 45, 0
1, 45834, Note_on_c, 0, 47, 107
1, 45977, Note_on_c, 0, 47, 0
1, 45978, Note_on_c, 0, 69, 0
1, 45978, Note_on_c, 0, 68, 107
1, 45979, Note_on_c, 0, 49, 107
1, 46116, Note_on_c, 0, 49, 0
1, 46116, Note_on_c, 0, 66, 0
1, 46116, Note_on_c, 0, 66, 107
1, 46117, Note_on_c, 0, 48, 107
1, 46254, Note_on_c, 0, 48, 0
1, 46254, Note_on_c, 0, 66, 0
1, 46255, Note_on_c, 0, 64, 107
1, 46255, Note_on_c, 0, 49, 107
1, 46393, Note_on_c, 0, 49, 0
1, 46393, Note_on_c, 0, 64, 0
1, 46394, Note_on_c, 0, 51, 107
1, 46394, Note_on_c, 0, 63, 107
1, 46531, Note_on_c, 0, 63, 0
1, 46532, Note_on_c, 0, 51, 0
1, 46532, Note_on_c, 0, 52, 107
1, 46533, Note_on_c, 0, 61, 107
1, 46670, Note_on_c, 0, 61, 0
1, 46671, Note_on_c, 0, 59, 107
1, 46808, Note_on_c, 0, 59, 0
1, 46808, Note_on_c, 0, 68, 0
1, 46808, Note_on_c, 0, 66, 107
1, 46809, Note_on_c, 0, 58, 107
1, 46946, Note_on_c, 0, 52, 0
1, 46946, Note_on_c, 0, 54, 107
1, 47085, Note_on_c, 0, 54, 0
1, 47086, Note_on_c, 0, 58, 0
1, 47086, Note_on_c, 0, 52, 107
1, 47087, Note_on_c, 0, 60, 107
1, 47225, Note_on_c, 0, 60, 0
1, 47226, Note_on_c, 0, 52, 0
1, 47226, Note_on_c, 0, 51, 107
1, 47227, Note_on_c, 0, 61, 107
1, 47364, Note_on_c, 0, 61, 0
1, 47365, Note_on_c, 0, 51, 0
1, 47365, Note_on_c, 0, 63, 107
1, 47366, Note_on_c, 0, 49, 107
1, 47505, Note_on_c, 0, 49, 0
1, 47505, Note_on_c, 0, 48, 107
1, 47644, Note_on_c, 0, 66, 0
1, 47645, Note_on_c, 0, 48, 0
1, 47646, Note_on_c, 0, 49, 107
1, 47646, Note_on_c, 0, 64, 107
1, 47759, Note_on_c, 0, 63, 0
1, 47783, Note_on_c, 0, 63, 107
1, 47919, Note_on_c, 0, 61, 107
1, 47942, Note_on_c, 0, 63, 0
1, 48053, Note_on_c, 0, 49, 0
1, 48054, Note_on_c, 0, 64, 0
1, 48054, Note_on_c, 0, 49, 107
1, 48055, Note_on_c, 0, 66, 107
1, 48189, Note_on_c, 0, 66, 0
1, 48189, Note_on_c, 0, 49, 0
1, 48190, Note_on_c, 0, 61, 0
1, 48190, Note_on_c, 0, 50, 107
1, 48191, Note_on_c, 0, 67, 107
1, 48191, Note_on_c, 0, 59, 107
1, 48325, Note_on_c, 0, 50, 0
1, 48325, Note_on_c, 0, 52, 107
1, 48462, Note_on_c, 0, 52, 0
1, 48463, Note_on_c, 0, 59, 0
1, 48463, Note_on_c, 0, 54, 107
1, 48464, Note_on_c, 0, 58, 107
1, 48597, Note_on_c, 0, 58, 0
1, 48597, Note_on_c, 0, 59, 107
1, 48731, Note_on_c, 0, 59, 0
1, 48732, Note_on_c, 0, 67, 0
1, 48732, Note_on_c, 0, 61, 107
1, 48732, Note_on_c, 0, 66, 107
1, 48866, Note_on_c, 0, 66, 0
1, 48867, Note_on_c, 0, 54, 0
1, 48867, Note_on_c, 0, 64, 107
1, 48868, Note_on_c, 0, 42, 107
1, 49000, Note_on_c, 0, 42, 0
1, 49000, Note_on_c, 0, 64, 0
1, 49001, Note_on_c, 0, 62, 107
1, 49001, Note_on_c, 0, 44, 107
1, 49135, Note_on_c, 0, 44, 0
1, 49136, Note_on_c, 0, 62, 0
1, 49136, Note_on_c, 0, 61, 107
1, 49137, Note_on_c, 0, 46, 107
1, 49272, Note_on_c, 0, 46, 0
1, 49272, Note_on_c, 0, 61, 0
1, 49272, Note_on_c, 0, 62, 107
1, 49273, Note_on_c, 0, 47, 107
1, 49394, Note_on_c, 0, 61, 0
1, 49406, Note_on_c, 0, 61, 107
1, 49539, Note_on_c, 0, 61, 0
1, 49540, Note_on_c, 0, 59, 107
1, 49673, Note_on_c, 0, 47, 0
1, 49673, Note_on_c, 0, 62, 0
1, 49674, Note_on_c, 0, 64, 107
1, 49674, Note_on_c, 0, 47, 107
1, 49806, Note_on_c, 0, 47, 0
1, 49807, Note_on_c, 0, 64, 0
1, 49807, Note_on_c, 0, 59, 0
1, 49808, Note_on_c, 0, 66, 107
1, 49808, Note_on_c, 0, 49, 107
1, 49809, Note_on_c, 0, 57, 107
1, 49940, Note_on_c, 0, 49, 0
1, 49940, Note_on_c, 0, 50, 107
1, 50073, Note_on_c, 0, 50, 0
1, 50074, Note_on_c, 0, 57, 0
1, 50074, Note_on_c, 0, 52, 107
1, 50075, Note_on_c, 0, 56, 107
1, 50206, Note_on_c, 0, 56, 0
1, 50207, Note_on_c, 0, 57, 107
1, 50337, Note_on_c, 0, 57, 0
1, 50337, Note_on_c, 0, 66, 0
1, 50337, Note_on_c, 0, 59, 107
1, 50338, Note_on_c, 0, 64, 107
1, 50469, Note_on_c, 0, 64, 0
1, 50470, Note_on_c, 0, 52, 0
1, 50470, Note_on_c, 0, 62, 107
1, 50471, Note_on_c, 0, 40, 107
1, 50604, Note_on_c, 0, 40, 0
1, 50604, Note_on_c, 0, 62, 0
1, 50604, Note_on_c, 0, 61, 107
1, 50605, Note_on_c, 0, 42, 107
1, 50738, Note_on_c, 0, 42, 0
1, 50738, Note_on_c, 0, 61, 0
1, 50739, Note_on_c, 0, 59, 107
1, 50739, Note_on_c, 0, 44, 107
1, 50872, Note_on_c, 0, 44, 0
1, 50873, Note_on_c, 0, 59, 0
1, 50873, Note_on_c, 0, 61, 107
1, 50874, Note_on_c, 0, 45, 107
1, 51005, Note_on_c, 0, 45, 0
1, 51005, Note_on_c, 0, 59, 0
1, 51006, Note_on_c, 0, 62, 107
1, 51006, Note_on_c, 0, 47, 107
1, 51137, Note_on_c, 0, 47, 0
1, 51138, Note_on_c, 0, 62, 0
1, 51138, Note_on_c, 0, 61, 0
1, 51139, Note_on_c, 0, 63, 107
1, 51139, Note_on_c, 0, 66, 107
1, 51140, Note_on_c, 0, 61, 107
1, 51140, Note_on_c, 0, 45, 107
1, 51271, Note_on_c, 0, 45, 0
1, 51271, Note_on_c, 0, 61, 0
1, 51272, Note_on_c, 0, 59, 107
1, 51272, Note_on_c, 0, 44, 107
1, 51403, Note_on_c, 0, 44, 0
1, 51404, Note_on_c, 0, 59, 0
1, 51404, Note_on_c, 0, 63, 0
1, 51405, Note_on_c, 0, 66, 0
1, 51405, Note_on_c, 0, 68, 107
1, 51406, Note_on_c, 0, 65, 107
1, 51406, Note_on_c, 0, 59, 107
1, 51407, Note_on_c, 0, 44, 107
1, 51536, Note_on_c, 0, 44, 0
1, 51536, Note_on_c, 0, 59, 0
1, 51537, Note_on_c, 0, 57, 107
1, 51537, Note_on_c, 0, 42, 107
1, 51669, Note_on_c, 0, 42, 0
1, 51670, Note_on_c, 0, 57, 0
1, 51670, Note_on_c, 0, 65, 0
1, 51671, Note_on_c, 0, 68, 0
1, 51671, Note_on_c, 0, 69, 107
1, 51672, Note_on_c, 0, 66, 107
1, 51672, Note_on_c, 0, 57, 107
1, 51672, Note_on_c, 0, 42, 107
1, 51807, Note_on_c, 0, 42, 0
1, 51808, Note_on_c, 0, 57, 0
1, 51808, Note_on_c, 0, 54, 107
1, 51809, Note_on_c, 0, 59, 107
1, 51944, Note_on_c, 0, 59, 0
1, 51944, Note_on_c, 0, 54, 0
1, 51945, Note_on_c, 0, 61, 107
1, 51945, Note_on_c, 0, 54, 107
1, 52080, Note_on_c, 0, 54, 0
1, 52080, Note_on_c, 0, 52, 107
1, 52215, Note_on_c, 0, 52, 0
1, 52216, Note_on_c, 0, 52, 107
1, 52353, Note_on_c, 0, 52, 0
1, 52353, Note_on_c, 0, 51, 107
1, 52488, Note_on_c, 0, 51, 0
1, 52488, Note_on_c, 0, 61, 0
1, 52488, Note_on_c, 0, 59, 107
1, 52488, Note_on_c, 0, 51, 107
1, 52620, Note_on_c, 0, 51, 0
1, 52620, Note_on_c, 0, 52, 107
1, 52752, Note_on_c, 0, 52, 0
1, 52752, Note_on_c, 0, 66, 0
1, 52752, Note_on_c, 0, 69, 0
1, 52753, Note_on_c, 0, 68, 106
1, 52753, Note_on_c, 0, 52, 107
1, 52884, Note_on_c, 0, 52, 0
1, 52884, Note_on_c, 0, 70, 106
1, 52885, Note_on_c, 0, 50, 107
1, 53016, Note_on_c, 0, 50, 0
1, 53017, Note_on_c, 0, 70, 0
1, 53017, Note_on_c, 0, 68, 0
1, 53018, Note_on_c, 0, 71, 106
1, 53018, Note_on_c, 0, 66, 107
1, 53019, Note_on_c, 0, 50, 107
1, 53147, Note_on_c, 0, 50, 0
1, 53148, Note_on_c, 0, 49, 107
1, 53278, Note_on_c, 0, 49, 0
1, 53278, Note_on_c, 0, 66, 0
1, 53279, Note_on_c, 0, 59, 0
1, 53279, Note_on_c, 0, 61, 107
1, 53280, Note_on_c, 0, 49, 107
1, 53280, Note_on_c, 0, 65, 107
1, 53543, Note_on_c, 0, 65, 0
1, 53543, Note_on_c, 0, 71, 0
1, 53544, Note_on_c, 0, 70, 106
1, 53544, Note_on_c, 0, 66, 107
1, 53673, Note_on_c, 0, 66, 0
1, 53674, Note_on_c, 0, 70, 0
1, 53674, Note_on_c, 0, 68, 106
1, 53675, Note_on_c, 0, 65, 107
1, 53802, Note_on_c, 0, 65, 0
1, 53802, Note_on_c, 0, 68, 0
1, 53803, Note_on_c, 0, 70, 106
1, 53803, Note_on_c, 0, 66, 107
1, 53931, Note_on_c, 0, 70, 0
1, 53932, Note_on_c, 0, 49, 0
1, 53932, Note_on_c, 0, 72, 106
1, 53933, Note_on_c, 0, 51, 107
1, 54060, Note_on_c, 0, 51, 0
1, 54060, Note_on_c, 0, 72, 0
1, 54061, Note_on_c, 0, 66, 0
1, 54061, Note_on_c, 0, 68, 106
1, 54062, Note_on_c, 0, 73, 106
1, 54062, Note_on_c, 0, 53, 107
1, 54192, Note_on_c, 0, 53, 0
1, 54193, Note_on_c, 0, 61, 0
1, 54193, Note_on_c, 0, 54, 107
1, 54194, Note_on_c, 0, 63, 107
1, 54325, Note_on_c, 0, 63, 0
1, 54325, Note_on_c, 0, 54, 0
1, 54326, Note_on_c, 0, 65, 107
1, 54326, Note_on_c, 0, 56, 107
1, 54458, Note_on_c, 0, 73, 0
1, 54459, Note_on_c, 0, 71, 106
1, 54594, Note_on_c, 0, 71, 0
1, 54594, Note_on_c, 0, 65, 0
1, 54595, Note_on_c, 0, 68, 0
1, 54595, Note_on_c, 0, 56, 0
1, 54596, Note_on_c, 0, 69, 106
1, 54596, Note_on_c, 0, 66, 107
1, 54597, Note_on_c, 0, 66, 107
1, 54597, Note_on_c, 0, 49, 107
1, 54727, Note_on_c, 0, 66, 0
1, 54728, Note_on_c, 0, 69, 0
1, 54728, Note_on_c, 0, 73, 106
1, 54729, Note_on_c, 0, 64, 107
1, 54861, Note_on_c, 0, 64, 0
1, 54861, Note_on_c, 0, 73, 0
1, 54862, Note_on_c, 0, 49, 0
1, 54863, Note_on_c, 0, 71, 106
1, 54863, Note_on_c, 0, 54, 107
1, 54863, Note_on_c, 0, 62, 107
1, 54996, Note_on_c, 0, 62, 0
1, 54996, Note_on_c, 0, 66, 0
1, 54996, Note_on_c, 0, 71, 0
1, 54997, Note_on_c, 0, 69, 106
1, 54997, Note_on_c, 0, 64, 107
1, 54997, Note_on_c, 0, 61, 107
1, 55130, Note_on_c, 0, 61, 0
1, 55130, Note_on_c, 0, 64, 0
1, 55131, Note_on_c, 0, 69, 0
1, 55131, Note_on_c, 0, 68, 106
1, 55132, Note_on_c, 0, 59, 107
1, 55132, Note_on_c, 0, 62, 107
1, 55261, Note_on_c, 0, 59, 0
1, 55262, Note_on_c, 0, 57, 107
1, 55394, Note_on_c, 0, 57, 0
1, 55394, Note_on_c, 0, 62, 0
1, 55395, Note_on_c, 0, 54, 0
1, 55395, Note_on_c, 0, 61, 107
1, 55396, Note_on_c, 0, 56, 107
1, 55396, Note_on_c, 0, 53, 107
1, 55526, Note_on_c, 0, 56, 0
1, 55527, Note_on_c, 0, 59, 107
1, 55660, Note_on_c, 0, 59, 0
1, 55660, Note_on_c, 0, 53, 0
1, 55661, Note_on_c, 0, 68, 0
1, 55661, Note_on_c, 0, 66, 107
1, 55662, Note_on_c, 0, 54, 107
1, 55662, Note_on_c, 0, 57, 107
1, 55792, Note_on_c, 0, 66, 0
1, 55793, Note_on_c, 0, 69, 103
1, 55925, Note_on_c, 0, 69, 0
1, 55925, Note_on_c, 0, 57, 0
1, 55926, Note_on_c, 0, 71, 103
1, 56054, Note_on_c, 0, 71, 0
1, 56055, Note_on_c, 0, 54, 0
1, 56055, Note_on_c, 0, 61, 0
1, 56056, Note_on_c, 0, 68, 103
1, 56056, Note_on_c, 0, 73, 103
1, 56057, Note_on_c, 0, 53, 107
1, 56186, Note_on_c, 0, 53, 0
1, 56186, Note_on_c, 0, 68, 0
1, 56187, Note_on_c, 0, 73, 0
1, 56187, Note_on_c, 0, 74, 103
1, 56188, Note_on_c, 0, 69, 103
1, 56188, Note_on_c, 0, 54, 107
1, 56319, Note_on_c, 0, 54, 0
1, 56319, Note_on_c, 0, 69, 0
1, 56319, Note_on_c, 0, 71, 103
1, 56320, Note_on_c, 0, 56, 107
1, 56452, Note_on_c, 0, 56, 0
1, 56452, Note_on_c, 0, 71, 0
1, 56453, Note_on_c, 0, 64, 107
1, 56453, Note_on_c, 0, 57, 107
1, 56584, Note_on_c, 0, 74, 0
1, 56585, Note_on_c, 0, 71, 103
1, 56716, Note_on_c, 0, 71, 0
1, 56716, Note_on_c, 0, 73, 103
1, 56847, Note_on_c, 0, 73, 0
1, 56848, Note_on_c, 0, 57, 0
1, 56848, Note_on_c, 0, 64, 0
1, 56849, Note_on_c, 0, 69, 103
1, 56849, Note_on_c, 0, 75, 103
1, 56850, Note_on_c, 0, 54, 107
1, 56976, Note_on_c, 0, 54, 0
1, 56976, Note_on_c, 0, 69, 0
1, 56977, Note_on_c, 0, 75, 0
1, 56977, Note_on_c, 0, 76, 103
1, 56978, Note_on_c, 0, 71, 103
1, 56978, Note_on_c, 0, 56, 107
1, 57106, Note_on_c, 0, 56, 0
1, 57107, Note_on_c, 0, 71, 0
1, 57107, Note_on_c, 0, 73, 103
1, 57107, Note_on_c, 0, 58, 107
1, 57239, Note_on_c, 0, 58, 0
1, 57239, Note_on_c, 0, 73, 0
1, 57239, Note_on_c, 0, 66, 107
1, 57240, Note_on_c, 0, 59, 107
1, 57369, Note_on_c, 0, 59, 0
1, 57369, Note_on_c, 0, 76, 0
1, 57370, Note_on_c, 0, 74, 106
1, 57371, Note_on_c, 0, 47, 107
1, 57500, Note_on_c, 0, 47, 0
1, 57500, Note_on_c, 0, 74, 0
1, 57501, Note_on_c, 0, 74, 106
1, 57501, Note_on_c, 0, 47, 107
1, 57629, Note_on_c, 0, 47, 0
1, 57630, Note_on_c, 0, 74, 0
1, 57630, Note_on_c, 0, 73, 106
1, 57631, Note_on_c, 0, 45, 107
1, 57759, Note_on_c, 0, 45, 0
1, 57759, Note_on_c, 0, 73, 0
1, 57760, Note_on_c, 0, 73, 106
1, 57760, Note_on_c, 0, 45, 107
1, 57888, Note_on_c, 0, 45, 0
1, 57889, Note_on_c, 0, 73, 0
1, 57889, Note_on_c, 0, 72, 106
1, 57890, Note_on_c, 0, 44, 107
1, 58019, Note_on_c, 0, 44, 0
1, 58020, Note_on_c, 0, 72, 0
1, 58020, Note_on_c, 0, 72, 106
1, 58020, Note_on_c, 0, 44, 107
1, 58137, Note_on_c, 0, 66, 0
1, 58148, Note_on_c, 0, 44, 0
1, 58148, Note_on_c, 0, 57, 107
1, 58149, Note_on_c, 0, 66, 107
1, 58275, Note_on_c, 0, 66, 0
1, 58276, Note_on_c, 0, 57, 0
1, 58276, Note_on_c, 0, 72, 0
1, 58277, Note_on_c, 0, 73, 106
1, 58277, Note_on_c, 0, 66, 107
1, 58278, Note_on_c, 0, 57, 107
1, 58403, Note_on_c, 0, 57, 0
1, 58404, Note_on_c, 0, 66, 0
1, 58404, Note_on_c, 0, 56, 107
1, 58404, Note_on_c, 0, 64, 107
1, 58531, Note_on_c, 0, 64, 0
1, 58531, Note_on_c, 0, 56, 0
1, 58532, Note_on_c, 0, 64, 107
1, 58532, Note_on_c, 0, 56, 107
1, 58657, Note_on_c, 0, 64, 0
1, 58658, Note_on_c, 0, 56, 0
1, 58658, Note_on_c, 0, 54, 107
1, 58659, Note_on_c, 0, 63, 107
1, 58785, Note_on_c, 0, 63, 0
1, 58786, Note_on_c, 0, 54, 0
1, 58786, Note_on_c, 0, 63, 107
1, 58787, Note_on_c, 0, 54, 107
1, 58913, Note_on_c, 0, 63, 0
1, 58913, Note_on_c, 0, 68, 106
1, 59041, Note_on_c, 0, 68, 0
1, 59042, Note_on_c, 0, 54, 0
1, 59042, Note_on_c, 0, 73, 0
1, 59043, Note_on_c, 0, 72, 106
1, 59043, Note_on_c, 0, 68, 106
1, 59044, Note_on_c, 0, 56, 107
1, 59172, Note_on_c, 0, 68, 0
1, 59172, Note_on_c, 0, 66, 107
1, 59302, Note_on_c, 0, 66, 0
1, 59303, Note_on_c, 0, 56, 0
1, 59303, Note_on_c, 0, 66, 107
1, 59303, Note_on_c, 0, 44, 107
1, 59432, Note_on_c, 0, 66, 0
1, 59432, Note_on_c, 0, 64, 107
1, 59560, Note_on_c, 0, 64, 0
1, 59561, Note_on_c, 0, 44, 0
1, 59561, Note_on_c, 0, 72, 0
1, 59562, Note_on_c, 0, 73, 106
1, 59562, Note_on_c, 0, 49, 107
1, 59562, Note_on_c, 0, 64, 107
1, 59688, Note_on_c, 0, 73, 0
1, 59688, Note_on_c, 0, 75, 106
1, 59818, Note_on_c, 0, 75, 0
1, 59818, Note_on_c, 0, 64, 0
1, 59819, Note_on_c, 0, 73, 106
1, 59819, Note_on_c, 0, 76, 106
1, 59946, Note_on_c, 0, 76, 0
1, 59947, Note_on_c, 0, 49, 0
1, 59947, Note_on_c, 0, 78, 94
1, 59948, Note_on_c, 0, 49, 107
1, 60074, Note_on_c, 0, 49, 0
1, 60074, Note_on_c, 0, 78, 0
1, 60075, Note_on_c, 0, 73, 0
1, 60075, Note_on_c, 0, 79, 94
1, 60076, Note_on_c, 0, 71, 106
1, 60076, Note_on_c, 0, 50, 107
1, 60204, Note_on_c, 0, 50, 0
1, 60204, Note_on_c, 0, 52, 107
1, 60332, Note_on_c, 0, 52, 0
1, 60333, Note_on_c, 0, 71, 0
1, 60333, Note_on_c, 0, 70, 106
1, 60334, Note_on_c, 0, 54, 107
1, 60458, Note_on_c, 0, 54, 0
1, 60458, Note_on_c, 0, 55, 107
1, 60583, Note_on_c, 0, 55, 0
1, 60583, Note_on_c, 0, 79, 0
1, 60584, Note_on_c, 0, 73, 106
1, 60584, Note_on_c, 0, 54, 107
1, 60708, Note_on_c, 0, 54, 0
1, 60709, Note_on_c, 0, 52, 107
1, 60833, Note_on_c, 0, 52, 0
1, 60834, Note_on_c, 0, 73, 0
1, 60834, Note_on_c, 0, 78, 94
1, 60835, Note_on_c, 0, 50, 107
1, 60958, Note_on_c, 0, 50, 0
1, 60959, Note_on_c, 0, 78, 0
1, 60959, Note_on_c, 0, 76, 106
1, 60960, Note_on_c, 0, 49, 107
1, 61083, Note_on_c, 0, 49, 0
1, 61083, Note_on_c, 0, 76, 0
1, 61084, Note_on_c, 0, 74, 106
1, 61084, Note_on_c, 0, 47, 107
1, 61209, Note_on_c, 0, 47, 0
1, 61209, Note_on_c, 0, 74, 0
1, 61210, Note_on_c, 0, 73, 106
1, 61210, Note_on_c, 0, 50, 107
1, 61332, Note_on_c, 0, 50, 0
1, 61333, Note_on_c, 0, 73, 0
1, 61333, Note_on_c, 0, 70, 0
1, 61334, Note_on_c, 0, 74, 106
1, 61334, Note_on_c, 0, 71, 106
1, 61335, Note_on_c, 0, 44, 107
1, 61456, Note_on_c, 0, 44, 0
1, 61457, Note_on_c, 0, 71, 0
1, 61457, Note_on_c, 0, 69, 106
1, 61458, Note_on_c, 0, 42, 107
1, 61582, Note_on_c, 0, 42, 0
1, 61582, Note_on_c, 0, 69, 0
1, 61582, Note_on_c, 0, 68, 106
1, 61583, Note_on_c, 0, 42, 107
1, 61706, Note_on_c, 0, 42, 0
1, 61706, Note_on_c, 0, 41, 107
1, 61833, Note_on_c, 0, 41, 0
1, 61833, Note_on_c, 0, 74, 0
1, 61834, Note_on_c, 0, 73, 103
1, 61835, Note_on_c, 0, 41, 107
1, 61957, Note_on_c, 0, 41, 0
1, 61957, Note_on_c, 0, 53, 107
1, 62082, Note_on_c, 0, 53, 0
1, 62082, Note_on_c, 0, 73, 0
1, 62083, Note_on_c, 0, 68, 0
1, 62083, Note_on_c, 0, 69, 106
1, 62083, Note_on_c, 0, 75, 103
1, 62084, Note_on_c, 0, 54, 107
1, 62207, Note_on_c, 0, 54, 0
1, 62207, Note_on_c, 0, 69, 0
1, 62208, Note_on_c, 0, 71, 106
1, 62208, Note_on_c, 0, 56, 107
1, 62335, Note_on_c, 0, 56, 0
1, 62336, Note_on_c, 0, 71, 0
1, 62336, Note_on_c, 0, 75, 0
1, 62337, Note_on_c, 0, 69, 106
1, 62337, Note_on_c, 0, 77, 91
1, 62338, Note_on_c, 0, 56, 107
1, 62461, Note_on_c, 0, 56, 0
1, 62461, Note_on_c, 0, 69, 0
1, 62462, Note_on_c, 0, 68, 106
1, 62462, Note_on_c, 0, 57, 107
1, 62587, Note_on_c, 0, 57, 0
1, 62587, Note_on_c, 0, 68, 0
1, 62588, Note_on_c, 0, 77, 0
1, 62588, Note_on_c, 0, 78, 91
1, 62589, Note_on_c, 0, 66, 107
1, 62589, Note_on_c, 0, 57, 107
1, 62712, Note_on_c, 0, 57, 0
1, 62713, Note_on_c, 0, 62, 107
1, 62838, Note_on_c, 0, 62, 0
1, 62839, Note_on_c, 0, 62, 107
1, 62964, Note_on_c, 0, 62, 0
1, 62964, Note_on_c, 0, 66, 0
1, 62965, Note_on_c, 0, 68, 106
1, 62965, Note_on_c, 0, 61, 107
1, 63089, Note_on_c, 0, 61, 0
1, 63089, Note_on_c, 0, 68, 0
1, 63090, Note_on_c, 0, 69, 106
1, 63090, Note_on_c, 0, 61, 107
1, 63213, Note_on_c, 0, 61, 0
1, 63213, Note_on_c, 0, 69, 0
1, 63214, Note_on_c, 0, 59, 107
1, 63214, Note_on_c, 0, 66, 107
1, 63336, Note_on_c, 0, 66, 0
1, 63337, Note_on_c, 0, 59, 0
1, 63337, Note_on_c, 0, 68, 106
1, 63338, Note_on_c, 0, 59, 107
1, 63461, Note_on_c, 0, 59, 0
1, 63462, Note_on_c, 0, 68, 0
1, 63462, Note_on_c, 0, 69, 106
1, 63463, Note_on_c, 0, 57, 107
1, 63586, Note_on_c, 0, 57, 0
1, 63587, Note_on_c, 0, 69, 0
1, 63587, Note_on_c, 0, 71, 106
1, 63588, Note_on_c, 0, 56, 107
1, 63710, Note_on_c, 0, 56, 0
1, 63710, Note_on_c, 0, 62, 107
1, 63833, Note_on_c, 0, 62, 0
1, 63833, Note_on_c, 0, 78, 0
1, 63834, Note_on_c, 0, 76, 106
1, 63834, Note_on_c, 0, 61, 107
1, 63957, Note_on_c, 0, 61, 0
1, 63957, Note_on_c, 0, 59, 107
1, 64079, Note_on_c, 0, 59, 0
1, 64080, Note_on_c, 0, 71, 0
1, 64080, Note_on_c, 0, 73, 106
1, 64080, Note_on_c, 0, 58, 107
1, 64200, Note_on_c, 0, 58, 0
1, 64200, Note_on_c, 0, 59, 107
1, 64321, Note_on_c, 0, 59, 0
1, 64321, Note_on_c, 0, 76, 0
1, 64322, Note_on_c, 0, 74, 106
1, 64322, Note_on_c, 0, 59, 107
1, 64441, Note_on_c, 0, 59, 0
1, 64441, Note_on_c, 0, 57, 107
1, 64563, Note_on_c, 0, 57, 0
1, 64563, Note_on_c, 0, 73, 0
1, 64564, Note_on_c, 0, 66, 107
1, 64564, Note_on_c, 0, 57, 107
1, 64685, Note_on_c, 0, 57, 0
1, 64685, Note_on_c, 0, 56, 107
1, 64808, Note_on_c, 0, 56, 0
1, 64808, Note_on_c, 0, 66, 0
1, 64809, Note_on_c, 0, 71, 106
1, 64809, Note_on_c, 0, 56, 107
1, 64930, Note_on_c, 0, 56, 0
1, 64930, Note_on_c, 0, 54, 107
1, 65050, Note_on_c, 0, 54, 0
1, 65050, Note_on_c, 0, 74, 0
1, 65051, Note_on_c, 0, 73, 106
1, 65051, Note_on_c, 0, 52, 107
1, 65170, Note_on_c, 0, 52, 0
1, 65170, Note_on_c, 0, 71, 0
1, 65171, Note_on_c, 0, 64, 107
1, 65171, Note_on_c, 0, 59, 107
1, 65291, Note_on_c, 0, 59, 0
1, 65291, Note_on_c, 0, 64, 0
1, 65292, Note_on_c, 0, 57, 107
1, 65292, Note_on_c, 0, 66, 107
1, 65412, Note_on_c, 0, 66, 0
1, 65412, Note_on_c, 0, 57, 0
1, 65412, Note_on_c, 0, 68, 106
1, 65413, Note_on_c, 0, 56, 107
1, 65532, Note_on_c, 0, 56, 0
1, 65533, Note_on_c, 0, 68, 0
1, 65533, Note_on_c, 0, 69, 106
1, 65534, Note_on_c, 0, 54, 107
1, 65652, Note_on_c, 0, 54, 0
1, 65653, Note_on_c, 0, 56, 107
1, 65772, Note_on_c, 0, 56, 0
1, 65773, Note_on_c, 0, 73, 0
1, 65773, Note_on_c, 0, 71, 106
1, 65774, Note_on_c, 0, 56, 107
1, 65890, Note_on_c, 0, 56, 0
1, 65890, Note_on_c, 0, 54, 107
1, 66009, Note_on_c, 0, 54, 0
1, 66009, Note_on_c, 0, 69, 0
1, 66010, Note_on_c, 0, 62, 107
1, 66010, Note_on_c, 0, 54, 107
1, 66129, Note_on_c, 0, 54, 0
1, 66129, Note_on_c, 0, 53, 107
1, 66249, Note_on_c, 0, 53, 0
1, 66249, Note_on_c, 0, 62, 0
1, 66250, Note_on_c, 0, 61, 107
1, 66250, Note_on_c, 0, 53, 107
1, 66369, Note_on_c, 0, 71, 0
1, 66370, Note_on_c, 0, 68, 106
1, 66490, Note_on_c, 0, 68, 0
1, 66490, Note_on_c, 0, 53, 0
1, 66491, Note_on_c, 0, 69, 106
1, 66492, Note_on_c, 0, 54, 107
1, 66611, Note_on_c, 0, 69, 0
1, 66612, Note_on_c, 0, 73, 106
1, 66731, Note_on_c, 0, 73, 0
1, 66732, Note_on_c, 0, 54, 0
1, 66732, Note_on_c, 0, 61, 0
1, 66732, Note_on_c, 0, 69, 106
1, 66732, Note_on_c, 0, 78, 94
1, 66733, Note_on_c, 0, 42, 107
1, 66851, Note_on_c, 0, 78, 0
1, 66852, Note_on_c, 0, 75, 106
1, 66971, Note_on_c, 0, 75, 0
1, 66972, Note_on_c, 0, 42, 0
1, 66972, Note_on_c, 0, 69, 0
1, 66972, Note_on_c, 0, 76, 106
1, 66973, Note_on_c, 0, 68, 106
1, 66973, Note_on_c, 0, 49, 107
1, 67091, Note_on_c, 0, 49, 0
1, 67092, Note_on_c, 0, 68, 0
1, 67092, Note_on_c, 0, 73, 106
1, 67092, Note_on_c, 0, 51, 107
1, 67211, Note_on_c, 0, 51, 0
1, 67212, Note_on_c, 0, 73, 0
1, 67212, Note_on_c, 0, 73, 106
1, 67212, Note_on_c, 0, 52, 107
1, 67332, Note_on_c, 0, 52, 0
1, 67332, Note_on_c, 0, 73, 0
1, 67333, Note_on_c, 0, 71, 106
1, 67333, Note_on_c, 0, 54, 107
1, 67453, Note_on_c, 0, 54, 0
1, 67453, Note_on_c, 0, 71, 0
1, 67454, Note_on_c, 0, 71, 106
1, 67454, Note_on_c, 0, 55, 107
1, 67574, Note_on_c, 0, 55, 0
1, 67574, Note_on_c, 0, 71, 0
1, 67575, Note_on_c, 0, 70, 106
1, 67575, Note_on_c, 0, 52, 107
1, 67696, Note_on_c, 0, 52, 0
1, 67696, Note_on_c, 0, 70, 0
1, 67697, Note_on_c, 0, 70, 106
1, 67697, Note_on_c, 0, 54, 107
1, 67817, Note_on_c, 0, 54, 0
1, 67817, Note_on_c, 0, 70, 0
1, 67818, Note_on_c, 0, 71, 106
1, 67818, Note_on_c, 0, 42, 107
1, 67939, Note_on_c, 0, 42, 0
1, 67939, Note_on_c, 0, 71, 0
1, 67940, Note_on_c, 0, 76, 0
1, 67940, Note_on_c, 0, 75, 106
1, 67941, Note_on_c, 0, 71, 106
1, 67941, Note_on_c, 0, 47, 107
1, 68059, Note_on_c, 0, 47, 0
1, 68059, Note_on_c, 0, 71, 0
1, 68060, Note_on_c, 0, 75, 0
1, 68060, Note_on_c, 0, 77, 94
1, 68061, Note_on_c, 0, 69, 106
1, 68061, Note_on_c, 0, 49, 107
1, 68178, Note_on_c, 0, 49, 0
1, 68178, Note_on_c, 0, 69, 0
1, 68179, Note_on_c, 0, 77, 0
1, 68179, Note_on_c, 0, 78, 94
1, 68180, Note_on_c, 0, 69, 106
1, 68180, Note_on_c, 0, 50, 107
1, 68299, Note_on_c, 0, 50, 0
1, 68299, Note_on_c, 0, 69, 0
1, 68300, Note_on_c, 0, 68, 106
1, 68300, Note_on_c, 0, 47, 107
1, 68420, Note_on_c, 0, 47, 0
1, 68420, Note_on_c, 0, 68, 0
1, 68421, Note_on_c, 0, 68, 106
1, 68421, Note_on_c, 0, 49, 107
1, 68539, Note_on_c, 0, 49, 0
1, 68539, Note_on_c, 0, 37, 107
1, 68657, Note_on_c, 0, 37, 0
1, 68658, Note_on_c, 0, 78, 0
1, 68658, Note_on_c, 0, 77, 94
1, 68658, Note_on_c, 0, 49, 107
1, 68774, Note_on_c, 0, 49, 0
1, 68775, Note_on_c, 0, 77, 0
1, 68775, Note_on_c, 0, 75, 106
1, 68775, Note_on_c, 0, 48, 107
1, 68892, Note_on_c, 0, 48, 0
1, 68892, Note_on_c, 0, 75, 0
1, 68892, Note_on_c, 0, 77, 94
1, 68893, Note_on_c, 0, 49, 107
1, 69011, Note_on_c, 0, 49, 0
1, 69011, Note_on_c, 0, 77, 0
1, 69011, Note_on_c, 0, 68, 0
1, 69012, Note_on_c, 0, 70, 106
1, 69012, Note_on_c, 0, 79, 94
1, 69012, Note_on_c, 0, 52, 107
1, 69128, Note_on_c, 0, 52, 0
1, 69128, Note_on_c, 0, 70, 0
1, 69129, Note_on_c, 0, 79, 0
1, 69129, Note_on_c, 0, 80, 94
1, 69130, Note_on_c, 0, 72, 106
1, 69130, Note_on_c, 0, 51, 107
1, 69247, Note_on_c, 0, 51, 0
1, 69247, Note_on_c, 0, 72, 0
1, 69248, Note_on_c, 0, 73, 106
1, 69248, Note_on_c, 0, 49, 107
1, 69365, Note_on_c, 0, 49, 0
1, 69365, Note_on_c, 0, 73, 0
1, 69366, Note_on_c, 0, 75, 106
1, 69366, Note_on_c, 0, 48, 107
1, 69484, Note_on_c, 0, 48, 0
1, 69484, Note_on_c, 0, 80, 0
1, 69485, Note_on_c, 0, 78, 94
1, 69485, Note_on_c, 0, 44, 107
1, 69602, Note_on_c, 0, 44, 0
1, 69602, Note_on_c, 0, 78, 0
1, 69603, Note_on_c, 0, 75, 0
1, 69603, Note_on_c, 0, 76, 106
1, 69604, Note_on_c, 0, 68, 106
1, 69604, Note_on_c, 0, 49, 107
1, 69718, Note_on_c, 0, 49, 0
1, 69719, Note_on_c, 0, 76, 0
1, 69719, Note_on_c, 0, 80, 94
1, 69720, Note_on_c, 0, 52, 107
1, 69835, Note_on_c, 0, 52, 0
1, 69836, Note_on_c, 0, 80, 0
1, 69836, Note_on_c, 0, 68, 0
1, 69837, Note_on_c, 0, 73, 106
1, 69837, Note_on_c, 0, 78, 94
1, 69838, Note_on_c, 0, 57, 107
1, 69953, Note_on_c, 0, 57, 0
1, 69954, Note_on_c, 0, 78, 0
1, 69954, Note_on_c, 0, 76, 106
1, 69955, Note_on_c, 0, 54, 107
1, 70072, Note_on_c, 0, 54, 0
1, 70073, Note_on_c, 0, 76, 0
1, 70073, Note_on_c, 0, 75, 106
1, 70074, Note_on_c, 0, 56, 107
1, 70191, Note_on_c, 0, 56, 0
1, 70192, Note_on_c, 0, 54, 107
1, 70310, Note_on_c, 0, 54, 0
1, 70311, Note_on_c, 0, 73, 0
1, 70311, Note_on_c, 0, 72, 106
1, 70312, Note_on_c, 0, 56, 107
1, 70428, Note_on_c, 0, 56, 0
1, 70429, Note_on_c, 0, 44, 107
1, 70547, Note_on_c, 0, 44, 0
1, 70547, Note_on_c, 0, 72, 0
1, 70548, Note_on_c, 0, 75, 0
1, 70548, Note_on_c, 0, 73, 106
1, 70548, Note_on_c, 0, 49, 107
1, 70665, Note_on_c, 0, 76, 106
1, 70783, Note_on_c, 0, 76, 0
1, 70783, Note_on_c, 0, 49, 0
1, 70784, Note_on_c, 0, 78, 94
1, 70901, Note_on_c, 0, 78, 0
1, 70901, Note_on_c, 0, 73, 0
1, 70902, Note_on_c, 0, 80, 94
1, 70902, Note_on_c, 0, 71, 106
1, 71019, Note_on_c, 0, 71, 0
1, 71020, Note_on_c, 0, 80, 0
1, 71020, Note_on_c, 0, 81, 94
1, 71020, Note_on_c, 0, 73, 106
1, 71137, Note_on_c, 0, 73, 0
1, 71138, Note_on_c, 0, 75, 106
1, 71256, Note_on_c, 0, 75, 0
1, 71256, Note_on_c, 0, 76, 106
1, 71374, Note_on_c, 0, 81, 0
1, 71374, Note_on_c, 0, 78, 94
1, 71491, Note_on_c, 0, 78, 0
1, 71491, Note_on_c, 0, 80, 94
1, 71609, Note_on_c, 0, 80, 0
1, 71609, Note_on_c, 0, 76, 0
1, 71610, Note_on_c, 0, 82, 94
1, 71610, Note_on_c, 0, 73, 106
1, 71727, Note_on_c, 0, 73, 0
1, 71727, Note_on_c, 0, 82, 0
1, 71728, Note_on_c, 0, 83, 94
1, 71728, Note_on_c, 0, 75, 106
1, 71846, Note_on_c, 0, 75, 0
1, 71846, Note_on_c, 0, 77, 94
1, 71964, Note_on_c, 0, 77, 0
1, 71964, Note_on_c, 0, 78, 94
1, 72084, Note_on_c, 0, 83, 0
1, 72084, Note_on_c, 0, 81, 94
1, 72204, Note_on_c, 0, 81, 0
1, 72204, Note_on_c, 0, 78, 0
1, 72205, Note_on_c, 0, 81, 94
1, 72205, Note_on_c, 0, 66, 107
1, 72206, Note_on_c, 0, 54, 107
1, 72324, Note_on_c, 0, 81, 0
1, 72324, Note_on_c, 0, 80, 94
1, 72444, Note_on_c, 0, 80, 0
1, 72444, Note_on_c, 0, 54, 0
1, 72445, Note_on_c, 0, 66, 0
1, 72445, Note_on_c, 0, 80, 94
1, 72446, Note_on_c, 0, 56, 107
1, 72446, Note_on_c, 0, 65, 107
1, 72564, Note_on_c, 0, 80, 0
1, 72564, Note_on_c, 0, 78, 94
1, 72683, Note_on_c, 0, 78, 0
1, 72684, Note_on_c, 0, 65, 0
1, 72684, Note_on_c, 0, 56, 0
1, 72684, Note_on_c, 0, 78, 94
1, 72685, Note_on_c, 0, 57, 107
1, 72685, Note_on_c, 0, 66, 107
1, 72803, Note_on_c, 0, 66, 0
1, 72803, Note_on_c, 0, 78, 0
1, 72804, Note_on_c, 0, 81, 94
1, 72804, Note_on_c, 0, 61, 107
1, 72862, Note_on_c, 0, 81, 0
1, 72862, Note_on_c, 0, 80, 94
1, 72921, Note_on_c, 0, 80, 0
1, 72922, Note_on_c, 0, 61, 0
1, 72922, Note_on_c, 0, 78, 94
1, 72923, Note_on_c, 0, 66, 107
1, 73040, Note_on_c, 0, 66, 0
1, 73041, Note_on_c, 0, 78, 0
1, 73041, Note_on_c, 0, 76, 106
1, 73042, Note_on_c, 0, 68, 106
1, 73159, Note_on_c, 0, 68, 0
1, 73160, Note_on_c, 0, 76, 0
1, 73160, Note_on_c, 0, 76, 106
1, 73161, Note_on_c, 0, 69, 106
1, 73279, Note_on_c, 0, 69, 0
1, 73279, Note_on_c, 0, 76, 0
1, 73279, Note_on_c, 0, 75, 106
1, 73280, Note_on_c, 0, 66, 107
1, 73398, Note_on_c, 0, 66, 0
1, 73398, Note_on_c, 0, 75, 0
1, 73399, Note_on_c, 0, 69, 106
1, 73399, Note_on_c, 0, 75, 106
1, 73517, Note_on_c, 0, 75, 0
1, 73517, Note_on_c, 0, 76, 106
1, 73636, Note_on_c, 0, 76, 0
1, 73636, Note_on_c, 0, 57, 0
1, 73637, Note_on_c, 0, 76, 106
1, 73637, Note_on_c, 0, 56, 107
1, 73756, Note_on_c, 0, 56, 0
1, 73756, Note_on_c, 0, 76, 0
1, 73757, Note_on_c, 0, 69, 0
1, 73757, Note_on_c, 0, 74, 106
1, 73758, Note_on_c, 0, 66, 107
1, 73758, Note_on_c, 0, 58, 107
1, 73876, Note_on_c, 0, 58, 0
1, 73876, Note_on_c, 0, 66, 0
1, 73877, Note_on_c, 0, 74, 0
1, 73877, Note_on_c, 0, 74, 106
1, 73878, Note_on_c, 0, 68, 106
1, 73878, Note_on_c, 0, 59, 107
1, 73995, Note_on_c, 0, 68, 0
1, 73995, Note_on_c, 0, 74, 0
1, 73996, Note_on_c, 0, 73, 106
1, 73996, Note_on_c, 0, 69, 106
1, 74113, Note_on_c, 0, 69, 0
1, 74113, Note_on_c, 0, 73, 0
1, 74114, Note_on_c, 0, 73, 106
1, 74114, Note_on_c, 0, 65, 107
1, 74232, Note_on_c, 0, 65, 0
1, 74232, Note_on_c, 0, 61, 107
1, 74349, Note_on_c, 0, 61, 0
1, 74350, Note_on_c, 0, 59, 0
1, 74350, Note_on_c, 0, 58, 107
1, 74351, Note_on_c, 0, 66, 107
1, 74467, Note_on_c, 0, 58, 0
1, 74468, Note_on_c, 0, 56, 107
1, 74585, Note_on_c, 0, 56, 0
1, 74586, Note_on_c, 0, 66, 0
1, 74586, Note_on_c, 0, 61, 107
1, 74587, Note_on_c, 0, 58, 107
1, 74701, Note_on_c, 0, 58, 0
1, 74702, Note_on_c, 0, 73, 0
1, 74702, Note_on_c, 0, 75, 106
1, 74703, Note_on_c, 0, 60, 107
1, 74818, Note_on_c, 0, 60, 0
1, 74818, Note_on_c, 0, 75, 0
1, 74819, Note_on_c, 0, 77, 94
1, 74819, Note_on_c, 0, 61, 107
1, 74935, Note_on_c, 0, 77, 0
1, 74935, Note_on_c, 0, 61, 0
1, 74936, Note_on_c, 0, 78, 94
1, 74936, Note_on_c, 0, 63, 107
1, 75051, Note_on_c, 0, 63, 0
1, 75051, Note_on_c, 0, 78, 0
1, 75052, Note_on_c, 0, 80, 94
1, 75052, Note_on_c, 0, 65, 107
1, 75169, Note_on_c, 0, 61, 0
1, 75169, Note_on_c, 0, 59, 107
1, 75287, Note_on_c, 0, 59, 0
1, 75288, Note_on_c, 0, 65, 0
1, 75288, Note_on_c, 0, 80, 0
1, 75288, Note_on_c, 0, 73, 106
1, 75289, Note_on_c, 0, 57, 107
1, 75289, Note_on_c, 0, 66, 107
1, 75404, Note_on_c, 0, 57, 0
1, 75405, Note_on_c, 0, 66, 0
1, 75405, Note_on_c, 0, 61, 107
1, 75406, Note_on_c, 0, 64, 107
1, 75523, Note_on_c, 0, 64, 0
1, 75523, Note_on_c, 0, 61, 0
1, 75523, Note_on_c, 0, 73, 0
1, 75524, Note_on_c, 0, 78, 94
1, 75524, Note_on_c, 0, 62, 107
1, 75525, Note_on_c, 0, 59, 107
1, 75643, Note_on_c, 0, 59, 0
1, 75643, Note_on_c, 0, 62, 0
1, 75643, Note_on_c, 0, 57, 107
1, 75644, Note_on_c, 0, 61, 107
1, 75762, Note_on_c, 0, 61, 0
1, 75762, Note_on_c, 0, 57, 0
1, 75763, Note_on_c, 0, 59, 107
1, 75763, Note_on_c, 0, 56, 107
1, 75996, Note_on_c, 0, 78, 0
1, 75996, Note_on_c, 0, 77, 94
1, 76229, Note_on_c, 0, 77, 0
1, 76230, Note_on_c, 0, 56, 0
1, 76230, Note_on_c, 0, 59, 0
1, 76230, Note_on_c, 0, 78, 94
1, 76231, Note_on_c, 0, 57, 107
1, 76232, Note_on_c, 0, 54, 107
1, 76348, Note_on_c, 0, 57, 0
1, 76349, Note_on_c, 0, 78, 0
1, 76349, Note_on_c, 0, 76, 106
1, 76350, Note_on_c, 0, 61, 107
1, 76467, Note_on_c, 0, 61, 0
1, 76468, Note_on_c, 0, 76, 0
1, 76468, Note_on_c, 0, 54, 0
1, 76469, Note_on_c, 0, 74, 106
1, 76469, Note_on_c, 0, 66, 107
1, 76470, Note_on_c, 0, 57, 107
1, 76470, Note_on_c, 0, 54, 107
1, 76586, Note_on_c, 0, 74, 0
1, 76587, Note_on_c, 0, 73, 106
1, 76705, Note_on_c, 0, 73, 0
1, 76706, Note_on_c, 0, 54, 0
1, 76706, Note_on_c, 0, 73, 106
1, 76707, Note_on_c, 0, 52, 107
1, 76824, Note_on_c, 0, 73, 0
1, 76825, Note_on_c, 0, 71, 106
1, 76944, Note_on_c, 0, 71, 0
1, 76944, Note_on_c, 0, 52, 0
1, 76944, Note_on_c, 0, 71, 106
1, 76945, Note_on_c, 0, 51, 107
1, 77061, Note_on_c, 0, 71, 0
1, 77061, Note_on_c, 0, 78, 94
1, 77178, Note_on_c, 0, 78, 0
1, 77178, Note_on_c, 0, 57, 0
1, 77179, Note_on_c, 0, 71, 106
1, 77179, Note_on_c, 0, 54, 107
1, 77295, Note_on_c, 0, 71, 0
1, 77295, Note_on_c, 0, 69, 106
1, 77411, Note_on_c, 0, 69, 0
1, 77412, Note_on_c, 0, 54, 0
1, 77412, Note_on_c, 0, 69, 106
1, 77412, Note_on_c, 0, 59, 107
1, 77526, Note_on_c, 0, 69, 0
1, 77527, Note_on_c, 0, 68, 106
1, 77641, Note_on_c, 0, 68, 0
1, 77642, Note_on_c, 0, 68, 106
1, 77747, Note_on_c, 0, 66, 0
1, 77757, Note_on_c, 0, 66, 107
1, 77873, Note_on_c, 0, 66, 0
1, 77873, Note_on_c, 0, 51, 0
1, 77874, Note_on_c, 0, 64, 107
1, 77874, Note_on_c, 0, 52, 107
1, 77992, Note_on_c, 0, 52, 0
1, 77993, Note_on_c, 0, 68, 0
1, 77993, Note_on_c, 0, 71, 106
1, 77993, Note_on_c, 0, 50, 107
1, 78108, Note_on_c, 0, 50, 0
1, 78108, Note_on_c, 0, 71, 0
1, 78109, Note_on_c, 0, 59, 0
1, 78109, Note_on_c, 0, 69, 106
1, 78110, Note_on_c, 0, 49, 107
1, 78110, Note_on_c, 0, 61, 107
1, 78225, Note_on_c, 0, 61, 0
1, 78225, Note_on_c, 0, 69, 0
1, 78226, Note_on_c, 0, 68, 106
1, 78226, Note_on_c, 0, 59, 107
1, 78339, Note_on_c, 0, 59, 0
1, 78339, Note_on_c, 0, 68, 0
1, 78340, Note_on_c, 0, 64, 0
1, 78340, Note_on_c, 0, 66, 107
1, 78341, Note_on_c, 0, 57, 107
1, 78341, Note_on_c, 0, 62, 107
1, 78454, Note_on_c, 0, 66, 0
1, 78455, Note_on_c, 0, 65, 107
1, 78567, Note_on_c, 0, 65, 0
1, 78568, Note_on_c, 0, 49, 0
1, 78568, Note_on_c, 0, 66, 107
1, 78569, Note_on_c, 0, 50, 107
1, 78681, Note_on_c, 0, 50, 0
1, 78681, Note_on_c, 0, 66, 0
1, 78682, Note_on_c, 0, 62, 0
1, 78682, Note_on_c, 0, 69, 106
1, 78683, Note_on_c, 0, 52, 107
1, 78683, Note_on_c, 0, 66, 107
1, 78795, Note_on_c, 0, 66, 0
1, 78795, Note_on_c, 0, 52, 0
1, 78796, Note_on_c, 0, 69, 0
1, 78796, Note_on_c, 0, 57, 0
1, 78797, Note_on_c, 0, 71, 106
1, 78797, Note_on_c, 0, 68, 106
1, 78798, Note_on_c, 0, 50, 107
1, 78910, Note_on_c, 0, 50, 0
1, 78911, Note_on_c, 0, 68, 0
1, 78911, Note_on_c, 0, 71, 0
1, 78912, Note_on_c, 0, 70, 106
1, 78912, Note_on_c, 0, 73, 106
1, 78912, Note_on_c, 0, 49, 107
1, 79026, Note_on_c, 0, 49, 0
1, 79027, Note_on_c, 0, 73, 0
1, 79027, Note_on_c, 0, 70, 0
1, 79028, Note_on_c, 0, 74, 106
1, 79028, Note_on_c, 0, 71, 106
1, 79029, Note_on_c, 0, 47, 107
1, 79143, Note_on_c, 0, 71, 0
1, 79144, Note_on_c, 0, 69, 106
1, 79144, Note_on_c, 0, 54, 107
1, 79260, Note_on_c, 0, 54, 0
1, 79260, Note_on_c, 0, 69, 0
1, 79260, Note_on_c, 0, 68, 106
1, 79261, Note_on_c, 0, 59, 107
1, 79378, Note_on_c, 0, 68, 0
1, 79378, Note_on_c, 0, 47, 0
1, 79379, Note_on_c, 0, 66, 107
1, 79379, Note_on_c, 0, 49, 107
1, 79494, Note_on_c, 0, 49, 0
1, 79494, Note_on_c, 0, 66, 0
1, 79495, Note_on_c, 0, 50, 107
1, 79495, Note_on_c, 0, 65, 107
1, 79609, Note_on_c, 0, 65, 0
1, 79609, Note_on_c, 0, 50, 0
1, 79610, Note_on_c, 0, 59, 0
1, 79610, Note_on_c, 0, 66, 107
1, 79611, Note_on_c, 0, 57, 107
1, 79611, Note_on_c, 0, 47, 107
1, 79723, Note_on_c, 0, 47, 0
1, 79724, Note_on_c, 0, 57, 0
1, 79724, Note_on_c, 0, 66, 0
1, 79725, Note_on_c, 0, 49, 107
1, 79725, Note_on_c, 0, 65, 107
1, 79726, Note_on_c, 0, 56, 107
1, 79837, Note_on_c, 0, 65, 0
1, 79838, Note_on_c, 0, 74, 0
1, 79838, Note_on_c, 0, 49, 0
1, 79839, Note_on_c, 0, 68, 106
1, 79839, Note_on_c, 0, 66, 107
1, 79840, Note_on_c, 0, 51, 107
1, 79953, Note_on_c, 0, 51, 0
1, 79953, Note_on_c, 0, 66, 0
1, 79954, Note_on_c, 0, 68, 0
1, 79954, Note_on_c, 0, 68, 106
1, 79955, Note_on_c, 0, 73, 106
1, 79955, Note_on_c, 0, 53, 107
1, 80069, Note_on_c, 0, 73, 0
1, 80069, Note_on_c, 0, 56, 0
1, 80070, Note_on_c, 0, 71, 106
1, 80070, Note_on_c, 0, 56, 107
1, 80185, Note_on_c, 0, 56, 0
1, 80185, Note_on_c, 0, 71, 0
1, 80186, Note_on_c, 0, 71, 106
1, 80186, Note_on_c, 0, 61, 107
1, 80302, Note_on_c, 0, 71, 0
1, 80302, Note_on_c, 0, 69, 106
1, 80419, Note_on_c, 0, 69, 0
1, 80419, Note_on_c, 0, 53, 0
1, 80420, Note_on_c, 0, 69, 106
1, 80420, Note_on_c, 0, 54, 107
1, 80522, Note_on_c, 0, 68, 0
1, 80532, Note_on_c, 0, 61, 0
1, 80532, Note_on_c, 0, 68, 106
1, 80532, Note_on_c, 0, 64, 107
1, 80645, Note_on_c, 0, 64, 0
1, 80646, Note_on_c, 0, 68, 0
1, 80646, Note_on_c, 0, 63, 107
1, 80647, Note_on_c, 0, 66, 107
1, 80759, Note_on_c, 0, 66, 0
1, 80759, Note_on_c, 0, 63, 0
1, 80760, Note_on_c, 0, 61, 107
1, 80760, Note_on_c, 0, 64, 107
1, 80873, Note_on_c, 0, 64, 0
1, 80873, Note_on_c, 0, 61, 0
1, 80874, Note_on_c, 0, 64, 107
1, 80874, Note_on_c, 0, 61, 107
1, 80987, Note_on_c, 0, 64, 0
1, 80988, Note_on_c, 0, 61, 0
1, 80988, Note_on_c, 0, 59, 107
1, 80988, Note_on_c, 0, 63, 107
1, 81102, Note_on_c, 0, 63, 0
1, 81103, Note_on_c, 0, 59, 0
1, 81103, Note_on_c, 0, 63, 107
1, 81104, Note_on_c, 0, 59, 107
1, 81216, Note_on_c, 0, 69, 0
1, 81216, Note_on_c, 0, 54, 0
1, 81216, Note_on_c, 0, 73, 106
1, 81217, Note_on_c, 0, 57, 107
1, 81328, Note_on_c, 0, 57, 0
1, 81328, Note_on_c, 0, 73, 0
1, 81329, Note_on_c, 0, 71, 106
1, 81329, Note_on_c, 0, 56, 107
1, 81440, Note_on_c, 0, 56, 0
1, 81441, Note_on_c, 0, 71, 0
1, 81441, Note_on_c, 0, 69, 106
1, 81442, Note_on_c, 0, 54, 107
1, 81552, Note_on_c, 0, 54, 0
1, 81553, Note_on_c, 0, 69, 0
1, 81553, Note_on_c, 0, 69, 106
1, 81554, Note_on_c, 0, 54, 107
1, 81664, Note_on_c, 0, 54, 0
1, 81664, Note_on_c, 0, 69, 0
1, 81665, Note_on_c, 0, 68, 106
1, 81665, Note_on_c, 0, 52, 107
1, 81778, Note_on_c, 0, 52, 0
1, 81779, Note_on_c, 0, 68, 0
1, 81779, Note_on_c, 0, 59, 0
1, 81780, Note_on_c, 0, 68, 106
1, 81780, Note_on_c, 0, 52, 107
1, 81882, Note_on_c, 0, 63, 0
1, 81891, Note_on_c, 0, 62, 107
1, 81892, Note_on_c, 0, 66, 107
1, 82005, Note_on_c, 0, 66, 0
1, 82005, Note_on_c, 0, 62, 0
1, 82006, Note_on_c, 0, 64, 107
1, 82006, Note_on_c, 0, 61, 107
1, 82118, Note_on_c, 0, 61, 0
1, 82118, Note_on_c, 0, 64, 0
1, 82119, Note_on_c, 0, 59, 107
1, 82119, Note_on_c, 0, 62, 107
1, 82231, Note_on_c, 0, 62, 0
1, 82232, Note_on_c, 0, 59, 0
1, 82232, Note_on_c, 0, 59, 107
1, 82233, Note_on_c, 0, 62, 107
1, 82344, Note_on_c, 0, 62, 0
1, 82345, Note_on_c, 0, 59, 0
1, 82345, Note_on_c, 0, 57, 107
1, 82346, Note_on_c, 0, 61, 107
1, 82458, Note_on_c, 0, 61, 0
1, 82458, Note_on_c, 0, 57, 0
1, 82459, Note_on_c, 0, 61, 107
1, 82459, Note_on_c, 0, 57, 107
1, 82570, Note_on_c, 0, 52, 0
1, 82571, Note_on_c, 0, 68, 0
1, 82571, Note_on_c, 0, 71, 106
1, 82572, Note_on_c, 0, 56, 107
1, 82681, Note_on_c, 0, 56, 0
1, 82682, Note_on_c, 0, 71, 0
1, 82683, Note_on_c, 0, 69, 106
1, 82683, Note_on_c, 0, 54, 107
1, 82793, Note_on_c, 0, 54, 0
1, 82793, Note_on_c, 0, 69, 0
1, 82794, Note_on_c, 0, 67, 107
1, 82795, Note_on_c, 0, 52, 107
1, 82905, Note_on_c, 0, 52, 0
1, 82905, Note_on_c, 0, 67, 0
1, 82906, Note_on_c, 0, 67, 107
1, 82906, Note_on_c, 0, 52, 107
1, 83018, Note_on_c, 0, 52, 0
1, 83018, Note_on_c, 0, 67, 0
1, 83019, Note_on_c, 0, 50, 107
1, 83019, Note_on_c, 0, 66, 107
1, 83132, Note_on_c, 0, 50, 0
1, 83133, Note_on_c, 0, 66, 0
1, 83133, Note_on_c, 0, 66, 107
1, 83134, Note_on_c, 0, 50, 107
1, 83249, Note_on_c, 0, 66, 0
1, 83250, Note_on_c, 0, 65, 107
1, 83364, Note_on_c, 0, 65, 0
1, 83365, Note_on_c, 0, 57, 0
1, 83365, Note_on_c, 0, 61, 0
1, 83366, Note_on_c, 0, 59, 107
1, 83366, Note_on_c, 0, 66, 107
1, 83479, Note_on_c, 0, 57, 107
1, 83592, Note_on_c, 0, 57, 0
1, 83592, Note_on_c, 0, 66, 0
1, 83593, Note_on_c, 0, 68, 106
1, 83593, Note_on_c, 0, 56, 107
1, 83704, Note_on_c, 0, 56, 0
1, 83705, Note_on_c, 0, 54, 107
1, 83817, Note_on_c, 0, 54, 0
1, 83817, Note_on_c, 0, 68, 0
1, 83818, Note_on_c, 0, 59, 0
1, 83818, Note_on_c, 0, 50, 0
1, 83819, Note_on_c, 0, 69, 106
1, 83819, Note_on_c, 0, 49, 107
1, 83820, Note_on_c, 0, 53, 107
1, 83928, Note_on_c, 0, 53, 0
1, 83928, Note_on_c, 0, 68, 106
1, 83929, Note_on_c, 0, 59, 107
1, 84040, Note_on_c, 0, 59, 0
1, 84041, Note_on_c, 0, 68, 0
1, 84041, Note_on_c, 0, 57, 107
1, 84042, Note_on_c, 0, 66, 107
1, 84153, Note_on_c, 0, 66, 0
1, 84153, Note_on_c, 0, 57, 0
1, 84154, Note_on_c, 0, 64, 107
1, 84154, Note_on_c, 0, 56, 107
1, 84267, Note_on_c, 0, 56, 0
1, 84267, Note_on_c, 0, 64, 0
1, 84268, Note_on_c, 0, 56, 107
1, 84268, Note_on_c, 0, 64, 107
1, 84382, Note_on_c, 0, 64, 0
1, 84383, Note_on_c, 0, 56, 0
1, 84383, Note_on_c, 0, 54, 107
1, 84384, Note_on_c, 0, 63, 107
1, 84499, Note_on_c, 0, 63, 0
1, 84500, Note_on_c, 0, 54, 0
1, 84500, Note_on_c, 0, 63, 107
1, 84501, Note_on_c, 0, 54, 107
1, 84615, Note_on_c, 0, 54, 0
1, 84616, Note_on_c, 0, 63, 0
1, 84616, Note_on_c, 0, 56, 107
1, 84617, Note_on_c, 0, 64, 107
1, 84732, Note_on_c, 0, 64, 0
1, 84733, Note_on_c, 0, 56, 0
1, 84733, Note_on_c, 0, 69, 0
1, 84734, Note_on_c, 0, 68, 106
1, 84734, Note_on_c, 0, 64, 107
1, 84735, Note_on_c, 0, 56, 107
1, 84849, Note_on_c, 0, 56, 0
1, 84849, Note_on_c, 0, 64, 0
1, 84850, Note_on_c, 0, 68, 0
1, 84850, Note_on_c, 0, 70, 106
1, 84851, Note_on_c, 0, 54, 107
1, 84851, Note_on_c, 0, 62, 107
1, 84963, Note_on_c, 0, 54, 0
1, 84964, Note_on_c, 0, 62, 0
1, 84964, Note_on_c, 0, 70, 0
1, 84964, Note_on_c, 0, 71, 106
1, 84965, Note_on_c, 0, 62, 107
1, 84965, Note_on_c, 0, 54, 107
1, 85078, Note_on_c, 0, 54, 0
1, 85078, Note_on_c, 0, 62, 0
1, 85078, Note_on_c, 0, 53, 107
1, 85079, Note_on_c, 0, 61, 107
1, 85191, Note_on_c, 0, 61, 0
1, 85191, Note_on_c, 0, 53, 0
1, 85191, Note_on_c, 0, 53, 107
1, 85192, Note_on_c, 0, 61, 107
1, 85417, Note_on_c, 0, 53, 0
1, 85418, Note_on_c, 0, 71, 0
1, 85418, Note_on_c, 0, 70, 106
1, 85419, Note_on_c, 0, 54, 107
1, 85529, Note_on_c, 0, 54, 0
1, 85529, Note_on_c, 0, 70, 0
1, 85530, Note_on_c, 0, 68, 106
1, 85530, Note_on_c, 0, 53, 107
1, 85640, Note_on_c, 0, 53, 0
1, 85641, Note_on_c, 0, 68, 0
1, 85641, Note_on_c, 0, 70, 106
1, 85642, Note_on_c, 0, 54, 107
1, 85754, Note_on_c, 0, 70, 0
1, 85755, Note_on_c, 0, 61, 0
1, 85755, Note_on_c, 0, 72, 106
1, 85756, Note_on_c, 0, 63, 107
1, 85868, Note_on_c, 0, 63, 0
1, 85868, Note_on_c, 0, 72, 0
1, 85869, Note_on_c, 0, 54, 0
1, 85869, Note_on_c, 0, 73, 106
1, 85870, Note_on_c, 0, 56, 107
1, 85870, Note_on_c, 0, 64, 107
1, 85982, Note_on_c, 0, 49, 0
1, 85982, Note_on_c, 0, 47, 107
1, 86097, Note_on_c, 0, 47, 0
1, 86098, Note_on_c, 0, 64, 0
1, 86098, Note_on_c, 0, 56, 0
1, 86099, Note_on_c, 0, 61, 107
1, 86099, Note_on_c, 0, 66, 107
1, 86100, Note_on_c, 0, 45, 107
1, 86214, Note_on_c, 0, 45, 0
1, 86215, Note_on_c, 0, 66, 0
1, 86215, Note_on_c, 0, 73, 0
1, 86216, Note_on_c, 0, 71, 106
1, 86216, Note_on_c, 0, 64, 107
1, 86217, Note_on_c, 0, 44, 107
1, 86332, Note_on_c, 0, 44, 0
1, 86333, Note_on_c, 0, 64, 0
1, 86333, Note_on_c, 0, 71, 0
1, 86334, Note_on_c, 0, 69, 106
1, 86334, Note_on_c, 0, 66, 107
1, 86335, Note_on_c, 0, 42, 107
1, 86452, Note_on_c, 0, 42, 0
1, 86453, Note_on_c, 0, 69, 0
1, 86453, Note_on_c, 0, 73, 106
1, 86454, Note_on_c, 0, 45, 107
1, 86567, Note_on_c, 0, 73, 0
1, 86574, Note_on_c, 0, 45, 0
1, 86575, Note_on_c, 0, 61, 0
1, 86575, Note_on_c, 0, 71, 106
1, 86576, Note_on_c, 0, 50, 107
1, 86698, Note_on_c, 0, 71, 0
1, 86707, Note_on_c, 0, 50, 0
1, 86707, Note_on_c, 0, 69, 106
1, 86708, Note_on_c, 0, 54, 107
1, 86708, Note_on_c, 0, 47, 107
1, 86834, Note_on_c, 0, 69, 0
1, 86844, Note_on_c, 0, 47, 0
1, 86844, Note_on_c, 0, 54, 0
1, 86845, Note_on_c, 0, 68, 106
1, 86845, Note_on_c, 0, 61, 107
1, 86846, Note_on_c, 0, 49, 107
1, 86977, Note_on_c, 0, 61, 0
1, 86987, Note_on_c, 0, 59, 107
1, 87135, Note_on_c, 0, 59, 0
1, 87140, Note_on_c, 0, 49, 0
1, 87140, Note_on_c, 0, 66, 0
1, 87141, Note_on_c, 0, 65, 107
1, 87141, Note_on_c, 0, 59, 107
1, 87142, Note_on_c, 0, 37, 101
1, 87312, Note_on_c, 0, 59, 0
1, 87316, Note_on_c, 0, 58, 107
1, 87502, Note_on_c, 0, 58, 0
1, 87504, Note_on_c, 0, 65, 0
1, 87506, Note_on_c, 0, 37, 0
1, 87506, Note_on_c, 0, 66, 101
1, 87506, Note_on_c, 0, 58, 96
1, 87507, Note_on_c, 0, 42, 92
1, 87511, Note_on_c, 0, 68, 0
1, 89750, Note_on_c, 0, 42, 0
1, 89751, Note_on_c, 0, 58, 0
1, 89751, Note_on_c, 0, 66, 0
1, 91733, Control_c, 0, 64, 0
1, 91734, Control_c, 0, 64, 0
1, 91735, Control_c, 0, 64, 0
1, 91758, Control_c, 0, 64, 0
1, 91759, Control_c, 0, 64, 0
1, 91760, Control_c, 0, 64, 0
1, 91760, End_track
0, 0, End_of_file
