0, 0, Header, 1, 4, 240
1, 0, Start_track
1, 0, Title_t, "--------"
1, 0, Time_signature, 4, 2, 24, 8
1, 0, Key_signature, 0, "major"
1, 0, Tempo, 645161
1, 32880, Tempo, 674157
1, 33120, Tempo, 714286
1, 33360, Tempo, 759494
1, 33600, Tempo, 810811
1, 33840, Tempo, 869565
1, 34080, Tempo, 937500
1, 34320, Tempo, 1016949
1, 34320, End_track
2, 0, Start_track
2, 0, Title_t, "Harpsichord"
2, 0, Program_c, 0, 6
2, 0, Control_c, 0, 7, 110
2, 0, Control_c, 0, 10, 76
2, 300, Note_on_c, 0, 72, 79
2, 348, Note_on_c, 0, 72, 0
2, 360, Note_on_c, 0, 71, 79
2, 408, Note_on_c, 0, 71, 0
2, 420, Note_on_c, 0, 72, 79
2, 468, Note_on_c, 0, 72, 0
2, 480, Note_on_c, 0, 69, 79
2, 507, Note_on_c, 0, 69, 0
2, 540, Note_on_c, 0, 72, 79
2, 588, Note_on_c, 0, 72, 0
2, 600, Note_on_c, 0, 71, 79
2, 648, Note_on_c, 0, 71, 0
2, 660, Note_on_c, 0, 72, 79
2, 708, Note_on_c, 0, 72, 0
2, 720, Note_on_c, 0, 67, 79
2, 747, Note_on_c, 0, 67, 0
2, 780, Note_on_c, 0, 72, 79
2, 828, Note_on_c, 0, 72, 0
2, 840, Note_on_c, 0, 71, 79
2, 888, Note_on_c, 0, 71, 0
2, 900, Note_on_c, 0, 72, 79
2, 948, Note_on_c, 0, 72, 0
2, 960, Note_on_c, 0, 65, 79
2, 987, Note_on_c, 0, 65, 0
2, 1020, Note_on_c, 0, 72, 79
2, 1068, Note_on_c, 0, 72, 0
2, 1080, Note_on_c, 0, 71, 79
2, 1128, Note_on_c, 0, 71, 0
2, 1140, Note_on_c, 0, 72, 79
2, 1188, Note_on_c, 0, 72, 0
2, 1200, Note_on_c, 0, 64, 79
2, 1227, Note_on_c, 0, 64, 0
2, 1260, Note_on_c, 0, 72, 79
2, 1308, Note_on_c, 0, 72, 0
2, 1320, Note_on_c, 0, 71, 79
2, 1368, Note_on_c, 0, 71, 0
2, 1380, Note_on_c, 0, 72, 79
2, 1428, Note_on_c, 0, 72, 0
2, 1440, Note_on_c, 0, 62, 79
2, 1467, Note_on_c, 0, 62, 0
2, 1500, Note_on_c, 0, 72, 79
2, 1548, Note_on_c, 0, 72, 0
2, 1560, Note_on_c, 0, 71, 79
2, 1608, Note_on_c, 0, 71, 0
2, 1620, Note_on_c, 0, 69, 79
2, 1668, Note_on_c, 0, 69, 0
2, 1680, Note_on_c, 0, 71, 79
2, 1728, Note_on_c, 0, 71, 0
2, 1740, Note_on_c, 0, 72, 79
2, 1788, Note_on_c, 0, 72, 0
2, 1800, Note_on_c, 0, 69, 79
2, 1848, Note_on_c, 0, 69, 0
2, 1860, Note_on_c, 0, 71, 79
2, 1908, Note_on_c, 0, 71, 0
2, 1920, Note_on_c, 0, 72, 79
2, 1968, Note_on_c, 0, 72, 0
2, 1980, Note_on_c, 0, 76, 79
2, 2028, Note_on_c, 0, 76, 0
2, 2040, Note_on_c, 0, 74, 79
2, 2088, Note_on_c, 0, 74, 0
2, 2100, Note_on_c, 0, 72, 79
2, 2148, Note_on_c, 0, 72, 0
2, 2160, Note_on_c, 0, 71, 79
2, 2256, Note_on_c, 0, 71, 0
2, 2400, Note_on_c, 0, 72, 79
2, 2496, Note_on_c, 0, 72, 0
2, 2640, Note_on_c, 0, 71, 79
2, 2736, Note_on_c, 0, 71, 0
2, 2880, Note_on_c, 0, 76, 79
2, 2976, Note_on_c, 0, 76, 0
2, 3120, Note_on_c, 0, 74, 79
2, 3216, Note_on_c, 0, 74, 0
2, 3360, Note_on_c, 0, 72, 79
2, 3456, Note_on_c, 0, 72, 0
2, 3480, Note_on_c, 0, 69, 79
2, 3534, Note_on_c, 0, 69, 0
2, 3600, Note_on_c, 0, 74, 79
2, 3654, Note_on_c, 0, 74, 0
2, 3720, Note_on_c, 0, 72, 79
2, 3774, Note_on_c, 0, 72, 0
2, 3840, Note_on_c, 0, 71, 79
2, 3936, Note_on_c, 0, 71, 0
2, 4080, Note_on_c, 0, 72, 79
2, 4176, Note_on_c, 0, 72, 0
2, 4320, Note_on_c, 0, 72, 79
2, 4416, Note_on_c, 0, 72, 0
2, 4560, Note_on_c, 0, 72, 79
2, 4656, Note_on_c, 0, 72, 0
2, 4800, Note_on_c, 0, 72, 79
2, 4896, Note_on_c, 0, 72, 0
2, 5040, Note_on_c, 0, 72, 79
2, 5136, Note_on_c, 0, 72, 0
2, 5280, Note_on_c, 0, 77, 79
2, 5376, Note_on_c, 0, 77, 0
2, 5400, Note_on_c, 0, 74, 79
2, 5454, Note_on_c, 0, 74, 0
2, 5520, Note_on_c, 0, 79, 79
2, 5574, Note_on_c, 0, 79, 0
2, 5640, Note_on_c, 0, 77, 79
2, 5694, Note_on_c, 0, 77, 0
2, 5760, Note_on_c, 0, 76, 79
2, 5856, Note_on_c, 0, 76, 0
2, 5880, Note_on_c, 0, 72, 79
2, 5934, Note_on_c, 0, 72, 0
2, 6000, Note_on_c, 0, 77, 79
2, 6054, Note_on_c, 0, 77, 0
2, 6120, Note_on_c, 0, 76, 79
2, 6174, Note_on_c, 0, 76, 0
2, 6240, Note_on_c, 0, 74, 79
2, 6336, Note_on_c, 0, 74, 0
2, 6360, Note_on_c, 0, 71, 79
2, 6414, Note_on_c, 0, 71, 0
2, 6480, Note_on_c, 0, 76, 79
2, 6534, Note_on_c, 0, 76, 0
2, 6600, Note_on_c, 0, 74, 79
2, 6654, Note_on_c, 0, 74, 0
2, 6720, Note_on_c, 0, 72, 79
2, 6816, Note_on_c, 0, 72, 0
2, 6840, Note_on_c, 0, 69, 79
2, 6894, Note_on_c, 0, 69, 0
2, 6960, Note_on_c, 0, 74, 79
2, 7014, Note_on_c, 0, 74, 0
2, 7080, Note_on_c, 0, 72, 79
2, 7134, Note_on_c, 0, 72, 0
2, 7200, Note_on_c, 0, 71, 79
2, 7248, Note_on_c, 0, 71, 0
2, 7260, Note_on_c, 0, 72, 79
2, 7308, Note_on_c, 0, 72, 0
2, 7320, Note_on_c, 0, 71, 79
2, 7368, Note_on_c, 0, 71, 0
2, 7380, Note_on_c, 0, 69, 79
2, 7428, Note_on_c, 0, 69, 0
2, 7440, Note_on_c, 0, 67, 79
2, 7467, Note_on_c, 0, 67, 0
2, 7500, Note_on_c, 0, 79, 79
2, 7548, Note_on_c, 0, 79, 0
2, 7560, Note_on_c, 0, 78, 79
2, 7608, Note_on_c, 0, 78, 0
2, 7620, Note_on_c, 0, 79, 79
2, 7668, Note_on_c, 0, 79, 0
2, 7680, Note_on_c, 0, 76, 79
2, 7707, Note_on_c, 0, 76, 0
2, 7740, Note_on_c, 0, 79, 79
2, 7788, Note_on_c, 0, 79, 0
2, 7800, Note_on_c, 0, 78, 79
2, 7848, Note_on_c, 0, 78, 0
2, 7860, Note_on_c, 0, 79, 79
2, 7908, Note_on_c, 0, 79, 0
2, 7920, Note_on_c, 0, 74, 79
2, 7947, Note_on_c, 0, 74, 0
2, 7980, Note_on_c, 0, 79, 79
2, 8028, Note_on_c, 0, 79, 0
2, 8040, Note_on_c, 0, 78, 79
2, 8088, Note_on_c, 0, 78, 0
2, 8100, Note_on_c, 0, 79, 79
2, 8148, Note_on_c, 0, 79, 0
2, 8160, Note_on_c, 0, 72, 79
2, 8187, Note_on_c, 0, 72, 0
2, 8220, Note_on_c, 0, 79, 79
2, 8268, Note_on_c, 0, 79, 0
2, 8280, Note_on_c, 0, 78, 79
2, 8328, Note_on_c, 0, 78, 0
2, 8340, Note_on_c, 0, 79, 79
2, 8388, Note_on_c, 0, 79, 0
2, 8400, Note_on_c, 0, 71, 79
2, 8427, Note_on_c, 0, 71, 0
2, 8460, Note_on_c, 0, 79, 79
2, 8508, Note_on_c, 0, 79, 0
2, 8520, Note_on_c, 0, 78, 79
2, 8568, Note_on_c, 0, 78, 0
2, 8580, Note_on_c, 0, 79, 79
2, 8628, Note_on_c, 0, 79, 0
2, 8640, Note_on_c, 0, 69, 79
2, 8667, Note_on_c, 0, 69, 0
2, 8700, Note_on_c, 0, 79, 79
2, 8748, Note_on_c, 0, 79, 0
2, 8760, Note_on_c, 0, 78, 79
2, 8808, Note_on_c, 0, 78, 0
2, 8820, Note_on_c, 0, 76, 79
2, 8868, Note_on_c, 0, 76, 0
2, 8880, Note_on_c, 0, 78, 79
2, 8928, Note_on_c, 0, 78, 0
2, 8940, Note_on_c, 0, 79, 79
2, 8988, Note_on_c, 0, 79, 0
2, 9000, Note_on_c, 0, 76, 79
2, 9048, Note_on_c, 0, 76, 0
2, 9060, Note_on_c, 0, 78, 79
2, 9108, Note_on_c, 0, 78, 0
2, 9120, Note_on_c, 0, 67, 79
2, 9147, Note_on_c, 0, 67, 0
2, 9180, Note_on_c, 0, 77, 79
2, 9228, Note_on_c, 0, 77, 0
2, 9240, Note_on_c, 0, 76, 79
2, 9288, Note_on_c, 0, 76, 0
2, 9300, Note_on_c, 0, 74, 79
2, 9348, Note_on_c, 0, 74, 0
2, 9360, Note_on_c, 0, 76, 79
2, 9408, Note_on_c, 0, 76, 0
2, 9420, Note_on_c, 0, 77, 79
2, 9468, Note_on_c, 0, 77, 0
2, 9480, Note_on_c, 0, 74, 79
2, 9528, Note_on_c, 0, 74, 0
2, 9540, Note_on_c, 0, 76, 79
2, 9588, Note_on_c, 0, 76, 0
2, 9600, Note_on_c, 0, 65, 79
2, 9627, Note_on_c, 0, 65, 0
2, 9660, Note_on_c, 0, 76, 79
2, 9708, Note_on_c, 0, 76, 0
2, 9720, Note_on_c, 0, 74, 79
2, 9768, Note_on_c, 0, 74, 0
2, 9780, Note_on_c, 0, 72, 79
2, 9828, Note_on_c, 0, 72, 0
2, 9840, Note_on_c, 0, 74, 79
2, 9888, Note_on_c, 0, 74, 0
2, 9900, Note_on_c, 0, 76, 79
2, 9948, Note_on_c, 0, 76, 0
2, 9960, Note_on_c, 0, 72, 79
2, 10008, Note_on_c, 0, 72, 0
2, 10020, Note_on_c, 0, 74, 79
2, 10068, Note_on_c, 0, 74, 0
2, 10080, Note_on_c, 0, 64, 79
2, 10107, Note_on_c, 0, 64, 0
2, 10140, Note_on_c, 0, 74, 79
2, 10188, Note_on_c, 0, 74, 0
2, 10200, Note_on_c, 0, 72, 79
2, 10248, Note_on_c, 0, 72, 0
2, 10260, Note_on_c, 0, 71, 79
2, 10308, Note_on_c, 0, 71, 0
2, 10320, Note_on_c, 0, 72, 79
2, 10368, Note_on_c, 0, 72, 0
2, 10380, Note_on_c, 0, 74, 79
2, 10428, Note_on_c, 0, 74, 0
2, 10440, Note_on_c, 0, 71, 79
2, 10488, Note_on_c, 0, 71, 0
2, 10500, Note_on_c, 0, 72, 79
2, 10548, Note_on_c, 0, 72, 0
2, 10560, Note_on_c, 0, 62, 79
2, 10587, Note_on_c, 0, 62, 0
2, 10620, Note_on_c, 0, 72, 79
2, 10668, Note_on_c, 0, 72, 0
2, 10680, Note_on_c, 0, 71, 79
2, 10728, Note_on_c, 0, 71, 0
2, 10740, Note_on_c, 0, 69, 79
2, 10788, Note_on_c, 0, 69, 0
2, 10800, Note_on_c, 0, 71, 79
2, 10848, Note_on_c, 0, 71, 0
2, 10860, Note_on_c, 0, 72, 79
2, 10908, Note_on_c, 0, 72, 0
2, 10920, Note_on_c, 0, 69, 79
2, 10968, Note_on_c, 0, 69, 0
2, 10980, Note_on_c, 0, 71, 79
2, 11028, Note_on_c, 0, 71, 0
2, 11040, Note_on_c, 0, 68, 79
2, 11088, Note_on_c, 0, 68, 0
2, 11100, Note_on_c, 0, 69, 79
2, 11148, Note_on_c, 0, 69, 0
2, 11160, Note_on_c, 0, 68, 79
2, 11208, Note_on_c, 0, 68, 0
2, 11220, Note_on_c, 0, 66, 79
2, 11268, Note_on_c, 0, 66, 0
2, 11280, Note_on_c, 0, 64, 79
2, 11307, Note_on_c, 0, 64, 0
2, 11340, Note_on_c, 0, 76, 79
2, 11388, Note_on_c, 0, 76, 0
2, 11400, Note_on_c, 0, 74, 79
2, 11448, Note_on_c, 0, 74, 0
2, 11460, Note_on_c, 0, 76, 79
2, 11508, Note_on_c, 0, 76, 0
2, 11520, Note_on_c, 0, 72, 79
2, 11568, Note_on_c, 0, 72, 0
2, 11580, Note_on_c, 0, 74, 79
2, 11628, Note_on_c, 0, 74, 0
2, 11640, Note_on_c, 0, 72, 79
2, 11688, Note_on_c, 0, 72, 0
2, 11700, Note_on_c, 0, 71, 79
2, 11748, Note_on_c, 0, 71, 0
2, 11760, Note_on_c, 0, 69, 79
2, 11856, Note_on_c, 0, 69, 0
2, 11880, Note_on_c, 0, 73, 79
2, 11976, Note_on_c, 0, 73, 0
2, 12000, Note_on_c, 0, 74, 79
2, 12096, Note_on_c, 0, 74, 0
2, 12240, Note_on_c, 0, 72, 79
2, 12336, Note_on_c, 0, 72, 0
2, 12480, Note_on_c, 0, 77, 79
2, 12576, Note_on_c, 0, 77, 0
2, 12720, Note_on_c, 0, 76, 79
2, 12816, Note_on_c, 0, 76, 0
2, 12960, Note_on_c, 0, 74, 79
2, 13008, Note_on_c, 0, 74, 0
2, 13020, Note_on_c, 0, 72, 79
2, 13068, Note_on_c, 0, 72, 0
2, 13080, Note_on_c, 0, 71, 79
2, 13128, Note_on_c, 0, 71, 0
2, 13140, Note_on_c, 0, 69, 79
2, 13188, Note_on_c, 0, 69, 0
2, 13200, Note_on_c, 0, 71, 79
2, 13248, Note_on_c, 0, 71, 0
2, 13260, Note_on_c, 0, 77, 79
2, 13308, Note_on_c, 0, 77, 0
2, 13320, Note_on_c, 0, 76, 79
2, 13368, Note_on_c, 0, 76, 0
2, 13380, Note_on_c, 0, 74, 79
2, 13428, Note_on_c, 0, 74, 0
2, 13440, Note_on_c, 0, 72, 79
2, 13488, Note_on_c, 0, 72, 0
2, 13500, Note_on_c, 0, 74, 79
2, 13548, Note_on_c, 0, 74, 0
2, 13560, Note_on_c, 0, 73, 79
2, 13608, Note_on_c, 0, 73, 0
2, 13620, Note_on_c, 0, 71, 79
2, 13668, Note_on_c, 0, 71, 0
2, 13680, Note_on_c, 0, 73, 79
2, 13728, Note_on_c, 0, 73, 0
2, 13740, Note_on_c, 0, 74, 79
2, 13788, Note_on_c, 0, 74, 0
2, 13800, Note_on_c, 0, 71, 79
2, 13848, Note_on_c, 0, 71, 0
2, 13860, Note_on_c, 0, 73, 79
2, 13908, Note_on_c, 0, 73, 0
2, 13920, Note_on_c, 0, 74, 79
2, 13947, Note_on_c, 0, 74, 0
2, 13980, Note_on_c, 0, 77, 79
2, 14028, Note_on_c, 0, 77, 0
2, 14040, Note_on_c, 0, 76, 79
2, 14088, Note_on_c, 0, 76, 0
2, 14100, Note_on_c, 0, 74, 79
2, 14148, Note_on_c, 0, 74, 0
2, 14160, Note_on_c, 0, 76, 79
2, 14208, Note_on_c, 0, 76, 0
2, 14220, Note_on_c, 0, 82, 79
2, 14268, Note_on_c, 0, 82, 0
2, 14280, Note_on_c, 0, 81, 79
2, 14328, Note_on_c, 0, 81, 0
2, 14340, Note_on_c, 0, 79, 79
2, 14388, Note_on_c, 0, 79, 0
2, 14400, Note_on_c, 0, 77, 79
2, 14427, Note_on_c, 0, 77, 0
2, 14460, Note_on_c, 0, 76, 79
2, 14508, Note_on_c, 0, 76, 0
2, 14520, Note_on_c, 0, 74, 79
2, 14568, Note_on_c, 0, 74, 0
2, 14580, Note_on_c, 0, 73, 79
2, 14628, Note_on_c, 0, 73, 0
2, 14640, Note_on_c, 0, 74, 79
2, 14688, Note_on_c, 0, 74, 0
2, 14700, Note_on_c, 0, 76, 79
2, 14748, Note_on_c, 0, 76, 0
2, 14760, Note_on_c, 0, 72, 79
2, 14808, Note_on_c, 0, 72, 0
2, 14820, Note_on_c, 0, 74, 79
2, 14868, Note_on_c, 0, 74, 0
2, 14880, Note_on_c, 0, 71, 79
2, 14907, Note_on_c, 0, 71, 0
2, 14940, Note_on_c, 0, 79, 79
2, 14988, Note_on_c, 0, 79, 0
2, 15000, Note_on_c, 0, 78, 79
2, 15048, Note_on_c, 0, 78, 0
2, 15060, Note_on_c, 0, 76, 79
2, 15108, Note_on_c, 0, 76, 0
2, 15120, Note_on_c, 0, 78, 79
2, 15168, Note_on_c, 0, 78, 0
2, 15180, Note_on_c, 0, 84, 79
2, 15228, Note_on_c, 0, 84, 0
2, 15240, Note_on_c, 0, 83, 79
2, 15288, Note_on_c, 0, 83, 0
2, 15300, Note_on_c, 0, 81, 79
2, 15348, Note_on_c, 0, 81, 0
2, 15360, Note_on_c, 0, 79, 79
2, 15408, Note_on_c, 0, 79, 0
2, 15420, Note_on_c, 0, 78, 79
2, 15468, Note_on_c, 0, 78, 0
2, 15480, Note_on_c, 0, 79, 79
2, 15528, Note_on_c, 0, 79, 0
2, 15540, Note_on_c, 0, 81, 79
2, 15588, Note_on_c, 0, 81, 0
2, 15600, Note_on_c, 0, 83, 79
2, 15792, Note_on_c, 0, 83, 0
2, 15840, Note_on_c, 0, 81, 79
2, 16032, Note_on_c, 0, 81, 0
2, 16080, Note_on_c, 0, 79, 79
2, 16416, Note_on_c, 0, 79, 0
2, 16440, Note_on_c, 0, 78, 79
2, 16632, Note_on_c, 0, 78, 0
2, 16680, Note_on_c, 0, 76, 79
2, 16776, Note_on_c, 0, 76, 0
2, 16800, Note_on_c, 0, 81, 79
2, 17088, Note_on_c, 0, 81, 0
2, 17160, Note_on_c, 0, 81, 79
2, 17256, Note_on_c, 0, 81, 0
2, 17280, Note_on_c, 0, 79, 79
2, 18048, Note_on_c, 0, 79, 0
2, 18120, Note_on_c, 0, 79, 79
2, 18216, Note_on_c, 0, 79, 0
2, 18240, Note_on_c, 0, 78, 79
2, 18768, Note_on_c, 0, 78, 0
2, 18780, Note_on_c, 0, 78, 79
2, 18828, Note_on_c, 0, 78, 0
2, 18840, Note_on_c, 0, 76, 79
2, 18888, Note_on_c, 0, 76, 0
2, 18900, Note_on_c, 0, 75, 79
2, 18948, Note_on_c, 0, 75, 0
2, 18960, Note_on_c, 0, 76, 79
2, 19008, Note_on_c, 0, 76, 0
2, 19020, Note_on_c, 0, 78, 79
2, 19068, Note_on_c, 0, 78, 0
2, 19080, Note_on_c, 0, 74, 79
2, 19128, Note_on_c, 0, 74, 0
2, 19140, Note_on_c, 0, 76, 79
2, 19188, Note_on_c, 0, 76, 0
2, 19200, Note_on_c, 0, 73, 79
2, 19392, Note_on_c, 0, 73, 0
2, 19440, Note_on_c, 0, 72, 79
2, 19728, Note_on_c, 0, 72, 0
2, 19740, Note_on_c, 0, 72, 79
2, 19788, Note_on_c, 0, 72, 0
2, 19800, Note_on_c, 0, 71, 79
2, 19848, Note_on_c, 0, 71, 0
2, 19860, Note_on_c, 0, 69, 79
2, 19908, Note_on_c, 0, 69, 0
2, 19920, Note_on_c, 0, 71, 79
2, 19968, Note_on_c, 0, 71, 0
2, 19980, Note_on_c, 0, 72, 79
2, 20028, Note_on_c, 0, 72, 0
2, 20040, Note_on_c, 0, 69, 79
2, 20088, Note_on_c, 0, 69, 0
2, 20100, Note_on_c, 0, 71, 79
2, 20148, Note_on_c, 0, 71, 0
2, 20160, Note_on_c, 0, 67, 79
2, 20427, Note_on_c, 0, 67, 0
2, 20460, Note_on_c, 0, 66, 79
2, 20508, Note_on_c, 0, 66, 0
2, 20520, Note_on_c, 0, 67, 79
2, 20568, Note_on_c, 0, 67, 0
2, 20580, Note_on_c, 0, 69, 79
2, 20628, Note_on_c, 0, 69, 0
2, 20640, Note_on_c, 0, 71, 79
2, 20688, Note_on_c, 0, 71, 0
2, 20700, Note_on_c, 0, 69, 79
2, 20748, Note_on_c, 0, 69, 0
2, 20760, Note_on_c, 0, 72, 79
2, 20808, Note_on_c, 0, 72, 0
2, 20820, Note_on_c, 0, 71, 79
2, 20868, Note_on_c, 0, 71, 0
2, 20880, Note_on_c, 0, 69, 79
2, 20928, Note_on_c, 0, 69, 0
2, 20940, Note_on_c, 0, 67, 79
2, 20988, Note_on_c, 0, 67, 0
2, 21000, Note_on_c, 0, 69, 79
2, 21048, Note_on_c, 0, 69, 0
2, 21060, Note_on_c, 0, 66, 79
2, 21108, Note_on_c, 0, 66, 0
2, 21120, Note_on_c, 0, 67, 79
2, 21312, Note_on_c, 0, 67, 0
2, 21360, Note_on_c, 0, 69, 79
2, 21456, Note_on_c, 0, 69, 0
2, 21480, Note_on_c, 0, 71, 79
2, 21576, Note_on_c, 0, 71, 0
2, 21600, Note_on_c, 0, 72, 79
2, 22176, Note_on_c, 0, 72, 0
2, 22320, Note_on_c, 0, 67, 79
2, 22416, Note_on_c, 0, 67, 0
2, 22440, Note_on_c, 0, 69, 79
2, 22536, Note_on_c, 0, 69, 0
2, 22560, Note_on_c, 0, 71, 79
2, 23088, Note_on_c, 0, 71, 0
2, 23100, Note_on_c, 0, 72, 79
2, 23148, Note_on_c, 0, 72, 0
2, 23160, Note_on_c, 0, 71, 79
2, 23208, Note_on_c, 0, 71, 0
2, 23220, Note_on_c, 0, 72, 79
2, 23268, Note_on_c, 0, 72, 0
2, 23280, Note_on_c, 0, 78, 79
2, 23328, Note_on_c, 0, 78, 0
2, 23340, Note_on_c, 0, 72, 79
2, 23388, Note_on_c, 0, 72, 0
2, 23400, Note_on_c, 0, 79, 79
2, 23448, Note_on_c, 0, 79, 0
2, 23460, Note_on_c, 0, 72, 79
2, 23508, Note_on_c, 0, 72, 0
2, 23520, Note_on_c, 0, 81, 79
2, 24096, Note_on_c, 0, 81, 0
2, 24120, Note_on_c, 0, 74, 79
2, 24216, Note_on_c, 0, 74, 0
2, 24240, Note_on_c, 0, 79, 79
2, 24288, Note_on_c, 0, 79, 0
2, 24300, Note_on_c, 0, 81, 79
2, 24348, Note_on_c, 0, 81, 0
2, 24360, Note_on_c, 0, 78, 79
2, 24408, Note_on_c, 0, 78, 0
2, 24420, Note_on_c, 0, 79, 79
2, 24468, Note_on_c, 0, 79, 0
2, 24480, Note_on_c, 0, 76, 79
2, 24507, Note_on_c, 0, 76, 0
2, 24540, Note_on_c, 0, 79, 79
2, 24588, Note_on_c, 0, 79, 0
2, 24600, Note_on_c, 0, 78, 79
2, 24648, Note_on_c, 0, 78, 0
2, 24660, Note_on_c, 0, 79, 79
2, 24708, Note_on_c, 0, 79, 0
2, 24720, Note_on_c, 0, 74, 79
2, 24747, Note_on_c, 0, 74, 0
2, 24780, Note_on_c, 0, 79, 79
2, 24828, Note_on_c, 0, 79, 0
2, 24840, Note_on_c, 0, 78, 79
2, 24888, Note_on_c, 0, 78, 0
2, 24900, Note_on_c, 0, 79, 79
2, 24948, Note_on_c, 0, 79, 0
2, 24960, Note_on_c, 0, 72, 79
2, 24987, Note_on_c, 0, 72, 0
2, 25020, Note_on_c, 0, 79, 79
2, 25068, Note_on_c, 0, 79, 0
2, 25080, Note_on_c, 0, 78, 79
2, 25128, Note_on_c, 0, 78, 0
2, 25140, Note_on_c, 0, 79, 79
2, 25188, Note_on_c, 0, 79, 0
2, 25200, Note_on_c, 0, 71, 79
2, 25227, Note_on_c, 0, 71, 0
2, 25260, Note_on_c, 0, 79, 79
2, 25308, Note_on_c, 0, 79, 0
2, 25320, Note_on_c, 0, 78, 79
2, 25368, Note_on_c, 0, 78, 0
2, 25380, Note_on_c, 0, 79, 79
2, 25428, Note_on_c, 0, 79, 0
2, 25440, Note_on_c, 0, 69, 79
2, 25467, Note_on_c, 0, 69, 0
2, 25500, Note_on_c, 0, 79, 79
2, 25548, Note_on_c, 0, 79, 0
2, 25560, Note_on_c, 0, 78, 79
2, 25608, Note_on_c, 0, 78, 0
2, 25620, Note_on_c, 0, 76, 79
2, 25668, Note_on_c, 0, 76, 0
2, 25680, Note_on_c, 0, 78, 79
2, 25728, Note_on_c, 0, 78, 0
2, 25740, Note_on_c, 0, 79, 79
2, 25788, Note_on_c, 0, 79, 0
2, 25800, Note_on_c, 0, 76, 79
2, 25848, Note_on_c, 0, 76, 0
2, 25860, Note_on_c, 0, 78, 79
2, 25908, Note_on_c, 0, 78, 0
2, 25920, Note_on_c, 0, 71, 79
2, 25947, Note_on_c, 0, 71, 0
2, 25980, Note_on_c, 0, 81, 79
2, 26028, Note_on_c, 0, 81, 0
2, 26040, Note_on_c, 0, 79, 79
2, 26088, Note_on_c, 0, 79, 0
2, 26100, Note_on_c, 0, 78, 79
2, 26148, Note_on_c, 0, 78, 0
2, 26160, Note_on_c, 0, 79, 79
2, 26208, Note_on_c, 0, 79, 0
2, 26220, Note_on_c, 0, 81, 79
2, 26268, Note_on_c, 0, 81, 0
2, 26280, Note_on_c, 0, 78, 79
2, 26328, Note_on_c, 0, 78, 0
2, 26340, Note_on_c, 0, 79, 79
2, 26388, Note_on_c, 0, 79, 0
2, 26400, Note_on_c, 0, 72, 79
2, 26427, Note_on_c, 0, 72, 0
2, 26460, Note_on_c, 0, 83, 79
2, 26508, Note_on_c, 0, 83, 0
2, 26520, Note_on_c, 0, 81, 79
2, 26568, Note_on_c, 0, 81, 0
2, 26580, Note_on_c, 0, 79, 79
2, 26628, Note_on_c, 0, 79, 0
2, 26640, Note_on_c, 0, 81, 79
2, 26688, Note_on_c, 0, 81, 0
2, 26700, Note_on_c, 0, 83, 79
2, 26748, Note_on_c, 0, 83, 0
2, 26760, Note_on_c, 0, 79, 79
2, 26808, Note_on_c, 0, 79, 0
2, 26820, Note_on_c, 0, 81, 79
2, 26868, Note_on_c, 0, 81, 0
2, 26880, Note_on_c, 0, 83, 79
2, 26976, Note_on_c, 0, 83, 0
2, 27000, Note_on_c, 0, 79, 79
2, 27096, Note_on_c, 0, 79, 0
2, 27240, Note_on_c, 0, 71, 79
2, 27288, Note_on_c, 0, 71, 0
2, 27300, Note_on_c, 0, 74, 79
2, 27348, Note_on_c, 0, 74, 0
2, 27360, Note_on_c, 0, 79, 79
2, 27456, Note_on_c, 0, 79, 0
2, 27480, Note_on_c, 0, 72, 79
2, 27534, Note_on_c, 0, 72, 0
2, 27600, Note_on_c, 0, 71, 79
2, 27654, Note_on_c, 0, 71, 0
2, 27720, Note_on_c, 0, 74, 79
2, 27774, Note_on_c, 0, 74, 0
2, 27840, Note_on_c, 0, 79, 79
2, 27936, Note_on_c, 0, 79, 0
2, 27960, Note_on_c, 0, 69, 79
2, 28014, Note_on_c, 0, 69, 0
2, 28080, Note_on_c, 0, 67, 79
2, 28134, Note_on_c, 0, 67, 0
2, 28200, Note_on_c, 0, 83, 79
2, 28254, Note_on_c, 0, 83, 0
2, 28320, Note_on_c, 0, 84, 79
2, 28416, Note_on_c, 0, 84, 0
2, 28440, Note_on_c, 0, 81, 79
2, 28494, Note_on_c, 0, 81, 0
2, 28560, Note_on_c, 0, 74, 79
2, 28614, Note_on_c, 0, 74, 0
2, 28680, Note_on_c, 0, 84, 79
2, 28734, Note_on_c, 0, 84, 0
2, 28800, Note_on_c, 0, 83, 79
2, 28896, Note_on_c, 0, 83, 0
2, 28920, Note_on_c, 0, 79, 79
2, 28974, Note_on_c, 0, 79, 0
2, 29040, Note_on_c, 0, 72, 79
2, 29094, Note_on_c, 0, 72, 0
2, 29160, Note_on_c, 0, 82, 79
2, 29214, Note_on_c, 0, 82, 0
2, 29280, Note_on_c, 0, 81, 79
2, 29376, Note_on_c, 0, 81, 0
2, 29400, Note_on_c, 0, 77, 79
2, 29454, Note_on_c, 0, 77, 0
2, 29520, Note_on_c, 0, 71, 79
2, 29574, Note_on_c, 0, 71, 0
2, 29640, Note_on_c, 0, 81, 79
2, 29694, Note_on_c, 0, 81, 0
2, 29760, Note_on_c, 0, 79, 79
2, 29856, Note_on_c, 0, 79, 0
2, 29880, Note_on_c, 0, 76, 79
2, 29934, Note_on_c, 0, 76, 0
2, 30000, Note_on_c, 0, 69, 79
2, 30054, Note_on_c, 0, 69, 0
2, 30120, Note_on_c, 0, 79, 79
2, 30174, Note_on_c, 0, 79, 0
2, 30240, Note_on_c, 0, 77, 79
2, 30336, Note_on_c, 0, 77, 0
2, 30360, Note_on_c, 0, 74, 79
2, 30414, Note_on_c, 0, 74, 0
2, 30480, Note_on_c, 0, 67, 79
2, 30534, Note_on_c, 0, 67, 0
2, 30600, Note_on_c, 0, 77, 79
2, 30654, Note_on_c, 0, 77, 0
2, 30720, Note_on_c, 0, 76, 79
2, 30768, Note_on_c, 0, 76, 0
2, 30780, Note_on_c, 0, 74, 79
2, 30828, Note_on_c, 0, 74, 0
2, 30840, Note_on_c, 0, 72, 79
2, 30888, Note_on_c, 0, 72, 0
2, 30900, Note_on_c, 0, 71, 79
2, 30948, Note_on_c, 0, 71, 0
2, 30960, Note_on_c, 0, 72, 79
2, 32064, Note_on_c, 0, 72, 0
2, 32160, Note_on_c, 0, 74, 79
2, 32688, Note_on_c, 0, 74, 0
2, 32700, Note_on_c, 0, 67, 79
2, 32748, Note_on_c, 0, 67, 0
2, 32760, Note_on_c, 0, 65, 79
2, 32808, Note_on_c, 0, 65, 0
2, 32820, Note_on_c, 0, 67, 79
2, 32868, Note_on_c, 0, 67, 0
2, 32880, Note_on_c, 0, 72, 79
2, 33072, Note_on_c, 0, 72, 0
2, 33180, Note_on_c, 0, 67, 79
2, 33228, Note_on_c, 0, 67, 0
2, 33240, Note_on_c, 0, 66, 79
2, 33288, Note_on_c, 0, 66, 0
2, 33300, Note_on_c, 0, 67, 79
2, 33348, Note_on_c, 0, 67, 0
2, 33360, Note_on_c, 0, 77, 79
2, 33552, Note_on_c, 0, 77, 0
2, 33660, Note_on_c, 0, 67, 79
2, 33708, Note_on_c, 0, 67, 0
2, 33720, Note_on_c, 0, 72, 79
2, 33888, Note_on_c, 0, 72, 0
2, 33900, Note_on_c, 0, 72, 79
2, 33996, Note_on_c, 0, 72, 0
2, 34020, Note_on_c, 0, 71, 79
2, 34068, Note_on_c, 0, 71, 0
2, 34080, Note_on_c, 0, 67, 95
2, 34080, Note_on_c, 0, 72, 95
2, 34464, Note_on_c, 0, 72, 0
2, 34464, Note_on_c, 0, 67, 0
2, 34464, End_track
3, 0, Start_track
3, 0, Title_t, "Harpsichord"
3, 0, Program_c, 0, 6
3, 0, Control_c, 0, 7, 110
3, 2220, Note_on_c, 0, 67, 79
3, 2268, Note_on_c, 0, 67, 0
3, 2280, Note_on_c, 0, 66, 79
3, 2328, Note_on_c, 0, 66, 0
3, 2340, Note_on_c, 0, 67, 79
3, 2388, Note_on_c, 0, 67, 0
3, 2400, Note_on_c, 0, 64, 79
3, 2427, Note_on_c, 0, 64, 0
3, 2460, Note_on_c, 0, 67, 79
3, 2508, Note_on_c, 0, 67, 0
3, 2520, Note_on_c, 0, 66, 79
3, 2568, Note_on_c, 0, 66, 0
3, 2580, Note_on_c, 0, 67, 79
3, 2628, Note_on_c, 0, 67, 0
3, 2640, Note_on_c, 0, 62, 79
3, 2667, Note_on_c, 0, 62, 0
3, 2700, Note_on_c, 0, 67, 79
3, 2748, Note_on_c, 0, 67, 0
3, 2760, Note_on_c, 0, 66, 79
3, 2808, Note_on_c, 0, 66, 0
3, 2820, Note_on_c, 0, 67, 79
3, 2868, Note_on_c, 0, 67, 0
3, 2880, Note_on_c, 0, 60, 79
3, 2907, Note_on_c, 0, 60, 0
3, 2940, Note_on_c, 0, 67, 79
3, 2988, Note_on_c, 0, 67, 0
3, 3000, Note_on_c, 0, 66, 79
3, 3048, Note_on_c, 0, 66, 0
3, 3060, Note_on_c, 0, 67, 79
3, 3108, Note_on_c, 0, 67, 0
3, 3120, Note_on_c, 0, 59, 79
3, 3147, Note_on_c, 0, 59, 0
3, 3180, Note_on_c, 0, 67, 79
3, 3228, Note_on_c, 0, 67, 0
3, 3240, Note_on_c, 0, 66, 79
3, 3288, Note_on_c, 0, 66, 0
3, 3300, Note_on_c, 0, 67, 79
3, 3348, Note_on_c, 0, 67, 0
3, 3360, Note_on_c, 0, 57, 79
3, 3387, Note_on_c, 0, 57, 0
3, 3420, Note_on_c, 0, 67, 79
3, 3468, Note_on_c, 0, 67, 0
3, 3480, Note_on_c, 0, 66, 79
3, 3528, Note_on_c, 0, 66, 0
3, 3540, Note_on_c, 0, 64, 79
3, 3588, Note_on_c, 0, 64, 0
3, 3600, Note_on_c, 0, 66, 79
3, 3648, Note_on_c, 0, 66, 0
3, 3660, Note_on_c, 0, 67, 79
3, 3708, Note_on_c, 0, 67, 0
3, 3720, Note_on_c, 0, 64, 79
3, 3768, Note_on_c, 0, 64, 0
3, 3780, Note_on_c, 0, 66, 79
3, 3828, Note_on_c, 0, 66, 0
3, 3840, Note_on_c, 0, 67, 79
3, 3888, Note_on_c, 0, 67, 0
3, 3900, Note_on_c, 0, 69, 79
3, 3948, Note_on_c, 0, 69, 0
3, 3960, Note_on_c, 0, 67, 79
3, 4008, Note_on_c, 0, 67, 0
3, 4020, Note_on_c, 0, 65, 79
3, 4068, Note_on_c, 0, 65, 0
3, 4080, Note_on_c, 0, 64, 79
3, 4176, Note_on_c, 0, 64, 0
3, 4320, Note_on_c, 0, 65, 79
3, 4416, Note_on_c, 0, 65, 0
3, 4560, Note_on_c, 0, 64, 79
3, 4656, Note_on_c, 0, 64, 0
3, 4800, Note_on_c, 0, 69, 79
3, 4896, Note_on_c, 0, 69, 0
3, 5040, Note_on_c, 0, 67, 79
3, 5136, Note_on_c, 0, 67, 0
3, 5280, Note_on_c, 0, 69, 79
3, 5376, Note_on_c, 0, 69, 0
3, 5520, Note_on_c, 0, 74, 79
3, 5616, Note_on_c, 0, 74, 0
3, 5760, Note_on_c, 0, 67, 79
3, 5856, Note_on_c, 0, 67, 0
3, 6000, Note_on_c, 0, 72, 79
3, 6096, Note_on_c, 0, 72, 0
3, 6240, Note_on_c, 0, 66, 79
3, 6336, Note_on_c, 0, 66, 0
3, 6480, Note_on_c, 0, 71, 79
3, 6576, Note_on_c, 0, 71, 0
3, 6720, Note_on_c, 0, 64, 79
3, 6816, Note_on_c, 0, 64, 0
3, 6960, Note_on_c, 0, 69, 79
3, 7056, Note_on_c, 0, 69, 0
3, 7200, Note_on_c, 0, 62, 79
3, 7296, Note_on_c, 0, 62, 0
3, 11820, Note_on_c, 0, 69, 79
3, 11868, Note_on_c, 0, 69, 0
3, 11880, Note_on_c, 0, 67, 79
3, 11928, Note_on_c, 0, 67, 0
3, 11940, Note_on_c, 0, 69, 79
3, 11988, Note_on_c, 0, 69, 0
3, 12000, Note_on_c, 0, 65, 79
3, 12027, Note_on_c, 0, 65, 0
3, 12060, Note_on_c, 0, 69, 79
3, 12108, Note_on_c, 0, 69, 0
3, 12120, Note_on_c, 0, 68, 79
3, 12168, Note_on_c, 0, 68, 0
3, 12180, Note_on_c, 0, 69, 79
3, 12228, Note_on_c, 0, 69, 0
3, 12240, Note_on_c, 0, 64, 79
3, 12267, Note_on_c, 0, 64, 0
3, 12300, Note_on_c, 0, 69, 79
3, 12348, Note_on_c, 0, 69, 0
3, 12360, Note_on_c, 0, 68, 79
3, 12408, Note_on_c, 0, 68, 0
3, 12420, Note_on_c, 0, 69, 79
3, 12468, Note_on_c, 0, 69, 0
3, 12480, Note_on_c, 0, 62, 79
3, 12507, Note_on_c, 0, 62, 0
3, 12540, Note_on_c, 0, 69, 79
3, 12588, Note_on_c, 0, 69, 0
3, 12600, Note_on_c, 0, 68, 79
3, 12648, Note_on_c, 0, 68, 0
3, 12660, Note_on_c, 0, 69, 79
3, 12708, Note_on_c, 0, 69, 0
3, 12720, Note_on_c, 0, 60, 79
3, 12747, Note_on_c, 0, 60, 0
3, 12780, Note_on_c, 0, 69, 79
3, 12828, Note_on_c, 0, 69, 0
3, 12840, Note_on_c, 0, 68, 79
3, 12888, Note_on_c, 0, 68, 0
3, 12900, Note_on_c, 0, 69, 79
3, 12948, Note_on_c, 0, 69, 0
3, 12960, Note_on_c, 0, 59, 79
3, 12987, Note_on_c, 0, 59, 0
3, 13020, Note_on_c, 0, 69, 79
3, 13068, Note_on_c, 0, 69, 0
3, 13080, Note_on_c, 0, 68, 79
3, 13128, Note_on_c, 0, 68, 0
3, 13140, Note_on_c, 0, 66, 79
3, 13188, Note_on_c, 0, 66, 0
3, 13200, Note_on_c, 0, 68, 79
3, 13248, Note_on_c, 0, 68, 0
3, 13260, Note_on_c, 0, 69, 79
3, 13308, Note_on_c, 0, 69, 0
3, 13320, Note_on_c, 0, 66, 79
3, 13368, Note_on_c, 0, 66, 0
3, 13380, Note_on_c, 0, 68, 79
3, 13428, Note_on_c, 0, 68, 0
3, 13440, Note_on_c, 0, 69, 79
3, 13488, Note_on_c, 0, 69, 0
3, 13500, Note_on_c, 0, 65, 79
3, 13548, Note_on_c, 0, 65, 0
3, 13560, Note_on_c, 0, 64, 79
3, 13608, Note_on_c, 0, 64, 0
3, 13620, Note_on_c, 0, 62, 79
3, 13668, Note_on_c, 0, 62, 0
3, 13680, Note_on_c, 0, 64, 79
3, 13728, Note_on_c, 0, 64, 0
3, 13740, Note_on_c, 0, 70, 79
3, 13788, Note_on_c, 0, 70, 0
3, 13800, Note_on_c, 0, 69, 79
3, 13848, Note_on_c, 0, 69, 0
3, 13860, Note_on_c, 0, 67, 79
3, 13908, Note_on_c, 0, 67, 0
3, 13920, Note_on_c, 0, 65, 79
3, 13968, Note_on_c, 0, 65, 0
3, 13980, Note_on_c, 0, 62, 79
3, 14028, Note_on_c, 0, 62, 0
3, 14040, Note_on_c, 0, 60, 79
3, 14088, Note_on_c, 0, 60, 0
3, 14100, Note_on_c, 0, 59, 79
3, 14148, Note_on_c, 0, 59, 0
3, 14160, Note_on_c, 0, 60, 79
3, 14208, Note_on_c, 0, 60, 0
3, 14220, Note_on_c, 0, 62, 79
3, 14268, Note_on_c, 0, 62, 0
3, 14280, Note_on_c, 0, 59, 79
3, 14328, Note_on_c, 0, 59, 0
3, 14340, Note_on_c, 0, 60, 79
3, 14388, Note_on_c, 0, 60, 0
3, 14400, Note_on_c, 0, 62, 79
3, 14427, Note_on_c, 0, 62, 0
3, 14460, Note_on_c, 0, 67, 79
3, 14508, Note_on_c, 0, 67, 0
3, 14520, Note_on_c, 0, 65, 79
3, 14568, Note_on_c, 0, 65, 0
3, 14580, Note_on_c, 0, 64, 79
3, 14628, Note_on_c, 0, 64, 0
3, 14640, Note_on_c, 0, 65, 79
3, 14688, Note_on_c, 0, 65, 0
3, 14700, Note_on_c, 0, 67, 79
3, 14748, Note_on_c, 0, 67, 0
3, 14760, Note_on_c, 0, 64, 79
3, 14808, Note_on_c, 0, 64, 0
3, 14820, Note_on_c, 0, 65, 79
3, 14868, Note_on_c, 0, 65, 0
3, 14880, Note_on_c, 0, 63, 79
3, 14928, Note_on_c, 0, 63, 0
3, 14940, Note_on_c, 0, 64, 79
3, 14988, Note_on_c, 0, 64, 0
3, 15000, Note_on_c, 0, 63, 79
3, 15048, Note_on_c, 0, 63, 0
3, 15060, Note_on_c, 0, 61, 79
3, 15108, Note_on_c, 0, 61, 0
3, 15120, Note_on_c, 0, 63, 79
3, 15168, Note_on_c, 0, 63, 0
3, 15180, Note_on_c, 0, 64, 79
3, 15228, Note_on_c, 0, 64, 0
3, 15240, Note_on_c, 0, 61, 79
3, 15288, Note_on_c, 0, 61, 0
3, 15300, Note_on_c, 0, 63, 79
3, 15348, Note_on_c, 0, 63, 0
3, 15360, Note_on_c, 0, 64, 79
3, 15408, Note_on_c, 0, 64, 0
3, 15420, Note_on_c, 0, 63, 79
3, 15468, Note_on_c, 0, 63, 0
3, 15480, Note_on_c, 0, 64, 79
3, 15528, Note_on_c, 0, 64, 0
3, 15540, Note_on_c, 0, 66, 79
3, 15588, Note_on_c, 0, 66, 0
3, 15600, Note_on_c, 0, 67, 79
3, 15654, Note_on_c, 0, 67, 0
3, 15720, Note_on_c, 0, 79, 79
3, 15936, Note_on_c, 0, 79, 0
3, 15960, Note_on_c, 0, 78, 79
3, 16152, Note_on_c, 0, 78, 0
3, 16200, Note_on_c, 0, 76, 79
3, 16296, Note_on_c, 0, 76, 0
3, 16320, Note_on_c, 0, 72, 79
3, 16512, Note_on_c, 0, 72, 0
3, 16560, Note_on_c, 0, 71, 79
3, 16752, Note_on_c, 0, 71, 0
3, 16800, Note_on_c, 0, 72, 79
3, 16896, Note_on_c, 0, 72, 0
3, 16920, Note_on_c, 0, 69, 79
3, 17016, Note_on_c, 0, 69, 0
3, 17040, Note_on_c, 0, 78, 79
3, 17328, Note_on_c, 0, 78, 0
3, 17340, Note_on_c, 0, 78, 79
3, 17388, Note_on_c, 0, 78, 0
3, 17400, Note_on_c, 0, 76, 79
3, 17448, Note_on_c, 0, 76, 0
3, 17460, Note_on_c, 0, 75, 79
3, 17508, Note_on_c, 0, 75, 0
3, 17520, Note_on_c, 0, 76, 79
3, 17568, Note_on_c, 0, 76, 0
3, 17580, Note_on_c, 0, 78, 79
3, 17628, Note_on_c, 0, 78, 0
3, 17640, Note_on_c, 0, 74, 79
3, 17688, Note_on_c, 0, 74, 0
3, 17700, Note_on_c, 0, 76, 79
3, 17748, Note_on_c, 0, 76, 0
3, 17760, Note_on_c, 0, 73, 79
3, 17856, Note_on_c, 0, 73, 0
3, 17880, Note_on_c, 0, 69, 79
3, 17934, Note_on_c, 0, 69, 0
3, 18000, Note_on_c, 0, 76, 79
3, 18288, Note_on_c, 0, 76, 0
3, 18300, Note_on_c, 0, 76, 79
3, 18348, Note_on_c, 0, 76, 0
3, 18360, Note_on_c, 0, 74, 79
3, 18408, Note_on_c, 0, 74, 0
3, 18420, Note_on_c, 0, 73, 79
3, 18468, Note_on_c, 0, 73, 0
3, 18480, Note_on_c, 0, 74, 79
3, 18528, Note_on_c, 0, 74, 0
3, 18540, Note_on_c, 0, 76, 79
3, 18588, Note_on_c, 0, 76, 0
3, 18600, Note_on_c, 0, 72, 79
3, 18648, Note_on_c, 0, 72, 0
3, 18660, Note_on_c, 0, 74, 79
3, 18708, Note_on_c, 0, 74, 0
3, 18720, Note_on_c, 0, 71, 79
3, 19227, Note_on_c, 0, 71, 0
3, 19260, Note_on_c, 0, 71, 79
3, 19308, Note_on_c, 0, 71, 0
3, 19320, Note_on_c, 0, 69, 79
3, 19368, Note_on_c, 0, 69, 0
3, 19380, Note_on_c, 0, 67, 79
3, 19428, Note_on_c, 0, 67, 0
3, 19440, Note_on_c, 0, 69, 79
3, 19488, Note_on_c, 0, 69, 0
3, 19500, Note_on_c, 0, 71, 79
3, 19548, Note_on_c, 0, 71, 0
3, 19560, Note_on_c, 0, 67, 79
3, 19608, Note_on_c, 0, 67, 0
3, 19620, Note_on_c, 0, 69, 79
3, 19668, Note_on_c, 0, 69, 0
3, 19680, Note_on_c, 0, 66, 79
3, 20208, Note_on_c, 0, 66, 0
3, 20220, Note_on_c, 0, 66, 79
3, 20268, Note_on_c, 0, 66, 0
3, 20280, Note_on_c, 0, 64, 79
3, 20328, Note_on_c, 0, 64, 0
3, 20340, Note_on_c, 0, 63, 79
3, 20388, Note_on_c, 0, 63, 0
3, 20400, Note_on_c, 0, 64, 79
3, 20928, Note_on_c, 0, 64, 0
3, 21000, Note_on_c, 0, 63, 79
3, 21096, Note_on_c, 0, 63, 0
3, 21180, Note_on_c, 0, 64, 79
3, 21228, Note_on_c, 0, 64, 0
3, 21240, Note_on_c, 0, 63, 79
3, 21288, Note_on_c, 0, 63, 0
3, 21300, Note_on_c, 0, 64, 79
3, 21348, Note_on_c, 0, 64, 0
3, 21420, Note_on_c, 0, 64, 79
3, 21516, Note_on_c, 0, 64, 0
3, 21540, Note_on_c, 0, 64, 79
3, 21696, Note_on_c, 0, 64, 0
3, 21720, Note_on_c, 0, 64, 79
3, 21774, Note_on_c, 0, 64, 0
3, 21840, Note_on_c, 0, 69, 79
3, 21894, Note_on_c, 0, 69, 0
3, 21960, Note_on_c, 0, 67, 79
3, 22014, Note_on_c, 0, 67, 0
3, 22080, Note_on_c, 0, 66, 79
3, 22128, Note_on_c, 0, 66, 0
3, 22140, Note_on_c, 0, 62, 79
3, 22188, Note_on_c, 0, 62, 0
3, 22200, Note_on_c, 0, 61, 79
3, 22248, Note_on_c, 0, 61, 0
3, 22260, Note_on_c, 0, 62, 79
3, 22308, Note_on_c, 0, 62, 0
3, 22380, Note_on_c, 0, 62, 79
3, 22476, Note_on_c, 0, 62, 0
3, 22500, Note_on_c, 0, 62, 79
3, 22656, Note_on_c, 0, 62, 0
3, 22680, Note_on_c, 0, 62, 79
3, 22734, Note_on_c, 0, 62, 0
3, 22800, Note_on_c, 0, 67, 79
3, 22854, Note_on_c, 0, 67, 0
3, 22920, Note_on_c, 0, 66, 79
3, 22974, Note_on_c, 0, 66, 0
3, 23040, Note_on_c, 0, 64, 79
3, 23136, Note_on_c, 0, 64, 0
3, 23640, Note_on_c, 0, 69, 79
3, 23694, Note_on_c, 0, 69, 0
3, 23760, Note_on_c, 0, 74, 79
3, 23814, Note_on_c, 0, 74, 0
3, 23880, Note_on_c, 0, 72, 79
3, 23934, Note_on_c, 0, 72, 0
3, 24000, Note_on_c, 0, 71, 79
3, 24048, Note_on_c, 0, 71, 0
3, 24060, Note_on_c, 0, 66, 79
3, 24108, Note_on_c, 0, 66, 0
3, 24120, Note_on_c, 0, 67, 79
3, 24168, Note_on_c, 0, 67, 0
3, 24180, Note_on_c, 0, 66, 79
3, 24228, Note_on_c, 0, 66, 0
3, 24240, Note_on_c, 0, 64, 79
3, 24288, Note_on_c, 0, 64, 0
3, 24300, Note_on_c, 0, 67, 79
3, 24348, Note_on_c, 0, 67, 0
3, 24360, Note_on_c, 0, 62, 79
3, 24408, Note_on_c, 0, 62, 0
3, 24420, Note_on_c, 0, 67, 79
3, 24468, Note_on_c, 0, 67, 0
3, 24480, Note_on_c, 0, 60, 79
3, 24507, Note_on_c, 0, 60, 0
3, 24540, Note_on_c, 0, 59, 79
3, 24588, Note_on_c, 0, 59, 0
3, 24600, Note_on_c, 0, 57, 79
3, 24648, Note_on_c, 0, 57, 0
3, 24660, Note_on_c, 0, 59, 79
3, 24708, Note_on_c, 0, 59, 0
3, 24720, Note_on_c, 0, 62, 79
3, 24768, Note_on_c, 0, 62, 0
3, 24780, Note_on_c, 0, 59, 79
3, 24828, Note_on_c, 0, 59, 0
3, 24840, Note_on_c, 0, 57, 79
3, 24888, Note_on_c, 0, 57, 0
3, 24900, Note_on_c, 0, 59, 79
3, 24948, Note_on_c, 0, 59, 0
3, 24960, Note_on_c, 0, 64, 79
3, 24987, Note_on_c, 0, 64, 0
3, 25020, Note_on_c, 0, 59, 79
3, 25068, Note_on_c, 0, 59, 0
3, 25080, Note_on_c, 0, 57, 79
3, 25128, Note_on_c, 0, 57, 0
3, 25140, Note_on_c, 0, 59, 79
3, 25188, Note_on_c, 0, 59, 0
3, 25200, Note_on_c, 0, 62, 79
3, 25227, Note_on_c, 0, 62, 0
3, 25260, Note_on_c, 0, 59, 79
3, 25308, Note_on_c, 0, 59, 0
3, 25320, Note_on_c, 0, 57, 79
3, 25368, Note_on_c, 0, 57, 0
3, 25380, Note_on_c, 0, 59, 79
3, 25428, Note_on_c, 0, 59, 0
3, 25440, Note_on_c, 0, 60, 79
3, 25488, Note_on_c, 0, 60, 0
3, 25500, Note_on_c, 0, 59, 79
3, 25548, Note_on_c, 0, 59, 0
3, 25560, Note_on_c, 0, 57, 79
3, 25608, Note_on_c, 0, 57, 0
3, 25620, Note_on_c, 0, 55, 79
3, 25668, Note_on_c, 0, 55, 0
3, 25680, Note_on_c, 0, 57, 79
3, 25728, Note_on_c, 0, 57, 0
3, 25740, Note_on_c, 0, 59, 79
3, 25788, Note_on_c, 0, 59, 0
3, 25800, Note_on_c, 0, 60, 79
3, 25848, Note_on_c, 0, 60, 0
3, 25860, Note_on_c, 0, 57, 79
3, 25908, Note_on_c, 0, 57, 0
3, 25920, Note_on_c, 0, 62, 79
3, 25968, Note_on_c, 0, 62, 0
3, 25980, Note_on_c, 0, 60, 79
3, 26028, Note_on_c, 0, 60, 0
3, 26040, Note_on_c, 0, 59, 79
3, 26088, Note_on_c, 0, 59, 0
3, 26100, Note_on_c, 0, 57, 79
3, 26148, Note_on_c, 0, 57, 0
3, 26160, Note_on_c, 0, 59, 79
3, 26208, Note_on_c, 0, 59, 0
3, 26220, Note_on_c, 0, 60, 79
3, 26268, Note_on_c, 0, 60, 0
3, 26280, Note_on_c, 0, 62, 79
3, 26328, Note_on_c, 0, 62, 0
3, 26340, Note_on_c, 0, 59, 79
3, 26388, Note_on_c, 0, 59, 0
3, 26400, Note_on_c, 0, 64, 79
3, 26448, Note_on_c, 0, 64, 0
3, 26460, Note_on_c, 0, 62, 79
3, 26508, Note_on_c, 0, 62, 0
3, 26520, Note_on_c, 0, 60, 79
3, 26568, Note_on_c, 0, 60, 0
3, 26580, Note_on_c, 0, 59, 79
3, 26628, Note_on_c, 0, 59, 0
3, 26640, Note_on_c, 0, 60, 79
3, 26688, Note_on_c, 0, 60, 0
3, 26700, Note_on_c, 0, 62, 79
3, 26748, Note_on_c, 0, 62, 0
3, 26760, Note_on_c, 0, 64, 79
3, 26808, Note_on_c, 0, 64, 0
3, 26820, Note_on_c, 0, 66, 79
3, 26868, Note_on_c, 0, 66, 0
3, 26880, Note_on_c, 0, 67, 79
3, 26928, Note_on_c, 0, 67, 0
3, 26940, Note_on_c, 0, 69, 79
3, 26988, Note_on_c, 0, 69, 0
3, 27000, Note_on_c, 0, 71, 79
3, 27048, Note_on_c, 0, 71, 0
3, 27060, Note_on_c, 0, 72, 79
3, 27108, Note_on_c, 0, 72, 0
3, 27120, Note_on_c, 0, 71, 79
3, 27168, Note_on_c, 0, 71, 0
3, 27180, Note_on_c, 0, 69, 79
3, 27228, Note_on_c, 0, 69, 0
3, 27240, Note_on_c, 0, 67, 79
3, 27288, Note_on_c, 0, 67, 0
3, 27300, Note_on_c, 0, 66, 79
3, 27348, Note_on_c, 0, 66, 0
3, 27360, Note_on_c, 0, 64, 79
3, 27387, Note_on_c, 0, 64, 0
3, 27420, Note_on_c, 0, 67, 79
3, 27468, Note_on_c, 0, 67, 0
3, 27480, Note_on_c, 0, 66, 79
3, 27528, Note_on_c, 0, 66, 0
3, 27540, Note_on_c, 0, 67, 79
3, 27588, Note_on_c, 0, 67, 0
3, 27600, Note_on_c, 0, 62, 79
3, 27627, Note_on_c, 0, 62, 0
3, 27660, Note_on_c, 0, 67, 79
3, 27708, Note_on_c, 0, 67, 0
3, 27720, Note_on_c, 0, 66, 79
3, 27768, Note_on_c, 0, 66, 0
3, 27780, Note_on_c, 0, 67, 79
3, 27828, Note_on_c, 0, 67, 0
3, 27840, Note_on_c, 0, 60, 79
3, 27867, Note_on_c, 0, 60, 0
3, 27900, Note_on_c, 0, 67, 79
3, 27948, Note_on_c, 0, 67, 0
3, 27960, Note_on_c, 0, 66, 79
3, 28008, Note_on_c, 0, 66, 0
3, 28020, Note_on_c, 0, 67, 79
3, 28068, Note_on_c, 0, 67, 0
3, 28080, Note_on_c, 0, 59, 79
3, 28107, Note_on_c, 0, 59, 0
3, 28140, Note_on_c, 0, 67, 79
3, 28188, Note_on_c, 0, 67, 0
3, 28200, Note_on_c, 0, 66, 79
3, 28248, Note_on_c, 0, 66, 0
3, 28260, Note_on_c, 0, 67, 79
3, 28308, Note_on_c, 0, 67, 0
3, 28320, Note_on_c, 0, 57, 79
3, 28347, Note_on_c, 0, 57, 0
3, 28380, Note_on_c, 0, 67, 79
3, 28428, Note_on_c, 0, 67, 0
3, 28440, Note_on_c, 0, 66, 79
3, 28488, Note_on_c, 0, 66, 0
3, 28500, Note_on_c, 0, 64, 79
3, 28548, Note_on_c, 0, 64, 0
3, 28560, Note_on_c, 0, 66, 79
3, 28608, Note_on_c, 0, 66, 0
3, 28620, Note_on_c, 0, 67, 79
3, 28668, Note_on_c, 0, 67, 0
3, 28680, Note_on_c, 0, 64, 79
3, 28728, Note_on_c, 0, 64, 0
3, 28740, Note_on_c, 0, 66, 79
3, 28788, Note_on_c, 0, 66, 0
3, 28800, Note_on_c, 0, 55, 79
3, 28827, Note_on_c, 0, 55, 0
3, 28860, Note_on_c, 0, 65, 79
3, 28908, Note_on_c, 0, 65, 0
3, 28920, Note_on_c, 0, 64, 79
3, 28968, Note_on_c, 0, 64, 0
3, 28980, Note_on_c, 0, 62, 79
3, 29028, Note_on_c, 0, 62, 0
3, 29040, Note_on_c, 0, 64, 79
3, 29088, Note_on_c, 0, 64, 0
3, 29100, Note_on_c, 0, 65, 79
3, 29148, Note_on_c, 0, 65, 0
3, 29160, Note_on_c, 0, 62, 79
3, 29208, Note_on_c, 0, 62, 0
3, 29220, Note_on_c, 0, 64, 79
3, 29268, Note_on_c, 0, 64, 0
3, 29280, Note_on_c, 0, 53, 79
3, 29307, Note_on_c, 0, 53, 0
3, 29340, Note_on_c, 0, 64, 79
3, 29388, Note_on_c, 0, 64, 0
3, 29400, Note_on_c, 0, 62, 79
3, 29448, Note_on_c, 0, 62, 0
3, 29460, Note_on_c, 0, 60, 79
3, 29508, Note_on_c, 0, 60, 0
3, 29520, Note_on_c, 0, 62, 79
3, 29568, Note_on_c, 0, 62, 0
3, 29580, Note_on_c, 0, 64, 79
3, 29628, Note_on_c, 0, 64, 0
3, 29640, Note_on_c, 0, 60, 79
3, 29688, Note_on_c, 0, 60, 0
3, 29700, Note_on_c, 0, 62, 79
3, 29748, Note_on_c, 0, 62, 0
3, 29760, Note_on_c, 0, 52, 79
3, 29787, Note_on_c, 0, 52, 0
3, 29820, Note_on_c, 0, 62, 79
3, 29868, Note_on_c, 0, 62, 0
3, 29880, Note_on_c, 0, 60, 79
3, 29928, Note_on_c, 0, 60, 0
3, 29940, Note_on_c, 0, 59, 79
3, 29988, Note_on_c, 0, 59, 0
3, 30000, Note_on_c, 0, 60, 79
3, 30048, Note_on_c, 0, 60, 0
3, 30060, Note_on_c, 0, 62, 79
3, 30108, Note_on_c, 0, 62, 0
3, 30120, Note_on_c, 0, 59, 79
3, 30168, Note_on_c, 0, 59, 0
3, 30180, Note_on_c, 0, 60, 79
3, 30228, Note_on_c, 0, 60, 0
3, 30240, Note_on_c, 0, 50, 79
3, 30267, Note_on_c, 0, 50, 0
3, 30300, Note_on_c, 0, 60, 79
3, 30348, Note_on_c, 0, 60, 0
3, 30360, Note_on_c, 0, 59, 79
3, 30408, Note_on_c, 0, 59, 0
3, 30420, Note_on_c, 0, 57, 79
3, 30468, Note_on_c, 0, 57, 0
3, 30480, Note_on_c, 0, 59, 79
3, 30528, Note_on_c, 0, 59, 0
3, 30540, Note_on_c, 0, 60, 79
3, 30588, Note_on_c, 0, 60, 0
3, 30600, Note_on_c, 0, 57, 79
3, 30648, Note_on_c, 0, 57, 0
3, 30660, Note_on_c, 0, 59, 79
3, 30708, Note_on_c, 0, 59, 0
3, 30720, Note_on_c, 0, 60, 79
3, 30912, Note_on_c, 0, 60, 0
3, 31020, Note_on_c, 0, 64, 79
3, 31068, Note_on_c, 0, 64, 0
3, 31080, Note_on_c, 0, 62, 79
3, 31128, Note_on_c, 0, 62, 0
3, 31140, Note_on_c, 0, 64, 79
3, 31188, Note_on_c, 0, 64, 0
3, 31200, Note_on_c, 0, 65, 79
3, 31227, Note_on_c, 0, 65, 0
3, 31260, Note_on_c, 0, 64, 79
3, 31308, Note_on_c, 0, 64, 0
3, 31320, Note_on_c, 0, 62, 79
3, 31368, Note_on_c, 0, 62, 0
3, 31380, Note_on_c, 0, 64, 79
3, 31428, Note_on_c, 0, 64, 0
3, 31440, Note_on_c, 0, 67, 79
3, 31467, Note_on_c, 0, 67, 0
3, 31500, Note_on_c, 0, 64, 79
3, 31548, Note_on_c, 0, 64, 0
3, 31560, Note_on_c, 0, 62, 79
3, 31608, Note_on_c, 0, 62, 0
3, 31620, Note_on_c, 0, 64, 79
3, 31668, Note_on_c, 0, 64, 0
3, 31680, Note_on_c, 0, 69, 79
3, 31707, Note_on_c, 0, 69, 0
3, 31740, Note_on_c, 0, 64, 79
3, 31788, Note_on_c, 0, 64, 0
3, 31800, Note_on_c, 0, 62, 79
3, 31848, Note_on_c, 0, 62, 0
3, 31860, Note_on_c, 0, 64, 79
3, 31908, Note_on_c, 0, 64, 0
3, 31920, Note_on_c, 0, 67, 79
3, 31968, Note_on_c, 0, 67, 0
3, 31980, Note_on_c, 0, 64, 79
3, 32028, Note_on_c, 0, 64, 0
3, 32040, Note_on_c, 0, 62, 79
3, 32088, Note_on_c, 0, 62, 0
3, 32100, Note_on_c, 0, 64, 79
3, 32148, Note_on_c, 0, 64, 0
3, 32160, Note_on_c, 0, 65, 79
3, 32256, Note_on_c, 0, 65, 0
3, 32280, Note_on_c, 0, 62, 79
3, 32334, Note_on_c, 0, 62, 0
3, 32400, Note_on_c, 0, 67, 79
3, 32454, Note_on_c, 0, 67, 0
3, 32520, Note_on_c, 0, 65, 79
3, 32574, Note_on_c, 0, 65, 0
3, 32640, Note_on_c, 0, 64, 79
3, 32832, Note_on_c, 0, 64, 0
3, 32940, Note_on_c, 0, 69, 79
3, 32988, Note_on_c, 0, 69, 0
3, 33000, Note_on_c, 0, 67, 79
3, 33048, Note_on_c, 0, 67, 0
3, 33060, Note_on_c, 0, 69, 79
3, 33108, Note_on_c, 0, 69, 0
3, 33120, Note_on_c, 0, 71, 79
3, 33312, Note_on_c, 0, 71, 0
3, 33420, Note_on_c, 0, 74, 79
3, 33468, Note_on_c, 0, 74, 0
3, 33480, Note_on_c, 0, 72, 79
3, 33528, Note_on_c, 0, 72, 0
3, 33540, Note_on_c, 0, 74, 79
3, 33588, Note_on_c, 0, 74, 0
3, 33600, Note_on_c, 0, 76, 79
3, 33744, Note_on_c, 0, 76, 0
3, 33780, Note_on_c, 0, 64, 79
3, 33828, Note_on_c, 0, 64, 0
3, 33840, Note_on_c, 0, 62, 79
3, 33894, Note_on_c, 0, 62, 0
3, 33960, Note_on_c, 0, 65, 79
3, 34014, Note_on_c, 0, 65, 0
3, 34080, Note_on_c, 0, 64, 95
3, 34464, Note_on_c, 0, 64, 0
3, 34464, End_track
4, 0, Start_track
4, 0, Title_t, "Harpsichord"
4, 0, Control_c, 0, 7, 110
4, 0, Control_c, 0, 10, 51
4, 4140, Note_on_c, 0, 60, 79
4, 4188, Note_on_c, 0, 60, 0
4, 4200, Note_on_c, 0, 59, 79
4, 4248, Note_on_c, 0, 59, 0
4, 4260, Note_on_c, 0, 60, 79
4, 4308, Note_on_c, 0, 60, 0
4, 4320, Note_on_c, 0, 57, 79
4, 4347, Note_on_c, 0, 57, 0
4, 4380, Note_on_c, 0, 60, 79
4, 4428, Note_on_c, 0, 60, 0
4, 4440, Note_on_c, 0, 59, 79
4, 4488, Note_on_c, 0, 59, 0
4, 4500, Note_on_c, 0, 60, 79
4, 4548, Note_on_c, 0, 60, 0
4, 4560, Note_on_c, 0, 55, 79
4, 4587, Note_on_c, 0, 55, 0
4, 4620, Note_on_c, 0, 60, 79
4, 4668, Note_on_c, 0, 60, 0
4, 4680, Note_on_c, 0, 59, 79
4, 4728, Note_on_c, 0, 59, 0
4, 4740, Note_on_c, 0, 60, 79
4, 4788, Note_on_c, 0, 60, 0
4, 4800, Note_on_c, 0, 53, 79
4, 4827, Note_on_c, 0, 53, 0
4, 4860, Note_on_c, 0, 60, 79
4, 4908, Note_on_c, 0, 60, 0
4, 4920, Note_on_c, 0, 59, 79
4, 4968, Note_on_c, 0, 59, 0
4, 4980, Note_on_c, 0, 60, 79
4, 5028, Note_on_c, 0, 60, 0
4, 5040, Note_on_c, 0, 52, 79
4, 5067, Note_on_c, 0, 52, 0
4, 5100, Note_on_c, 0, 60, 79
4, 5148, Note_on_c, 0, 60, 0
4, 5160, Note_on_c, 0, 59, 79
4, 5208, Note_on_c, 0, 59, 0
4, 5220, Note_on_c, 0, 60, 79
4, 5268, Note_on_c, 0, 60, 0
4, 5280, Note_on_c, 0, 50, 79
4, 5307, Note_on_c, 0, 50, 0
4, 5340, Note_on_c, 0, 60, 79
4, 5388, Note_on_c, 0, 60, 0
4, 5400, Note_on_c, 0, 59, 79
4, 5448, Note_on_c, 0, 59, 0
4, 5460, Note_on_c, 0, 57, 79
4, 5508, Note_on_c, 0, 57, 0
4, 5520, Note_on_c, 0, 59, 79
4, 5568, Note_on_c, 0, 59, 0
4, 5580, Note_on_c, 0, 60, 79
4, 5628, Note_on_c, 0, 60, 0
4, 5640, Note_on_c, 0, 57, 79
4, 5688, Note_on_c, 0, 57, 0
4, 5700, Note_on_c, 0, 59, 79
4, 5748, Note_on_c, 0, 59, 0
4, 5760, Note_on_c, 0, 48, 79
4, 5787, Note_on_c, 0, 48, 0
4, 5820, Note_on_c, 0, 59, 79
4, 5868, Note_on_c, 0, 59, 0
4, 5880, Note_on_c, 0, 57, 79
4, 5928, Note_on_c, 0, 57, 0
4, 5940, Note_on_c, 0, 55, 79
4, 5988, Note_on_c, 0, 55, 0
4, 6000, Note_on_c, 0, 57, 79
4, 6048, Note_on_c, 0, 57, 0
4, 6060, Note_on_c, 0, 59, 79
4, 6108, Note_on_c, 0, 59, 0
4, 6120, Note_on_c, 0, 55, 79
4, 6168, Note_on_c, 0, 55, 0
4, 6180, Note_on_c, 0, 57, 79
4, 6228, Note_on_c, 0, 57, 0
4, 6240, Note_on_c, 0, 47, 79
4, 6267, Note_on_c, 0, 47, 0
4, 6300, Note_on_c, 0, 57, 79
4, 6348, Note_on_c, 0, 57, 0
4, 6360, Note_on_c, 0, 55, 79
4, 6408, Note_on_c, 0, 55, 0
4, 6420, Note_on_c, 0, 54, 79
4, 6468, Note_on_c, 0, 54, 0
4, 6480, Note_on_c, 0, 55, 79
4, 6528, Note_on_c, 0, 55, 0
4, 6540, Note_on_c, 0, 57, 79
4, 6588, Note_on_c, 0, 57, 0
4, 6600, Note_on_c, 0, 54, 79
4, 6648, Note_on_c, 0, 54, 0
4, 6660, Note_on_c, 0, 55, 79
4, 6708, Note_on_c, 0, 55, 0
4, 6720, Note_on_c, 0, 45, 79
4, 6747, Note_on_c, 0, 45, 0
4, 6780, Note_on_c, 0, 55, 79
4, 6828, Note_on_c, 0, 55, 0
4, 6840, Note_on_c, 0, 54, 79
4, 6888, Note_on_c, 0, 54, 0
4, 6900, Note_on_c, 0, 52, 79
4, 6948, Note_on_c, 0, 52, 0
4, 6960, Note_on_c, 0, 54, 79
4, 7008, Note_on_c, 0, 54, 0
4, 7020, Note_on_c, 0, 55, 79
4, 7068, Note_on_c, 0, 55, 0
4, 7080, Note_on_c, 0, 52, 79
4, 7128, Note_on_c, 0, 52, 0
4, 7140, Note_on_c, 0, 54, 79
4, 7188, Note_on_c, 0, 54, 0
4, 7200, Note_on_c, 0, 55, 79
4, 7248, Note_on_c, 0, 55, 0
4, 7260, Note_on_c, 0, 54, 79
4, 7308, Note_on_c, 0, 54, 0
4, 7320, Note_on_c, 0, 55, 79
4, 7368, Note_on_c, 0, 55, 0
4, 7380, Note_on_c, 0, 57, 79
4, 7428, Note_on_c, 0, 57, 0
4, 7440, Note_on_c, 0, 59, 79
4, 7488, Note_on_c, 0, 59, 0
4, 7500, Note_on_c, 0, 55, 79
4, 7548, Note_on_c, 0, 55, 0
4, 7560, Note_on_c, 0, 57, 79
4, 7608, Note_on_c, 0, 57, 0
4, 7620, Note_on_c, 0, 59, 79
4, 7668, Note_on_c, 0, 59, 0
4, 7680, Note_on_c, 0, 60, 79
4, 7776, Note_on_c, 0, 60, 0
4, 7800, Note_on_c, 0, 48, 79
4, 7854, Note_on_c, 0, 48, 0
4, 7920, Note_on_c, 0, 47, 79
4, 7974, Note_on_c, 0, 47, 0
4, 8040, Note_on_c, 0, 59, 79
4, 8094, Note_on_c, 0, 59, 0
4, 8160, Note_on_c, 0, 57, 79
4, 8256, Note_on_c, 0, 57, 0
4, 8280, Note_on_c, 0, 45, 79
4, 8334, Note_on_c, 0, 45, 0
4, 8400, Note_on_c, 0, 43, 79
4, 8454, Note_on_c, 0, 43, 0
4, 8520, Note_on_c, 0, 55, 79
4, 8574, Note_on_c, 0, 55, 0
4, 8640, Note_on_c, 0, 48, 79
4, 8736, Note_on_c, 0, 48, 0
4, 8760, Note_on_c, 0, 45, 79
4, 8814, Note_on_c, 0, 45, 0
4, 8880, Note_on_c, 0, 50, 79
4, 8934, Note_on_c, 0, 50, 0
4, 9000, Note_on_c, 0, 48, 79
4, 9054, Note_on_c, 0, 48, 0
4, 9120, Note_on_c, 0, 47, 79
4, 9216, Note_on_c, 0, 47, 0
4, 9240, Note_on_c, 0, 43, 79
4, 9294, Note_on_c, 0, 43, 0
4, 9360, Note_on_c, 0, 48, 79
4, 9414, Note_on_c, 0, 48, 0
4, 9480, Note_on_c, 0, 47, 79
4, 9534, Note_on_c, 0, 47, 0
4, 9600, Note_on_c, 0, 45, 79
4, 9696, Note_on_c, 0, 45, 0
4, 9720, Note_on_c, 0, 41, 79
4, 9774, Note_on_c, 0, 41, 0
4, 9840, Note_on_c, 0, 47, 79
4, 9894, Note_on_c, 0, 47, 0
4, 9960, Note_on_c, 0, 45, 79
4, 10014, Note_on_c, 0, 45, 0
4, 10080, Note_on_c, 0, 44, 79
4, 10176, Note_on_c, 0, 44, 0
4, 10200, Note_on_c, 0, 40, 79
4, 10254, Note_on_c, 0, 40, 0
4, 10320, Note_on_c, 0, 45, 79
4, 10374, Note_on_c, 0, 45, 0
4, 10440, Note_on_c, 0, 43, 79
4, 10494, Note_on_c, 0, 43, 0
4, 10560, Note_on_c, 0, 41, 79
4, 10656, Note_on_c, 0, 41, 0
4, 10680, Note_on_c, 0, 38, 79
4, 10734, Note_on_c, 0, 38, 0
4, 10800, Note_on_c, 0, 50, 79
4, 10854, Note_on_c, 0, 50, 0
4, 10920, Note_on_c, 0, 47, 79
4, 10974, Note_on_c, 0, 47, 0
4, 11040, Note_on_c, 0, 52, 79
4, 11136, Note_on_c, 0, 52, 0
4, 11160, Note_on_c, 0, 54, 79
4, 11214, Note_on_c, 0, 54, 0
4, 11280, Note_on_c, 0, 56, 79
4, 11334, Note_on_c, 0, 56, 0
4, 11400, Note_on_c, 0, 52, 79
4, 11454, Note_on_c, 0, 52, 0
4, 11520, Note_on_c, 0, 57, 79
4, 11616, Note_on_c, 0, 57, 0
4, 11640, Note_on_c, 0, 55, 79
4, 11694, Note_on_c, 0, 55, 0
4, 11760, Note_on_c, 0, 53, 79
4, 11814, Note_on_c, 0, 53, 0
4, 11880, Note_on_c, 0, 52, 79
4, 11934, Note_on_c, 0, 52, 0
4, 12000, Note_on_c, 0, 50, 79
4, 12054, Note_on_c, 0, 50, 0
4, 12240, Note_on_c, 0, 57, 79
4, 12336, Note_on_c, 0, 57, 0
4, 12480, Note_on_c, 0, 57, 79
4, 12576, Note_on_c, 0, 57, 0
4, 12720, Note_on_c, 0, 57, 79
4, 12816, Note_on_c, 0, 57, 0
4, 12960, Note_on_c, 0, 57, 79
4, 13056, Note_on_c, 0, 57, 0
4, 13440, Note_on_c, 0, 57, 79
4, 13536, Note_on_c, 0, 57, 0
4, 13920, Note_on_c, 0, 57, 79
4, 14016, Note_on_c, 0, 57, 0
4, 14400, Note_on_c, 0, 57, 79
4, 14496, Note_on_c, 0, 57, 0
4, 14880, Note_on_c, 0, 57, 79
4, 14976, Note_on_c, 0, 57, 0
4, 15660, Note_on_c, 0, 64, 79
4, 15708, Note_on_c, 0, 64, 0
4, 15720, Note_on_c, 0, 63, 79
4, 15768, Note_on_c, 0, 63, 0
4, 15780, Note_on_c, 0, 64, 79
4, 15828, Note_on_c, 0, 64, 0
4, 15840, Note_on_c, 0, 60, 79
4, 15867, Note_on_c, 0, 60, 0
4, 15900, Note_on_c, 0, 64, 79
4, 15948, Note_on_c, 0, 64, 0
4, 15960, Note_on_c, 0, 63, 79
4, 16008, Note_on_c, 0, 63, 0
4, 16020, Note_on_c, 0, 64, 79
4, 16068, Note_on_c, 0, 64, 0
4, 16080, Note_on_c, 0, 59, 79
4, 16107, Note_on_c, 0, 59, 0
4, 16140, Note_on_c, 0, 64, 79
4, 16188, Note_on_c, 0, 64, 0
4, 16200, Note_on_c, 0, 63, 79
4, 16248, Note_on_c, 0, 63, 0
4, 16260, Note_on_c, 0, 64, 79
4, 16308, Note_on_c, 0, 64, 0
4, 16320, Note_on_c, 0, 57, 79
4, 16347, Note_on_c, 0, 57, 0
4, 16380, Note_on_c, 0, 64, 79
4, 16428, Note_on_c, 0, 64, 0
4, 16440, Note_on_c, 0, 63, 79
4, 16488, Note_on_c, 0, 63, 0
4, 16500, Note_on_c, 0, 64, 79
4, 16548, Note_on_c, 0, 64, 0
4, 16560, Note_on_c, 0, 55, 79
4, 16587, Note_on_c, 0, 55, 0
4, 16620, Note_on_c, 0, 64, 79
4, 16668, Note_on_c, 0, 64, 0
4, 16680, Note_on_c, 0, 63, 79
4, 16728, Note_on_c, 0, 63, 0
4, 16740, Note_on_c, 0, 64, 79
4, 16788, Note_on_c, 0, 64, 0
4, 16800, Note_on_c, 0, 54, 79
4, 16827, Note_on_c, 0, 54, 0
4, 16860, Note_on_c, 0, 64, 79
4, 16908, Note_on_c, 0, 64, 0
4, 16920, Note_on_c, 0, 63, 79
4, 16968, Note_on_c, 0, 63, 0
4, 16980, Note_on_c, 0, 61, 79
4, 17028, Note_on_c, 0, 61, 0
4, 17040, Note_on_c, 0, 63, 79
4, 17088, Note_on_c, 0, 63, 0
4, 17100, Note_on_c, 0, 64, 79
4, 17148, Note_on_c, 0, 64, 0
4, 17160, Note_on_c, 0, 61, 79
4, 17208, Note_on_c, 0, 61, 0
4, 17220, Note_on_c, 0, 63, 79
4, 17268, Note_on_c, 0, 63, 0
4, 17280, Note_on_c, 0, 52, 79
4, 17376, Note_on_c, 0, 52, 0
4, 17400, Note_on_c, 0, 54, 79
4, 17454, Note_on_c, 0, 54, 0
4, 17520, Note_on_c, 0, 55, 79
4, 17574, Note_on_c, 0, 55, 0
4, 17640, Note_on_c, 0, 52, 79
4, 17694, Note_on_c, 0, 52, 0
4, 17760, Note_on_c, 0, 57, 79
4, 17787, Note_on_c, 0, 57, 0
4, 17820, Note_on_c, 0, 62, 79
4, 17868, Note_on_c, 0, 62, 0
4, 17880, Note_on_c, 0, 61, 79
4, 17928, Note_on_c, 0, 61, 0
4, 17940, Note_on_c, 0, 59, 79
4, 17988, Note_on_c, 0, 59, 0
4, 18000, Note_on_c, 0, 61, 79
4, 18048, Note_on_c, 0, 61, 0
4, 18060, Note_on_c, 0, 62, 79
4, 18108, Note_on_c, 0, 62, 0
4, 18120, Note_on_c, 0, 59, 79
4, 18168, Note_on_c, 0, 59, 0
4, 18180, Note_on_c, 0, 61, 79
4, 18228, Note_on_c, 0, 61, 0
4, 18240, Note_on_c, 0, 50, 79
4, 18336, Note_on_c, 0, 50, 0
4, 18360, Note_on_c, 0, 52, 79
4, 18414, Note_on_c, 0, 52, 0
4, 18480, Note_on_c, 0, 54, 79
4, 18534, Note_on_c, 0, 54, 0
4, 18600, Note_on_c, 0, 50, 79
4, 18654, Note_on_c, 0, 50, 0
4, 18720, Note_on_c, 0, 55, 79
4, 18816, Note_on_c, 0, 55, 0
4, 18840, Note_on_c, 0, 54, 79
4, 18894, Note_on_c, 0, 54, 0
4, 18960, Note_on_c, 0, 56, 79
4, 19014, Note_on_c, 0, 56, 0
4, 19080, Note_on_c, 0, 52, 79
4, 19134, Note_on_c, 0, 52, 0
4, 19200, Note_on_c, 0, 57, 79
4, 19248, Note_on_c, 0, 57, 0
4, 19260, Note_on_c, 0, 55, 79
4, 19308, Note_on_c, 0, 55, 0
4, 19320, Note_on_c, 0, 54, 79
4, 19368, Note_on_c, 0, 54, 0
4, 19380, Note_on_c, 0, 52, 79
4, 19428, Note_on_c, 0, 52, 0
4, 19440, Note_on_c, 0, 54, 79
4, 19488, Note_on_c, 0, 54, 0
4, 19500, Note_on_c, 0, 55, 79
4, 19548, Note_on_c, 0, 55, 0
4, 19560, Note_on_c, 0, 52, 79
4, 19608, Note_on_c, 0, 52, 0
4, 19620, Note_on_c, 0, 54, 79
4, 19668, Note_on_c, 0, 54, 0
4, 19680, Note_on_c, 0, 51, 79
4, 19776, Note_on_c, 0, 51, 0
4, 19800, Note_on_c, 0, 49, 79
4, 19854, Note_on_c, 0, 49, 0
4, 19920, Note_on_c, 0, 51, 79
4, 19974, Note_on_c, 0, 51, 0
4, 20040, Note_on_c, 0, 47, 79
4, 20094, Note_on_c, 0, 47, 0
4, 20160, Note_on_c, 0, 52, 79
4, 20256, Note_on_c, 0, 52, 0
4, 20280, Note_on_c, 0, 47, 79
4, 20334, Note_on_c, 0, 47, 0
4, 20400, Note_on_c, 0, 48, 79
4, 20454, Note_on_c, 0, 48, 0
4, 20520, Note_on_c, 0, 42, 79
4, 20574, Note_on_c, 0, 42, 0
4, 20640, Note_on_c, 0, 43, 79
4, 20736, Note_on_c, 0, 43, 0
4, 20760, Note_on_c, 0, 45, 79
4, 20814, Note_on_c, 0, 45, 0
4, 20880, Note_on_c, 0, 47, 79
4, 20934, Note_on_c, 0, 47, 0
4, 21000, Note_on_c, 0, 59, 79
4, 21054, Note_on_c, 0, 59, 0
4, 21120, Note_on_c, 0, 52, 79
4, 21216, Note_on_c, 0, 52, 0
4, 21240, Note_on_c, 0, 40, 79
4, 21294, Note_on_c, 0, 40, 0
4, 21360, Note_on_c, 0, 42, 79
4, 21414, Note_on_c, 0, 42, 0
4, 21480, Note_on_c, 0, 44, 79
4, 21534, Note_on_c, 0, 44, 0
4, 21600, Note_on_c, 0, 45, 79
4, 21627, Note_on_c, 0, 45, 0
4, 21660, Note_on_c, 0, 55, 79
4, 21708, Note_on_c, 0, 55, 0
4, 21720, Note_on_c, 0, 57, 79
4, 21768, Note_on_c, 0, 57, 0
4, 21780, Note_on_c, 0, 55, 79
4, 21828, Note_on_c, 0, 55, 0
4, 21840, Note_on_c, 0, 54, 79
4, 21888, Note_on_c, 0, 54, 0
4, 21900, Note_on_c, 0, 57, 79
4, 21948, Note_on_c, 0, 57, 0
4, 21960, Note_on_c, 0, 52, 79
4, 22008, Note_on_c, 0, 52, 0
4, 22020, Note_on_c, 0, 57, 79
4, 22068, Note_on_c, 0, 57, 0
4, 22080, Note_on_c, 0, 50, 79
4, 22176, Note_on_c, 0, 50, 0
4, 22200, Note_on_c, 0, 38, 79
4, 22254, Note_on_c, 0, 38, 0
4, 22320, Note_on_c, 0, 40, 79
4, 22374, Note_on_c, 0, 40, 0
4, 22440, Note_on_c, 0, 42, 79
4, 22494, Note_on_c, 0, 42, 0
4, 22560, Note_on_c, 0, 43, 79
4, 22587, Note_on_c, 0, 43, 0
4, 22620, Note_on_c, 0, 54, 79
4, 22668, Note_on_c, 0, 54, 0
4, 22680, Note_on_c, 0, 55, 79
4, 22728, Note_on_c, 0, 55, 0
4, 22740, Note_on_c, 0, 54, 79
4, 22788, Note_on_c, 0, 54, 0
4, 22800, Note_on_c, 0, 52, 79
4, 22848, Note_on_c, 0, 52, 0
4, 22860, Note_on_c, 0, 55, 79
4, 22908, Note_on_c, 0, 55, 0
4, 22920, Note_on_c, 0, 50, 79
4, 22968, Note_on_c, 0, 50, 0
4, 22980, Note_on_c, 0, 55, 79
4, 23028, Note_on_c, 0, 55, 0
4, 23040, Note_on_c, 0, 48, 79
4, 23136, Note_on_c, 0, 48, 0
4, 23160, Note_on_c, 0, 52, 79
4, 23214, Note_on_c, 0, 52, 0
4, 23280, Note_on_c, 0, 45, 79
4, 23334, Note_on_c, 0, 45, 0
4, 23400, Note_on_c, 0, 48, 79
4, 23454, Note_on_c, 0, 48, 0
4, 23520, Note_on_c, 0, 42, 79
4, 23547, Note_on_c, 0, 42, 0
4, 23580, Note_on_c, 0, 60, 79
4, 23628, Note_on_c, 0, 60, 0
4, 23640, Note_on_c, 0, 62, 79
4, 23688, Note_on_c, 0, 62, 0
4, 23700, Note_on_c, 0, 60, 79
4, 23748, Note_on_c, 0, 60, 0
4, 23760, Note_on_c, 0, 59, 79
4, 23808, Note_on_c, 0, 59, 0
4, 23820, Note_on_c, 0, 62, 79
4, 23868, Note_on_c, 0, 62, 0
4, 23880, Note_on_c, 0, 57, 79
4, 23928, Note_on_c, 0, 57, 0
4, 23940, Note_on_c, 0, 62, 79
4, 23988, Note_on_c, 0, 62, 0
4, 24000, Note_on_c, 0, 55, 79
4, 24192, Note_on_c, 0, 55, 0
4, 31020, Note_on_c, 0, 48, 79
4, 31068, Note_on_c, 0, 48, 0
4, 31080, Note_on_c, 0, 47, 79
4, 31128, Note_on_c, 0, 47, 0
4, 31140, Note_on_c, 0, 48, 79
4, 31188, Note_on_c, 0, 48, 0
4, 31200, Note_on_c, 0, 45, 79
4, 31227, Note_on_c, 0, 45, 0
4, 31260, Note_on_c, 0, 48, 79
4, 31308, Note_on_c, 0, 48, 0
4, 31320, Note_on_c, 0, 47, 79
4, 31368, Note_on_c, 0, 47, 0
4, 31380, Note_on_c, 0, 48, 79
4, 31428, Note_on_c, 0, 48, 0
4, 31440, Note_on_c, 0, 43, 79
4, 31467, Note_on_c, 0, 43, 0
4, 31500, Note_on_c, 0, 48, 79
4, 31548, Note_on_c, 0, 48, 0
4, 31560, Note_on_c, 0, 47, 79
4, 31608, Note_on_c, 0, 47, 0
4, 31620, Note_on_c, 0, 48, 79
4, 31668, Note_on_c, 0, 48, 0
4, 31680, Note_on_c, 0, 41, 79
4, 31707, Note_on_c, 0, 41, 0
4, 31740, Note_on_c, 0, 48, 79
4, 31788, Note_on_c, 0, 48, 0
4, 31800, Note_on_c, 0, 47, 79
4, 31848, Note_on_c, 0, 47, 0
4, 31860, Note_on_c, 0, 48, 79
4, 31908, Note_on_c, 0, 48, 0
4, 31920, Note_on_c, 0, 40, 79
4, 31947, Note_on_c, 0, 40, 0
4, 31980, Note_on_c, 0, 48, 79
4, 32028, Note_on_c, 0, 48, 0
4, 32040, Note_on_c, 0, 47, 79
4, 32088, Note_on_c, 0, 47, 0
4, 32100, Note_on_c, 0, 48, 79
4, 32148, Note_on_c, 0, 48, 0
4, 32160, Note_on_c, 0, 38, 79
4, 32187, Note_on_c, 0, 38, 0
4, 32220, Note_on_c, 0, 48, 79
4, 32268, Note_on_c, 0, 48, 0
4, 32280, Note_on_c, 0, 47, 79
4, 32328, Note_on_c, 0, 47, 0
4, 32340, Note_on_c, 0, 45, 79
4, 32388, Note_on_c, 0, 45, 0
4, 32400, Note_on_c, 0, 47, 79
4, 32448, Note_on_c, 0, 47, 0
4, 32460, Note_on_c, 0, 48, 79
4, 32508, Note_on_c, 0, 48, 0
4, 32520, Note_on_c, 0, 45, 79
4, 32568, Note_on_c, 0, 45, 0
4, 32580, Note_on_c, 0, 47, 79
4, 32628, Note_on_c, 0, 47, 0
4, 32640, Note_on_c, 0, 48, 79
4, 32736, Note_on_c, 0, 48, 0
4, 32760, Note_on_c, 0, 50, 79
4, 32814, Note_on_c, 0, 50, 0
4, 32880, Note_on_c, 0, 52, 79
4, 32934, Note_on_c, 0, 52, 0
4, 33000, Note_on_c, 0, 54, 79
4, 33054, Note_on_c, 0, 54, 0
4, 33120, Note_on_c, 0, 55, 79
4, 33174, Note_on_c, 0, 55, 0
4, 33240, Note_on_c, 0, 43, 79
4, 33294, Note_on_c, 0, 43, 0
4, 33360, Note_on_c, 0, 45, 79
4, 33414, Note_on_c, 0, 45, 0
4, 33480, Note_on_c, 0, 47, 79
4, 33534, Note_on_c, 0, 47, 0
4, 33600, Note_on_c, 0, 48, 79
4, 33654, Note_on_c, 0, 48, 0
4, 33720, Note_on_c, 0, 40, 79
4, 33774, Note_on_c, 0, 40, 0
4, 33840, Note_on_c, 0, 41, 79
4, 33894, Note_on_c, 0, 41, 0
4, 33960, Note_on_c, 0, 43, 79
4, 34014, Note_on_c, 0, 43, 0
4, 34080, Note_on_c, 0, 36, 95
4, 34464, Note_on_c, 0, 36, 0
4, 34464, End_track
0, 0, End_of_file
