0, 0, Header, 1, 2, 480
1, 0, Start_track
1, 0, Time_signature, 4, 2, 24, 8
1, 0, Key_signature, 0, "major"
1, 0, Tempo, 500000
1, 0, End_track
2, 0, Start_track
2, 0, MIDI_port, 0
2, 0, Note_on_c, 0, 78, 54
2, 621, Control_c, 0, 64, 127
2, 1024, Note_on_c, 0, 78, 0
2, 1521, Note_on_c, 0, 77, 42
2, 1761, Note_on_c, 0, 78, 54
2, 1795, Note_on_c, 0, 77, 0
2, 1944, Note_on_c, 0, 80, 60
2, 1951, Note_on_c, 0, 78, 0
2, 2112, Note_on_c, 0, 80, 0
2, 2112, Note_on_c, 0, 78, 60
2, 2208, Note_on_c, 0, 78, 0
2, 2313, Note_on_c, 0, 76, 58
2, 2364, Note_on_c, 0, 76, 0
2, 2467, Note_on_c, 0, 75, 51
2, 2517, Note_on_c, 0, 75, 0
2, 2661, Note_on_c, 0, 58, 37
2, 2685, Note_on_c, 0, 73, 49
2, 2702, Note_on_c, 0, 64, 48
2, 2851, Note_on_c, 0, 58, 0
2, 2887, Note_on_c, 0, 66, 54
2, 2892, Note_on_c, 0, 54, 36
2, 2947, Note_on_c, 0, 64, 0
2, 2973, Note_on_c, 0, 54, 0
2, 2973, Note_on_c, 0, 66, 0
2, 3004, Note_on_c, 0, 73, 0
2, 3038, Note_on_c, 0, 70, 55
2, 3067, Note_on_c, 0, 68, 62
2, 3067, Note_on_c, 0, 49, 61
2, 3120, Note_on_c, 0, 49, 0
2, 3204, Control_c, 0, 64, 0
2, 3240, Note_on_c, 0, 66, 70
2, 3252, Note_on_c, 0, 42, 49
2, 3273, Note_on_c, 0, 68, 0
2, 3288, Note_on_c, 0, 70, 0
2, 3340, Note_on_c, 0, 66, 0
2, 3357, Control_c, 0, 64, 127
2, 3386, Note_on_c, 0, 42, 0
2, 3412, Note_on_c, 0, 66, 66
2, 3420, Note_on_c, 0, 49, 53
2, 3465, Note_on_c, 0, 66, 0
2, 3561, Note_on_c, 0, 75, 68
2, 3592, Note_on_c, 0, 54, 33
2, 3604, Note_on_c, 0, 75, 0
2, 3616, Note_on_c, 0, 49, 0
2, 3672, Note_on_c, 0, 54, 0
2, 3722, Note_on_c, 0, 58, 60
2, 3724, Note_on_c, 0, 73, 68
2, 3729, Note_on_c, 0, 64, 59
2, 3806, Note_on_c, 0, 64, 0
2, 3868, Note_on_c, 0, 58, 0
2, 3888, Note_on_c, 0, 66, 72
2, 3912, Note_on_c, 0, 54, 54
2, 3981, Note_on_c, 0, 54, 0
2, 4044, Note_on_c, 0, 66, 0
2, 4046, Note_on_c, 0, 73, 0
2, 4048, Note_on_c, 0, 70, 78
2, 4072, Note_on_c, 0, 68, 67
2, 4092, Note_on_c, 0, 49, 41
2, 4180, Note_on_c, 0, 49, 0
2, 4202, Control_c, 0, 64, 0
2, 4248, Note_on_c, 0, 66, 73
2, 4252, Note_on_c, 0, 68, 0
2, 4264, Note_on_c, 0, 70, 0
2, 4264, Note_on_c, 0, 42, 51
2, 4324, Control_c, 0, 64, 127
2, 4356, Note_on_c, 0, 66, 0
2, 4411, Note_on_c, 0, 42, 0
2, 4428, Note_on_c, 0, 66, 70
2, 4435, Note_on_c, 0, 49, 56
2, 4488, Note_on_c, 0, 49, 0
2, 4495, Note_on_c, 0, 66, 0
2, 4596, Note_on_c, 0, 75, 69
2, 4600, Note_on_c, 0, 54, 42
2, 4639, Note_on_c, 0, 75, 0
2, 4761, Note_on_c, 0, 54, 0
2, 4790, Note_on_c, 0, 73, 67
2, 4819, Note_on_c, 0, 64, 43
2, 4831, Control_c, 0, 64, 0
2, 4833, Note_on_c, 0, 47, 36
2, 4984, Control_c, 0, 64, 127
2, 4996, Note_on_c, 0, 47, 0
2, 5028, Note_on_c, 0, 64, 0
2, 5030, Note_on_c, 0, 54, 46
2, 5044, Note_on_c, 0, 66, 42
2, 5104, Note_on_c, 0, 54, 0
2, 5157, Note_on_c, 0, 66, 0
2, 5232, Note_on_c, 0, 71, 53
2, 5232, Note_on_c, 0, 63, 47
2, 5234, Note_on_c, 0, 73, 0
2, 5248, Note_on_c, 0, 47, 25
2, 5352, Note_on_c, 0, 63, 0
2, 5368, Control_c, 0, 64, 0
2, 5392, Note_on_c, 0, 54, 44
2, 5409, Note_on_c, 0, 66, 61
2, 5412, Note_on_c, 0, 71, 0
2, 5476, Control_c, 0, 64, 127
2, 5484, Note_on_c, 0, 47, 0
2, 5524, Note_on_c, 0, 66, 0
2, 5560, Note_on_c, 0, 54, 0
2, 5565, Note_on_c, 0, 75, 78
2, 5565, Note_on_c, 0, 51, 51
2, 5577, Note_on_c, 0, 71, 21
2, 5628, Note_on_c, 0, 71, 0
2, 5652, Note_on_c, 0, 51, 0
2, 5680, Note_on_c, 0, 75, 0
2, 5738, Note_on_c, 0, 66, 54
2, 5755, Note_on_c, 0, 59, 35
2, 5805, Note_on_c, 0, 59, 0
2, 5810, Note_on_c, 0, 66, 0
2, 5932, Note_on_c, 0, 77, 92
2, 5964, Note_on_c, 0, 63, 50
2, 6031, Note_on_c, 0, 63, 0
2, 6117, Note_on_c, 0, 77, 0
2, 6146, Note_on_c, 0, 78, 77
2, 6172, Note_on_c, 0, 66, 55
2, 6180, Note_on_c, 0, 54, 41
2, 6223, Note_on_c, 0, 66, 0
2, 6252, Note_on_c, 0, 54, 0
2, 6355, Note_on_c, 0, 80, 88
2, 6357, Note_on_c, 0, 78, 0
2, 6386, Note_on_c, 0, 59, 42
2, 6444, Note_on_c, 0, 80, 0
2, 6448, Note_on_c, 0, 59, 0
2, 6542, Note_on_c, 0, 78, 78
2, 6547, Note_on_c, 0, 51, 52
2, 6588, Note_on_c, 0, 66, 28
2, 6602, Note_on_c, 0, 78, 0
2, 6621, Note_on_c, 0, 51, 0
2, 6655, Note_on_c, 0, 66, 0
2, 6729, Note_on_c, 0, 76, 79
2, 6739, Note_on_c, 0, 54, 36
2, 6739, Note_on_c, 0, 71, 45
2, 6799, Note_on_c, 0, 71, 0
2, 6823, Note_on_c, 0, 54, 0
2, 6885, Note_on_c, 0, 76, 0
2, 6888, Note_on_c, 0, 75, 70
2, 6895, Note_on_c, 0, 66, 52
2, 6902, Note_on_c, 0, 47, 32
2, 6931, Note_on_c, 0, 75, 0
2, 6945, Note_on_c, 0, 66, 0
2, 6969, Note_on_c, 0, 47, 0
2, 7053, Note_on_c, 0, 58, 52
2, 7056, Note_on_c, 0, 73, 70
2, 7060, Control_c, 0, 64, 0
2, 7075, Note_on_c, 0, 64, 56
2, 7224, Note_on_c, 0, 66, 62
2, 7238, Note_on_c, 0, 58, 0
2, 7250, Note_on_c, 0, 54, 43
2, 7260, Control_c, 0, 64, 127
2, 7267, Note_on_c, 0, 64, 0
2, 7296, Note_on_c, 0, 66, 0
2, 7341, Note_on_c, 0, 73, 0
2, 7346, Note_on_c, 0, 54, 0
2, 7353, Note_on_c, 0, 70, 68
2, 7389, Note_on_c, 0, 68, 65
2, 7401, Note_on_c, 0, 49, 53
2, 7507, Note_on_c, 0, 70, 0
2, 7552, Note_on_c, 0, 66, 73
2, 7572, Note_on_c, 0, 68, 0
2, 7574, Note_on_c, 0, 49, 0
2, 7584, Note_on_c, 0, 42, 57
2, 7610, Note_on_c, 0, 66, 0
2, 7708, Note_on_c, 0, 66, 73
2, 7725, Note_on_c, 0, 42, 0
2, 7756, Note_on_c, 0, 49, 50
2, 7816, Note_on_c, 0, 66, 0
2, 7857, Note_on_c, 0, 75, 79
2, 7898, Note_on_c, 0, 75, 0
2, 7905, Note_on_c, 0, 54, 28
2, 7996, Control_c, 0, 64, 0
2, 8011, Note_on_c, 0, 54, 0
2, 8025, Note_on_c, 0, 73, 79
2, 8030, Note_on_c, 0, 58, 75
2, 8035, Note_on_c, 0, 64, 70
2, 8150, Control_c, 0, 64, 127
2, 8174, Note_on_c, 0, 49, 0
2, 8188, Note_on_c, 0, 66, 69
2, 8191, Note_on_c, 0, 58, 0
2, 8217, Note_on_c, 0, 64, 0
2, 8217, Note_on_c, 0, 54, 55
2, 8284, Note_on_c, 0, 54, 0
2, 8299, Note_on_c, 0, 66, 0
2, 8316, Note_on_c, 0, 73, 0
2, 8328, Note_on_c, 0, 70, 76
2, 8347, Note_on_c, 0, 49, 56
2, 8349, Note_on_c, 0, 68, 78
2, 8426, Note_on_c, 0, 70, 0
2, 8476, Note_on_c, 0, 49, 0
2, 8512, Note_on_c, 0, 68, 0
2, 8522, Note_on_c, 0, 66, 77
2, 8534, Note_on_c, 0, 42, 62
2, 8572, Note_on_c, 0, 66, 0
2, 8596, Note_on_c, 0, 42, 0
2, 8664, Note_on_c, 0, 49, 65
2, 8676, Note_on_c, 0, 66, 66
2, 8724, Note_on_c, 0, 49, 0
2, 8839, Note_on_c, 0, 75, 81
2, 8851, Note_on_c, 0, 66, 0
2, 8853, Note_on_c, 0, 54, 55
2, 8887, Note_on_c, 0, 75, 0
2, 8997, Note_on_c, 0, 54, 0
2, 9026, Control_c, 0, 64, 0
2, 9038, Note_on_c, 0, 73, 78
2, 9062, Note_on_c, 0, 47, 48
2, 9081, Note_on_c, 0, 64, 40
2, 9158, Note_on_c, 0, 47, 0
2, 9196, Control_c, 0, 64, 127
2, 9225, Note_on_c, 0, 64, 0
2, 9225, Note_on_c, 0, 66, 61
2, 9242, Note_on_c, 0, 54, 44
2, 9376, Note_on_c, 0, 66, 0
2, 9393, Note_on_c, 0, 54, 0
2, 9410, Note_on_c, 0, 73, 0
2, 9427, Note_on_c, 0, 63, 49
2, 9429, Note_on_c, 0, 71, 53
2, 9453, Note_on_c, 0, 47, 43
2, 9518, Control_c, 0, 64, 0
2, 9590, Note_on_c, 0, 54, 40
2, 9602, Note_on_c, 0, 66, 62
2, 9626, Note_on_c, 0, 47, 0
2, 9636, Note_on_c, 0, 63, 0
2, 9636, Note_on_c, 0, 71, 0
2, 9688, Control_c, 0, 64, 127
2, 9727, Note_on_c, 0, 54, 0
2, 9734, Note_on_c, 0, 66, 0
2, 9746, Note_on_c, 0, 71, 39
2, 9746, Note_on_c, 0, 51, 52
2, 9753, Note_on_c, 0, 75, 72
2, 9806, Note_on_c, 0, 71, 0
2, 9830, Note_on_c, 0, 51, 0
2, 9888, Note_on_c, 0, 75, 0
2, 9919, Note_on_c, 0, 59, 49
2, 9948, Note_on_c, 0, 66, 47
2, 9960, Note_on_c, 0, 59, 0
2, 10017, Note_on_c, 0, 66, 0
2, 10156, Note_on_c, 0, 78, 73
2, 10164, Note_on_c, 0, 63, 38
2, 10192, Note_on_c, 0, 71, 33
2, 10195, Control_c, 0, 64, 0
2, 10262, Note_on_c, 0, 71, 0
2, 10360, Note_on_c, 0, 54, 41
2, 10365, Control_c, 0, 64, 127
2, 10368, Note_on_c, 0, 66, 48
2, 10375, Note_on_c, 0, 63, 0
2, 10416, Note_on_c, 0, 66, 0
2, 10447, Note_on_c, 0, 54, 0
2, 10471, Note_on_c, 0, 78, 0
2, 10524, Note_on_c, 0, 79, 96
2, 10552, Note_on_c, 0, 61, 40
2, 10597, Note_on_c, 0, 70, 35
2, 10624, Control_c, 0, 64, 0
2, 10650, Note_on_c, 0, 70, 0
2, 10701, Control_c, 0, 64, 127
2, 10720, Note_on_c, 0, 52, 48
2, 10720, Note_on_c, 0, 67, 59
2, 10747, Note_on_c, 0, 61, 0
2, 10761, Note_on_c, 0, 79, 0
2, 10766, Note_on_c, 0, 67, 0
2, 10783, Note_on_c, 0, 52, 0
2, 10857, Note_on_c, 0, 80, 95
2, 10896, Note_on_c, 0, 71, 48
2, 10898, Note_on_c, 0, 59, 56
2, 10944, Note_on_c, 0, 71, 0
2, 10960, Note_on_c, 0, 59, 0
2, 11049, Note_on_c, 0, 68, 59
2, 11064, Note_on_c, 0, 51, 45
2, 11097, Note_on_c, 0, 68, 0
2, 11121, Note_on_c, 0, 51, 0
2, 11126, Note_on_c, 0, 80, 0
2, 11232, Note_on_c, 0, 83, 92
2, 11246, Note_on_c, 0, 75, 64
2, 11263, Note_on_c, 0, 44, 50
2, 11301, Control_c, 0, 64, 0
2, 11316, Note_on_c, 0, 75, 0
2, 11388, Note_on_c, 0, 75, 2
2, 11508, Note_on_c, 0, 51, 61
2, 11529, Note_on_c, 0, 71, 52
2, 11532, Control_c, 0, 64, 127
2, 11534, Note_on_c, 0, 44, 0
2, 11572, Note_on_c, 0, 75, 0
2, 11637, Note_on_c, 0, 51, 0
2, 11666, Note_on_c, 0, 71, 0
2, 11709, Note_on_c, 0, 78, 71
2, 11736, Note_on_c, 0, 83, 0
2, 11745, Note_on_c, 0, 59, 49
2, 11755, Note_on_c, 0, 76, 84
2, 11836, Note_on_c, 0, 59, 0
2, 11868, Note_on_c, 0, 78, 0
2, 11923, Note_on_c, 0, 75, 76
2, 11932, Note_on_c, 0, 76, 0
2, 11937, Note_on_c, 0, 56, 55
2, 12019, Note_on_c, 0, 56, 0
2, 12084, Note_on_c, 0, 75, 0
2, 12110, Note_on_c, 0, 63, 60
2, 12112, Note_on_c, 0, 71, 69
2, 12199, Note_on_c, 0, 63, 0
2, 12266, Note_on_c, 0, 83, 90
2, 12273, Note_on_c, 0, 71, 0
2, 12273, Note_on_c, 0, 80, 83
2, 12297, Note_on_c, 0, 59, 50
2, 12304, Note_on_c, 0, 83, 0
2, 12316, Note_on_c, 0, 80, 0
2, 12343, Note_on_c, 0, 59, 0
2, 12446, Note_on_c, 0, 82, 95
2, 12451, Note_on_c, 0, 51, 65
2, 12458, Note_on_c, 0, 78, 57
2, 12470, Control_c, 0, 64, 0
2, 12643, Note_on_c, 0, 75, 70
2, 12645, Note_on_c, 0, 66, 64
2, 12655, Control_c, 0, 64, 127
2, 12686, Note_on_c, 0, 78, 0
2, 12700, Note_on_c, 0, 82, 0
2, 12715, Note_on_c, 0, 66, 0
2, 12734, Note_on_c, 0, 75, 0
2, 12787, Note_on_c, 0, 70, 79
2, 12813, Note_on_c, 0, 58, 67
2, 12852, Note_on_c, 0, 70, 0
2, 12883, Note_on_c, 0, 58, 0
2, 12902, Note_on_c, 0, 51, 0
2, 12950, Note_on_c, 0, 71, 73
2, 12964, Note_on_c, 0, 54, 62
2, 13068, Note_on_c, 0, 71, 0
2, 13118, Note_on_c, 0, 70, 88
2, 13137, Note_on_c, 0, 63, 64
2, 13192, Note_on_c, 0, 63, 0
2, 13231, Note_on_c, 0, 70, 0
2, 13310, Note_on_c, 0, 58, 70
2, 13322, Note_on_c, 0, 54, 0
2, 13322, Note_on_c, 0, 78, 83
2, 13338, Note_on_c, 0, 75, 46
2, 13363, Note_on_c, 0, 58, 0
2, 13375, Note_on_c, 0, 78, 0
2, 13398, Note_on_c, 0, 75, 0
2, 13622, Control_c, 0, 64, 0
2, 13624, Note_on_c, 0, 71, 76
2, 13627, Note_on_c, 0, 40, 54
2, 13639, Note_on_c, 0, 68, 56
2, 13747, Note_on_c, 0, 40, 0
2, 13807, Control_c, 0, 64, 127
2, 13864, Note_on_c, 0, 68, 0
2, 13900, Note_on_c, 0, 59, 45
2, 13903, Note_on_c, 0, 64, 63
2, 13958, Note_on_c, 0, 64, 0
2, 13965, Note_on_c, 0, 59, 0
2, 14035, Note_on_c, 0, 68, 51
2, 14088, Note_on_c, 0, 66, 58
2, 14092, Note_on_c, 0, 47, 33
2, 14169, Note_on_c, 0, 68, 0
2, 14176, Note_on_c, 0, 66, 0
2, 14268, Control_c, 0, 64, 0
2, 14277, Note_on_c, 0, 64, 65
2, 14282, Note_on_c, 0, 56, 53
2, 14323, Note_on_c, 0, 47, 0
2, 14450, Note_on_c, 0, 64, 0
2, 14452, Control_c, 0, 64, 127
2, 14476, Note_on_c, 0, 68, 49
2, 14496, Note_on_c, 0, 56, 0
2, 14522, Note_on_c, 0, 59, 27
2, 14659, Note_on_c, 0, 59, 0
2, 14702, Note_on_c, 0, 73, 61
2, 14752, Note_on_c, 0, 71, 0
2, 14752, Note_on_c, 0, 52, 33
2, 14848, Note_on_c, 0, 52, 0
2, 14968, Note_on_c, 0, 75, 53
2, 14983, Note_on_c, 0, 73, 0
2, 14987, Note_on_c, 0, 71, 31
2, 14990, Control_c, 0, 64, 0
2, 14995, Note_on_c, 0, 47, 26
2, 15136, Note_on_c, 0, 68, 0
2, 15216, Note_on_c, 0, 53, 42
2, 15223, Note_on_c, 0, 63, 42
2, 15343, Control_c, 0, 64, 127
2, 15369, Note_on_c, 0, 63, 0
2, 15384, Note_on_c, 0, 47, 0
2, 15444, Note_on_c, 0, 66, 34
2, 15444, Note_on_c, 0, 54, 37
2, 15451, Note_on_c, 0, 53, 0
2, 15462, Note_on_c, 0, 71, 0
2, 15648, Note_on_c, 0, 54, 0
2, 15660, Note_on_c, 0, 66, 0
2, 15666, Note_on_c, 0, 61, 39
2, 15667, Note_on_c, 0, 63, 45
2, 15698, Control_c, 0, 64, 0
2, 15880, Note_on_c, 0, 63, 0
2, 15904, Note_on_c, 0, 66, 43
2, 15916, Note_on_c, 0, 59, 33
2, 15928, Control_c, 0, 64, 127
2, 15959, Note_on_c, 0, 61, 0
2, 16089, Note_on_c, 0, 59, 0
2, 16130, Note_on_c, 0, 68, 48
2, 16140, Note_on_c, 0, 56, 39
2, 16190, Note_on_c, 0, 66, 0
2, 16200, Note_on_c, 0, 75, 0
2, 16310, Note_on_c, 0, 56, 0
2, 16382, Note_on_c, 0, 73, 52
2, 16387, Note_on_c, 0, 58, 61
2, 16392, Note_on_c, 0, 64, 45
2, 16404, Note_on_c, 0, 68, 0
2, 16435, Control_c, 0, 64, 0
2, 16579, Note_on_c, 0, 66, 54
2, 16584, Note_on_c, 0, 54, 48
2, 16608, Note_on_c, 0, 58, 0
2, 16622, Note_on_c, 0, 64, 0
2, 16634, Control_c, 0, 64, 127
2, 16716, Note_on_c, 0, 68, 52
2, 16728, Note_on_c, 0, 66, 0
2, 16737, Note_on_c, 0, 54, 0
2, 16742, Note_on_c, 0, 73, 0
2, 16759, Note_on_c, 0, 70, 62
2, 16771, Note_on_c, 0, 68, 0
2, 16785, Note_on_c, 0, 49, 40
2, 16845, Note_on_c, 0, 68, 80
2, 16860, Note_on_c, 0, 70, 0
2, 16956, Note_on_c, 0, 49, 0
2, 16996, Note_on_c, 0, 42, 49
2, 17025, Note_on_c, 0, 66, 69
2, 17049, Note_on_c, 0, 68, 0
2, 17119, Note_on_c, 0, 66, 0
2, 17155, Note_on_c, 0, 42, 0
2, 17184, Note_on_c, 0, 49, 53
2, 17198, Note_on_c, 0, 66, 72
2, 17270, Note_on_c, 0, 66, 0
2, 17356, Note_on_c, 0, 75, 69
2, 17385, Note_on_c, 0, 54, 33
2, 17402, Note_on_c, 0, 75, 0
2, 17472, Note_on_c, 0, 54, 0
2, 17532, Note_on_c, 0, 73, 74
2, 17541, Control_c, 0, 64, 0
2, 17541, Note_on_c, 0, 64, 65
2, 17553, Note_on_c, 0, 58, 42
2, 17604, Note_on_c, 0, 64, 0
2, 17707, Note_on_c, 0, 66, 69
2, 17724, Note_on_c, 0, 58, 0
2, 17724, Note_on_c, 0, 49, 0
2, 17731, Note_on_c, 0, 54, 52
2, 17740, Control_c, 0, 64, 127
2, 17803, Note_on_c, 0, 73, 0
2, 17805, Note_on_c, 0, 54, 0
2, 17834, Note_on_c, 0, 66, 0
2, 17836, Note_on_c, 0, 68, 73
2, 17887, Note_on_c, 0, 68, 0
2, 17896, Note_on_c, 0, 49, 37
2, 17904, Note_on_c, 0, 70, 78
2, 17966, Note_on_c, 0, 68, 69
2, 17978, Note_on_c, 0, 49, 0
2, 18016, Note_on_c, 0, 70, 0
2, 18122, Note_on_c, 0, 42, 44
2, 18175, Note_on_c, 0, 66, 70
2, 18204, Note_on_c, 0, 68, 0
2, 18300, Note_on_c, 0, 66, 0
2, 18309, Note_on_c, 0, 49, 50
2, 18362, Note_on_c, 0, 42, 0
2, 18372, Note_on_c, 0, 66, 67
2, 18374, Note_on_c, 0, 49, 0
2, 18441, Note_on_c, 0, 66, 0
2, 18513, Note_on_c, 0, 54, 55
2, 18540, Note_on_c, 0, 75, 76
2, 18559, Note_on_c, 0, 54, 0
2, 18585, Note_on_c, 0, 75, 0
2, 18715, Note_on_c, 0, 73, 83
2, 18730, Note_on_c, 0, 64, 71
2, 18732, Note_on_c, 0, 35, 49
2, 18801, Control_c, 0, 64, 0
2, 18869, Note_on_c, 0, 64, 0
2, 18900, Note_on_c, 0, 66, 71
2, 18912, Note_on_c, 0, 42, 54
2, 18981, Note_on_c, 0, 35, 0
2, 19000, Control_c, 0, 64, 127
2, 19036, Note_on_c, 0, 42, 0
2, 19039, Note_on_c, 0, 66, 0
2, 19063, Note_on_c, 0, 63, 65
2, 19065, Note_on_c, 0, 73, 0
2, 19065, Note_on_c, 0, 71, 73
2, 19075, Note_on_c, 0, 47, 53
2, 19116, Note_on_c, 0, 47, 0
2, 19125, Note_on_c, 0, 63, 0
2, 19238, Note_on_c, 0, 54, 55
2, 19240, Note_on_c, 0, 66, 68
2, 19243, Note_on_c, 0, 71, 0
2, 19358, Note_on_c, 0, 66, 0
2, 19368, Note_on_c, 0, 54, 0
2, 19408, Note_on_c, 0, 75, 91
2, 19408, Note_on_c, 0, 51, 67
2, 19488, Note_on_c, 0, 51, 0
2, 19548, Note_on_c, 0, 75, 0
2, 19586, Note_on_c, 0, 66, 69
2, 19593, Note_on_c, 0, 59, 55
2, 19644, Note_on_c, 0, 59, 0
2, 19672, Note_on_c, 0, 66, 0
2, 19797, Note_on_c, 0, 77, 94
2, 19816, Control_c, 0, 64, 0
2, 19824, Note_on_c, 0, 62, 43
2, 19828, Note_on_c, 0, 71, 45
2, 19879, Note_on_c, 0, 71, 0
2, 19970, Control_c, 0, 64, 127
2, 20040, Note_on_c, 0, 62, 0
2, 20040, Note_on_c, 0, 78, 83
2, 20044, Note_on_c, 0, 63, 55
2, 20052, Note_on_c, 0, 66, 51
2, 20056, Note_on_c, 0, 77, 0
2, 20100, Note_on_c, 0, 66, 0
2, 20169, Note_on_c, 0, 63, 0
2, 20196, Note_on_c, 0, 78, 0
2, 20220, Note_on_c, 0, 80, 89
2, 20244, Note_on_c, 0, 64, 55
2, 20258, Note_on_c, 0, 71, 20
2, 20294, Note_on_c, 0, 80, 0
2, 20318, Note_on_c, 0, 64, 0
2, 20332, Note_on_c, 0, 71, 0
2, 20400, Note_on_c, 0, 78, 82
2, 20402, Note_on_c, 0, 63, 56
2, 20407, Note_on_c, 0, 66, 60
2, 20464, Note_on_c, 0, 66, 0
2, 20472, Note_on_c, 0, 63, 0
2, 20476, Note_on_c, 0, 78, 0
2, 20565, Note_on_c, 0, 61, 56
2, 20580, Note_on_c, 0, 76, 92
2, 20604, Note_on_c, 0, 71, 42
2, 20630, Note_on_c, 0, 61, 0
2, 20654, Note_on_c, 0, 71, 0
2, 20738, Note_on_c, 0, 76, 0
2, 20745, Note_on_c, 0, 75, 84
2, 20755, Note_on_c, 0, 59, 37
2, 20769, Note_on_c, 0, 66, 37
2, 20791, Note_on_c, 0, 75, 0
2, 20803, Note_on_c, 0, 59, 0
2, 20836, Note_on_c, 0, 66, 0
2, 20952, Note_on_c, 0, 73, 68
2, 20973, Note_on_c, 0, 64, 50
2, 20985, Note_on_c, 0, 58, 48
2, 21000, Control_c, 0, 64, 0
2, 21160, Note_on_c, 0, 66, 58
2, 21199, Note_on_c, 0, 64, 0
2, 21199, Control_c, 0, 64, 127
2, 21223, Note_on_c, 0, 66, 0
2, 21261, Note_on_c, 0, 73, 0
2, 21319, Note_on_c, 0, 68, 40
2, 21345, Note_on_c, 0, 58, 0
2, 21367, Note_on_c, 0, 70, 64
2, 21384, Note_on_c, 0, 68, 0
2, 21415, Note_on_c, 0, 49, 29
2, 21429, Note_on_c, 0, 70, 0
2, 21441, Note_on_c, 0, 68, 53
2, 21607, Note_on_c, 0, 49, 0
2, 21645, Note_on_c, 0, 68, 0
2, 21645, Note_on_c, 0, 66, 61
2, 21684, Note_on_c, 0, 42, 41
2, 21717, Note_on_c, 0, 66, 0
2, 21835, Note_on_c, 0, 66, 46
2, 21837, Note_on_c, 0, 42, 0
2, 21859, Note_on_c, 0, 49, 52
2, 21912, Note_on_c, 0, 66, 0
2, 22005, Note_on_c, 0, 75, 62
2, 22044, Note_on_c, 0, 54, 38
2, 22056, Note_on_c, 0, 75, 0
2, 22135, Note_on_c, 0, 54, 0
2, 22180, Note_on_c, 0, 73, 64
2, 22188, Note_on_c, 0, 64, 66
2, 22216, Note_on_c, 0, 58, 52
2, 22228, Control_c, 0, 64, 0
2, 22255, Note_on_c, 0, 64, 0
2, 22320, Control_c, 0, 64, 127
2, 22341, Note_on_c, 0, 49, 0
2, 22344, Note_on_c, 0, 66, 59
2, 22382, Note_on_c, 0, 58, 0
2, 22384, Note_on_c, 0, 73, 0
2, 22408, Note_on_c, 0, 66, 0
2, 22408, Note_on_c, 0, 54, 43
2, 22418, Note_on_c, 0, 68, 55
2, 22471, Note_on_c, 0, 68, 0
2, 22478, Note_on_c, 0, 54, 0
2, 22480, Note_on_c, 0, 70, 70
2, 22538, Note_on_c, 0, 70, 0
2, 22550, Note_on_c, 0, 68, 75
2, 22572, Note_on_c, 0, 49, 40
2, 22692, Note_on_c, 0, 49, 0
2, 22725, Note_on_c, 0, 66, 70
2, 22749, Note_on_c, 0, 68, 0
2, 22752, Note_on_c, 0, 42, 46
2, 22800, Note_on_c, 0, 66, 0
2, 22833, Note_on_c, 0, 42, 0
2, 22888, Note_on_c, 0, 49, 47
2, 22915, Note_on_c, 0, 66, 68
2, 22941, Note_on_c, 0, 49, 0
2, 23037, Note_on_c, 0, 58, 68
2, 23095, Note_on_c, 0, 58, 0
2, 23136, Note_on_c, 0, 66, 0
2, 23148, Note_on_c, 0, 78, 86
2, 23150, Control_c, 0, 64, 0
2, 23174, Note_on_c, 0, 47, 65
2, 23294, Note_on_c, 0, 54, 64
2, 23320, Note_on_c, 0, 47, 0
2, 23366, Control_c, 0, 64, 127
2, 23404, Note_on_c, 0, 78, 0
2, 23419, Note_on_c, 0, 54, 0
2, 23544, Note_on_c, 0, 78, 93
2, 23604, Note_on_c, 0, 63, 57
2, 24705, Note_on_c, 0, 77, 86
2, 24796, Note_on_c, 0, 78, 0
2, 24998, Note_on_c, 0, 78, 86
2, 25060, Note_on_c, 0, 77, 0
2, 25094, Note_on_c, 0, 63, 0
2, 25207, Note_on_c, 0, 80, 75
2, 25238, Note_on_c, 0, 78, 0
2, 25332, Control_c, 0, 64, 0
2, 25399, Note_on_c, 0, 78, 70
2, 25461, Note_on_c, 0, 80, 0
2, 25603, Note_on_c, 0, 76, 65
2, 25624, Note_on_c, 0, 78, 0
2, 25816, Note_on_c, 0, 75, 40
2, 25833, Note_on_c, 0, 76, 0
2, 25840, Control_c, 0, 64, 127
2, 25953, Note_on_c, 0, 75, 0
2, 26097, Note_on_c, 0, 75, 41
2, 26193, Control_c, 0, 64, 0
2, 26486, Control_c, 0, 64, 127
2, 26925, Note_on_c, 0, 75, 0
2, 26949, Note_on_c, 0, 74, 45
2, 26952, Note_on_c, 0, 51, 27
2, 26956, Note_on_c, 0, 67, 26
2, 26968, Note_on_c, 0, 58, 34
2, 27007, Control_c, 0, 64, 0
2, 27192, Control_c, 0, 64, 127
2, 27204, Note_on_c, 0, 75, 59
2, 27211, Note_on_c, 0, 74, 0
2, 27326, Note_on_c, 0, 58, 0
2, 27364, Note_on_c, 0, 67, 0
2, 27408, Note_on_c, 0, 76, 73
2, 27410, Note_on_c, 0, 75, 0
2, 27571, Note_on_c, 0, 51, 0
2, 27597, Note_on_c, 0, 75, 72
2, 27600, Note_on_c, 0, 56, 32
2, 27602, Note_on_c, 0, 68, 53
2, 27612, Note_on_c, 0, 76, 0
2, 27612, Note_on_c, 0, 59, 31
2, 27624, Control_c, 0, 64, 0
2, 27787, Note_on_c, 0, 73, 62
2, 27806, Control_c, 0, 64, 127
2, 27820, Note_on_c, 0, 75, 0
2, 27854, Note_on_c, 0, 59, 0
2, 27861, Note_on_c, 0, 68, 0
2, 27964, Note_on_c, 0, 73, 0
2, 27972, Note_on_c, 0, 71, 66
2, 28010, Note_on_c, 0, 71, 0
2, 28022, Note_on_c, 0, 56, 0
2, 28180, Note_on_c, 0, 75, 67
2, 28192, Control_c, 0, 64, 0
2, 28195, Note_on_c, 0, 58, 38
2, 28211, Note_on_c, 0, 64, 14
2, 28214, Note_on_c, 0, 54, 19
2, 28416, Note_on_c, 0, 73, 59
2, 28423, Note_on_c, 0, 75, 0
2, 28437, Control_c, 0, 64, 127
2, 28499, Note_on_c, 0, 64, 0
2, 28502, Note_on_c, 0, 54, 0
2, 28593, Note_on_c, 0, 58, 0
2, 28644, Note_on_c, 0, 73, 0
2, 28677, Note_on_c, 0, 71, 52
2, 28740, Note_on_c, 0, 71, 0
2, 29020, Note_on_c, 0, 71, 49
2, 29044, Note_on_c, 0, 54, 29
2, 29049, Note_on_c, 0, 63, 20
2, 29066, Note_on_c, 0, 47, 26
2, 29174, Control_c, 0, 64, 0
2, 29467, Control_c, 0, 64, 127
2, 29556, Note_on_c, 0, 71, 0
2, 29582, Note_on_c, 0, 54, 0
2, 29611, Note_on_c, 0, 63, 0
2, 29635, Note_on_c, 0, 47, 0
2, 30170, Note_on_c, 0, 66, 29
2, 30176, Note_on_c, 0, 54, 28
2, 30177, Note_on_c, 0, 35, 15
2, 30177, Note_on_c, 0, 63, 24
2, 30184, Note_on_c, 0, 47, 12
2, 30275, Note_on_c, 0, 47, 0
2, 30306, Note_on_c, 0, 35, 0
2, 30799, Note_on_c, 0, 30, 22
2, 30811, Note_on_c, 0, 42, 14
2, 30897, Note_on_c, 0, 42, 0
2, 30992, Note_on_c, 0, 54, 0
2, 31007, Note_on_c, 0, 63, 0
2, 31065, Note_on_c, 0, 30, 0
2, 31670, Note_on_c, 0, 63, 22
2, 31683, Note_on_c, 0, 47, 10
2, 31687, Note_on_c, 0, 54, 24
2, 31691, Note_on_c, 0, 59, 19
2, 31693, Note_on_c, 0, 35, 17
2, 31814, Note_on_c, 0, 66, 0
2, 32234, Control_c, 0, 64, 0
2, 32618, Control_c, 0, 64, 127
2, 33300, Note_on_c, 0, 54, 0
2, 33699, Note_on_c, 0, 35, 0
2, 33706, Note_on_c, 0, 47, 0
2, 33750, Note_on_c, 0, 59, 0
2, 33856, Note_on_c, 0, 63, 0
2, 36112, Control_c, 0, 64, 127
2, 36782, Note_on_c, 0, 66, 31
2, 36804, Note_on_c, 0, 54, 12
2, 36823, Note_on_c, 0, 47, 14
2, 36828, Note_on_c, 0, 35, 15
2, 36856, Note_on_c, 0, 63, 14
2, 36960, Note_on_c, 0, 47, 0
2, 37082, Note_on_c, 0, 35, 0
2, 37413, Note_on_c, 0, 30, 23
2, 37437, Note_on_c, 0, 42, 28
2, 37507, Note_on_c, 0, 63, 0
2, 37531, Note_on_c, 0, 42, 0
2, 37653, Note_on_c, 0, 54, 0
2, 37687, Note_on_c, 0, 30, 0
2, 37982, Note_on_c, 0, 66, 0
2, 38258, Note_on_c, 0, 63, 37
2, 38282, Note_on_c, 0, 54, 24
2, 38296, Note_on_c, 0, 59, 22
2, 38332, Note_on_c, 0, 47, 12
2, 38340, Note_on_c, 0, 35, 22
2, 38772, Control_c, 0, 64, 0
2, 39002, Control_c, 0, 64, 127
2, 39184, Control_c, 0, 64, 0
2, 39508, Control_c, 0, 64, 127
2, 39648, Note_on_c, 0, 47, 0
2, 40082, Note_on_c, 0, 35, 0
2, 40495, Note_on_c, 0, 54, 0
2, 40509, Note_on_c, 0, 59, 0
2, 40552, Note_on_c, 0, 63, 0
2, 40629, Control_c, 0, 64, 0
2, 40629, End_track
0, 0, End_of_file
