0, 0, Header, 0, 2, 384
1, 0, Start_track
1, 0, Title_t, "Chopin's Mazurkas (played by © Ron Lubetsky)"
1, 0, Control_c, 0, 0, 0
1, 0, Program_c, 0, 0
1, 0, Time_signature, 4, 2, 96, 8
1, 0, Sequencer_specific, 3, 0, 0, 65
1, 0, Tempo, 500000
1, 544, Control_c, 0, 64, 0
1, 904, Control_c, 0, 64, 127
1, 1184, Note_on_c, 0, 41, 61
1, 1192, Note_on_c, 0, 48, 48
1, 1336, Note_on_c, 0, 40, 71
1, 1368, Note_off_c, 0, 41, 64
1, 1496, Note_on_c, 0, 36, 59
1, 1528, Control_c, 0, 64, 0
1, 1536, Note_off_c, 0, 40, 64
1, 2284, Note_on_c, 0, 41, 54
1, 2320, Note_off_c, 0, 36, 64
1, 2336, Control_c, 0, 64, 127
1, 2644, Note_on_c, 0, 49, 46
1, 2716, Note_off_c, 0, 48, 64
1, 3024, Note_on_c, 0, 47, 45
1, 3088, Note_off_c, 0, 49, 64
1, 3448, Note_on_c, 0, 48, 41
1, 3464, Note_off_c, 0, 47, 64
1, 3648, Note_on_c, 0, 40, 41
1, 3688, Note_off_c, 0, 41, 64
1, 3784, Control_c, 0, 64, 0
1, 3816, Note_on_c, 0, 36, 48
1, 3872, Note_off_c, 0, 40, 64
1, 4144, Control_c, 0, 64, 127
1, 4556, Note_on_c, 0, 41, 61
1, 4608, Note_off_c, 0, 36, 64
1, 4956, Note_on_c, 0, 49, 41
1, 5040, Note_off_c, 0, 48, 64
1, 5312, Note_on_c, 0, 47, 46
1, 5340, Note_off_c, 0, 49, 64
1, 5716, Note_on_c, 0, 48, 52
1, 5768, Note_off_c, 0, 47, 64
1, 5896, Note_on_c, 0, 40, 48
1, 5968, Note_off_c, 0, 41, 64
1, 6088, Note_on_c, 0, 36, 41
1, 6120, Note_off_c, 0, 40, 64
1, 6516, Control_c, 0, 64, 0
1, 6872, Note_on_c, 0, 41, 48
1, 6884, Control_c, 0, 64, 127
1, 6944, Note_off_c, 0, 36, 64
1, 7024, Note_off_c, 0, 41, 64
1, 7192, Note_on_c, 0, 41, 46
1, 7280, Control_c, 0, 64, 0
1, 7376, Note_on_c, 0, 40, 54
1, 7404, Note_off_c, 0, 41, 64
1, 7536, Note_on_c, 0, 36, 45
1, 7580, Note_off_c, 0, 40, 64
1, 7888, Note_on_c, 0, 41, 53
1, 7908, Control_c, 0, 64, 127
1, 7952, Note_off_c, 0, 36, 64
1, 8068, Note_on_c, 0, 40, 61
1, 8088, Note_off_c, 0, 41, 64
1, 8224, Control_c, 0, 64, 0
1, 8236, Note_on_c, 0, 36, 48
1, 8284, Note_off_c, 0, 40, 64
1, 8432, Control_c, 0, 64, 127
1, 8480, Note_off_c, 0, 36, 64
1, 8612, Note_on_c, 0, 36, 48
1, 8972, Note_on_c, 0, 41, 52
1, 9020, Note_off_c, 0, 36, 64
1, 9040, Note_off_c, 0, 41, 64
1, 9176, Note_on_c, 0, 40, 33
1, 9244, Note_off_c, 0, 40, 64
1, 9324, Note_on_c, 0, 41, 61
1, 9372, Control_c, 0, 64, 0
1, 9392, Note_off_c, 0, 41, 64
1, 9520, Note_on_c, 0, 40, 65
1, 9548, Control_c, 0, 64, 127
1, 9584, Note_off_c, 0, 40, 64
1, 9712, Note_on_c, 0, 36, 62
1, 9780, Note_off_c, 0, 36, 64
1, 9904, Note_on_c, 0, 36, 62
1, 9936, Note_off_c, 0, 48, 64
1, 9972, Note_off_c, 0, 36, 64
1, 10088, Control_c, 0, 64, 127
1, 10152, Note_on_c, 0, 65, 45
1, 10164, Note_on_c, 0, 41, 27
1, 10168, Control_c, 0, 64, 0
1, 10268, Note_off_c, 0, 41, 64
1, 10276, Control_c, 0, 64, 127
1, 10456, Note_on_c, 0, 67, 35
1, 10496, Note_off_c, 0, 65, 64
1, 10524, Note_on_c, 0, 41, 33
1, 10532, Note_on_c, 0, 48, 37
1, 10560, Note_on_c, 0, 68, 46
1, 10564, Note_on_c, 0, 56, 46
1, 10576, Control_c, 0, 64, 0
1, 10616, Note_off_c, 0, 67, 64
1, 10632, Control_c, 0, 64, 127
1, 10656, Note_off_c, 0, 41, 64
1, 10656, Note_off_c, 0, 48, 64
1, 10656, Note_off_c, 0, 56, 64
1, 10708, Note_on_c, 0, 70, 48
1, 10752, Note_off_c, 0, 68, 64
1, 10836, Note_on_c, 0, 41, 39
1, 10848, Note_on_c, 0, 56, 33
1, 10860, Note_on_c, 0, 72, 52
1, 10864, Note_on_c, 0, 48, 20
1, 10896, Note_off_c, 0, 70, 64
1, 10984, Note_on_c, 0, 68, 62
1, 11040, Note_off_c, 0, 72, 64
1, 11072, Note_off_c, 0, 41, 64
1, 11100, Note_off_c, 0, 48, 64
1, 11108, Note_off_c, 0, 56, 64
1, 11112, Note_off_c, 0, 68, 64
1, 11132, Note_on_c, 0, 67, 44
1, 11172, Note_on_c, 0, 68, 50
1, 11220, Note_off_c, 0, 67, 64
1, 11252, Note_on_c, 0, 67, 48
1, 11288, Note_off_c, 0, 68, 64
1, 11352, Control_c, 0, 64, 0
1, 11360, Note_on_c, 0, 56, 41
1, 11372, Note_on_c, 0, 48, 31
1, 11372, Note_on_c, 0, 41, 27
1, 11408, Note_on_c, 0, 65, 44
1, 11424, Note_off_c, 0, 67, 64
1, 11436, Control_c, 0, 64, 127
1, 11468, Note_off_c, 0, 41, 64
1, 11476, Note_off_c, 0, 48, 64
1, 11500, Note_off_c, 0, 56, 64
1, 11664, Note_on_c, 0, 56, 36
1, 11668, Note_on_c, 0, 41, 40
1, 11676, Note_on_c, 0, 77, 52
1, 11684, Note_on_c, 0, 48, 35
1, 11780, Note_off_c, 0, 48, 64
1, 11800, Note_off_c, 0, 65, 64
1, 11800, Note_off_c, 0, 41, 64
1, 11880, Note_off_c, 0, 56, 64
1, 11936, Note_on_c, 0, 70, 57
1, 11944, Control_c, 0, 64, 0
1, 11956, Note_off_c, 0, 77, 64
1, 11964, Control_c, 0, 64, 127
1, 12136, Note_on_c, 0, 46, 46
1, 12144, Note_on_c, 0, 72, 53
1, 12180, Note_off_c, 0, 70, 64
1, 12188, Control_c, 0, 64, 0
1, 12212, Note_on_c, 0, 53, 27
1, 12216, Note_on_c, 0, 61, 46
1, 12224, Note_on_c, 0, 73, 62
1, 12276, Control_c, 0, 64, 127
1, 12280, Note_off_c, 0, 46, 64
1, 12280, Note_off_c, 0, 72, 64
1, 12360, Note_off_c, 0, 61, 64
1, 12372, Note_on_c, 0, 75, 54
1, 12396, Note_off_c, 0, 53, 64
1, 12424, Note_off_c, 0, 73, 64
1, 12456, Note_on_c, 0, 61, 63
1, 12468, Note_on_c, 0, 46, 55
1, 12480, Note_on_c, 0, 77, 61
1, 12480, Note_on_c, 0, 53, 27
1, 12492, Control_c, 0, 64, 0
1, 12524, Control_c, 0, 64, 127
1, 12540, Note_off_c, 0, 75, 64
1, 12600, Note_on_c, 0, 73, 68
1, 12616, Note_off_c, 0, 61, 64
1, 12632, Note_off_c, 0, 77, 64
1, 12660, Note_off_c, 0, 73, 64
1, 12664, Note_off_c, 0, 46, 64
1, 12664, Note_off_c, 0, 53, 64
1, 12720, Control_c, 0, 64, 0
1, 12732, Note_on_c, 0, 73, 67
1, 12760, Control_c, 0, 64, 127
1, 12800, Note_off_c, 0, 73, 64
1, 12800, Note_on_c, 0, 75, 58
1, 12860, Note_on_c, 0, 73, 66
1, 12920, Note_off_c, 0, 75, 64
1, 12968, Control_c, 0, 64, 0
1, 12980, Note_on_c, 0, 72, 58
1, 12988, Note_on_c, 0, 41, 28
1, 12988, Note_on_c, 0, 48, 52
1, 12996, Note_off_c, 0, 73, 64
1, 12996, Note_on_c, 0, 56, 55
1, 13040, Note_off_c, 0, 41, 64
1, 13048, Note_off_c, 0, 48, 64
1, 13052, Control_c, 0, 64, 127
1, 13064, Note_off_c, 0, 56, 64
1, 13220, Note_off_c, 0, 72, 64
1, 13236, Note_on_c, 0, 68, 59
1, 13236, Note_on_c, 0, 41, 55
1, 13248, Note_on_c, 0, 56, 61
1, 13248, Control_c, 0, 64, 0
1, 13256, Note_on_c, 0, 48, 44
1, 13304, Control_c, 0, 64, 127
1, 13488, Control_c, 0, 64, 0
1, 13496, Note_off_c, 0, 48, 64
1, 13496, Note_on_c, 0, 65, 58
1, 13512, Note_off_c, 0, 41, 64
1, 13512, Note_off_c, 0, 56, 64
1, 13544, Note_off_c, 0, 68, 64
1, 13552, Control_c, 0, 64, 127
1, 13704, Note_on_c, 0, 67, 58
1, 13716, Note_on_c, 0, 41, 58
1, 13736, Note_off_c, 0, 65, 64
1, 13752, Note_on_c, 0, 48, 28
1, 13760, Note_on_c, 0, 68, 61
1, 13764, Control_c, 0, 64, 0
1, 13776, Note_on_c, 0, 56, 62
1, 13796, Tempo, 500000
1, 13796, Control_c, 0, 64, 127
1, 13820, Note_off_c, 0, 41, 64
1, 13828, Note_off_c, 0, 48, 64
1, 13828, Note_off_c, 0, 56, 64
1, 13828, Note_off_c, 0, 67, 64
1, 13900, Note_on_c, 0, 70, 54
1, 13948, Note_off_c, 0, 68, 64
1, 14004, Note_on_c, 0, 56, 67
1, 14008, Control_c, 0, 64, 0
1, 14016, Note_on_c, 0, 48, 55
1, 14016, Note_on_c, 0, 41, 54
1, 14028, Note_on_c, 0, 72, 57
1, 14056, Control_c, 0, 64, 127
1, 14072, Note_off_c, 0, 70, 64
1, 14124, Note_on_c, 0, 68, 74
1, 14168, Note_off_c, 0, 72, 64
1, 14196, Note_off_c, 0, 48, 64
1, 14232, Note_off_c, 0, 68, 64
1, 14248, Note_on_c, 0, 67, 58
1, 14268, Control_c, 0, 64, 0
1, 14280, Note_off_c, 0, 41, 64
1, 14288, Note_on_c, 0, 68, 67
1, 14292, Note_off_c, 0, 56, 64
1, 14296, Control_c, 0, 64, 127
1, 14320, Note_off_c, 0, 67, 64
1, 14364, Note_on_c, 0, 67, 63
1, 14380, Note_off_c, 0, 68, 64
1, 14500, Note_on_c, 0, 65, 55
1, 14508, Control_c, 0, 64, 0
1, 14516, Note_on_c, 0, 56, 66
1, 14516, Note_on_c, 0, 41, 57
1, 14524, Note_on_c, 0, 48, 52
1, 14568, Note_off_c, 0, 67, 64
1, 14572, Control_c, 0, 64, 127
1, 14584, Note_off_c, 0, 41, 64
1, 14584, Note_off_c, 0, 48, 64
1, 14592, Note_off_c, 0, 56, 64
1, 14756, Note_on_c, 0, 72, 65
1, 14756, Note_on_c, 0, 56, 52
1, 14760, Control_c, 0, 64, 0
1, 14772, Note_on_c, 0, 41, 53
1, 14792, Note_on_c, 0, 48, 40
1, 14804, Control_c, 0, 64, 127
1, 14812, Note_off_c, 0, 65, 64
1, 14852, Note_off_c, 0, 72, 64
1, 14876, Note_off_c, 0, 41, 64
1, 14896, Note_off_c, 0, 48, 64
1, 14928, Note_off_c, 0, 56, 64
1, 14976, Note_on_c, 0, 72, 68
1, 15020, Note_on_c, 0, 60, 70
1, 15032, Control_c, 0, 64, 0
1, 15044, Note_off_c, 0, 72, 64
1, 15052, Control_c, 0, 64, 127
1, 15188, Note_on_c, 0, 62, 55
1, 15228, Note_off_c, 0, 60, 64
1, 15272, Note_on_c, 0, 51, 57
1, 15276, Note_on_c, 0, 55, 46
1, 15276, Note_on_c, 0, 63, 61
1, 15284, Note_on_c, 0, 43, 46
1, 15284, Control_c, 0, 64, 0
1, 15320, Control_c, 0, 64, 127
1, 15344, Note_off_c, 0, 43, 64
1, 15348, Note_off_c, 0, 62, 64
1, 15348, Note_off_c, 0, 55, 64
1, 15356, Note_off_c, 0, 51, 64
1, 15404, Note_on_c, 0, 65, 63
1, 15468, Note_off_c, 0, 63, 64
1, 15532, Note_on_c, 0, 43, 54
1, 15540, Control_c, 0, 64, 0
1, 15548, Note_on_c, 0, 67, 68
1, 15548, Note_on_c, 0, 55, 48
1, 15552, Note_on_c, 0, 50, 33
1, 15584, Note_off_c, 0, 65, 64
1, 15596, Control_c, 0, 64, 127
1, 15620, Note_off_c, 0, 43, 64
1, 15620, Note_off_c, 0, 50, 64
1, 15656, Note_on_c, 0, 59, 68
1, 15660, Note_off_c, 0, 55, 64
1, 15684, Note_off_c, 0, 67, 64
1, 15772, Control_c, 0, 64, 0
1, 15796, Note_on_c, 0, 60, 70
1, 15828, Note_off_c, 0, 59, 64
1, 15832, Control_c, 0, 64, 127
1, 16024, Note_on_c, 0, 48, 61
1, 16056, Note_on_c, 0, 55, 62
1, 16084, Control_c, 0, 64, 0
1, 16096, Note_on_c, 0, 64, 65
1, 16144, Control_c, 0, 64, 127
1, 16148, Note_off_c, 0, 48, 64
1, 16168, Note_off_c, 0, 55, 64
1, 16180, Note_off_c, 0, 60, 64
1, 16188, Note_off_c, 0, 64, 64
1, 16260, Note_on_c, 0, 60, 63
1, 16360, Note_off_c, 0, 60, 64
1, 16372, Note_on_c, 0, 48, 27
1, 16384, Note_on_c, 0, 61, 67
1, 16384, Note_on_c, 0, 58, 55
1, 16404, Note_on_c, 0, 64, 45
1, 16432, Note_on_c, 0, 63, 67
1, 16448, Note_off_c, 0, 61, 64
1, 16452, Control_c, 0, 64, 0
1, 16484, Note_on_c, 0, 61, 65
1, 16492, Control_c, 0, 64, 127
1, 16520, Note_off_c, 0, 63, 64
1, 16532, Note_off_c, 0, 64, 64
1, 16568, Note_off_c, 0, 58, 64
1, 16604, Note_off_c, 0, 48, 64
1, 16628, Note_on_c, 0, 60, 65
1, 16672, Note_off_c, 0, 61, 64
1, 16752, Note_off_c, 0, 60, 64
1, 16760, Note_on_c, 0, 65, 50
1, 16952, Note_on_c, 0, 67, 54
1, 16976, Note_off_c, 0, 65, 64
1, 16988, Note_on_c, 0, 41, 40
1, 16988, Control_c, 0, 64, 0
1, 17004, Note_on_c, 0, 68, 53
1, 17012, Note_on_c, 0, 48, 48
1, 17024, Note_on_c, 0, 56, 57
1, 17052, Note_off_c, 0, 67, 64
1, 17076, Control_c, 0, 64, 127
1, 17092, Note_off_c, 0, 41, 64
1, 17096, Note_off_c, 0, 48, 64
1, 17108, Note_off_c, 0, 56, 64
1, 17148, Note_on_c, 0, 70, 46
1, 17196, Note_off_c, 0, 68, 64
1, 17268, Note_on_c, 0, 41, 46
1, 17272, Control_c, 0, 64, 0
1, 17280, Note_on_c, 0, 72, 54
1, 17280, Note_on_c, 0, 56, 33
1, 17296, Note_on_c, 0, 48, 31
1, 17332, Note_off_c, 0, 70, 64
1, 17348, Control_c, 0, 64, 127
1, 17368, Note_on_c, 0, 68, 63
1, 17404, Note_off_c, 0, 72, 64
1, 17460, Note_off_c, 0, 68, 64
1, 17508, Note_on_c, 0, 67, 59
1, 17520, Control_c, 0, 64, 0
1, 17532, Note_off_c, 0, 41, 64
1, 17532, Note_on_c, 0, 68, 65
1, 17540, Note_off_c, 0, 48, 64
1, 17544, Note_off_c, 0, 67, 64
1, 17556, Note_off_c, 0, 56, 64
1, 17588, Note_on_c, 0, 67, 58
1, 17596, Control_c, 0, 64, 127
1, 17636, Note_off_c, 0, 68, 64
1, 17780, Note_on_c, 0, 41, 40
1, 17788, Note_on_c, 0, 65, 50
1, 17796, Note_on_c, 0, 56, 37
1, 17804, Control_c, 0, 64, 0
1, 17812, Note_on_c, 0, 48, 26
1, 17828, Note_off_c, 0, 67, 64
1, 17848, Control_c, 0, 64, 127
1, 17888, Note_off_c, 0, 41, 64
1, 17888, Note_off_c, 0, 48, 64
1, 17904, Note_off_c, 0, 56, 64
1, 18064, Note_on_c, 0, 56, 50
1, 18068, Note_on_c, 0, 41, 52
1, 18068, Note_on_c, 0, 77, 59
1, 18068, Control_c, 0, 64, 0
1, 18084, Note_on_c, 0, 48, 49
1, 18120, Control_c, 0, 64, 127
1, 18160, Note_off_c, 0, 77, 64
1, 18164, Note_off_c, 0, 41, 64
1, 18176, Note_off_c, 0, 48, 64
1, 18196, Note_off_c, 0, 65, 64
1, 18288, Note_off_c, 0, 56, 64
1, 18308, Tempo, 500000
1, 18308, Note_on_c, 0, 70, 61
1, 18512, Note_on_c, 0, 72, 57
1, 18520, Note_off_c, 0, 70, 64
1, 18536, Note_on_c, 0, 46, 53
1, 18560, Note_on_c, 0, 61, 46
1, 18568, Note_on_c, 0, 53, 46
1, 18576, Note_on_c, 0, 73, 63
1, 18592, Control_c, 0, 64, 0
1, 18632, Note_off_c, 0, 72, 64
1, 18640, Note_off_c, 0, 46, 64
1, 18648, Control_c, 0, 64, 127
1, 18660, Note_off_c, 0, 53, 64
1, 18668, Note_off_c, 0, 61, 64
1, 18704, Note_on_c, 0, 75, 63
1, 18752, Note_off_c, 0, 73, 64
1, 18824, Note_on_c, 0, 77, 62
1, 18824, Control_c, 0, 64, 0
1, 18840, Note_on_c, 0, 61, 52
1, 18840, Note_on_c, 0, 53, 50
1, 18840, Note_on_c, 0, 46, 57
1, 18864, Note_off_c, 0, 75, 64
1, 18880, Control_c, 0, 64, 127
1, 18948, Note_off_c, 0, 77, 64
1, 18948, Note_on_c, 0, 73, 65
1, 18956, Note_off_c, 0, 53, 64
1, 18968, Note_off_c, 0, 61, 64
1, 19004, Note_off_c, 0, 73, 64
1, 19032, Note_off_c, 0, 46, 64
1, 19060, Control_c, 0, 64, 0
1, 19068, Note_on_c, 0, 73, 68
1, 19104, Note_on_c, 0, 75, 66
1, 19124, Control_c, 0, 64, 127
1, 19140, Note_off_c, 0, 73, 64
1, 19176, Note_on_c, 0, 73, 55
1, 19204, Note_off_c, 0, 75, 64
1, 19316, Control_c, 0, 64, 0
1, 19328, Note_on_c, 0, 72, 58
1, 19328, Note_on_c, 0, 56, 54
1, 19328, Note_on_c, 0, 41, 50
1, 19344, Note_on_c, 0, 48, 40
1, 19364, Note_off_c, 0, 73, 64
1, 19384, Note_off_c, 0, 41, 64
1, 19384, Control_c, 0, 64, 127
1, 19400, Note_off_c, 0, 48, 64
1, 19408, Note_off_c, 0, 56, 64
1, 19600, Note_on_c, 0, 68, 59
1, 19608, Note_on_c, 0, 41, 55
1, 19608, Control_c, 0, 64, 0
1, 19616, Note_on_c, 0, 56, 49
1, 19624, Note_on_c, 0, 48, 37
1, 19628, Note_off_c, 0, 72, 64
1, 19656, Control_c, 0, 64, 127
1, 19704, Note_off_c, 0, 48, 64
1, 19864, Note_on_c, 0, 65, 58
1, 19876, Control_c, 0, 64, 0
1, 19884, Note_off_c, 0, 68, 64
1, 19888, Note_off_c, 0, 41, 64
1, 19892, Note_off_c, 0, 56, 64
1, 19916, Control_c, 0, 64, 127
1, 20064, Note_on_c, 0, 67, 62
1, 20096, Note_off_c, 0, 65, 64
1, 20120, Control_c, 0, 64, 0
1, 20128, Note_on_c, 0, 56, 72
1, 20128, Note_on_c, 0, 41, 40
1, 20136, Note_on_c, 0, 68, 62
1, 20136, Note_on_c, 0, 48, 58
1, 20168, Control_c, 0, 64, 127
1, 20176, Note_off_c, 0, 41, 64
1, 20176, Note_off_c, 0, 48, 64
1, 20184, Note_off_c, 0, 67, 64
1, 20184, Note_off_c, 0, 56, 64
1, 20264, Note_on_c, 0, 70, 62
1, 20312, Note_off_c, 0, 68, 64
1, 20376, Note_on_c, 0, 41, 59
1, 20380, Note_on_c, 0, 56, 70
1, 20380, Control_c, 0, 64, 0
1, 20392, Note_on_c, 0, 48, 35
1, 20396, Note_on_c, 0, 72, 65
1, 20416, Note_on_c, 0, 65, 24
1, 20432, Control_c, 0, 64, 127
1, 20452, Note_off_c, 0, 70, 64
1, 20484, Note_off_c, 0, 48, 64
1, 20496, Note_on_c, 0, 68, 68
1, 20532, Note_off_c, 0, 72, 64
1, 20544, Note_off_c, 0, 65, 64
1, 20592, Note_off_c, 0, 68, 64
1, 20628, Note_on_c, 0, 67, 52
1, 20644, Note_off_c, 0, 41, 64
1, 20648, Note_off_c, 0, 56, 64
1, 20656, Note_on_c, 0, 68, 75
1, 20688, Note_off_c, 0, 67, 64
1, 20724, Note_on_c, 0, 67, 67
1, 20752, Note_off_c, 0, 68, 64
1, 20896, Note_on_c, 0, 56, 52
1, 20904, Note_on_c, 0, 65, 62
1, 20904, Note_on_c, 0, 41, 57
1, 20920, Control_c, 0, 64, 0
1, 20924, Note_on_c, 0, 48, 40
1, 20932, Note_off_c, 0, 67, 64
1, 20944, Control_c, 0, 64, 127
1, 20992, Note_off_c, 0, 41, 64
1, 20992, Note_off_c, 0, 48, 64
1, 21012, Note_off_c, 0, 56, 64
1, 21172, Note_on_c, 0, 56, 62
1, 21172, Note_on_c, 0, 41, 62
1, 21184, Note_on_c, 0, 72, 68
1, 21184, Note_on_c, 0, 48, 65
1, 21216, Note_off_c, 0, 65, 64
1, 21256, Note_off_c, 0, 72, 64
1, 21260, Note_off_c, 0, 41, 64
1, 21264, Note_off_c, 0, 48, 64
1, 21328, Note_off_c, 0, 56, 64
1, 21388, Note_on_c, 0, 72, 74
1, 21416, Control_c, 0, 64, 0
1, 21452, Note_on_c, 0, 60, 75
1, 21460, Note_off_c, 0, 72, 64
1, 21508, Control_c, 0, 64, 127
1, 21640, Note_on_c, 0, 62, 59
1, 21668, Note_off_c, 0, 60, 64
1, 21692, Note_on_c, 0, 51, 61
1, 21696, Control_c, 0, 64, 0
1, 21704, Note_on_c, 0, 55, 49
1, 21708, Note_on_c, 0, 43, 57
1, 21716, Note_on_c, 0, 63, 63
1, 21764, Control_c, 0, 64, 127
1, 21784, Note_off_c, 0, 51, 64
1, 21788, Note_off_c, 0, 43, 64
1, 21792, Note_off_c, 0, 55, 64
1, 21808, Note_off_c, 0, 62, 64
1, 21848, Note_on_c, 0, 65, 62
1, 21868, Note_off_c, 0, 63, 64
1, 21972, Control_c, 0, 64, 0
1, 21988, Note_on_c, 0, 43, 55
1, 21992, Note_on_c, 0, 67, 71
1, 21992, Note_on_c, 0, 55, 45
1, 21992, Note_on_c, 0, 50, 57
1, 22040, Note_off_c, 0, 65, 64
1, 22056, Note_off_c, 0, 43, 64
1, 22056, Note_off_c, 0, 50, 64
1, 22064, Control_c, 0, 64, 127
1, 22104, Note_on_c, 0, 59, 67
1, 22116, Note_off_c, 0, 55, 64
1, 22144, Note_off_c, 0, 67, 64
1, 22240, Control_c, 0, 64, 0
1, 22260, Note_on_c, 0, 60, 72
1, 22284, Note_off_c, 0, 59, 64
1, 22360, Control_c, 0, 64, 127
1, 22528, Control_c, 0, 64, 0
1, 22548, Note_on_c, 0, 48, 79
1, 22588, Control_c, 0, 64, 127
1, 22856, Note_on_c, 0, 72, 37
1, 23112, Note_on_c, 0, 70, 35
1, 23132, Note_off_c, 0, 72, 64
1, 23180, Note_off_c, 0, 60, 64
1, 23244, Note_on_c, 0, 68, 28
1, 23312, Note_off_c, 0, 70, 64
1, 23348, Control_c, 0, 64, 0
1, 23368, Note_on_c, 0, 67, 40
1, 23372, Note_on_c, 0, 60, 39
1, 23396, Note_off_c, 0, 68, 64
1, 23400, Note_off_c, 0, 48, 64
1, 23428, Control_c, 0, 64, 127
1, 23492, Note_off_c, 0, 60, 64
1, 23616, Note_off_c, 0, 67, 64
1, 23632, Note_on_c, 0, 60, 35
1, 23632, Control_c, 0, 64, 0
1, 23648, Note_on_c, 0, 67, 37
1, 23664, Control_c, 0, 64, 127
1, 23752, Note_off_c, 0, 60, 64
1, 23752, Note_on_c, 0, 68, 39
1, 23796, Note_off_c, 0, 67, 64
1, 23888, Note_on_c, 0, 65, 35
1, 23888, Note_on_c, 0, 60, 32
1, 23896, Note_on_c, 0, 53, 31
1, 23900, Note_on_c, 0, 56, 24
1, 23916, Control_c, 0, 64, 0
1, 23944, Note_off_c, 0, 68, 64
1, 23952, Control_c, 0, 64, 127
1, 23972, Note_off_c, 0, 56, 64
1, 23976, Note_off_c, 0, 53, 64
1, 23988, Note_off_c, 0, 60, 64
1, 24016, Note_on_c, 0, 67, 33
1, 24060, Note_off_c, 0, 65, 64
1, 24136, Note_on_c, 0, 56, 26
1, 24140, Note_on_c, 0, 68, 42
1, 24148, Note_on_c, 0, 60, 28
1, 24152, Note_on_c, 0, 53, 32
1, 24160, Control_c, 0, 64, 0
1, 24176, Control_c, 0, 64, 127
1, 24208, Note_off_c, 0, 67, 64
1, 24208, Note_off_c, 0, 56, 64
1, 24216, Note_off_c, 0, 53, 64
1, 24232, Note_off_c, 0, 60, 64
1, 24380, Note_off_c, 0, 68, 64
1, 24412, Note_on_c, 0, 68, 44
1, 24420, Note_on_c, 0, 56, 22
1, 24428, Note_on_c, 0, 60, 26
1, 24432, Note_on_c, 0, 53, 22
1, 24504, Note_off_c, 0, 53, 64
1, 24516, Note_off_c, 0, 56, 64
1, 24520, Note_off_c, 0, 60, 64
1, 24536, Note_on_c, 0, 72, 37
1, 24576, Note_off_c, 0, 68, 64
1, 24668, Note_on_c, 0, 70, 33
1, 24672, Note_on_c, 0, 53, 28
1, 24680, Note_on_c, 0, 60, 29
1, 24680, Note_on_c, 0, 55, 32
1, 24696, Control_c, 0, 64, 0
1, 24704, Note_off_c, 0, 72, 64
1, 24752, Note_off_c, 0, 53, 64
1, 24756, Control_c, 0, 64, 127
1, 24776, Note_off_c, 0, 55, 64
1, 24788, Note_on_c, 0, 68, 39
1, 24792, Note_off_c, 0, 60, 64
1, 24820, Note_off_c, 0, 70, 64
1, 24848, Note_on_c, 0, 67, 28
1, 24872, Note_off_c, 0, 68, 64
1, 24896, Note_on_c, 0, 68, 50
1, 24912, Note_off_c, 0, 67, 64
1, 24940, Note_on_c, 0, 60, 32
1, 24944, Note_on_c, 0, 67, 37
1, 24944, Note_on_c, 0, 53, 26
1, 24952, Note_on_c, 0, 58, 37
1, 24988, Note_off_c, 0, 68, 64
1, 25016, Note_off_c, 0, 53, 64
1, 25044, Note_off_c, 0, 58, 64
1, 25064, Note_off_c, 0, 60, 64
1, 25104, Note_on_c, 0, 65, 42
1, 25128, Note_off_c, 0, 67, 64
1, 25192, Control_c, 0, 64, 0
1, 25200, Note_on_c, 0, 67, 42
1, 25204, Note_on_c, 0, 58, 37
1, 25216, Note_on_c, 0, 60, 33
1, 25216, Note_on_c, 0, 53, 31
1, 25248, Note_off_c, 0, 65, 64
1, 25256, Control_c, 0, 64, 127
1, 25296, Note_off_c, 0, 58, 64
1, 25296, Note_off_c, 0, 53, 64
1, 25300, Note_off_c, 0, 60, 64
1, 25328, Note_on_c, 0, 68, 42
1, 25368, Note_off_c, 0, 67, 64
1, 25444, Control_c, 0, 64, 0
1, 25456, Note_on_c, 0, 65, 46
1, 25456, Note_on_c, 0, 53, 37
1, 25464, Note_on_c, 0, 60, 26
1, 25476, Note_on_c, 0, 56, 28
1, 25504, Note_off_c, 0, 68, 64
1, 25528, Control_c, 0, 64, 127
1, 25556, Note_off_c, 0, 56, 64
1, 25564, Note_off_c, 0, 53, 64
1, 25584, Note_off_c, 0, 60, 64
1, 25624, Note_on_c, 0, 67, 37
1, 25664, Note_off_c, 0, 65, 64
1, 25700, Note_on_c, 0, 68, 48
1, 25720, Note_on_c, 0, 56, 42
1, 25720, Note_on_c, 0, 53, 39
1, 25732, Note_on_c, 0, 60, 39
1, 25772, Note_off_c, 0, 67, 64
1, 25808, Note_off_c, 0, 56, 64
1, 25808, Note_off_c, 0, 53, 64
1, 25832, Note_off_c, 0, 60, 64
1, 25832, Note_on_c, 0, 70, 41
1, 25888, Note_off_c, 0, 68, 64
1, 25964, Note_on_c, 0, 58, 37
1, 25976, Note_on_c, 0, 56, 18
1, 25976, Note_on_c, 0, 53, 35
1, 25980, Note_on_c, 0, 72, 45
1, 26008, Note_off_c, 0, 70, 64
1, 26040, Note_off_c, 0, 53, 64
1, 26100, Note_on_c, 0, 73, 48
1, 26120, Note_off_c, 0, 58, 64
1, 26140, Note_off_c, 0, 56, 64
1, 26156, Note_off_c, 0, 72, 64
1, 26168, Note_off_c, 0, 73, 64
1, 26236, Note_on_c, 0, 73, 50
1, 26292, Control_c, 0, 64, 0
1, 26304, Note_on_c, 0, 39, 53
1, 26312, Note_on_c, 0, 77, 45
1, 26324, Note_off_c, 0, 73, 64
1, 26340, Control_c, 0, 64, 127
1, 26440, Note_on_c, 0, 75, 54
1, 26508, Note_off_c, 0, 77, 64
1, 26552, Note_on_c, 0, 61, 40
1, 26560, Note_on_c, 0, 55, 35
1, 26560, Note_on_c, 0, 51, 42
1, 26568, Note_on_c, 0, 73, 58
1, 26580, Note_off_c, 0, 75, 64
1, 26584, Control_c, 0, 64, 0
1, 26616, Note_on_c, 0, 75, 53
1, 26640, Note_off_c, 0, 55, 64
1, 26640, Note_off_c, 0, 73, 64
1, 26644, Control_c, 0, 64, 127
1, 26664, Note_off_c, 0, 61, 64
1, 26664, Note_off_c, 0, 51, 64
1, 26672, Note_on_c, 0, 73, 49
1, 26708, Note_off_c, 0, 75, 64
1, 26760, Note_off_c, 0, 39, 64
1, 26804, Note_on_c, 0, 72, 49
1, 26808, Note_off_c, 0, 73, 64
1, 26824, Note_on_c, 0, 61, 40
1, 26836, Note_on_c, 0, 55, 35
1, 26840, Note_on_c, 0, 51, 36
1, 26920, Note_off_c, 0, 55, 64
1, 26932, Note_off_c, 0, 51, 64
1, 26932, Note_on_c, 0, 70, 58
1, 26940, Note_off_c, 0, 61, 64
1, 26976, Note_off_c, 0, 72, 64
1, 27084, Note_on_c, 0, 44, 46
1, 27088, Note_on_c, 0, 68, 55
1, 27096, Note_off_c, 0, 70, 64
1, 27112, Control_c, 0, 64, 0
1, 27148, Control_c, 0, 64, 127
1, 27208, Note_on_c, 0, 70, 55
1, 27244, Note_off_c, 0, 68, 64
1, 27340, Note_on_c, 0, 72, 50
1, 27352, Note_on_c, 0, 56, 36
1, 27356, Note_on_c, 0, 51, 31
1, 27360, Note_on_c, 0, 60, 28
1, 27372, Control_c, 0, 64, 0
1, 27392, Note_off_c, 0, 70, 64
1, 27400, Control_c, 0, 64, 127
1, 27432, Note_off_c, 0, 51, 64
1, 27440, Note_off_c, 0, 56, 64
1, 27440, Note_off_c, 0, 60, 64
1, 27544, Note_off_c, 0, 44, 64
1, 27564, Note_off_c, 0, 72, 64
1, 27612, Note_on_c, 0, 60, 39
1, 27612, Note_on_c, 0, 72, 48
1, 27624, Note_on_c, 0, 56, 35
1, 27624, Note_on_c, 0, 51, 42
1, 27680, Note_off_c, 0, 60, 64
1, 27692, Note_off_c, 0, 51, 64
1, 27704, Note_off_c, 0, 56, 64
1, 27716, Note_on_c, 0, 73, 48
1, 27792, Note_off_c, 0, 72, 64
1, 27856, Note_on_c, 0, 77, 49
1, 27856, Note_on_c, 0, 39, 54
1, 27872, Note_off_c, 0, 73, 64
1, 27880, Control_c, 0, 64, 0
1, 27916, Control_c, 0, 64, 127
1, 28016, Note_on_c, 0, 75, 49
1, 28036, Note_off_c, 0, 77, 64
1, 28096, Note_on_c, 0, 73, 65
1, 28116, Note_on_c, 0, 51, 41
1, 28116, Control_c, 0, 64, 0
1, 28120, Note_off_c, 0, 75, 64
1, 28140, Note_on_c, 0, 61, 24
1, 28144, Note_on_c, 0, 55, 27
1, 28152, Note_on_c, 0, 75, 57
1, 28172, Control_c, 0, 64, 127
1, 28176, Note_off_c, 0, 73, 64
1, 28196, Note_on_c, 0, 73, 58
1, 28208, Note_off_c, 0, 51, 64
1, 28208, Note_off_c, 0, 61, 64
1, 28208, Note_off_c, 0, 55, 64
1, 28224, Note_off_c, 0, 75, 64
1, 28296, Note_off_c, 0, 39, 64
1, 28332, Note_on_c, 0, 72, 54
1, 28340, Note_on_c, 0, 61, 41
1, 28352, Note_on_c, 0, 55, 36
1, 28360, Note_on_c, 0, 51, 39
1, 28376, Note_off_c, 0, 73, 64
1, 28396, Note_off_c, 0, 61, 64
1, 28404, Note_off_c, 0, 55, 64
1, 28420, Note_off_c, 0, 51, 64
1, 28456, Note_on_c, 0, 70, 62
1, 28480, Note_off_c, 0, 72, 64
1, 28576, Note_on_c, 0, 68, 53
1, 28584, Note_on_c, 0, 44, 49
1, 28608, Note_off_c, 0, 70, 64
1, 28616, Control_c, 0, 64, 0
1, 28640, Control_c, 0, 64, 127
1, 28680, Note_on_c, 0, 70, 46
1, 28716, Note_off_c, 0, 68, 64
1, 28816, Note_on_c, 0, 72, 50
1, 28836, Note_on_c, 0, 51, 54
1, 28852, Note_on_c, 0, 56, 36
1, 28856, Note_off_c, 0, 70, 64
1, 28856, Note_on_c, 0, 60, 35
1, 28960, Note_on_c, 0, 52, 54
1, 29036, Note_off_c, 0, 44, 64
1, 29036, Note_off_c, 0, 56, 64
1, 29036, Note_off_c, 0, 60, 64
1, 29040, Note_off_c, 0, 51, 64
1, 29088, Note_on_c, 0, 53, 49
1, 29092, Note_on_c, 0, 56, 35
1, 29092, Note_on_c, 0, 60, 54
1, 29116, Note_off_c, 0, 52, 64
1, 29120, Control_c, 0, 64, 0
1, 29188, Note_off_c, 0, 56, 64
1, 29188, Note_off_c, 0, 60, 64
1, 29204, Control_c, 0, 64, 127
1, 29208, Note_off_c, 0, 53, 64
1, 29276, Note_off_c, 0, 72, 64
1, 29376, Note_on_c, 0, 60, 35
1, 29396, Note_on_c, 0, 70, 41
1, 29396, Control_c, 0, 64, 0
1, 29408, Note_on_c, 0, 53, 31
1, 29412, Note_on_c, 0, 55, 22
1, 29444, Control_c, 0, 64, 127
1, 29512, Note_off_c, 0, 55, 64
1, 29520, Note_off_c, 0, 60, 64
1, 29524, Note_off_c, 0, 53, 64
1, 29536, Note_on_c, 0, 68, 33
1, 29584, Note_off_c, 0, 70, 64
1, 29640, Note_on_c, 0, 58, 37
1, 29648, Note_on_c, 0, 60, 33
1, 29656, Note_on_c, 0, 67, 42
1, 29660, Note_on_c, 0, 53, 28
1, 29668, Control_c, 0, 64, 0
1, 29692, Note_off_c, 0, 68, 64
1, 29704, Note_off_c, 0, 53, 64
1, 29708, Note_off_c, 0, 58, 64
1, 29708, Control_c, 0, 64, 127
1, 29720, Note_off_c, 0, 60, 64
1, 29884, Note_off_c, 0, 67, 64
1, 29884, Control_c, 0, 64, 0
1, 29904, Note_on_c, 0, 58, 40
1, 29912, Note_on_c, 0, 60, 36
1, 29920, Note_on_c, 0, 67, 46
1, 29920, Note_on_c, 0, 53, 28
1, 29956, Control_c, 0, 64, 127
1, 29976, Note_off_c, 0, 60, 64
1, 29980, Note_off_c, 0, 58, 64
1, 29992, Note_off_c, 0, 53, 64
1, 30028, Note_on_c, 0, 68, 40
1, 30068, Note_off_c, 0, 67, 64
1, 30148, Control_c, 0, 64, 0
1, 30160, Note_on_c, 0, 65, 41
1, 30168, Note_on_c, 0, 56, 33
1, 30168, Note_on_c, 0, 60, 22
1, 30176, Note_on_c, 0, 53, 28
1, 30188, Note_off_c, 0, 68, 64
1, 30232, Control_c, 0, 64, 127
1, 30240, Note_off_c, 0, 56, 64
1, 30240, Note_off_c, 0, 53, 64
1, 30248, Note_off_c, 0, 60, 64
1, 30284, Note_on_c, 0, 67, 42
1, 30340, Note_off_c, 0, 65, 64
1, 30392, Control_c, 0, 64, 0
1, 30420, Note_on_c, 0, 60, 28
1, 30420, Note_on_c, 0, 56, 28
1, 30428, Note_on_c, 0, 68, 45
1, 30428, Note_on_c, 0, 53, 28
1, 30456, Control_c, 0, 64, 127
1, 30476, Note_off_c, 0, 67, 64
1, 30496, Note_off_c, 0, 56, 64
1, 30496, Note_off_c, 0, 53, 64
1, 30500, Note_off_c, 0, 60, 64
1, 30648, Note_off_c, 0, 68, 64
1, 30672, Note_on_c, 0, 68, 52
1, 30680, Note_on_c, 0, 56, 32
1, 30688, Note_on_c, 0, 53, 27
1, 30692, Note_on_c, 0, 60, 23
1, 30696, Control_c, 0, 64, 0
1, 30720, Control_c, 0, 64, 127
1, 30764, Note_off_c, 0, 53, 64
1, 30764, Note_off_c, 0, 56, 64
1, 30780, Note_off_c, 0, 60, 64
1, 30800, Note_on_c, 0, 72, 44
1, 30816, Note_off_c, 0, 68, 64
1, 30912, Note_on_c, 0, 70, 45
1, 30920, Note_on_c, 0, 60, 20
1, 30924, Note_on_c, 0, 53, 14
1, 30924, Note_on_c, 0, 55, 24
1, 30936, Note_off_c, 0, 72, 64
1, 30952, Control_c, 0, 64, 0
1, 30972, Control_c, 0, 64, 127
1, 30992, Note_off_c, 0, 53, 64
1, 31008, Note_off_c, 0, 55, 64
1, 31020, Note_off_c, 0, 60, 64
1, 31036, Note_on_c, 0, 68, 48
1, 31044, Note_off_c, 0, 70, 64
1, 31108, Note_on_c, 0, 67, 40
1, 31136, Note_off_c, 0, 68, 64
1, 31148, Note_on_c, 0, 68, 66
1, 31176, Note_off_c, 0, 67, 64
1, 31180, Note_on_c, 0, 60, 29
1, 31180, Note_on_c, 0, 58, 28
1, 31184, Note_on_c, 0, 53, 27
1, 31200, Note_on_c, 0, 67, 59
1, 31200, Control_c, 0, 64, 0
1, 31236, Control_c, 0, 64, 127
1, 31248, Note_off_c, 0, 68, 64
1, 31252, Note_off_c, 0, 58, 64
1, 31252, Note_off_c, 0, 53, 64
1, 31280, Note_off_c, 0, 60, 64
1, 31336, Note_on_c, 0, 65, 44
1, 31376, Note_off_c, 0, 67, 64
1, 31432, Note_on_c, 0, 58, 29
1, 31436, Note_on_c, 0, 60, 24
1, 31436, Note_on_c, 0, 67, 46
1, 31436, Note_on_c, 0, 53, 24
1, 31488, Note_off_c, 0, 65, 64
1, 31512, Note_off_c, 0, 58, 64
1, 31516, Note_off_c, 0, 60, 64
1, 31528, Note_off_c, 0, 53, 64
1, 31576, Note_on_c, 0, 68, 52
1, 31612, Note_off_c, 0, 67, 64
1, 31688, Note_on_c, 0, 60, 28
1, 31696, Note_on_c, 0, 65, 50
1, 31696, Note_on_c, 0, 53, 29
1, 31704, Note_on_c, 0, 56, 31
1, 31724, Note_off_c, 0, 68, 64
1, 31724, Control_c, 0, 64, 0
1, 31768, Note_off_c, 0, 56, 64
1, 31772, Note_off_c, 0, 53, 64
1, 31780, Control_c, 0, 64, 127
1, 31796, Note_off_c, 0, 60, 64
1, 31856, Note_on_c, 0, 67, 41
1, 31900, Note_off_c, 0, 65, 64
1, 31932, Note_on_c, 0, 68, 46
1, 31952, Note_on_c, 0, 56, 35
1, 31952, Note_on_c, 0, 60, 26
1, 31960, Note_off_c, 0, 67, 64
1, 31960, Note_on_c, 0, 53, 28
1, 31968, Control_c, 0, 64, 0
1, 31988, Control_c, 0, 64, 127
1, 32048, Note_off_c, 0, 56, 64
1, 32048, Note_off_c, 0, 53, 64
1, 32048, Note_on_c, 0, 70, 39
1, 32056, Note_off_c, 0, 60, 64
1, 32096, Note_off_c, 0, 68, 64
1, 32184, Note_on_c, 0, 72, 42
1, 32192, Note_on_c, 0, 58, 35
1, 32196, Note_on_c, 0, 56, 36
1, 32196, Note_on_c, 0, 53, 18
1, 32224, Tempo, 500000
1, 32224, Note_off_c, 0, 70, 64
1, 32280, Note_off_c, 0, 56, 64
1, 32284, Note_off_c, 0, 58, 64
1, 32292, Note_on_c, 0, 73, 48
1, 32296, Note_off_c, 0, 53, 64
1, 32312, Note_off_c, 0, 72, 64
1, 32368, Note_off_c, 0, 73, 64
1, 32368, Control_c, 0, 64, 0
1, 32388, Note_on_c, 0, 73, 48
1, 32392, Control_c, 0, 64, 127
1, 32432, Note_on_c, 0, 77, 44
1, 32440, Note_on_c, 0, 39, 52
1, 32452, Note_off_c, 0, 73, 64
1, 32460, Control_c, 0, 64, 0
1, 32520, Control_c, 0, 64, 127
1, 32592, Note_on_c, 0, 75, 52
1, 32624, Note_off_c, 0, 77, 64
1, 32688, Note_on_c, 0, 61, 45
1, 32688, Note_on_c, 0, 55, 29
1, 32692, Note_on_c, 0, 51, 39
1, 32696, Note_on_c, 0, 73, 53
1, 32724, Note_off_c, 0, 75, 64
1, 32736, Control_c, 0, 64, 0
1, 32748, Note_on_c, 0, 75, 46
1, 32752, Note_off_c, 0, 55, 64
1, 32760, Note_off_c, 0, 51, 64
1, 32760, Note_off_c, 0, 73, 64
1, 32764, Control_c, 0, 64, 127
1, 32784, Note_on_c, 0, 73, 46
1, 32788, Note_off_c, 0, 61, 64
1, 32816, Note_off_c, 0, 75, 64
1, 32892, Note_off_c, 0, 39, 64
1, 32928, Note_on_c, 0, 72, 50
1, 32940, Note_on_c, 0, 51, 37
1, 32944, Note_on_c, 0, 61, 37
1, 32944, Note_on_c, 0, 55, 29
1, 32960, Note_off_c, 0, 73, 64
1, 32984, Control_c, 0, 64, 0
1, 33008, Control_c, 0, 64, 127
1, 33044, Note_off_c, 0, 55, 64
1, 33056, Note_on_c, 0, 70, 62
1, 33060, Note_off_c, 0, 51, 64
1, 33064, Note_off_c, 0, 61, 64
1, 33080, Note_off_c, 0, 72, 64
1, 33180, Note_on_c, 0, 68, 55
1, 33184, Note_on_c, 0, 44, 49
1, 33200, Note_off_c, 0, 70, 64
1, 33208, Control_c, 0, 64, 0
1, 33228, Control_c, 0, 64, 127
1, 33284, Note_on_c, 0, 70, 57
1, 33324, Note_off_c, 0, 68, 64
1, 33392, Note_off_c, 0, 70, 64
1, 33404, Note_on_c, 0, 72, 49
1, 33416, Note_on_c, 0, 60, 37
1, 33428, Note_on_c, 0, 56, 39
1, 33428, Note_on_c, 0, 51, 39
1, 33440, Control_c, 0, 64, 0
1, 33456, Control_c, 0, 64, 127
1, 33488, Note_off_c, 0, 56, 64
1, 33488, Note_off_c, 0, 51, 64
1, 33496, Note_off_c, 0, 60, 64
1, 33652, Note_off_c, 0, 44, 64
1, 33652, Note_off_c, 0, 72, 64
1, 33676, Note_on_c, 0, 60, 29
1, 33684, Note_on_c, 0, 72, 48
1, 33688, Note_on_c, 0, 51, 35
1, 33688, Note_on_c, 0, 56, 35
1, 33760, Note_off_c, 0, 60, 64
1, 33764, Note_off_c, 0, 56, 64
1, 33772, Note_on_c, 0, 73, 45
1, 33780, Note_off_c, 0, 51, 64
1, 33812, Note_off_c, 0, 72, 64
1, 33900, Note_on_c, 0, 77, 52
1, 33900, Note_on_c, 0, 39, 49
1, 33912, Note_off_c, 0, 73, 64
1, 33920, Control_c, 0, 64, 0
1, 33960, Control_c, 0, 64, 127
1, 34052, Note_on_c, 0, 75, 59
1, 34080, Note_off_c, 0, 77, 64
1, 34116, Note_on_c, 0, 73, 49
1, 34136, Note_off_c, 0, 75, 64
1, 34160, Note_on_c, 0, 75, 54
1, 34168, Note_on_c, 0, 61, 46
1, 34180, Note_off_c, 0, 73, 64
1, 34180, Control_c, 0, 64, 0
1, 34188, Note_on_c, 0, 51, 19
1, 34192, Note_on_c, 0, 55, 28
1, 34208, Control_c, 0, 64, 127
1, 34220, Note_on_c, 0, 73, 59
1, 34240, Note_off_c, 0, 75, 64
1, 34264, Note_off_c, 0, 61, 64
1, 34304, Note_off_c, 0, 55, 64
1, 34308, Note_off_c, 0, 51, 64
1, 34360, Note_off_c, 0, 39, 64
1, 34400, Note_on_c, 0, 72, 46
1, 34400, Note_on_c, 0, 61, 41
1, 34404, Note_on_c, 0, 55, 41
1, 34424, Note_off_c, 0, 73, 64
1, 34424, Note_on_c, 0, 51, 39
1, 34456, Note_off_c, 0, 61, 64
1, 34464, Note_off_c, 0, 55, 64
1, 34488, Note_off_c, 0, 51, 64
1, 34512, Note_on_c, 0, 70, 63
1, 34544, Note_off_c, 0, 72, 64
1, 34660, Note_on_c, 0, 68, 63
1, 34664, Note_on_c, 0, 44, 54
1, 34676, Control_c, 0, 64, 0
1, 34684, Note_off_c, 0, 70, 64
1, 34720, Control_c, 0, 64, 127
1, 34820, Note_on_c, 0, 70, 57
1, 34872, Note_off_c, 0, 68, 64
1, 34896, Note_on_c, 0, 51, 50
1, 34908, Note_on_c, 0, 72, 61
1, 34908, Note_on_c, 0, 60, 49
1, 34920, Control_c, 0, 64, 0
1, 34936, Note_off_c, 0, 70, 64
1, 34944, Control_c, 0, 64, 127
1, 35080, Note_off_c, 0, 51, 64
1, 35112, Note_off_c, 0, 60, 64
1, 35124, Note_off_c, 0, 44, 64
1, 35144, Note_on_c, 0, 44, 78
1, 35144, Note_on_c, 0, 68, 84
1, 35176, Note_off_c, 0, 72, 64
1, 35280, Note_off_c, 0, 44, 64
1, 35280, Note_on_c, 0, 72, 67
1, 35332, Note_off_c, 0, 68, 64
1, 35344, Note_on_c, 0, 44, 78
1, 35376, Note_on_c, 0, 56, 70
1, 35376, Note_on_c, 0, 51, 42
1, 35380, Note_on_c, 0, 75, 62
1, 35388, Note_on_c, 0, 60, 74
1, 35396, Note_on_c, 0, 66, 74
1, 35396, Note_on_c, 0, 68, 70
1, 35416, Note_off_c, 0, 72, 64
1, 35416, Control_c, 0, 64, 0
1, 35440, Note_off_c, 0, 66, 64
1, 35452, Control_c, 0, 64, 127
1, 35456, Note_off_c, 0, 68, 64
1, 35480, Control_c, 0, 64, 0
1, 35512, Note_off_c, 0, 51, 64
1, 35520, Note_off_c, 0, 60, 64
1, 35536, Control_c, 0, 64, 127
1, 35552, Note_off_c, 0, 56, 64
1, 35560, Note_off_c, 0, 75, 64
1, 35576, Note_on_c, 0, 68, 70
1, 35576, Note_on_c, 0, 66, 58
1, 35584, Note_on_c, 0, 75, 46
1, 35620, Note_off_c, 0, 66, 64
1, 35636, Note_off_c, 0, 68, 64
1, 35648, Control_c, 0, 64, 0
1, 35664, Note_on_c, 0, 77, 70
1, 35664, Note_on_c, 0, 66, 65
1, 35672, Note_on_c, 0, 56, 70
1, 35672, Note_on_c, 0, 68, 57
1, 35676, Note_on_c, 0, 60, 70
1, 35680, Note_on_c, 0, 77, 70
1, 35688, Note_off_c, 0, 77, 64
1, 35692, Note_on_c, 0, 51, 58
1, 35696, Note_off_c, 0, 75, 64
1, 35704, Control_c, 0, 64, 127
1, 35768, Note_off_c, 0, 66, 64
1, 35768, Note_off_c, 0, 68, 64
1, 35816, Note_off_c, 0, 60, 64
1, 35848, Note_off_c, 0, 56, 64
1, 35856, Note_off_c, 0, 51, 64
1, 35928, Note_on_c, 0, 66, 74
1, 35928, Note_on_c, 0, 68, 70
1, 35932, Note_on_c, 0, 75, 67
1, 35952, Note_on_c, 0, 60, 58
1, 35952, Note_on_c, 0, 56, 59
1, 35960, Note_off_c, 0, 77, 64
1, 35960, Note_on_c, 0, 51, 58
1, 36000, Note_off_c, 0, 68, 64
1, 36008, Note_off_c, 0, 66, 64
1, 36124, Note_off_c, 0, 51, 64
1, 36132, Note_off_c, 0, 60, 64
1, 36144, Note_off_c, 0, 56, 64
1, 36176, Note_on_c, 0, 49, 59
1, 36180, Note_off_c, 0, 44, 64
1, 36192, Note_on_c, 0, 68, 70
1, 36192, Control_c, 0, 64, 0
1, 36200, Note_on_c, 0, 73, 70
1, 36200, Note_on_c, 0, 65, 68
1, 36204, Note_on_c, 0, 56, 55
1, 36208, Note_off_c, 0, 75, 64
1, 36212, Note_on_c, 0, 61, 74
1, 36248, Note_off_c, 0, 68, 64
1, 36248, Control_c, 0, 64, 127
1, 36256, Note_off_c, 0, 65, 64
1, 36296, Note_off_c, 0, 56, 64
1, 36304, Note_off_c, 0, 61, 64
1, 36388, Note_off_c, 0, 49, 64
1, 36420, Note_on_c, 0, 77, 70
1, 36428, Note_on_c, 0, 65, 70
1, 36428, Note_on_c, 0, 68, 36
1, 36448, Note_off_c, 0, 73, 64
1, 36452, Note_on_c, 0, 49, 41
1, 36476, Note_off_c, 0, 68, 64
1, 36496, Note_on_c, 0, 56, 3
1, 36500, Note_off_c, 0, 65, 64
1, 36512, Note_on_c, 0, 68, 75
1, 36520, Note_on_c, 0, 80, 78
1, 36520, Note_on_c, 0, 73, 78
1, 36544, Control_c, 0, 64, 0
1, 36560, Note_on_c, 0, 65, 84
1, 36600, Note_off_c, 0, 77, 64
1, 36656, Control_c, 0, 64, 127
1, 36812, Control_c, 0, 64, 0
1, 36832, Control_c, 0, 64, 0
1, 36868, Control_c, 0, 64, 127
1, 36888, Control_c, 0, 64, 127
1, 37028, Control_c, 0, 64, 0
1, 37032, Note_off_c, 0, 49, 64
1, 37036, Note_off_c, 0, 56, 64
1, 37040, Note_off_c, 0, 68, 64
1, 37048, Note_off_c, 0, 73, 64
1, 37048, Note_off_c, 0, 80, 64
1, 37056, Note_off_c, 0, 65, 64
1, 37076, Note_on_c, 0, 66, 49
1, 37080, Note_on_c, 0, 58, 41
1, 37080, Note_on_c, 0, 54, 40
1, 37080, Note_on_c, 0, 70, 41
1, 37080, Note_on_c, 0, 61, 32
1, 37112, Control_c, 0, 64, 127
1, 37124, Note_off_c, 0, 58, 64
1, 37128, Note_off_c, 0, 70, 64
1, 37132, Note_off_c, 0, 54, 64
1, 37136, Note_off_c, 0, 66, 64
1, 37148, Note_off_c, 0, 61, 64
1, 37240, Note_on_c, 0, 66, 45
1, 37240, Note_on_c, 0, 58, 46
1, 37240, Note_on_c, 0, 54, 27
1, 37240, Note_on_c, 0, 72, 41
1, 37248, Note_on_c, 0, 61, 44
1, 37276, Note_off_c, 0, 54, 64
1, 37276, Note_off_c, 0, 72, 64
1, 37288, Note_off_c, 0, 66, 64
1, 37292, Note_off_c, 0, 58, 64
1, 37304, Control_c, 0, 64, 0
1, 37312, Note_on_c, 0, 56, 44
1, 37316, Note_on_c, 0, 73, 52
1, 37320, Note_on_c, 0, 65, 52
1, 37324, Note_on_c, 0, 49, 49
1, 37376, Control_c, 0, 64, 127
1, 37392, Note_off_c, 0, 61, 64
1, 37592, Note_on_c, 0, 37, 50
1, 37600, Note_on_c, 0, 68, 53
1, 37640, Note_off_c, 0, 73, 64
1, 37752, Note_off_c, 0, 56, 64
1, 37760, Note_off_c, 0, 65, 64
1, 37764, Note_off_c, 0, 49, 64
1, 37792, Note_off_c, 0, 37, 64
1, 37816, Note_off_c, 0, 68, 64
1, 37856, Note_on_c, 0, 70, 44
1, 37860, Note_on_c, 0, 66, 52
1, 37860, Note_on_c, 0, 61, 41
1, 37860, Note_on_c, 0, 58, 41
1, 37860, Note_on_c, 0, 54, 20
1, 37872, Control_c, 0, 64, 0
1, 37916, Control_c, 0, 64, 127
1, 37968, Note_off_c, 0, 66, 64
1, 37972, Note_off_c, 0, 54, 64
1, 37992, Note_off_c, 0, 70, 64
1, 38004, Note_off_c, 0, 58, 64
1, 38008, Note_off_c, 0, 61, 64
1, 38016, Note_on_c, 0, 58, 37
1, 38016, Note_on_c, 0, 66, 52
1, 38020, Note_on_c, 0, 54, 39
1, 38024, Note_on_c, 0, 72, 45
1, 38024, Note_on_c, 0, 61, 49
1, 38060, Note_off_c, 0, 58, 64
1, 38068, Note_off_c, 0, 66, 64
1, 38088, Note_off_c, 0, 72, 64
1, 38088, Control_c, 0, 64, 0
1, 38092, Note_off_c, 0, 54, 64
1, 38096, Note_on_c, 0, 65, 50
1, 38096, Note_on_c, 0, 73, 49
1, 38104, Note_on_c, 0, 49, 49
1, 38108, Note_on_c, 0, 56, 39
1, 38160, Control_c, 0, 64, 127
1, 38172, Note_off_c, 0, 61, 64
1, 38352, Note_on_c, 0, 37, 53
1, 38364, Note_on_c, 0, 68, 49
1, 38388, Tempo, 500000
1, 38388, Note_off_c, 0, 73, 64
1, 38536, Note_off_c, 0, 37, 64
1, 38552, Note_off_c, 0, 65, 64
1, 38556, Note_off_c, 0, 68, 64
1, 38560, Note_off_c, 0, 49, 64
1, 38560, Note_off_c, 0, 56, 64
1, 38564, Note_on_c, 0, 44, 59
1, 38616, Note_on_c, 0, 51, 66
1, 38624, Note_on_c, 0, 68, 79
1, 38624, Note_on_c, 0, 66, 83
1, 38632, Note_on_c, 0, 75, 78
1, 38644, Note_on_c, 0, 60, 83
1, 38648, Control_c, 0, 64, 0
1, 38684, Note_off_c, 0, 68, 64
1, 38684, Note_off_c, 0, 66, 64
1, 38688, Note_off_c, 0, 44, 64
1, 38696, Control_c, 0, 64, 127
1, 38732, Note_off_c, 0, 75, 64
1, 38736, Note_off_c, 0, 60, 64
1, 38748, Note_off_c, 0, 51, 64
1, 38792, Note_on_c, 0, 75, 72
1, 38796, Note_on_c, 0, 66, 83
1, 38800, Note_on_c, 0, 68, 83
1, 38808, Note_on_c, 0, 44, 80
1, 38840, Note_off_c, 0, 66, 64
1, 38840, Note_off_c, 0, 68, 64
1, 38852, Note_on_c, 0, 56, 72
1, 38852, Note_on_c, 0, 51, 72
1, 38860, Control_c, 0, 64, 0
1, 38864, Note_on_c, 0, 60, 78
1, 38872, Note_on_c, 0, 77, 80
1, 38884, Note_on_c, 0, 66, 78
1, 38892, Note_on_c, 0, 68, 62
1, 38908, Note_off_c, 0, 75, 64
1, 38936, Control_c, 0, 64, 127
1, 38956, Note_off_c, 0, 56, 64
1, 38960, Note_off_c, 0, 51, 64
1, 38960, Note_off_c, 0, 66, 64
1, 38964, Note_off_c, 0, 60, 64
1, 38972, Note_off_c, 0, 68, 64
1, 39104, Control_c, 0, 64, 0
1, 39120, Note_on_c, 0, 66, 80
1, 39120, Note_on_c, 0, 56, 78
1, 39128, Note_on_c, 0, 68, 78
1, 39128, Note_on_c, 0, 51, 57
1, 39132, Note_on_c, 0, 75, 76
1, 39144, Note_on_c, 0, 60, 71
1, 39160, Note_off_c, 0, 77, 64
1, 39164, Control_c, 0, 64, 127
1, 39184, Note_off_c, 0, 66, 64
1, 39188, Note_off_c, 0, 68, 64
1, 39232, Note_off_c, 0, 56, 64
1, 39236, Control_c, 0, 64, 0
1, 39248, Note_off_c, 0, 51, 64
1, 39264, Note_off_c, 0, 60, 64
1, 39268, Note_off_c, 0, 44, 64
1, 39296, Control_c, 0, 64, 127
1, 39400, Note_on_c, 0, 61, 83
1, 39404, Control_c, 0, 64, 0
1, 39416, Note_on_c, 0, 73, 78
1, 39416, Note_on_c, 0, 65, 76
1, 39416, Note_on_c, 0, 49, 65
1, 39424, Note_on_c, 0, 68, 65
1, 39424, Note_on_c, 0, 56, 70
1, 39444, Note_off_c, 0, 75, 64
1, 39456, Control_c, 0, 64, 127
1, 39512, Note_off_c, 0, 65, 64
1, 39528, Note_off_c, 0, 68, 64
1, 39544, Note_off_c, 0, 73, 64
1, 39552, Note_off_c, 0, 56, 64
1, 39560, Note_off_c, 0, 49, 64
1, 39592, Note_off_c, 0, 61, 64
1, 39632, Note_on_c, 0, 56, 71
1, 39640, Note_on_c, 0, 65, 78
1, 39644, Note_on_c, 0, 77, 80
1, 39644, Note_on_c, 0, 68, 72
1, 39648, Note_on_c, 0, 49, 62
1, 39696, Note_off_c, 0, 68, 64
1, 39712, Note_off_c, 0, 65, 64
1, 39724, Note_on_c, 0, 65, 55
1, 39732, Note_on_c, 0, 80, 83
1, 39736, Note_on_c, 0, 68, 93
1, 39736, Note_on_c, 0, 73, 87
1, 39760, Control_c, 0, 64, 0
1, 39772, Note_off_c, 0, 77, 64
1, 39816, Control_c, 0, 64, 127
1, 39832, Note_on_c, 0, 68, 63
1, 39864, Control_c, 0, 64, 127
1, 39928, Note_off_c, 0, 68, 64
1, 39928, Note_off_c, 0, 68, 64
1, 40108, Control_c, 0, 64, 0
1, 40140, Note_off_c, 0, 56, 64
1, 40164, Control_c, 0, 64, 127
1, 40200, Note_off_c, 0, 65, 64
1, 40212, Note_off_c, 0, 49, 64
1, 40216, Note_off_c, 0, 80, 64
1, 40220, Note_off_c, 0, 73, 64
1, 40252, Control_c, 0, 64, 0
1, 40288, Note_on_c, 0, 39, 66
1, 40288, Note_on_c, 0, 63, 62
1, 40288, Note_on_c, 0, 51, 58
1, 40300, Note_on_c, 0, 67, 41
1, 40304, Note_on_c, 0, 72, 41
1, 40324, Control_c, 0, 64, 127
1, 40352, Note_off_c, 0, 67, 64
1, 40372, Note_off_c, 0, 63, 64
1, 40420, Note_off_c, 0, 51, 64
1, 40424, Note_off_c, 0, 39, 64
1, 40456, Note_on_c, 0, 61, 66
1, 40460, Note_on_c, 0, 67, 62
1, 40472, Note_on_c, 0, 70, 35
1, 40476, Note_on_c, 0, 51, 59
1, 40484, Note_off_c, 0, 72, 64
1, 40504, Note_off_c, 0, 61, 64
1, 40520, Note_off_c, 0, 67, 64
1, 40536, Control_c, 0, 64, 0
1, 40552, Note_on_c, 0, 72, 62
1, 40552, Note_on_c, 0, 63, 66
1, 40568, Note_off_c, 0, 70, 64
1, 40568, Note_on_c, 0, 44, 53
1, 40604, Control_c, 0, 64, 127
1, 40744, Note_off_c, 0, 51, 64
1, 40808, Note_on_c, 0, 51, 59
1, 40820, Note_on_c, 0, 68, 53
1, 40824, Note_on_c, 0, 60, 62
1, 40832, Control_c, 0, 64, 0
1, 40836, Note_off_c, 0, 72, 64
1, 40836, Note_off_c, 0, 63, 64
1, 40852, Control_c, 0, 64, 127
1, 40964, Note_off_c, 0, 60, 64
1, 40972, Note_off_c, 0, 68, 64
1, 40984, Note_off_c, 0, 44, 64
1, 40984, Note_off_c, 0, 51, 64
1, 41080, Note_on_c, 0, 72, 52
1, 41080, Note_on_c, 0, 63, 62
1, 41088, Note_on_c, 0, 67, 52
1, 41088, Note_on_c, 0, 51, 41
1, 41088, Note_on_c, 0, 39, 50
1, 41136, Note_off_c, 0, 67, 64
1, 41144, Note_off_c, 0, 63, 64
1, 41188, Note_off_c, 0, 51, 64
1, 41212, Note_off_c, 0, 39, 64
1, 41248, Note_on_c, 0, 70, 49
1, 41252, Note_on_c, 0, 67, 52
1, 41256, Note_on_c, 0, 61, 66
1, 41264, Note_on_c, 0, 51, 62
1, 41296, Note_off_c, 0, 72, 64
1, 41296, Note_off_c, 0, 67, 64
1, 41300, Note_off_c, 0, 61, 64
1, 41312, Control_c, 0, 64, 0
1, 41348, Note_on_c, 0, 44, 62
1, 41348, Note_on_c, 0, 72, 66
1, 41348, Note_on_c, 0, 63, 66
1, 41372, Control_c, 0, 64, 127
1, 41376, Note_off_c, 0, 70, 64
1, 41568, Note_off_c, 0, 51, 64
1, 41592, Control_c, 0, 64, 0
1, 41612, Note_on_c, 0, 51, 66
1, 41612, Note_on_c, 0, 60, 66
1, 41620, Note_on_c, 0, 68, 59
1, 41632, Note_off_c, 0, 72, 64
1, 41636, Note_off_c, 0, 63, 64
1, 41640, Control_c, 0, 64, 127
1, 41696, Note_off_c, 0, 44, 64
1, 41744, Note_off_c, 0, 60, 64
1, 41756, Note_off_c, 0, 68, 64
1, 41768, Note_off_c, 0, 51, 64
1, 41800, Note_on_c, 0, 44, 58
1, 41864, Note_on_c, 0, 51, 68
1, 41880, Control_c, 0, 64, 0
1, 41896, Note_on_c, 0, 75, 81
1, 41904, Note_on_c, 0, 66, 83
1, 41904, Note_on_c, 0, 60, 74
1, 41904, Note_on_c, 0, 68, 85
1, 41936, Control_c, 0, 64, 127
1, 41940, Note_off_c, 0, 44, 64
1, 41956, Note_off_c, 0, 66, 64
1, 41960, Note_off_c, 0, 68, 64
1, 41976, Note_off_c, 0, 51, 64
1, 41996, Note_off_c, 0, 60, 64
1, 42040, Note_off_c, 0, 75, 64
1, 42056, Note_on_c, 0, 75, 58
1, 42072, Note_on_c, 0, 66, 74
1, 42072, Note_on_c, 0, 44, 68
1, 42080, Note_on_c, 0, 68, 81
1, 42120, Note_off_c, 0, 66, 64
1, 42132, Note_off_c, 0, 68, 64
1, 42144, Control_c, 0, 64, 0
1, 42152, Note_on_c, 0, 60, 71
1, 42156, Note_on_c, 0, 56, 42
1, 42156, Note_on_c, 0, 51, 50
1, 42164, Note_on_c, 0, 68, 68
1, 42164, Note_on_c, 0, 66, 62
1, 42168, Note_off_c, 0, 75, 64
1, 42168, Note_on_c, 0, 77, 78
1, 42192, Control_c, 0, 64, 127
1, 42244, Note_off_c, 0, 68, 64
1, 42248, Note_off_c, 0, 66, 64
1, 42272, Note_off_c, 0, 56, 64
1, 42272, Note_off_c, 0, 51, 64
1, 42284, Note_off_c, 0, 60, 64
1, 42412, Note_on_c, 0, 56, 58
1, 42412, Note_on_c, 0, 51, 58
1, 42416, Note_on_c, 0, 68, 74
1, 42416, Control_c, 0, 64, 0
1, 42424, Note_on_c, 0, 75, 68
1, 42424, Note_on_c, 0, 66, 75
1, 42424, Note_on_c, 0, 60, 78
1, 42432, Note_off_c, 0, 77, 64
1, 42472, Note_off_c, 0, 56, 64
1, 42480, Note_off_c, 0, 51, 64
1, 42488, Control_c, 0, 64, 127
1, 42492, Note_off_c, 0, 60, 64
1, 42512, Note_off_c, 0, 68, 64
1, 42512, Note_off_c, 0, 66, 64
1, 42536, Note_off_c, 0, 44, 64
1, 42568, Control_c, 0, 64, 127
1, 42672, Control_c, 0, 64, 0
1, 42688, Note_on_c, 0, 68, 41
1, 42688, Note_on_c, 0, 65, 74
1, 42692, Note_on_c, 0, 73, 71
1, 42696, Note_on_c, 0, 49, 67
1, 42704, Note_on_c, 0, 61, 78
1, 42708, Note_on_c, 0, 56, 58
1, 42728, Note_off_c, 0, 75, 64
1, 42744, Control_c, 0, 64, 127
1, 42784, Control_c, 0, 64, 0
1, 42788, Note_off_c, 0, 65, 64
1, 42796, Note_off_c, 0, 56, 64
1, 42800, Note_off_c, 0, 68, 64
1, 42808, Note_off_c, 0, 49, 64
1, 42816, Note_off_c, 0, 61, 64
1, 42840, Control_c, 0, 64, 127
1, 42912, Note_on_c, 0, 77, 68
1, 42920, Note_off_c, 0, 73, 64
1, 42920, Note_on_c, 0, 49, 74
1, 42928, Note_on_c, 0, 65, 70
1, 42936, Note_on_c, 0, 68, 62
1, 42964, Note_on_c, 0, 56, 65
1, 42976, Note_off_c, 0, 68, 64
1, 42988, Note_off_c, 0, 65, 64
1, 43012, Note_on_c, 0, 73, 83
1, 43012, Note_on_c, 0, 68, 84
1, 43012, Note_on_c, 0, 65, 79
1, 43032, Note_on_c, 0, 80, 78
1, 43044, Note_off_c, 0, 77, 64
1, 43048, Control_c, 0, 64, 0
1, 43136, Control_c, 0, 64, 127
1, 43276, Note_off_c, 0, 56, 64
1, 43412, Control_c, 0, 64, 127
1, 43444, Control_c, 0, 64, 0
1, 43456, Control_c, 0, 64, 0
1, 43496, Control_c, 0, 64, 127
1, 43508, Control_c, 0, 64, 127
1, 43552, Note_off_c, 0, 49, 64
1, 43552, Note_off_c, 0, 73, 64
1, 43552, Note_off_c, 0, 68, 64
1, 43552, Note_off_c, 0, 65, 64
1, 43552, Control_c, 0, 64, 0
1, 43576, Note_off_c, 0, 80, 64
1, 43584, Note_on_c, 0, 54, 49
1, 43588, Note_on_c, 0, 70, 59
1, 43588, Note_on_c, 0, 66, 57
1, 43588, Note_on_c, 0, 58, 45
1, 43592, Note_on_c, 0, 61, 49
1, 43616, Control_c, 0, 64, 127
1, 43652, Note_off_c, 0, 58, 64
1, 43664, Note_off_c, 0, 54, 64
1, 43668, Note_off_c, 0, 61, 64
1, 43672, Note_off_c, 0, 66, 64
1, 43724, Note_on_c, 0, 61, 26
1, 43724, Note_on_c, 0, 54, 55
1, 43728, Note_on_c, 0, 58, 52
1, 43732, Note_on_c, 0, 66, 52
1, 43752, Note_on_c, 0, 72, 52
1, 43772, Note_off_c, 0, 70, 64
1, 43800, Note_off_c, 0, 58, 64
1, 43804, Note_off_c, 0, 54, 64
1, 43808, Note_off_c, 0, 66, 64
1, 43832, Note_on_c, 0, 73, 63
1, 43836, Control_c, 0, 64, 0
1, 43840, Note_off_c, 0, 72, 64
1, 43840, Note_on_c, 0, 49, 52
1, 43844, Note_on_c, 0, 56, 37
1, 43848, Note_on_c, 0, 65, 61
1, 43892, Control_c, 0, 64, 127
1, 43904, Note_off_c, 0, 61, 64
1, 44096, Note_on_c, 0, 68, 66
1, 44104, Note_on_c, 0, 37, 61
1, 44112, Note_off_c, 0, 49, 64
1, 44116, Note_off_c, 0, 56, 64
1, 44120, Note_off_c, 0, 65, 64
1, 44128, Control_c, 0, 64, 0
1, 44140, Note_off_c, 0, 73, 64
1, 44152, Control_c, 0, 64, 127
1, 44304, Note_off_c, 0, 68, 64
1, 44308, Note_off_c, 0, 37, 64
1, 44352, Control_c, 0, 64, 0
1, 44368, Note_on_c, 0, 61, 53
1, 44368, Note_on_c, 0, 54, 49
1, 44372, Note_on_c, 0, 70, 59
1, 44372, Note_on_c, 0, 66, 55
1, 44380, Note_on_c, 0, 58, 45
1, 44404, Control_c, 0, 64, 127
1, 44428, Note_off_c, 0, 54, 64
1, 44428, Note_off_c, 0, 58, 64
1, 44432, Note_off_c, 0, 61, 64
1, 44432, Note_off_c, 0, 66, 64
1, 44500, Note_on_c, 0, 66, 46
1, 44524, Note_on_c, 0, 72, 49
1, 44524, Note_on_c, 0, 58, 49
1, 44528, Note_on_c, 0, 54, 41
1, 44532, Note_on_c, 0, 61, 45
1, 44540, Note_off_c, 0, 70, 64
1, 44552, Note_off_c, 0, 66, 64
1, 44584, Note_off_c, 0, 58, 64
1, 44588, Note_off_c, 0, 54, 64
1, 44596, Control_c, 0, 64, 0
1, 44608, Note_on_c, 0, 73, 62
1, 44608, Note_on_c, 0, 65, 63
1, 44616, Note_off_c, 0, 72, 64
1, 44616, Note_on_c, 0, 49, 67
1, 44624, Note_on_c, 0, 56, 37
1, 44624, Control_c, 0, 64, 127
1, 44708, Note_off_c, 0, 61, 64
1, 44844, Note_on_c, 0, 37, 59
1, 44864, Note_off_c, 0, 49, 64
1, 44872, Note_on_c, 0, 68, 59
1, 44876, Note_off_c, 0, 56, 64
1, 44904, Note_off_c, 0, 73, 64
1, 44904, Note_off_c, 0, 65, 64
1, 44984, Control_c, 0, 64, 127
1, 45024, Note_off_c, 0, 68, 64
1, 45028, Note_off_c, 0, 37, 64
1, 45048, Note_on_c, 0, 44, 78
1, 45104, Note_on_c, 0, 51, 71
1, 45128, Note_on_c, 0, 75, 83
1, 45128, Control_c, 0, 64, 0
1, 45144, Note_on_c, 0, 68, 78
1, 45144, Note_on_c, 0, 66, 84
1, 45152, Note_on_c, 0, 60, 84
1, 45196, Control_c, 0, 64, 127
1, 45204, Note_off_c, 0, 66, 64
1, 45216, Note_off_c, 0, 68, 64
1, 45232, Note_off_c, 0, 44, 64
1, 45260, Note_off_c, 0, 75, 64
1, 45280, Note_off_c, 0, 51, 64
1, 45296, Note_on_c, 0, 75, 71
1, 45304, Note_off_c, 0, 60, 64
1, 45312, Note_on_c, 0, 66, 83
1, 45320, Note_on_c, 0, 68, 93
1, 45332, Note_on_c, 0, 44, 76
1, 45356, Note_off_c, 0, 66, 64
1, 45368, Note_off_c, 0, 68, 64
1, 45388, Note_on_c, 0, 51, 70
1, 45396, Control_c, 0, 64, 0
1, 45408, Note_on_c, 0, 60, 87
1, 45408, Note_on_c, 0, 56, 48
1, 45412, Note_on_c, 0, 77, 93
1, 45412, Note_on_c, 0, 68, 24
1, 45412, Note_on_c, 0, 66, 80
1, 45440, Note_off_c, 0, 75, 64
1, 45448, Control_c, 0, 64, 127
1, 45456, Note_off_c, 0, 56, 64
1, 45464, Note_off_c, 0, 51, 64
1, 45468, Note_off_c, 0, 60, 64
1, 45504, Note_off_c, 0, 68, 64
1, 45556, Note_off_c, 0, 66, 64
1, 45664, Control_c, 0, 64, 0
1, 45668, Note_on_c, 0, 51, 67
1, 45676, Note_on_c, 0, 75, 78
1, 45680, Note_off_c, 0, 77, 64
1, 45680, Note_on_c, 0, 68, 65
1, 45684, Note_on_c, 0, 66, 97
1, 45688, Note_on_c, 0, 56, 48
1, 45688, Note_on_c, 0, 60, 91
1, 45732, Note_off_c, 0, 51, 64
1, 45736, Note_off_c, 0, 56, 64
1, 45736, Control_c, 0, 64, 127
1, 45756, Note_off_c, 0, 60, 64
1, 45776, Note_off_c, 0, 68, 64
1, 45796, Note_off_c, 0, 44, 64
1, 45800, Note_off_c, 0, 66, 64
1, 45940, Control_c, 0, 64, 0
1, 45952, Note_on_c, 0, 68, 83
1, 45952, Note_on_c, 0, 49, 62
1, 45952, Note_on_c, 0, 65, 78
1, 45952, Note_on_c, 0, 73, 83
1, 45956, Note_off_c, 0, 75, 64
1, 45964, Note_on_c, 0, 56, 79
1, 45964, Note_on_c, 0, 61, 87
1, 46000, Control_c, 0, 64, 127
1, 46088, Note_off_c, 0, 49, 64
1, 46088, Note_off_c, 0, 65, 64
1, 46092, Note_off_c, 0, 68, 64
1, 46104, Note_off_c, 0, 56, 64
1, 46124, Note_off_c, 0, 61, 64
1, 46168, Note_on_c, 0, 49, 70
1, 46180, Note_on_c, 0, 77, 78
1, 46180, Note_on_c, 0, 68, 75
1, 46180, Note_on_c, 0, 65, 65
1, 46188, Note_off_c, 0, 73, 64
1, 46232, Note_on_c, 0, 56, 70
1, 46240, Note_off_c, 0, 68, 64
1, 46244, Note_off_c, 0, 65, 64
1, 46264, Note_on_c, 0, 65, 71
1, 46276, Note_on_c, 0, 80, 83
1, 46284, Note_on_c, 0, 73, 87
1, 46284, Note_on_c, 0, 68, 94
1, 46288, Note_off_c, 0, 77, 64
1, 46308, Control_c, 0, 64, 0
1, 46360, Control_c, 0, 64, 127
1, 46528, Control_c, 0, 64, 127
1, 46636, Control_c, 0, 64, 127
1, 46720, Note_off_c, 0, 49, 64
1, 46748, Note_off_c, 0, 65, 64
1, 46752, Note_off_c, 0, 80, 64
1, 46760, Note_off_c, 0, 56, 64
1, 46768, Note_off_c, 0, 73, 64
1, 46768, Note_off_c, 0, 68, 64
1, 46784, Note_on_c, 0, 63, 50
1, 46784, Note_on_c, 0, 51, 57
1, 46784, Note_on_c, 0, 39, 55
1, 46788, Note_on_c, 0, 72, 49
1, 46788, Note_on_c, 0, 67, 44
1, 46812, Control_c, 0, 64, 0
1, 46820, Note_on_c, 0, 51, 55
1, 46832, Note_off_c, 0, 67, 64
1, 46856, Note_off_c, 0, 63, 64
1, 46864, Control_c, 0, 64, 127
1, 46896, Note_off_c, 0, 51, 64
1, 46924, Note_off_c, 0, 39, 64
1, 46924, Note_off_c, 0, 51, 64
1, 47000, Note_on_c, 0, 51, 54
1, 47012, Note_on_c, 0, 70, 40
1, 47012, Note_on_c, 0, 61, 66
1, 47020, Note_on_c, 0, 67, 37
1, 47032, Note_off_c, 0, 72, 64
1, 47048, Note_off_c, 0, 61, 64
1, 47068, Note_off_c, 0, 67, 64
1, 47072, Note_off_c, 0, 70, 64
1, 47076, Control_c, 0, 64, 0
1, 47088, Note_on_c, 0, 72, 62
1, 47092, Note_on_c, 0, 63, 66
1, 47096, Note_on_c, 0, 44, 55
1, 47128, Control_c, 0, 64, 127
1, 47300, Note_off_c, 0, 51, 64
1, 47332, Control_c, 0, 64, 0
1, 47352, Note_on_c, 0, 51, 55
1, 47364, Note_on_c, 0, 60, 61
1, 47368, Note_on_c, 0, 68, 54
1, 47388, Note_off_c, 0, 72, 64
1, 47392, Note_off_c, 0, 63, 64
1, 47400, Control_c, 0, 64, 127
1, 47448, Note_off_c, 0, 44, 64
1, 47548, Note_off_c, 0, 51, 64
1, 47560, Note_off_c, 0, 60, 64
1, 47564, Note_off_c, 0, 68, 64
1, 47608, Note_on_c, 0, 63, 63
1, 47616, Note_on_c, 0, 72, 52
1, 47620, Note_on_c, 0, 39, 53
1, 47624, Note_on_c, 0, 67, 50
1, 47624, Note_on_c, 0, 51, 36
1, 47644, Control_c, 0, 64, 0
1, 47668, Note_off_c, 0, 67, 64
1, 47668, Control_c, 0, 64, 127
1, 47672, Note_off_c, 0, 63, 64
1, 47768, Note_off_c, 0, 51, 64
1, 47780, Note_off_c, 0, 39, 64
1, 47812, Note_on_c, 0, 67, 52
1, 47812, Note_on_c, 0, 61, 66
1, 47812, Note_on_c, 0, 51, 45
1, 47816, Note_off_c, 0, 72, 64
1, 47820, Note_on_c, 0, 70, 40
1, 47848, Note_off_c, 0, 61, 64
1, 47876, Note_off_c, 0, 67, 64
1, 47876, Note_off_c, 0, 70, 64
1, 47884, Note_on_c, 0, 72, 44
1, 47888, Note_on_c, 0, 44, 52
1, 47896, Note_on_c, 0, 63, 63
1, 48116, Note_off_c, 0, 51, 64
1, 48196, Note_on_c, 0, 56, 44
1, 48208, Note_on_c, 0, 68, 49
1, 48208, Note_on_c, 0, 60, 41
1, 48232, Control_c, 0, 64, 0
1, 48236, Note_off_c, 0, 72, 64
1, 48244, Note_off_c, 0, 44, 64
1, 48248, Note_off_c, 0, 63, 64
1, 48264, Control_c, 0, 64, 127
1, 48364, Note_off_c, 0, 68, 64
1, 48368, Note_on_c, 0, 54, 61
1, 48384, Note_off_c, 0, 60, 64
1, 48392, Note_off_c, 0, 56, 64
1, 48496, Note_on_c, 0, 53, 66
1, 48508, Note_on_c, 0, 70, 45
1, 48516, Note_off_c, 0, 54, 64
1, 48516, Note_on_c, 0, 68, 28
1, 48516, Note_on_c, 0, 62, 49
1, 48536, Control_c, 0, 64, 0
1, 48592, Note_off_c, 0, 68, 64
1, 48624, Note_off_c, 0, 70, 64
1, 48624, Note_off_c, 0, 62, 64
1, 48640, Control_c, 0, 64, 127
1, 48792, Note_on_c, 0, 70, 41
1, 48792, Note_on_c, 0, 68, 36
1, 48796, Note_on_c, 0, 62, 53
1, 48852, Note_off_c, 0, 68, 64
1, 48868, Note_off_c, 0, 70, 64
1, 48868, Note_off_c, 0, 62, 64
1, 48888, Note_on_c, 0, 46, 48
1, 48912, Note_off_c, 0, 53, 64
1, 49036, Note_on_c, 0, 48, 57
1, 49048, Note_on_c, 0, 70, 53
1, 49048, Note_on_c, 0, 65, 57
1, 49056, Note_off_c, 0, 46, 64
1, 49064, Note_on_c, 0, 68, 62
1, 49088, Control_c, 0, 64, 0
1, 49124, Control_c, 0, 64, 127
1, 49132, Note_off_c, 0, 70, 64
1, 49132, Note_off_c, 0, 68, 64
1, 49136, Note_off_c, 0, 65, 64
1, 49184, Note_on_c, 0, 50, 57
1, 49200, Note_off_c, 0, 48, 64
1, 49288, Note_on_c, 0, 51, 66
1, 49312, Note_on_c, 0, 63, 57
1, 49316, Note_off_c, 0, 50, 64
1, 49328, Note_on_c, 0, 66, 26
1, 49332, Note_on_c, 0, 70, 26
1, 49340, Control_c, 0, 64, 0
1, 49396, Control_c, 0, 64, 127
1, 49416, Note_off_c, 0, 66, 64
1, 49420, Note_on_c, 0, 53, 57
1, 49428, Note_off_c, 0, 63, 64
1, 49448, Note_off_c, 0, 51, 64
1, 49460, Note_off_c, 0, 70, 64
1, 49544, Note_on_c, 0, 54, 70
1, 49572, Control_c, 0, 64, 0
1, 49584, Note_off_c, 0, 53, 64
1, 49584, Note_on_c, 0, 63, 50
1, 49584, Note_on_c, 0, 70, 52
1, 49636, Control_c, 0, 64, 127
1, 49692, Note_off_c, 0, 63, 64
1, 49728, Note_off_c, 0, 70, 64
1, 49788, Control_c, 0, 64, 0
1, 49816, Note_on_c, 0, 70, 26
1, 49820, Note_on_c, 0, 63, 45
1, 49900, Note_off_c, 0, 70, 64
1, 49904, Note_off_c, 0, 63, 64
1, 49952, Note_on_c, 0, 56, 58
1, 49988, Note_off_c, 0, 54, 64
1, 50020, Note_on_c, 0, 54, 66
1, 50060, Note_off_c, 0, 56, 64
1, 50084, Note_on_c, 0, 68, 29
1, 50084, Note_on_c, 0, 62, 52
1, 50088, Note_on_c, 0, 53, 50
1, 50096, Note_on_c, 0, 70, 2
1, 50120, Control_c, 0, 64, 0
1, 50124, Note_off_c, 0, 54, 64
1, 50172, Note_off_c, 0, 68, 64
1, 50180, Note_off_c, 0, 70, 64
1, 50212, Control_c, 0, 64, 127
1, 50228, Note_off_c, 0, 62, 64
1, 50320, Note_on_c, 0, 52, 62
1, 50348, Note_off_c, 0, 53, 64
1, 50352, Note_on_c, 0, 62, 52
1, 50368, Note_on_c, 0, 68, 41
1, 50372, Control_c, 0, 64, 0
1, 50380, Note_on_c, 0, 70, 28
1, 50384, Note_on_c, 0, 53, 54
1, 50412, Note_off_c, 0, 52, 64
1, 50456, Control_c, 0, 64, 127
1, 50496, Note_off_c, 0, 62, 64
1, 50500, Note_off_c, 0, 70, 64
1, 50516, Note_off_c, 0, 68, 64
1, 50640, Control_c, 0, 64, 0
1, 50652, Note_on_c, 0, 46, 61
1, 50660, Note_on_c, 0, 70, 48
1, 50660, Note_on_c, 0, 68, 50
1, 50660, Note_on_c, 0, 62, 46
1, 50692, Note_off_c, 0, 53, 64
1, 50708, Control_c, 0, 64, 127
1, 50768, Note_off_c, 0, 68, 64
1, 50772, Note_off_c, 0, 62, 64
1, 50792, Note_off_c, 0, 70, 64
1, 50896, Note_on_c, 0, 51, 55
1, 50924, Note_on_c, 0, 63, 55
1, 50932, Note_on_c, 0, 66, 37
1, 50944, Control_c, 0, 64, 0
1, 50948, Note_off_c, 0, 46, 64
1, 50952, Note_on_c, 0, 70, 26
1, 51008, Control_c, 0, 64, 127
1, 51016, Note_off_c, 0, 66, 64
1, 51020, Note_off_c, 0, 63, 64
1, 51028, Note_off_c, 0, 70, 64
1, 51084, Note_on_c, 0, 53, 61
1, 51120, Note_off_c, 0, 51, 64
1, 51176, Note_on_c, 0, 54, 67
1, 51184, Note_on_c, 0, 63, 50
1, 51192, Note_on_c, 0, 66, 49
1, 51192, Note_on_c, 0, 70, 52
1, 51192, Control_c, 0, 64, 0
1, 51216, Note_off_c, 0, 53, 64
1, 51264, Note_off_c, 0, 70, 64
1, 51276, Note_off_c, 0, 63, 64
1, 51276, Control_c, 0, 64, 127
1, 51280, Note_off_c, 0, 66, 64
1, 51444, Note_on_c, 0, 61, 52
1, 51444, Control_c, 0, 64, 0
1, 51456, Note_on_c, 0, 69, 66
1, 51456, Note_on_c, 0, 63, 57
1, 51528, Note_off_c, 0, 63, 64
1, 51544, Note_off_c, 0, 61, 64
1, 51544, Control_c, 0, 64, 127
1, 51552, Note_off_c, 0, 69, 64
1, 51724, Note_on_c, 0, 63, 49
1, 51724, Note_on_c, 0, 60, 45
1, 51740, Note_on_c, 0, 68, 44
1, 51748, Control_c, 0, 64, 0
1, 51792, Note_off_c, 0, 60, 64
1, 51800, Note_off_c, 0, 63, 64
1, 51808, Control_c, 0, 64, 127
1, 51820, Note_off_c, 0, 68, 64
1, 51944, Control_c, 0, 64, 0
1, 52004, Note_on_c, 0, 60, 57
1, 52012, Note_on_c, 0, 63, 54
1, 52024, Note_on_c, 0, 68, 45
1, 52036, Control_c, 0, 64, 0
1, 52072, Control_c, 0, 64, 127
1, 52080, Note_off_c, 0, 60, 64
1, 52084, Note_off_c, 0, 63, 64
1, 52100, Note_off_c, 0, 68, 64
1, 52144, Note_on_c, 0, 44, 63
1, 52176, Note_off_c, 0, 54, 64
1, 52272, Note_on_c, 0, 46, 50
1, 52280, Note_on_c, 0, 68, 52
1, 52292, Note_on_c, 0, 66, 41
1, 52292, Note_on_c, 0, 63, 49
1, 52308, Note_off_c, 0, 44, 64
1, 52308, Control_c, 0, 64, 0
1, 52348, Control_c, 0, 64, 127
1, 52356, Note_off_c, 0, 63, 64
1, 52364, Note_off_c, 0, 66, 64
1, 52376, Note_off_c, 0, 68, 64
1, 52376, Note_on_c, 0, 48, 61
1, 52404, Note_off_c, 0, 46, 64
1, 52544, Note_on_c, 0, 49, 58
1, 52544, Control_c, 0, 64, 0
1, 52560, Note_on_c, 0, 68, 40
1, 52560, Note_on_c, 0, 61, 37
1, 52568, Note_off_c, 0, 48, 64
1, 52572, Note_on_c, 0, 65, 35
1, 52624, Note_off_c, 0, 65, 64
1, 52632, Note_off_c, 0, 68, 64
1, 52640, Control_c, 0, 64, 127
1, 52648, Note_off_c, 0, 61, 64
1, 52688, Note_on_c, 0, 51, 55
1, 52716, Note_off_c, 0, 49, 64
1, 52796, Control_c, 0, 64, 0
1, 52820, Note_on_c, 0, 68, 46
1, 52832, Note_on_c, 0, 61, 32
1, 52836, Note_on_c, 0, 53, 44
1, 52848, Note_off_c, 0, 51, 64
1, 52884, Control_c, 0, 64, 127
1, 52936, Note_off_c, 0, 61, 64
1, 52940, Note_off_c, 0, 68, 64
1, 53056, Note_on_c, 0, 54, 58
1, 53080, Control_c, 0, 64, 0
1, 53088, Note_off_c, 0, 53, 64
1, 53088, Note_on_c, 0, 68, 26
1, 53092, Note_on_c, 0, 61, 26
1, 53104, Control_c, 0, 64, 127
1, 53168, Note_off_c, 0, 68, 64
1, 53168, Note_off_c, 0, 61, 64
1, 53188, Note_on_c, 0, 53, 58
1, 53200, Note_off_c, 0, 54, 64
1, 53252, Note_off_c, 0, 53, 64
1, 53296, Note_on_c, 0, 53, 66
1, 53316, Note_on_c, 0, 51, 55
1, 53336, Note_on_c, 0, 66, 52
1, 53352, Note_on_c, 0, 68, 32
1, 53352, Note_on_c, 0, 60, 52
1, 53360, Control_c, 0, 64, 0
1, 53384, Note_off_c, 0, 53, 64
1, 53436, Note_off_c, 0, 68, 64
1, 53436, Note_off_c, 0, 60, 64
1, 53440, Note_off_c, 0, 66, 64
1, 53456, Control_c, 0, 64, 127
1, 53568, Note_on_c, 0, 50, 55
1, 53600, Note_off_c, 0, 51, 64
1, 53624, Control_c, 0, 64, 0
1, 53636, Note_on_c, 0, 60, 41
1, 53644, Note_on_c, 0, 51, 67
1, 53644, Note_on_c, 0, 68, 36
1, 53644, Note_on_c, 0, 66, 40
1, 53680, Note_off_c, 0, 50, 64
1, 53708, Note_off_c, 0, 60, 64
1, 53716, Note_off_c, 0, 68, 64
1, 53716, Note_off_c, 0, 66, 64
1, 53736, Control_c, 0, 64, 127
1, 53916, Control_c, 0, 64, 0
1, 53924, Note_on_c, 0, 44, 54
1, 53932, Note_off_c, 0, 51, 64
1, 53932, Note_on_c, 0, 60, 44
1, 53940, Note_on_c, 0, 68, 36
1, 53956, Note_on_c, 0, 66, 24
1, 53992, Control_c, 0, 64, 127
1, 54004, Note_off_c, 0, 60, 64
1, 54024, Note_off_c, 0, 66, 64
1, 54028, Note_off_c, 0, 68, 64
1, 54088, Control_c, 0, 64, 0
1, 54192, Note_on_c, 0, 53, 54
1, 54200, Note_on_c, 0, 61, 31
1, 54208, Note_on_c, 0, 65, 57
1, 54208, Note_on_c, 0, 68, 37
1, 54216, Control_c, 0, 64, 0
1, 54264, Note_off_c, 0, 44, 64
1, 54284, Note_off_c, 0, 65, 64
1, 54288, Note_off_c, 0, 68, 64
1, 54308, Note_off_c, 0, 61, 64
1, 54312, Control_c, 0, 64, 127
1, 54320, Note_on_c, 0, 51, 58
1, 54344, Note_off_c, 0, 53, 64
1, 54468, Control_c, 0, 64, 0
1, 54476, Note_on_c, 0, 49, 58
1, 54480, Note_on_c, 0, 61, 41
1, 54488, Note_on_c, 0, 68, 41
1, 54488, Note_on_c, 0, 65, 50
1, 54496, Note_off_c, 0, 51, 64
1, 54544, Control_c, 0, 64, 127
1, 54552, Note_off_c, 0, 65, 64
1, 54556, Note_off_c, 0, 61, 64
1, 54564, Note_off_c, 0, 68, 64
1, 54760, Note_on_c, 0, 63, 62
1, 54760, Note_on_c, 0, 48, 55
1, 54764, Note_on_c, 0, 69, 66
1, 54764, Note_on_c, 0, 65, 62
1, 54776, Note_off_c, 0, 49, 64
1, 54776, Control_c, 0, 64, 0
1, 54868, Control_c, 0, 64, 127
1, 54884, Note_off_c, 0, 65, 64
1, 54892, Note_off_c, 0, 63, 64
1, 54904, Note_on_c, 0, 47, 42
1, 54908, Note_off_c, 0, 69, 64
1, 54940, Note_off_c, 0, 48, 64
1, 55020, Note_on_c, 0, 70, 57
1, 55040, Note_on_c, 0, 46, 59
1, 55040, Note_on_c, 0, 65, 46
1, 55040, Note_on_c, 0, 63, 52
1, 55052, Control_c, 0, 64, 0
1, 55076, Note_off_c, 0, 47, 64
1, 55124, Control_c, 0, 64, 127
1, 55136, Note_off_c, 0, 65, 64
1, 55172, Note_off_c, 0, 70, 64
1, 55172, Note_off_c, 0, 63, 64
1, 55312, Control_c, 0, 64, 0
1, 55332, Note_on_c, 0, 62, 45
1, 55336, Note_on_c, 0, 70, 46
1, 55340, Note_on_c, 0, 65, 52
1, 55392, Control_c, 0, 64, 127
1, 55416, Note_off_c, 0, 46, 64
1, 55448, Note_off_c, 0, 65, 64
1, 55464, Note_off_c, 0, 62, 64
1, 55476, Note_off_c, 0, 70, 64
1, 55496, Note_on_c, 0, 46, 66
1, 55580, Control_c, 0, 64, 0
1, 55608, Note_on_c, 0, 70, 50
1, 55616, Note_on_c, 0, 48, 57
1, 55620, Note_on_c, 0, 68, 50
1, 55620, Note_on_c, 0, 65, 41
1, 55656, Note_off_c, 0, 46, 64
1, 55664, Control_c, 0, 64, 127
1, 55700, Note_off_c, 0, 70, 64
1, 55720, Note_off_c, 0, 68, 64
1, 55728, Note_off_c, 0, 65, 64
1, 55740, Note_on_c, 0, 50, 55
1, 55756, Note_off_c, 0, 48, 64
1, 55856, Note_on_c, 0, 51, 71
1, 55876, Control_c, 0, 64, 0
1, 55888, Note_off_c, 0, 50, 64
1, 55888, Note_on_c, 0, 66, 49
1, 55888, Note_on_c, 0, 65, 48
1, 55896, Note_on_c, 0, 70, 36
1, 55968, Control_c, 0, 64, 127
1, 56004, Note_on_c, 0, 53, 70
1, 56024, Note_off_c, 0, 51, 64
1, 56024, Note_off_c, 0, 70, 64
1, 56028, Note_off_c, 0, 66, 64
1, 56044, Note_off_c, 0, 65, 64
1, 56120, Control_c, 0, 64, 0
1, 56128, Note_on_c, 0, 54, 72
1, 56140, Note_on_c, 0, 63, 48
1, 56152, Note_on_c, 0, 66, 46
1, 56152, Note_on_c, 0, 70, 41
1, 56172, Note_off_c, 0, 53, 64
1, 56192, Control_c, 0, 64, 127
1, 56260, Note_off_c, 0, 66, 64
1, 56284, Note_off_c, 0, 63, 64
1, 56288, Note_off_c, 0, 70, 64
1, 56376, Note_on_c, 0, 56, 68
1, 56388, Note_on_c, 0, 70, 53
1, 56388, Note_on_c, 0, 63, 53
1, 56392, Control_c, 0, 64, 0
1, 56408, Note_off_c, 0, 54, 64
1, 56448, Control_c, 0, 64, 127
1, 56476, Note_on_c, 0, 54, 44
1, 56520, Note_off_c, 0, 56, 64
1, 56536, Note_off_c, 0, 63, 64
1, 56544, Note_off_c, 0, 70, 64
1, 56576, Note_off_c, 0, 54, 64
1, 56608, Note_on_c, 0, 54, 80
1, 56656, Note_on_c, 0, 68, 49
1, 56664, Note_on_c, 0, 63, 50
1, 56664, Note_on_c, 0, 70, 46
1, 56672, Control_c, 0, 64, 0
1, 56684, Note_on_c, 0, 53, 63
1, 56708, Note_off_c, 0, 54, 64
1, 56752, Control_c, 0, 64, 127
1, 56792, Note_off_c, 0, 70, 64
1, 56808, Note_off_c, 0, 68, 64
1, 56816, Note_off_c, 0, 63, 64
1, 56868, Note_on_c, 0, 52, 66
1, 56892, Note_off_c, 0, 53, 64
1, 56908, Control_c, 0, 64, 0
1, 56920, Note_on_c, 0, 53, 61
1, 56928, Note_on_c, 0, 62, 53
1, 56936, Note_on_c, 0, 70, 35
1, 56940, Note_on_c, 0, 68, 26
1, 56952, Note_off_c, 0, 52, 64
1, 57024, Control_c, 0, 64, 127
1, 57056, Note_off_c, 0, 62, 64
1, 57056, Note_off_c, 0, 70, 64
1, 57080, Note_off_c, 0, 68, 64
1, 57208, Control_c, 0, 64, 0
1, 57216, Note_on_c, 0, 46, 66
1, 57224, Note_on_c, 0, 62, 36
1, 57228, Note_on_c, 0, 70, 35
1, 57244, Note_off_c, 0, 53, 64
1, 57248, Note_on_c, 0, 68, 26
1, 57300, Control_c, 0, 64, 127
1, 57344, Note_off_c, 0, 68, 64
1, 57356, Note_off_c, 0, 70, 64
1, 57360, Note_off_c, 0, 62, 64
1, 57376, Control_c, 0, 64, 0
1, 57468, Note_on_c, 0, 51, 57
1, 57468, Control_c, 0, 64, 0
1, 57480, Note_on_c, 0, 70, 45
1, 57480, Note_on_c, 0, 66, 52
1, 57480, Note_on_c, 0, 63, 53
1, 57500, Note_off_c, 0, 46, 64
1, 57568, Control_c, 0, 64, 127
1, 57592, Note_off_c, 0, 66, 64
1, 57592, Note_off_c, 0, 63, 64
1, 57604, Note_off_c, 0, 70, 64
1, 57676, Note_on_c, 0, 53, 57
1, 57716, Note_off_c, 0, 51, 64
1, 57736, Control_c, 0, 64, 0
1, 57744, Note_on_c, 0, 70, 49
1, 57744, Note_on_c, 0, 63, 52
1, 57768, Note_on_c, 0, 54, 65
1, 57792, Note_off_c, 0, 53, 64
1, 57816, Control_c, 0, 64, 127
1, 57832, Note_off_c, 0, 70, 64
1, 57848, Note_off_c, 0, 63, 64
1, 57992, Control_c, 0, 64, 0
1, 58016, Note_on_c, 0, 63, 53
1, 58016, Note_on_c, 0, 61, 50
1, 58028, Note_on_c, 0, 69, 55
1, 58088, Control_c, 0, 64, 127
1, 58104, Note_off_c, 0, 63, 64
1, 58108, Note_off_c, 0, 61, 64
1, 58120, Note_off_c, 0, 69, 64
1, 58280, Control_c, 0, 64, 0
1, 58292, Note_on_c, 0, 63, 41
1, 58292, Note_on_c, 0, 68, 45
1, 58304, Tempo, 500000
1, 58304, Note_on_c, 0, 61, 28
1, 58348, Note_off_c, 0, 63, 64
1, 58356, Control_c, 0, 64, 127
1, 58364, Note_off_c, 0, 68, 64
1, 58364, Note_off_c, 0, 61, 64
1, 58540, Control_c, 0, 64, 0
1, 58556, Note_on_c, 0, 60, 49
1, 58560, Note_on_c, 0, 63, 41
1, 58564, Note_on_c, 0, 68, 44
1, 58624, Control_c, 0, 64, 127
1, 58632, Note_off_c, 0, 60, 64
1, 58632, Note_off_c, 0, 63, 64
1, 58636, Note_off_c, 0, 68, 64
1, 58712, Note_on_c, 0, 44, 58
1, 58760, Note_off_c, 0, 54, 64
1, 58796, Control_c, 0, 64, 0
1, 58820, Note_on_c, 0, 68, 49
1, 58824, Note_on_c, 0, 46, 55
1, 58836, Note_on_c, 0, 66, 45
1, 58836, Note_on_c, 0, 63, 46
1, 58872, Note_off_c, 0, 44, 64
1, 58884, Control_c, 0, 64, 127
1, 58896, Note_off_c, 0, 66, 64
1, 58904, Note_off_c, 0, 63, 64
1, 58916, Note_off_c, 0, 68, 64
1, 58948, Note_on_c, 0, 48, 54
1, 58980, Note_off_c, 0, 46, 64
1, 59068, Control_c, 0, 64, 0
1, 59080, Note_on_c, 0, 49, 65
1, 59092, Note_on_c, 0, 63, 52
1, 59100, Note_on_c, 0, 68, 37
1, 59100, Note_on_c, 0, 65, 52
1, 59108, Note_off_c, 0, 48, 64
1, 59148, Note_off_c, 0, 65, 64
1, 59156, Note_off_c, 0, 63, 64
1, 59160, Note_off_c, 0, 68, 64
1, 59172, Control_c, 0, 64, 127
1, 59208, Note_on_c, 0, 51, 63
1, 59244, Note_off_c, 0, 49, 64
1, 59328, Control_c, 0, 64, 0
1, 59340, Note_on_c, 0, 53, 37
1, 59352, Note_on_c, 0, 61, 45
1, 59356, Note_on_c, 0, 68, 41
1, 59356, Note_on_c, 0, 65, 50
1, 59376, Note_off_c, 0, 51, 64
1, 59416, Control_c, 0, 64, 127
1, 59424, Note_off_c, 0, 65, 64
1, 59436, Note_off_c, 0, 61, 64
1, 59436, Note_off_c, 0, 68, 64
1, 59580, Note_on_c, 0, 54, 70
1, 59592, Control_c, 0, 64, 0
1, 59608, Note_off_c, 0, 53, 64
1, 59620, Note_on_c, 0, 61, 41
1, 59632, Note_on_c, 0, 68, 32
1, 59652, Control_c, 0, 64, 127
1, 59692, Note_off_c, 0, 68, 64
1, 59708, Note_off_c, 0, 61, 64
1, 59708, Note_on_c, 0, 53, 63
1, 59736, Note_off_c, 0, 54, 64
1, 59796, Note_off_c, 0, 53, 64
1, 59820, Note_on_c, 0, 53, 72
1, 59852, Control_c, 0, 64, 0
1, 59864, Note_on_c, 0, 66, 41
1, 59864, Note_on_c, 0, 68, 52
1, 59868, Note_on_c, 0, 61, 55
1, 59876, Note_on_c, 0, 51, 58
1, 59908, Note_off_c, 0, 53, 64
1, 59928, Note_off_c, 0, 61, 64
1, 59940, Note_off_c, 0, 68, 64
1, 59944, Note_off_c, 0, 66, 64
1, 59968, Control_c, 0, 64, 127
1, 60080, Note_on_c, 0, 50, 55
1, 60108, Note_off_c, 0, 51, 64
1, 60108, Control_c, 0, 64, 0
1, 60148, Note_on_c, 0, 60, 44
1, 60152, Note_on_c, 0, 68, 28
1, 60152, Note_on_c, 0, 66, 26
1, 60164, Note_on_c, 0, 51, 74
1, 60180, Note_off_c, 0, 50, 64
1, 60200, Note_off_c, 0, 66, 64
1, 60208, Note_off_c, 0, 68, 64
1, 60212, Control_c, 0, 64, 127
1, 60224, Note_off_c, 0, 60, 64
1, 60416, Control_c, 0, 64, 0
1, 60428, Note_on_c, 0, 44, 54
1, 60440, Note_on_c, 0, 66, 48
1, 60440, Note_on_c, 0, 60, 42
1, 60444, Note_on_c, 0, 68, 48
1, 60464, Note_off_c, 0, 51, 64
1, 60500, Note_off_c, 0, 66, 64
1, 60504, Control_c, 0, 64, 127
1, 60520, Note_off_c, 0, 60, 64
1, 60528, Note_off_c, 0, 68, 64
1, 60668, Control_c, 0, 64, 0
1, 60700, Note_on_c, 0, 61, 26
1, 60708, Note_on_c, 0, 53, 58
1, 60716, Note_on_c, 0, 68, 28
1, 60720, Note_on_c, 0, 65, 26
1, 60732, Note_off_c, 0, 44, 64
1, 60784, Note_off_c, 0, 65, 64
1, 60788, Note_off_c, 0, 61, 64
1, 60792, Control_c, 0, 64, 127
1, 60796, Note_off_c, 0, 68, 64
1, 60820, Note_on_c, 0, 51, 59
1, 60848, Note_off_c, 0, 53, 64
1, 60940, Control_c, 0, 64, 0
1, 60964, Note_on_c, 0, 61, 42
1, 60972, Note_on_c, 0, 49, 58
1, 60972, Note_on_c, 0, 68, 36
1, 60992, Note_on_c, 0, 65, 35
1, 61000, Note_off_c, 0, 51, 64
1, 61044, Control_c, 0, 64, 127
1, 61052, Note_off_c, 0, 61, 64
1, 61056, Note_off_c, 0, 65, 64
1, 61068, Note_off_c, 0, 68, 64
1, 61148, Control_c, 0, 64, 0
1, 61216, Control_c, 0, 64, 127
1, 61228, Note_on_c, 0, 61, 49
1, 61236, Note_on_c, 0, 68, 41
1, 61236, Note_on_c, 0, 65, 26
1, 61300, Note_off_c, 0, 61, 64
1, 61300, Note_off_c, 0, 68, 64
1, 61328, Note_off_c, 0, 65, 64
1, 61380, Control_c, 0, 64, 0
1, 61496, Note_off_c, 0, 49, 64
1, 61496, Note_on_c, 0, 61, 28
1, 61496, Control_c, 0, 64, 0
1, 61508, Note_on_c, 0, 41, 52
1, 61516, Note_on_c, 0, 68, 26
1, 61516, Note_on_c, 0, 65, 26
1, 61556, Control_c, 0, 64, 127
1, 61580, Note_off_c, 0, 65, 64
1, 61592, Note_off_c, 0, 61, 64
1, 61592, Note_off_c, 0, 68, 64
1, 61604, Note_on_c, 0, 39, 55
1, 61644, Note_off_c, 0, 41, 64
1, 61748, Note_on_c, 0, 37, 61
1, 61756, Note_on_c, 0, 68, 40
1, 61760, Note_on_c, 0, 61, 40
1, 61768, Note_on_c, 0, 65, 39
1, 61772, Control_c, 0, 64, 0
1, 61788, Note_off_c, 0, 39, 64
1, 61824, Note_off_c, 0, 65, 64
1, 61832, Note_off_c, 0, 61, 64
1, 61844, Note_off_c, 0, 68, 64
1, 61852, Control_c, 0, 64, 127
1, 62048, Note_on_c, 0, 65, 36
1, 62048, Note_on_c, 0, 61, 28
1, 62052, Note_on_c, 0, 68, 26
1, 62132, Note_off_c, 0, 65, 64
1, 62136, Note_off_c, 0, 61, 64
1, 62140, Note_off_c, 0, 68, 64
1, 62304, Note_on_c, 0, 56, 57
1, 62320, Control_c, 0, 64, 0
1, 62324, Note_on_c, 0, 64, 49
1, 62332, Note_on_c, 0, 68, 53
1, 62380, Control_c, 0, 64, 127
1, 62420, Note_off_c, 0, 56, 64
1, 62420, Note_off_c, 0, 68, 64
1, 62436, Note_off_c, 0, 64, 64
1, 62588, Note_on_c, 0, 56, 26
1, 62596, Note_on_c, 0, 64, 35
1, 62604, Note_on_c, 0, 68, 20
1, 62660, Note_off_c, 0, 64, 64
1, 62668, Note_off_c, 0, 56, 64
1, 62676, Note_off_c, 0, 68, 64
1, 62848, Note_on_c, 0, 56, 39
1, 62856, Note_on_c, 0, 64, 36
1, 62868, Note_on_c, 0, 68, 20
1, 62948, Note_off_c, 0, 56, 64
1, 62968, Note_off_c, 0, 68, 64
1, 62972, Note_off_c, 0, 64, 64
1, 63144, Note_on_c, 0, 56, 49
1, 63148, Note_on_c, 0, 36, 66
1, 63148, Note_on_c, 0, 68, 48
1, 63152, Note_on_c, 0, 64, 62
1, 63224, Note_off_c, 0, 37, 64
1, 63232, Note_off_c, 0, 64, 64
1, 63256, Note_off_c, 0, 56, 64
1, 63272, Note_off_c, 0, 68, 64
1, 63384, Control_c, 0, 64, 0
1, 63412, Note_on_c, 0, 56, 45
1, 63420, Note_on_c, 0, 68, 36
1, 63424, Note_on_c, 0, 64, 36
1, 63492, Control_c, 0, 64, 127
1, 63508, Note_off_c, 0, 56, 64
1, 63540, Note_off_c, 0, 64, 64
1, 63580, Note_off_c, 0, 68, 64
1, 63692, Note_on_c, 0, 56, 32
1, 63692, Note_on_c, 0, 64, 36
1, 63692, Note_on_c, 0, 68, 26
1, 63776, Note_off_c, 0, 68, 64
1, 63788, Note_off_c, 0, 56, 64
1, 63812, Note_off_c, 0, 64, 64
1, 63956, Note_on_c, 0, 48, 66
1, 63964, Note_on_c, 0, 55, 31
1, 63968, Note_on_c, 0, 67, 29
1, 63976, Note_on_c, 0, 64, 20
1, 64076, Note_off_c, 0, 55, 64
1, 64080, Note_off_c, 0, 64, 64
1, 64092, Note_off_c, 0, 67, 64
1, 64256, Note_on_c, 0, 64, 36
1, 64264, Note_on_c, 0, 55, 31
1, 64264, Note_on_c, 0, 67, 29
1, 64372, Note_off_c, 0, 64, 64
1, 64376, Note_off_c, 0, 55, 64
1, 64388, Note_off_c, 0, 67, 64
1, 64564, Note_on_c, 0, 67, 29
1, 64572, Note_on_c, 0, 64, 36
1, 64576, Note_on_c, 0, 55, 35
1, 64684, Note_off_c, 0, 36, 64
1, 64684, Note_off_c, 0, 67, 64
1, 64684, Note_off_c, 0, 64, 64
1, 64700, Note_off_c, 0, 55, 64
1, 64720, Note_off_c, 0, 48, 64
1, 64892, Note_on_c, 0, 41, 67
1, 64908, Note_on_c, 0, 55, 40
1, 64908, Note_on_c, 0, 60, 46
1, 64928, Note_on_c, 0, 48, 20
1, 65024, Control_c, 0, 64, 0
1, 65040, Note_on_c, 0, 40, 53
1, 65052, Control_c, 0, 64, 127
1, 65060, Note_off_c, 0, 41, 64
1, 65184, Control_c, 0, 64, 0
1, 65220, Note_on_c, 0, 36, 46
1, 65248, Note_off_c, 0, 40, 64
1, 65452, Control_c, 0, 64, 127
1, 65572, Note_off_c, 0, 55, 64
1, 65572, Note_off_c, 0, 60, 64
1, 65640, Note_off_c, 0, 48, 64
1, 65932, Note_on_c, 0, 65, 52
1, 65940, Note_on_c, 0, 41, 57
1, 65940, Note_on_c, 0, 56, 57
1, 65960, Note_off_c, 0, 36, 64
1, 66020, Control_c, 0, 64, 0
1, 66068, Control_c, 0, 64, 127
1, 66264, Note_on_c, 0, 49, 53
1, 66276, Control_c, 0, 64, 0
1, 66300, Control_c, 0, 64, 127
1, 66312, Note_off_c, 0, 56, 64
1, 66524, Note_off_c, 0, 65, 64
1, 66536, Note_off_c, 0, 49, 64
1, 66564, Note_on_c, 0, 47, 54
1, 66612, Note_off_c, 0, 41, 64
1, 66860, Note_on_c, 0, 55, 41
1, 66868, Note_on_c, 0, 60, 37
1, 66876, Note_on_c, 0, 48, 37
1, 66884, Note_off_c, 0, 47, 64
1, 67024, Note_on_c, 0, 40, 52
1, 67124, Control_c, 0, 64, 0
1, 67168, Note_on_c, 0, 36, 52
1, 67192, Note_off_c, 0, 40, 64
1, 67376, Control_c, 0, 64, 127
1, 67496, Note_off_c, 0, 55, 64
1, 67528, Note_off_c, 0, 60, 64
1, 67572, Note_off_c, 0, 48, 64
1, 67772, Note_off_c, 0, 36, 64
1, 67808, Note_on_c, 0, 56, 46
1, 67812, Note_on_c, 0, 41, 65
1, 67816, Note_on_c, 0, 65, 24
1, 67876, Control_c, 0, 64, 0
1, 68096, Note_on_c, 0, 49, 54
1, 68132, Control_c, 0, 64, 127
1, 68336, Note_off_c, 0, 56, 64
1, 68344, Note_off_c, 0, 65, 64
1, 68352, Note_off_c, 0, 49, 64
1, 68416, Note_on_c, 0, 47, 36
1, 68656, Note_off_c, 0, 47, 64
1, 68704, Note_on_c, 0, 55, 29
1, 68712, Note_on_c, 0, 60, 29
1, 68720, Note_on_c, 0, 48, 20
1, 68840, Note_off_c, 0, 41, 64
1, 68852, Note_on_c, 0, 40, 52
1, 68992, Note_on_c, 0, 36, 53
1, 69008, Control_c, 0, 64, 0
1, 69020, Note_off_c, 0, 40, 64
1, 69492, Control_c, 0, 64, 127
1, 69592, Note_on_c, 0, 41, 63
1, 69628, Note_off_c, 0, 36, 64
1, 69692, Note_off_c, 0, 41, 64
1, 69876, Note_on_c, 0, 41, 36
1, 69900, Control_c, 0, 64, 0
1, 70012, Note_on_c, 0, 40, 53
1, 70036, Note_off_c, 0, 41, 64
1, 70172, Note_on_c, 0, 36, 37
1, 70184, Control_c, 0, 64, 127
1, 70228, Note_off_c, 0, 40, 64
1, 70348, Note_off_c, 0, 36, 64
1, 70452, Note_off_c, 0, 48, 64
1, 70452, Note_off_c, 0, 55, 64
1, 70480, Note_off_c, 0, 60, 64
1, 70496, Note_on_c, 0, 41, 61
1, 70504, Note_on_c, 0, 48, 26
1, 70504, Note_on_c, 0, 60, 26
1, 70520, Control_c, 0, 64, 0
1, 70524, Note_on_c, 0, 55, 27
1, 70580, Control_c, 0, 64, 127
1, 70664, Note_on_c, 0, 40, 37
1, 70688, Note_off_c, 0, 41, 64
1, 70796, Note_on_c, 0, 36, 37
1, 70820, Control_c, 0, 64, 0
1, 70860, Note_off_c, 0, 40, 64
1, 70872, Control_c, 0, 64, 127
1, 70920, Note_off_c, 0, 36, 64
1, 70964, Control_c, 0, 64, 0
1, 71124, Note_on_c, 0, 36, 40
1, 71452, Note_off_c, 0, 36, 64
1, 71460, Note_on_c, 0, 41, 50
1, 71480, Control_c, 0, 64, 0
1, 71500, Control_c, 0, 64, 127
1, 71508, Note_off_c, 0, 55, 64
1, 71524, Note_off_c, 0, 60, 64
1, 71528, Note_off_c, 0, 41, 64
1, 71636, Note_on_c, 0, 40, 31
1, 71700, Note_off_c, 0, 40, 64
1, 71768, Control_c, 0, 64, 0
1, 71804, Note_on_c, 0, 41, 40
1, 71812, Control_c, 0, 64, 127
1, 71868, Note_off_c, 0, 41, 64
1, 71992, Note_on_c, 0, 40, 31
1, 72060, Note_off_c, 0, 40, 64
1, 72124, Note_on_c, 0, 36, 29
1, 72168, Note_off_c, 0, 48, 64
1, 72192, Note_off_c, 0, 36, 64
1, 72328, Note_on_c, 0, 36, 40
1, 72396, Note_off_c, 0, 36, 64
1, 72640, Note_on_c, 0, 41, 39
1, 72660, Note_on_c, 0, 65, 42
1, 72688, Control_c, 0, 64, 0
1, 72728, Note_off_c, 0, 41, 64
1, 72764, Control_c, 0, 64, 127
1, 72904, Note_on_c, 0, 67, 49
1, 72956, Note_on_c, 0, 41, 37
1, 72964, Note_off_c, 0, 65, 64
1, 73004, Note_on_c, 0, 68, 48
1, 73004, Note_on_c, 0, 56, 52
1, 73004, Note_on_c, 0, 48, 29
1, 73028, Control_c, 0, 64, 0
1, 73056, Note_off_c, 0, 67, 64
1, 73064, Control_c, 0, 64, 127
1, 73084, Note_off_c, 0, 56, 64
1, 73088, Note_off_c, 0, 41, 64
1, 73100, Note_off_c, 0, 48, 64
1, 73120, Note_on_c, 0, 70, 39
1, 73172, Note_off_c, 0, 68, 64
1, 73212, Note_on_c, 0, 72, 53
1, 73244, Note_off_c, 0, 70, 64
1, 73244, Note_on_c, 0, 41, 45
1, 73244, Note_on_c, 0, 56, 53
1, 73260, Note_on_c, 0, 48, 39
1, 73264, Control_c, 0, 64, 0
1, 73300, Control_c, 0, 64, 127
1, 73324, Note_on_c, 0, 68, 62
1, 73368, Note_off_c, 0, 72, 64
1, 73372, Note_off_c, 0, 48, 64
1, 73408, Note_off_c, 0, 56, 64
1, 73416, Note_off_c, 0, 41, 64
1, 73464, Note_on_c, 0, 67, 63
1, 73480, Note_off_c, 0, 68, 64
1, 73516, Note_on_c, 0, 68, 59
1, 73544, Note_off_c, 0, 67, 64
1, 73580, Note_on_c, 0, 67, 58
1, 73604, Note_off_c, 0, 68, 64
1, 73652, Note_on_c, 0, 41, 42
1, 73684, Note_on_c, 0, 48, 48
1, 73712, Note_on_c, 0, 65, 58
1, 73712, Note_on_c, 0, 56, 65
1, 73720, Control_c, 0, 64, 0
1, 73740, Note_off_c, 0, 67, 64
1, 73764, Note_off_c, 0, 41, 64
1, 73764, Control_c, 0, 64, 127
1, 73776, Note_off_c, 0, 48, 64
1, 73804, Note_off_c, 0, 56, 64
1, 73916, Note_on_c, 0, 41, 50
1, 73952, Note_on_c, 0, 48, 41
1, 73968, Note_on_c, 0, 77, 61
1, 73968, Note_on_c, 0, 56, 66
1, 73980, Control_c, 0, 64, 0
1, 74016, Note_off_c, 0, 41, 64
1, 74020, Note_off_c, 0, 48, 64
1, 74028, Control_c, 0, 64, 127
1, 74052, Note_off_c, 0, 56, 64
1, 74060, Note_off_c, 0, 65, 64
1, 74216, Note_on_c, 0, 70, 58
1, 74240, Note_off_c, 0, 77, 64
1, 74240, Control_c, 0, 64, 0
1, 74276, Control_c, 0, 64, 127
1, 74400, Note_on_c, 0, 72, 58
1, 74408, Note_on_c, 0, 46, 54
1, 74428, Note_off_c, 0, 70, 64
1, 74452, Note_on_c, 0, 53, 42
1, 74460, Note_on_c, 0, 61, 65
1, 74468, Note_on_c, 0, 73, 70
1, 74476, Control_c, 0, 64, 0
1, 74516, Note_off_c, 0, 46, 64
1, 74520, Note_off_c, 0, 72, 64
1, 74524, Note_off_c, 0, 53, 64
1, 74540, Note_off_c, 0, 61, 64
1, 74540, Control_c, 0, 64, 127
1, 74612, Note_on_c, 0, 75, 55
1, 74644, Note_off_c, 0, 73, 64
1, 74720, Note_on_c, 0, 77, 63
1, 74724, Note_on_c, 0, 46, 57
1, 74728, Note_on_c, 0, 61, 57
1, 74732, Note_on_c, 0, 53, 54
1, 74736, Note_off_c, 0, 75, 64
1, 74736, Control_c, 0, 64, 0
1, 74764, Control_c, 0, 64, 127
1, 74788, Note_off_c, 0, 53, 64
1, 74792, Note_off_c, 0, 61, 64
1, 74840, Note_on_c, 0, 73, 74
1, 74848, Note_off_c, 0, 46, 64
1, 74860, Note_off_c, 0, 77, 64
1, 74900, Note_off_c, 0, 73, 64
1, 74964, Note_on_c, 0, 73, 78
1, 74980, Control_c, 0, 64, 0
1, 75004, Control_c, 0, 64, 127
1, 75020, Note_on_c, 0, 75, 74
1, 75032, Note_off_c, 0, 73, 64
1, 75072, Note_on_c, 0, 73, 62
1, 75104, Note_off_c, 0, 75, 64
1, 75176, Note_on_c, 0, 41, 48
1, 75204, Note_on_c, 0, 48, 53
1, 75204, Note_on_c, 0, 72, 61
1, 75204, Control_c, 0, 64, 0
1, 75216, Note_on_c, 0, 56, 66
1, 75228, Tempo, 500000
1, 75228, Note_off_c, 0, 73, 64
1, 75252, Note_off_c, 0, 41, 64
1, 75252, Note_off_c, 0, 48, 64
1, 75252, Control_c, 0, 64, 127
1, 75272, Note_off_c, 0, 56, 64
1, 75456, Note_on_c, 0, 41, 63
1, 75460, Note_on_c, 0, 68, 62
1, 75468, Note_on_c, 0, 48, 59
1, 75480, Note_on_c, 0, 56, 71
1, 75484, Control_c, 0, 64, 0
1, 75492, Note_off_c, 0, 72, 64
1, 75516, Control_c, 0, 64, 127
1, 75564, Note_off_c, 0, 48, 64
1, 75580, Note_off_c, 0, 41, 64
1, 75688, Note_off_c, 0, 56, 64
1, 75700, Note_off_c, 0, 68, 64
1, 75708, Note_on_c, 0, 65, 67
1, 75720, Control_c, 0, 64, 0
1, 75772, Control_c, 0, 64, 127
1, 75892, Note_on_c, 0, 67, 61
1, 75920, Note_off_c, 0, 65, 64
1, 75936, Note_on_c, 0, 41, 45
1, 75944, Note_on_c, 0, 68, 67
1, 75956, Note_on_c, 0, 48, 61
1, 75956, Control_c, 0, 64, 0
1, 75964, Note_on_c, 0, 56, 70
1, 75996, Control_c, 0, 64, 127
1, 76012, Note_off_c, 0, 41, 64
1, 76016, Note_off_c, 0, 67, 64
1, 76016, Note_off_c, 0, 48, 64
1, 76024, Note_off_c, 0, 56, 64
1, 76072, Note_on_c, 0, 70, 66
1, 76112, Note_off_c, 0, 68, 64
1, 76196, Note_on_c, 0, 48, 62
1, 76196, Control_c, 0, 64, 0
1, 76208, Note_on_c, 0, 56, 74
1, 76208, Note_on_c, 0, 72, 68
1, 76208, Note_on_c, 0, 41, 67
1, 76244, Note_off_c, 0, 70, 64
1, 76244, Control_c, 0, 64, 127
1, 76276, Note_off_c, 0, 48, 64
1, 76304, Note_on_c, 0, 68, 75
1, 76328, Note_off_c, 0, 72, 64
1, 76416, Note_on_c, 0, 67, 74
1, 76428, Note_off_c, 0, 41, 64
1, 76436, Note_off_c, 0, 56, 64
1, 76448, Note_off_c, 0, 68, 64
1, 76448, Control_c, 0, 64, 0
1, 76472, Note_on_c, 0, 68, 71
1, 76484, Control_c, 0, 64, 127
1, 76496, Note_off_c, 0, 67, 64
1, 76532, Note_on_c, 0, 67, 63
1, 76556, Note_off_c, 0, 68, 64
1, 76656, Control_c, 0, 64, 0
1, 76676, Note_on_c, 0, 65, 57
1, 76684, Note_on_c, 0, 56, 71
1, 76692, Note_on_c, 0, 48, 63
1, 76692, Note_on_c, 0, 41, 49
1, 76708, Note_off_c, 0, 67, 64
1, 76728, Control_c, 0, 64, 127
1, 76756, Note_off_c, 0, 48, 64
1, 76756, Note_off_c, 0, 41, 64
1, 76768, Note_off_c, 0, 56, 64
1, 76924, Note_on_c, 0, 56, 66
1, 76924, Note_on_c, 0, 72, 74
1, 76932, Note_on_c, 0, 41, 66
1, 76940, Note_on_c, 0, 48, 54
1, 76952, Note_off_c, 0, 65, 64
1, 76992, Note_off_c, 0, 48, 64
1, 76996, Note_off_c, 0, 72, 64
1, 77004, Note_off_c, 0, 56, 64
1, 77004, Note_off_c, 0, 41, 64
1, 77116, Note_on_c, 0, 72, 68
1, 77176, Control_c, 0, 64, 0
1, 77188, Note_on_c, 0, 60, 78
1, 77196, Note_off_c, 0, 72, 64
1, 77252, Control_c, 0, 64, 127
1, 77348, Note_on_c, 0, 62, 62
1, 77388, Note_off_c, 0, 60, 64
1, 77412, Control_c, 0, 64, 0
1, 77416, Note_on_c, 0, 51, 52
1, 77432, Note_on_c, 0, 55, 59
1, 77432, Note_on_c, 0, 43, 58
1, 77448, Note_on_c, 0, 63, 65
1, 77492, Control_c, 0, 64, 127
1, 77508, Note_off_c, 0, 51, 64
1, 77512, Note_off_c, 0, 62, 64
1, 77512, Note_off_c, 0, 55, 64
1, 77512, Note_off_c, 0, 43, 64
1, 77572, Note_on_c, 0, 65, 66
1, 77588, Note_off_c, 0, 63, 64
1, 77692, Control_c, 0, 64, 0
1, 77704, Note_on_c, 0, 50, 63
1, 77704, Note_on_c, 0, 43, 59
1, 77708, Note_on_c, 0, 67, 74
1, 77716, Note_on_c, 0, 55, 53
1, 77752, Note_off_c, 0, 65, 64
1, 77764, Control_c, 0, 64, 127
1, 77780, Note_off_c, 0, 50, 64
1, 77780, Note_off_c, 0, 43, 64
1, 77816, Note_on_c, 0, 59, 68
1, 77836, Note_off_c, 0, 55, 64
1, 77856, Note_off_c, 0, 67, 64
1, 77972, Note_on_c, 0, 60, 74
1, 78004, Note_off_c, 0, 59, 64
1, 78164, Note_on_c, 0, 48, 57
1, 78208, Note_on_c, 0, 55, 66
1, 78224, Control_c, 0, 64, 0
1, 78228, Note_on_c, 0, 64, 52
1, 78324, Note_off_c, 0, 60, 64
1, 78332, Note_off_c, 0, 48, 64
1, 78332, Control_c, 0, 64, 127
1, 78352, Note_off_c, 0, 55, 64
1, 78360, Note_off_c, 0, 64, 64
1, 78412, Note_on_c, 0, 60, 62
1, 78504, Note_off_c, 0, 60, 64
1, 78524, Note_on_c, 0, 61, 68
1, 78540, Note_on_c, 0, 48, 37
1, 78540, Note_on_c, 0, 58, 58
1, 78552, Note_on_c, 0, 64, 54
1, 78568, Note_on_c, 0, 63, 76
1, 78576, Control_c, 0, 64, 0
1, 78584, Note_off_c, 0, 61, 64
1, 78628, Note_on_c, 0, 61, 70
1, 78648, Note_off_c, 0, 64, 64
1, 78648, Note_off_c, 0, 63, 64
1, 78652, Control_c, 0, 64, 127
1, 78704, Note_off_c, 0, 58, 64
1, 78748, Note_off_c, 0, 48, 64
1, 78780, Note_off_c, 0, 61, 64
1, 78800, Note_on_c, 0, 60, 65
1, 78928, Note_off_c, 0, 60, 64
1, 78940, Note_on_c, 0, 65, 41
1, 79144, Note_on_c, 0, 67, 46
1, 79164, Note_off_c, 0, 65, 64
1, 79168, Note_on_c, 0, 41, 41
1, 79196, Note_on_c, 0, 48, 40
1, 79204, Note_on_c, 0, 68, 49
1, 79204, Note_on_c, 0, 56, 45
1, 79208, Control_c, 0, 64, 0
1, 79252, Note_off_c, 0, 67, 64
1, 79268, Note_off_c, 0, 41, 64
1, 79276, Note_off_c, 0, 56, 64
1, 79280, Control_c, 0, 64, 127
1, 79296, Note_off_c, 0, 48, 64
1, 79332, Note_on_c, 0, 70, 45
1, 79388, Note_off_c, 0, 68, 64
1, 79448, Note_on_c, 0, 41, 39
1, 79448, Control_c, 0, 64, 0
1, 79468, Note_on_c, 0, 72, 48
1, 79476, Note_on_c, 0, 56, 45
1, 79476, Note_on_c, 0, 48, 39
1, 79508, Note_off_c, 0, 70, 64
1, 79516, Control_c, 0, 64, 127
1, 79576, Note_off_c, 0, 48, 64
1, 79584, Note_on_c, 0, 68, 55
1, 79604, Note_off_c, 0, 72, 64
1, 79644, Note_off_c, 0, 56, 64
1, 79652, Note_off_c, 0, 41, 64
1, 79696, Control_c, 0, 64, 0
1, 79704, Note_on_c, 0, 67, 46
1, 79712, Note_off_c, 0, 68, 64
1, 79740, Note_on_c, 0, 68, 52
1, 79756, Control_c, 0, 64, 127
1, 79780, Note_off_c, 0, 67, 64
1, 79800, Note_on_c, 0, 67, 41
1, 79828, Note_off_c, 0, 68, 64
1, 79932, Note_on_c, 0, 65, 35
1, 79948, Note_on_c, 0, 56, 45
1, 79952, Note_off_c, 0, 67, 64
1, 79952, Note_on_c, 0, 41, 39
1, 79960, Note_on_c, 0, 48, 41
1, 79976, Control_c, 0, 64, 0
1, 80012, Control_c, 0, 64, 127
1, 80020, Note_off_c, 0, 41, 64
1, 80020, Note_off_c, 0, 48, 64
1, 80032, Note_off_c, 0, 56, 64
1, 80188, Note_on_c, 0, 41, 40
1, 80200, Note_on_c, 0, 77, 49
1, 80200, Note_on_c, 0, 56, 41
1, 80208, Note_on_c, 0, 48, 41
1, 80232, Control_c, 0, 64, 0
1, 80260, Note_off_c, 0, 65, 64
1, 80268, Note_off_c, 0, 77, 64
1, 80272, Note_off_c, 0, 48, 64
1, 80272, Control_c, 0, 64, 127
1, 80288, Note_off_c, 0, 41, 64
1, 80352, Note_off_c, 0, 56, 64
1, 80392, Note_on_c, 0, 77, 45
1, 80436, Note_on_c, 0, 70, 48
1, 80452, Control_c, 0, 64, 0
1, 80488, Note_off_c, 0, 77, 64
1, 80512, Control_c, 0, 64, 127
1, 80616, Note_on_c, 0, 72, 45
1, 80656, Note_off_c, 0, 70, 64
1, 80668, Note_on_c, 0, 46, 28
1, 80684, Control_c, 0, 64, 0
1, 80696, Note_on_c, 0, 73, 42
1, 80696, Note_on_c, 0, 61, 41
1, 80696, Note_on_c, 0, 53, 36
1, 80736, Note_off_c, 0, 72, 64
1, 80756, Control_c, 0, 64, 127
1, 80760, Note_off_c, 0, 46, 64
1, 80772, Note_off_c, 0, 61, 64
1, 80772, Note_off_c, 0, 53, 64
1, 80824, Note_on_c, 0, 75, 44
1, 80868, Note_off_c, 0, 73, 64
1, 80928, Note_on_c, 0, 77, 46
1, 80928, Control_c, 0, 64, 0
1, 80952, Note_on_c, 0, 61, 41
1, 80956, Note_on_c, 0, 46, 41
1, 80960, Note_off_c, 0, 75, 64
1, 80972, Note_on_c, 0, 53, 32
1, 80988, Control_c, 0, 64, 127
1, 81020, Note_off_c, 0, 61, 64
1, 81024, Note_off_c, 0, 53, 64
1, 81068, Note_on_c, 0, 73, 55
1, 81076, Note_off_c, 0, 46, 64
1, 81088, Note_off_c, 0, 77, 64
1, 81116, Note_off_c, 0, 73, 64
1, 81172, Control_c, 0, 64, 0
1, 81180, Note_on_c, 0, 73, 57
1, 81228, Note_on_c, 0, 75, 53
1, 81248, Note_off_c, 0, 73, 64
1, 81252, Control_c, 0, 64, 127
1, 81288, Note_on_c, 0, 73, 48
1, 81312, Note_off_c, 0, 75, 64
1, 81420, Note_on_c, 0, 72, 45
1, 81428, Note_on_c, 0, 41, 41
1, 81432, Note_on_c, 0, 56, 41
1, 81436, Note_off_c, 0, 73, 64
1, 81436, Control_c, 0, 64, 0
1, 81444, Note_on_c, 0, 48, 41
1, 81492, Note_off_c, 0, 41, 64
1, 81492, Note_off_c, 0, 56, 64
1, 81492, Control_c, 0, 64, 127
1, 81508, Note_off_c, 0, 48, 64
1, 81676, Note_off_c, 0, 72, 64
1, 81696, Control_c, 0, 64, 0
1, 81704, Note_on_c, 0, 68, 62
1, 81716, Note_on_c, 0, 41, 36
1, 81724, Note_on_c, 0, 56, 50
1, 81736, Note_on_c, 0, 48, 32
1, 81796, Control_c, 0, 64, 127
1, 81956, Note_off_c, 0, 48, 64
1, 81964, Note_on_c, 0, 65, 48
1, 81968, Control_c, 0, 64, 0
1, 81992, Note_off_c, 0, 41, 64
1, 82000, Note_off_c, 0, 56, 64
1, 82004, Note_off_c, 0, 68, 64
1, 82008, Control_c, 0, 64, 127
1, 82148, Note_on_c, 0, 67, 42
1, 82172, Note_off_c, 0, 65, 64
1, 82184, Note_on_c, 0, 41, 41
1, 82212, Note_on_c, 0, 68, 49
1, 82220, Note_on_c, 0, 48, 28
1, 82228, Note_on_c, 0, 56, 50
1, 82228, Control_c, 0, 64, 0
1, 82268, Control_c, 0, 64, 127
1, 82284, Note_off_c, 0, 67, 64
1, 82288, Note_off_c, 0, 56, 64
1, 82292, Note_off_c, 0, 41, 64
1, 82296, Note_off_c, 0, 48, 64
1, 82348, Note_on_c, 0, 70, 41
1, 82416, Note_off_c, 0, 68, 64
1, 82448, Control_c, 0, 64, 0
1, 82468, Note_on_c, 0, 41, 41
1, 82484, Note_on_c, 0, 72, 48
1, 82484, Note_on_c, 0, 56, 49
1, 82484, Note_on_c, 0, 48, 41
1, 82500, Note_on_c, 0, 65, 20
1, 82524, Control_c, 0, 64, 127
1, 82532, Note_off_c, 0, 70, 64
1, 82612, Note_on_c, 0, 68, 54
1, 82616, Note_off_c, 0, 72, 64
1, 82652, Note_off_c, 0, 65, 64
1, 82668, Note_off_c, 0, 48, 64
1, 82688, Note_off_c, 0, 56, 64
1, 82692, Note_off_c, 0, 41, 64
1, 82692, Note_off_c, 0, 68, 64
1, 82716, Note_on_c, 0, 67, 49
1, 82724, Control_c, 0, 64, 0
1, 82748, Note_on_c, 0, 68, 49
1, 82768, Control_c, 0, 64, 127
1, 82780, Note_off_c, 0, 67, 64
1, 82812, Note_on_c, 0, 67, 48
1, 82836, Note_off_c, 0, 68, 64
1, 82972, Note_on_c, 0, 65, 42
1, 82980, Note_on_c, 0, 41, 37
1, 82984, Note_on_c, 0, 56, 40
1, 82984, Control_c, 0, 64, 0
1, 82996, Note_on_c, 0, 48, 39
1, 83004, Note_off_c, 0, 67, 64
1, 83016, Control_c, 0, 64, 127
1, 83040, Note_off_c, 0, 41, 64
1, 83044, Note_off_c, 0, 56, 64
1, 83044, Note_off_c, 0, 48, 64
1, 83220, Control_c, 0, 64, 0
1, 83224, Note_on_c, 0, 72, 49
1, 83236, Note_on_c, 0, 56, 52
1, 83240, Note_on_c, 0, 41, 45
1, 83248, Note_on_c, 0, 48, 44
1, 83256, Note_off_c, 0, 65, 64
1, 83288, Control_c, 0, 64, 127
1, 83336, Note_off_c, 0, 72, 64
1, 83416, Note_off_c, 0, 48, 64
1, 83452, Note_off_c, 0, 41, 64
1, 83476, Control_c, 0, 64, 0
1, 83484, Note_on_c, 0, 60, 41
1, 83516, Note_off_c, 0, 56, 64
1, 83536, Control_c, 0, 64, 127
1, 83664, Note_on_c, 0, 64, 42
1, 83696, Note_off_c, 0, 60, 64
1, 83720, Note_on_c, 0, 41, 36
1, 83724, Note_on_c, 0, 67, 37
1, 83724, Control_c, 0, 64, 0
1, 83736, Note_on_c, 0, 55, 27
1, 83736, Note_on_c, 0, 48, 36
1, 83768, Control_c, 0, 64, 127
1, 83784, Note_off_c, 0, 64, 64
1, 83792, Note_off_c, 0, 41, 64
1, 83792, Note_off_c, 0, 55, 64
1, 83804, Note_off_c, 0, 48, 64
1, 83884, Note_on_c, 0, 70, 41
1, 83908, Note_off_c, 0, 67, 64
1, 83964, Control_c, 0, 64, 0
1, 83976, Note_on_c, 0, 48, 39
1, 83976, Note_on_c, 0, 55, 48
1, 83984, Note_on_c, 0, 41, 41
1, 83988, Note_on_c, 0, 73, 48
1, 84000, Note_off_c, 0, 70, 64
1, 84012, Control_c, 0, 64, 127
1, 84072, Note_off_c, 0, 41, 64
1, 84108, Note_off_c, 0, 48, 64
1, 84156, Note_off_c, 0, 55, 64
1, 84164, Note_on_c, 0, 72, 44
1, 84180, Note_off_c, 0, 73, 64
1, 84224, Note_on_c, 0, 68, 57
1, 84240, Control_c, 0, 64, 0
1, 84252, Note_off_c, 0, 72, 64
1, 84280, Control_c, 0, 64, 127
1, 84296, Note_on_c, 0, 70, 54
1, 84308, Note_off_c, 0, 68, 64
1, 84348, Note_on_c, 0, 68, 49
1, 84384, Note_off_c, 0, 70, 64
1, 84444, Note_on_c, 0, 65, 49
1, 84456, Note_on_c, 0, 56, 45
1, 84460, Note_on_c, 0, 48, 41
1, 84460, Note_on_c, 0, 41, 36
1, 84476, Control_c, 0, 64, 0
1, 84480, Note_off_c, 0, 68, 64
1, 84516, Control_c, 0, 64, 127
1, 84524, Note_off_c, 0, 48, 64
1, 84524, Note_off_c, 0, 56, 64
1, 84532, Note_off_c, 0, 41, 64
1, 84700, Note_on_c, 0, 77, 55
1, 84716, Note_on_c, 0, 56, 45
1, 84716, Note_on_c, 0, 41, 39
1, 84732, Note_on_c, 0, 48, 41
1, 84748, Note_off_c, 0, 65, 64
1, 84756, Note_off_c, 0, 77, 64
1, 84844, Note_off_c, 0, 48, 64
1, 84868, Note_off_c, 0, 41, 64
1, 84940, Note_off_c, 0, 56, 64
1, 84952, Note_on_c, 0, 60, 48
1, 84964, Control_c, 0, 64, 0
1, 85024, Control_c, 0, 64, 127
1, 85124, Note_on_c, 0, 64, 33
1, 85160, Note_off_c, 0, 60, 64
1, 85180, Note_on_c, 0, 67, 41
1, 85196, Note_on_c, 0, 55, 44
1, 85196, Note_on_c, 0, 41, 41
1, 85200, Note_on_c, 0, 48, 44
1, 85212, Control_c, 0, 64, 0
1, 85232, Control_c, 0, 64, 127
1, 85244, Note_off_c, 0, 64, 64
1, 85256, Note_off_c, 0, 55, 64
1, 85256, Note_off_c, 0, 48, 64
1, 85268, Note_off_c, 0, 41, 64
1, 85364, Note_on_c, 0, 70, 41
1, 85380, Note_off_c, 0, 67, 64
1, 85412, Control_c, 0, 64, 0
1, 85436, Note_on_c, 0, 73, 48
1, 85436, Note_on_c, 0, 55, 49
1, 85448, Note_on_c, 0, 48, 32
1, 85448, Note_on_c, 0, 41, 42
1, 85460, Note_off_c, 0, 70, 64
1, 85464, Control_c, 0, 64, 127
1, 85564, Note_off_c, 0, 41, 64
1, 85580, Note_on_c, 0, 72, 45
1, 85600, Note_off_c, 0, 48, 64
1, 85608, Note_off_c, 0, 73, 64
1, 85664, Control_c, 0, 64, 0
1, 85680, Note_on_c, 0, 68, 48
1, 85692, Note_off_c, 0, 55, 64
1, 85692, Control_c, 0, 64, 127
1, 85696, Note_off_c, 0, 72, 64
1, 85772, Note_on_c, 0, 70, 53
1, 85792, Note_off_c, 0, 68, 64
1, 85828, Note_on_c, 0, 68, 45
1, 85848, Note_off_c, 0, 70, 64
1, 85908, Note_on_c, 0, 65, 36
1, 85920, Note_on_c, 0, 56, 44
1, 85924, Control_c, 0, 64, 0
1, 85936, Note_off_c, 0, 68, 64
1, 85936, Note_on_c, 0, 41, 33
1, 85944, Note_on_c, 0, 48, 39
1, 85956, Control_c, 0, 64, 127
1, 86004, Note_off_c, 0, 41, 64
1, 86004, Note_off_c, 0, 48, 64
1, 86012, Note_off_c, 0, 56, 64
1, 86180, Note_on_c, 0, 80, 59
1, 86188, Note_on_c, 0, 56, 44
1, 86196, Note_on_c, 0, 41, 45
1, 86200, Note_off_c, 0, 65, 64
1, 86204, Note_on_c, 0, 48, 41
1, 86248, Note_off_c, 0, 80, 64
1, 86284, Note_off_c, 0, 56, 64
1, 86372, Note_off_c, 0, 48, 64
1, 86412, Note_off_c, 0, 41, 64
1, 86464, Control_c, 0, 64, 0
1, 86468, Note_on_c, 0, 60, 54
1, 86524, Control_c, 0, 64, 127
1, 86648, Note_on_c, 0, 64, 41
1, 86684, Note_off_c, 0, 60, 64
1, 86712, Note_on_c, 0, 55, 41
1, 86712, Note_on_c, 0, 41, 36
1, 86724, Note_on_c, 0, 48, 37
1, 86732, Note_on_c, 0, 67, 41
1, 86756, Note_off_c, 0, 64, 64
1, 86784, Note_off_c, 0, 55, 64
1, 86792, Note_off_c, 0, 41, 64
1, 86792, Note_off_c, 0, 48, 64
1, 86828, Note_on_c, 0, 70, 20
1, 86856, Note_off_c, 0, 67, 64
1, 86952, Note_on_c, 0, 55, 44
1, 86952, Note_on_c, 0, 41, 41
1, 86964, Note_on_c, 0, 48, 36
1, 86972, Note_on_c, 0, 73, 49
1, 87004, Note_off_c, 0, 70, 64
1, 87076, Note_off_c, 0, 41, 64
1, 87092, Note_off_c, 0, 55, 64
1, 87104, Note_on_c, 0, 72, 41
1, 87116, Note_off_c, 0, 48, 64
1, 87136, Note_off_c, 0, 73, 64
1, 87188, Note_on_c, 0, 68, 57
1, 87196, Control_c, 0, 64, 0
1, 87212, Note_off_c, 0, 72, 64
1, 87236, Control_c, 0, 64, 127
1, 87256, Note_on_c, 0, 70, 52
1, 87284, Note_off_c, 0, 68, 64
1, 87324, Note_on_c, 0, 68, 48
1, 87348, Note_off_c, 0, 70, 64
1, 87432, Control_c, 0, 64, 0
1, 87436, Note_on_c, 0, 48, 50
1, 87448, Note_on_c, 0, 41, 48
1, 87448, Note_on_c, 0, 56, 48
1, 87448, Note_on_c, 0, 65, 67
1, 87468, Note_off_c, 0, 68, 64
1, 87484, Control_c, 0, 64, 127
1, 87736, Note_on_c, 0, 58, 41
1, 87744, Note_on_c, 0, 77, 52
1, 87748, Note_on_c, 0, 49, 57
1, 87756, Note_off_c, 0, 41, 64
1, 87764, Note_off_c, 0, 48, 64
1, 87784, Note_off_c, 0, 65, 64
1, 87816, Note_off_c, 0, 56, 64
1, 88008, Note_off_c, 0, 58, 64
1, 88020, Note_off_c, 0, 49, 64
1, 88080, Note_on_c, 0, 56, 58
1, 88080, Note_on_c, 0, 89, 50
1, 88092, Note_on_c, 0, 41, 1
1, 88092, Note_on_c, 0, 48, 50
1, 88104, Control_c, 0, 64, 0
1, 88128, Note_off_c, 0, 77, 64
1, 88180, Control_c, 0, 64, 127
1, 88596, Note_on_c, 0, 101, 70
1, 88644, Note_off_c, 0, 89, 64
1, 89212, Note_off_c, 0, 101, 64
1, 89412, Note_off_c, 0, 56, 64
1, 89424, Note_off_c, 0, 41, 64
1, 89424, Note_off_c, 0, 48, 64
1, 89668, Control_c, 0, 64, 0
1, 89668, End_track
2, 0, Start_track
2, 1, Copyright_t, "__________________________________________________________\012\012KUNSTDERFUGE.COM GREAT CLASSICAL MIDI COLLECTION\012__________________________________________________________\012\012KUNST-DER-FUGE CONTRIBUTOR's PROPERTY\012Copyright by Contributor & Kunst der Fuge, © 2006\012\012Contributors' list: http://kunstderfuge.com/thanks.htm\012Terms and conditions: http://kunstderfuge.com/notes.htm\012__________________________________________________________\012\012NO WEBSITE MAY PUBLISH THIS FILE WITHOUT PERMISSION\012NO COMMERCIAL USE ALLOWED, NOR BY SALES NOR by eBay!\012PLEASE REPORT ANY ABUSE TO INFO@ONCLASSICAL.COM\012__________________________________________________________\012\012Thousands of free classical MIDI files at kunstderfuge.com"
2, 1, End_track
0, 0, End_of_file
