0, 0, Header, 1, 7, 384
1, 0, Start_track
1, 0, Title_t, "--------"
1, 0, Sequencer_specific, 3, 0, 0, 65
1, 0, Time_signature, 6, 3, 12, 8
1, 0, Key_signature, 0, "major"
1, 0, Tempo, 500000
1, 0, End_track
2, 0, Start_track
2, 0, Title_t, "Bagatelle (No.3 of ""Seven Bagatelles"", Opus 33)"
2, 0, Control_c, 0, 0, 0
2, 0, Control_c, 0, 32, 0
2, 0, Program_c, 0, 0
2, 0, Control_c, 0, 7, 110
2, 0, Control_c, 0, 10, 79
2, 0, Note_on_c, 0, 72, 61
2, 0, Note_on_c, 0, 57, 59
2, 0, Control_c, 0, 64, 127
2, 124, Note_on_c, 0, 72, 0
2, 188, Note_on_c, 0, 57, 0
2, 192, Note_on_c, 0, 60, 54
2, 380, Note_on_c, 0, 60, 0
2, 384, Note_on_c, 0, 72, 58
2, 384, Note_on_c, 0, 65, 52
2, 572, Note_on_c, 0, 65, 0
2, 572, Note_on_c, 0, 72, 0
2, 576, Note_on_c, 0, 77, 85
2, 576, Note_on_c, 0, 57, 61
2, 764, Note_on_c, 0, 57, 0
2, 764, Note_on_c, 0, 77, 0
2, 768, Note_on_c, 0, 60, 41
2, 956, Note_on_c, 0, 60, 0
2, 960, Note_on_c, 0, 65, 56
2, 1148, Note_on_c, 0, 65, 0
2, 1152, Note_on_c, 0, 72, 68
2, 1152, Note_on_c, 0, 57, 55
2, 1276, Note_on_c, 0, 72, 0
2, 1340, Note_on_c, 0, 57, 0
2, 1344, Note_on_c, 0, 60, 43
2, 1532, Note_on_c, 0, 60, 0
2, 1536, Note_on_c, 0, 72, 56
2, 1536, Note_on_c, 0, 65, 54
2, 1724, Note_on_c, 0, 65, 0
2, 1724, Note_on_c, 0, 72, 0
2, 1728, Note_on_c, 0, 69, 65
2, 1728, Note_on_c, 0, 57, 60
2, 1916, Note_on_c, 0, 57, 0
2, 1916, Note_on_c, 0, 69, 0
2, 1920, Note_on_c, 0, 60, 49
2, 2108, Note_on_c, 0, 60, 0
2, 2112, Note_on_c, 0, 65, 59
2, 2290, Control_c, 0, 64, 0
2, 2300, Note_on_c, 0, 65, 0
2, 2304, Note_on_c, 0, 65, 61
2, 2428, Note_on_c, 0, 65, 0
2, 2496, Note_on_c, 0, 60, 47
2, 2684, Note_on_c, 0, 60, 0
2, 2688, Note_on_c, 0, 65, 50
2, 2688, Note_on_c, 0, 57, 50
2, 2748, Note_on_c, 0, 65, 0
2, 2856, Note_on_c, 0, 69, 57
2, 2876, Note_on_c, 0, 69, 0
2, 2876, Note_on_c, 0, 57, 0
2, 2880, Note_on_c, 0, 67, 63
2, 3068, Note_on_c, 0, 67, 0
2, 3072, Note_on_c, 0, 65, 65
2, 3072, Note_on_c, 0, 60, 47
2, 3260, Note_on_c, 0, 60, 0
2, 3260, Note_on_c, 0, 65, 0
2, 3264, Note_on_c, 0, 67, 68
2, 3264, Note_on_c, 0, 58, 49
2, 3452, Note_on_c, 0, 58, 0
2, 3452, Note_on_c, 0, 67, 0
2, 3456, Note_on_c, 0, 69, 79
2, 3648, Note_on_c, 0, 57, 53
2, 3836, Note_on_c, 0, 57, 0
2, 3840, Note_on_c, 0, 60, 46
2, 4028, Note_on_c, 0, 60, 0
2, 4028, Note_on_c, 0, 69, 0
2, 4032, Note_on_c, 0, 65, 67
2, 4156, Note_on_c, 0, 65, 0
2, 4224, Note_on_c, 0, 57, 37
2, 4412, Note_on_c, 0, 57, 0
2, 4416, Note_on_c, 0, 60, 53
2, 4604, Note_on_c, 0, 60, 0
2, 4608, Note_on_c, 0, 74, 53
2, 4608, Control_c, 0, 64, 127
2, 4732, Note_on_c, 0, 74, 0
2, 4800, Note_on_c, 0, 57, 60
2, 4988, Note_on_c, 0, 57, 0
2, 4992, Note_on_c, 0, 62, 56
2, 4992, Note_on_c, 0, 74, 57
2, 5180, Note_on_c, 0, 74, 0
2, 5180, Note_on_c, 0, 62, 0
2, 5184, Note_on_c, 0, 81, 58
2, 5372, Note_on_c, 0, 81, 0
2, 5376, Note_on_c, 0, 57, 51
2, 5564, Note_on_c, 0, 57, 0
2, 5568, Note_on_c, 0, 62, 45
2, 5756, Note_on_c, 0, 62, 0
2, 5760, Note_on_c, 0, 74, 57
2, 5884, Note_on_c, 0, 74, 0
2, 5952, Note_on_c, 0, 57, 48
2, 6140, Note_on_c, 0, 57, 0
2, 6144, Note_on_c, 0, 62, 41
2, 6144, Note_on_c, 0, 74, 52
2, 6332, Note_on_c, 0, 74, 0
2, 6332, Note_on_c, 0, 62, 0
2, 6336, Note_on_c, 0, 69, 52
2, 6524, Note_on_c, 0, 69, 0
2, 6528, Note_on_c, 0, 57, 44
2, 6716, Note_on_c, 0, 57, 0
2, 6720, Note_on_c, 0, 62, 47
2, 6898, Control_c, 0, 64, 0
2, 6908, Note_on_c, 0, 62, 0
2, 6912, Note_on_c, 0, 74, 56
2, 7036, Note_on_c, 0, 74, 0
2, 7104, Note_on_c, 0, 57, 37
2, 7292, Note_on_c, 0, 57, 0
2, 7296, Note_on_c, 0, 62, 50
2, 7296, Note_on_c, 0, 74, 62
2, 7356, Note_on_c, 0, 74, 0
2, 7464, Note_on_c, 0, 78, 72
2, 7484, Note_on_c, 0, 78, 0
2, 7484, Note_on_c, 0, 62, 0
2, 7488, Note_on_c, 0, 76, 56
2, 7676, Note_on_c, 0, 76, 0
2, 7680, Note_on_c, 0, 57, 46
2, 7680, Note_on_c, 0, 74, 63
2, 7868, Note_on_c, 0, 74, 0
2, 7868, Note_on_c, 0, 57, 0
2, 7872, Note_on_c, 0, 61, 52
2, 7872, Note_on_c, 0, 76, 53
2, 8060, Note_on_c, 0, 76, 0
2, 8060, Note_on_c, 0, 61, 0
2, 8064, Note_on_c, 0, 74, 75
2, 8256, Note_on_c, 0, 57, 41
2, 8444, Note_on_c, 0, 57, 0
2, 8828, Note_on_c, 0, 74, 0
2, 8832, Note_on_c, 0, 72, 64
2, 8892, Note_on_c, 0, 72, 0
2, 9024, Note_on_c, 0, 58, 75
2, 9024, Note_on_c, 0, 55, 79
2, 9024, Note_on_c, 0, 72, 85
2, 9084, Note_on_c, 0, 72, 0
2, 9212, Note_on_c, 0, 55, 0
2, 9212, Note_on_c, 0, 58, 0
2, 9216, Note_on_c, 0, 72, 61
2, 9216, Note_on_c, 0, 57, 59
2, 9280, Control_c, 0, 64, 127
2, 9340, Note_on_c, 0, 72, 0
2, 9404, Note_on_c, 0, 57, 0
2, 9408, Note_on_c, 0, 60, 54
2, 9596, Note_on_c, 0, 60, 0
2, 9600, Note_on_c, 0, 72, 58
2, 9600, Note_on_c, 0, 65, 52
2, 9788, Note_on_c, 0, 65, 0
2, 9788, Note_on_c, 0, 72, 0
2, 9792, Note_on_c, 0, 77, 85
2, 9792, Note_on_c, 0, 57, 61
2, 9980, Note_on_c, 0, 57, 0
2, 9980, Note_on_c, 0, 77, 0
2, 9984, Note_on_c, 0, 60, 41
2, 10172, Note_on_c, 0, 60, 0
2, 10176, Note_on_c, 0, 65, 56
2, 10364, Note_on_c, 0, 65, 0
2, 10368, Note_on_c, 0, 72, 68
2, 10368, Note_on_c, 0, 57, 55
2, 10492, Note_on_c, 0, 72, 0
2, 10556, Note_on_c, 0, 57, 0
2, 10560, Note_on_c, 0, 60, 43
2, 10748, Note_on_c, 0, 60, 0
2, 10752, Note_on_c, 0, 72, 56
2, 10752, Note_on_c, 0, 65, 54
2, 10940, Note_on_c, 0, 65, 0
2, 10940, Note_on_c, 0, 72, 0
2, 10944, Note_on_c, 0, 69, 65
2, 10944, Note_on_c, 0, 57, 60
2, 11132, Note_on_c, 0, 57, 0
2, 11132, Note_on_c, 0, 69, 0
2, 11136, Note_on_c, 0, 60, 49
2, 11324, Note_on_c, 0, 60, 0
2, 11328, Note_on_c, 0, 65, 59
2, 11506, Control_c, 0, 64, 0
2, 11516, Note_on_c, 0, 65, 0
2, 11520, Note_on_c, 0, 65, 61
2, 11644, Note_on_c, 0, 65, 0
2, 11712, Note_on_c, 0, 60, 47
2, 11900, Note_on_c, 0, 60, 0
2, 11904, Note_on_c, 0, 65, 50
2, 11904, Note_on_c, 0, 57, 50
2, 11964, Note_on_c, 0, 65, 0
2, 12072, Note_on_c, 0, 69, 57
2, 12092, Note_on_c, 0, 69, 0
2, 12092, Note_on_c, 0, 57, 0
2, 12096, Note_on_c, 0, 67, 63
2, 12284, Note_on_c, 0, 67, 0
2, 12288, Note_on_c, 0, 65, 65
2, 12288, Note_on_c, 0, 60, 47
2, 12476, Note_on_c, 0, 60, 0
2, 12476, Note_on_c, 0, 65, 0
2, 12480, Note_on_c, 0, 67, 68
2, 12480, Note_on_c, 0, 58, 49
2, 12668, Note_on_c, 0, 58, 0
2, 12668, Note_on_c, 0, 67, 0
2, 12672, Note_on_c, 0, 69, 79
2, 12864, Note_on_c, 0, 57, 53
2, 13052, Note_on_c, 0, 57, 0
2, 13056, Note_on_c, 0, 60, 46
2, 13244, Note_on_c, 0, 60, 0
2, 13244, Note_on_c, 0, 69, 0
2, 13248, Note_on_c, 0, 65, 67
2, 13372, Note_on_c, 0, 65, 0
2, 13440, Note_on_c, 0, 57, 37
2, 13628, Note_on_c, 0, 57, 0
2, 13632, Note_on_c, 0, 60, 53
2, 13820, Note_on_c, 0, 60, 0
2, 13824, Note_on_c, 0, 74, 53
2, 13824, Control_c, 0, 64, 127
2, 13948, Note_on_c, 0, 74, 0
2, 14016, Note_on_c, 0, 57, 60
2, 14204, Note_on_c, 0, 57, 0
2, 14208, Note_on_c, 0, 62, 56
2, 14208, Note_on_c, 0, 74, 57
2, 14396, Note_on_c, 0, 74, 0
2, 14396, Note_on_c, 0, 62, 0
2, 14400, Note_on_c, 0, 81, 58
2, 14588, Note_on_c, 0, 81, 0
2, 14592, Note_on_c, 0, 57, 51
2, 14780, Note_on_c, 0, 57, 0
2, 14784, Note_on_c, 0, 62, 45
2, 14972, Note_on_c, 0, 62, 0
2, 14976, Note_on_c, 0, 74, 57
2, 15100, Note_on_c, 0, 74, 0
2, 15168, Note_on_c, 0, 57, 48
2, 15356, Note_on_c, 0, 57, 0
2, 15360, Note_on_c, 0, 62, 41
2, 15360, Note_on_c, 0, 74, 52
2, 15548, Note_on_c, 0, 74, 0
2, 15548, Note_on_c, 0, 62, 0
2, 15552, Note_on_c, 0, 69, 52
2, 15740, Note_on_c, 0, 69, 0
2, 15744, Note_on_c, 0, 57, 44
2, 15932, Note_on_c, 0, 57, 0
2, 15936, Note_on_c, 0, 62, 47
2, 16114, Control_c, 0, 64, 0
2, 16124, Note_on_c, 0, 62, 0
2, 16128, Note_on_c, 0, 74, 56
2, 16252, Note_on_c, 0, 74, 0
2, 16320, Note_on_c, 0, 57, 37
2, 16508, Note_on_c, 0, 57, 0
2, 16512, Note_on_c, 0, 62, 50
2, 16512, Note_on_c, 0, 74, 62
2, 16572, Note_on_c, 0, 74, 0
2, 16680, Note_on_c, 0, 78, 72
2, 16700, Note_on_c, 0, 78, 0
2, 16700, Note_on_c, 0, 62, 0
2, 16704, Note_on_c, 0, 76, 56
2, 16892, Note_on_c, 0, 76, 0
2, 16896, Note_on_c, 0, 57, 46
2, 16896, Note_on_c, 0, 74, 63
2, 17084, Note_on_c, 0, 74, 0
2, 17084, Note_on_c, 0, 57, 0
2, 17088, Note_on_c, 0, 61, 52
2, 17088, Note_on_c, 0, 76, 53
2, 17276, Note_on_c, 0, 76, 0
2, 17276, Note_on_c, 0, 61, 0
2, 17280, Note_on_c, 0, 74, 75
2, 17472, Note_on_c, 0, 57, 41
2, 17660, Note_on_c, 0, 57, 0
2, 18044, Note_on_c, 0, 74, 0
2, 18048, Note_on_c, 0, 74, 64
2, 18108, Note_on_c, 0, 74, 0
2, 18240, Note_on_c, 0, 57, 75
2, 18240, Note_on_c, 0, 53, 79
2, 18240, Note_on_c, 0, 74, 85
2, 18300, Note_on_c, 0, 74, 0
2, 18428, Note_on_c, 0, 53, 0
2, 18428, Note_on_c, 0, 57, 0
2, 18432, Note_on_c, 0, 72, 54
2, 18556, Note_on_c, 0, 72, 0
2, 18624, Note_on_c, 0, 58, 51
2, 18812, Note_on_c, 0, 58, 0
2, 18816, Note_on_c, 0, 72, 65
2, 18816, Note_on_c, 0, 60, 28
2, 18876, Note_on_c, 0, 72, 0
2, 19004, Note_on_c, 0, 60, 0
2, 19008, Note_on_c, 0, 84, 99
2, 19200, Note_on_c, 0, 58, 46
2, 19388, Note_on_c, 0, 58, 0
2, 19392, Note_on_c, 0, 60, 46
2, 19580, Note_on_c, 0, 60, 0
2, 19580, Note_on_c, 0, 84, 0
2, 19584, Note_on_c, 0, 84, 69
2, 19584, Note_on_c, 0, 57, 49
2, 19584, Note_on_c, 0, 53, 51
2, 19708, Note_on_c, 0, 84, 0
2, 19772, Note_on_c, 0, 53, 0
2, 19772, Note_on_c, 0, 57, 0
2, 19776, Note_on_c, 0, 60, 65
2, 19964, Note_on_c, 0, 60, 0
2, 19968, Note_on_c, 0, 84, 73
2, 19968, Note_on_c, 0, 58, 55
2, 20156, Note_on_c, 0, 58, 0
2, 20156, Note_on_c, 0, 84, 0
2, 20160, Note_on_c, 0, 72, 82
2, 20160, Note_on_c, 0, 57, 36
2, 20348, Note_on_c, 0, 57, 0
2, 20732, Note_on_c, 0, 72, 0
2, 20736, Note_on_c, 0, 72, 55
2, 20860, Note_on_c, 0, 72, 0
2, 20928, Note_on_c, 0, 58, 52
2, 21116, Note_on_c, 0, 58, 0
2, 21120, Note_on_c, 0, 72, 61
2, 21120, Note_on_c, 0, 60, 64
2, 21308, Note_on_c, 0, 60, 0
2, 21308, Note_on_c, 0, 72, 0
2, 21312, Note_on_c, 0, 84, 88
2, 21504, Note_on_c, 0, 58, 54
2, 21692, Note_on_c, 0, 58, 0
2, 21696, Note_on_c, 0, 60, 81
2, 21884, Note_on_c, 0, 60, 0
2, 21884, Note_on_c, 0, 84, 0
2, 21888, Note_on_c, 0, 84, 74
2, 21888, Note_on_c, 0, 53, 58
2, 21888, Note_on_c, 0, 57, 64
2, 22012, Note_on_c, 0, 84, 0
2, 22076, Note_on_c, 0, 57, 0
2, 22076, Note_on_c, 0, 53, 0
2, 22080, Note_on_c, 0, 60, 78
2, 22268, Note_on_c, 0, 60, 0
2, 22272, Note_on_c, 0, 84, 59
2, 22272, Note_on_c, 0, 57, 65
2, 22460, Note_on_c, 0, 57, 0
2, 22460, Note_on_c, 0, 84, 0
2, 22464, Note_on_c, 0, 72, 60
2, 22588, Note_on_c, 0, 72, 0
2, 22848, Note_on_c, 0, 84, 80
2, 23036, Note_on_c, 0, 84, 0
2, 23040, Note_on_c, 0, 72, 84
2, 23164, Note_on_c, 0, 72, 0
2, 23232, Note_on_c, 0, 57, 101
2, 23420, Note_on_c, 0, 57, 0
2, 23424, Note_on_c, 0, 72, 82
2, 23424, Note_on_c, 0, 60, 89
2, 23612, Note_on_c, 0, 60, 0
2, 23612, Note_on_c, 0, 72, 0
2, 23616, Note_on_c, 0, 77, 97
2, 23616, Note_on_c, 0, 57, 78
2, 23804, Note_on_c, 0, 57, 0
2, 23808, Note_on_c, 0, 60, 92
2, 23996, Note_on_c, 0, 60, 0
2, 24000, Note_on_c, 0, 65, 88
2, 24188, Note_on_c, 0, 65, 0
2, 24188, Note_on_c, 0, 77, 0
2, 24192, Note_on_c, 0, 72, 89
2, 24192, Note_on_c, 0, 57, 95
2, 24316, Note_on_c, 0, 72, 0
2, 24380, Note_on_c, 0, 57, 0
2, 24384, Note_on_c, 0, 60, 85
2, 24572, Note_on_c, 0, 60, 0
2, 24576, Note_on_c, 0, 72, 87
2, 24576, Note_on_c, 0, 65, 93
2, 24764, Note_on_c, 0, 65, 0
2, 24764, Note_on_c, 0, 72, 0
2, 24768, Note_on_c, 0, 69, 91
2, 24768, Note_on_c, 0, 57, 78
2, 24956, Note_on_c, 0, 57, 0
2, 24960, Note_on_c, 0, 60, 89
2, 25148, Note_on_c, 0, 60, 0
2, 25152, Note_on_c, 0, 65, 88
2, 25340, Note_on_c, 0, 65, 0
2, 25340, Note_on_c, 0, 69, 0
2, 25344, Note_on_c, 0, 65, 75
2, 25468, Note_on_c, 0, 65, 0
2, 25536, Note_on_c, 0, 60, 83
2, 25724, Note_on_c, 0, 60, 0
2, 25728, Note_on_c, 0, 65, 79
2, 25728, Note_on_c, 0, 57, 83
2, 25788, Note_on_c, 0, 65, 0
2, 25896, Note_on_c, 0, 69, 78
2, 25916, Note_on_c, 0, 69, 0
2, 25916, Note_on_c, 0, 57, 0
2, 25920, Note_on_c, 0, 67, 83
2, 26108, Note_on_c, 0, 67, 0
2, 26112, Note_on_c, 0, 65, 85
2, 26112, Note_on_c, 0, 60, 75
2, 26300, Note_on_c, 0, 60, 0
2, 26300, Note_on_c, 0, 65, 0
2, 26304, Note_on_c, 0, 67, 97
2, 26304, Note_on_c, 0, 58, 77
2, 26492, Note_on_c, 0, 58, 0
2, 26492, Note_on_c, 0, 67, 0
2, 26496, Note_on_c, 0, 65, 75
2, 26496, Note_on_c, 0, 57, 78
2, 26496, Note_on_c, 0, 53, 78
2, 26684, Note_on_c, 0, 53, 0
2, 26684, Note_on_c, 0, 57, 0
2, 26688, Note_on_c, 0, 60, 53
2, 26876, Note_on_c, 0, 60, 0
2, 26876, Note_on_c, 0, 65, 0
2, 26880, Note_on_c, 0, 58, 40
2, 27068, Note_on_c, 0, 58, 0
2, 27072, Note_on_c, 0, 57, 46
2, 27260, Note_on_c, 0, 57, 0
2, 27648, Note_on_c, 0, 72, 54
2, 27772, Note_on_c, 0, 72, 0
2, 27840, Note_on_c, 0, 58, 51
2, 28028, Note_on_c, 0, 58, 0
2, 28032, Note_on_c, 0, 72, 65
2, 28032, Note_on_c, 0, 60, 28
2, 28092, Note_on_c, 0, 72, 0
2, 28220, Note_on_c, 0, 60, 0
2, 28224, Note_on_c, 0, 84, 99
2, 28416, Note_on_c, 0, 58, 46
2, 28604, Note_on_c, 0, 58, 0
2, 28608, Note_on_c, 0, 60, 46
2, 28796, Note_on_c, 0, 60, 0
2, 28796, Note_on_c, 0, 84, 0
2, 28800, Note_on_c, 0, 84, 69
2, 28800, Note_on_c, 0, 57, 49
2, 28800, Note_on_c, 0, 53, 51
2, 28924, Note_on_c, 0, 84, 0
2, 28988, Note_on_c, 0, 53, 0
2, 28988, Note_on_c, 0, 57, 0
2, 28992, Note_on_c, 0, 60, 65
2, 29180, Note_on_c, 0, 60, 0
2, 29184, Note_on_c, 0, 84, 73
2, 29184, Note_on_c, 0, 58, 55
2, 29372, Note_on_c, 0, 58, 0
2, 29372, Note_on_c, 0, 84, 0
2, 29376, Note_on_c, 0, 72, 82
2, 29376, Note_on_c, 0, 57, 36
2, 29564, Note_on_c, 0, 57, 0
2, 29948, Note_on_c, 0, 72, 0
2, 29952, Note_on_c, 0, 72, 55
2, 30076, Note_on_c, 0, 72, 0
2, 30144, Note_on_c, 0, 58, 52
2, 30332, Note_on_c, 0, 58, 0
2, 30336, Note_on_c, 0, 72, 61
2, 30336, Note_on_c, 0, 60, 64
2, 30524, Note_on_c, 0, 60, 0
2, 30524, Note_on_c, 0, 72, 0
2, 30528, Note_on_c, 0, 84, 88
2, 30720, Note_on_c, 0, 58, 54
2, 30908, Note_on_c, 0, 58, 0
2, 30912, Note_on_c, 0, 60, 81
2, 31100, Note_on_c, 0, 60, 0
2, 31100, Note_on_c, 0, 84, 0
2, 31104, Note_on_c, 0, 84, 74
2, 31104, Note_on_c, 0, 53, 58
2, 31104, Note_on_c, 0, 57, 64
2, 31228, Note_on_c, 0, 84, 0
2, 31292, Note_on_c, 0, 57, 0
2, 31292, Note_on_c, 0, 53, 0
2, 31296, Note_on_c, 0, 60, 78
2, 31484, Note_on_c, 0, 60, 0
2, 31488, Note_on_c, 0, 84, 59
2, 31488, Note_on_c, 0, 57, 65
2, 31676, Note_on_c, 0, 57, 0
2, 31676, Note_on_c, 0, 84, 0
2, 31680, Note_on_c, 0, 72, 60
2, 31804, Note_on_c, 0, 72, 0
2, 32064, Note_on_c, 0, 84, 80
2, 32252, Note_on_c, 0, 84, 0
2, 32256, Note_on_c, 0, 72, 84
2, 32380, Note_on_c, 0, 72, 0
2, 32448, Note_on_c, 0, 57, 101
2, 32636, Note_on_c, 0, 57, 0
2, 32640, Note_on_c, 0, 72, 82
2, 32640, Note_on_c, 0, 60, 89
2, 32828, Note_on_c, 0, 60, 0
2, 32828, Note_on_c, 0, 72, 0
2, 32832, Note_on_c, 0, 77, 97
2, 32832, Note_on_c, 0, 57, 78
2, 33020, Note_on_c, 0, 57, 0
2, 33024, Note_on_c, 0, 60, 92
2, 33212, Note_on_c, 0, 60, 0
2, 33216, Note_on_c, 0, 65, 88
2, 33404, Note_on_c, 0, 65, 0
2, 33404, Note_on_c, 0, 77, 0
2, 33408, Note_on_c, 0, 72, 89
2, 33408, Note_on_c, 0, 57, 95
2, 33532, Note_on_c, 0, 72, 0
2, 33596, Note_on_c, 0, 57, 0
2, 33600, Note_on_c, 0, 60, 85
2, 33788, Note_on_c, 0, 60, 0
2, 33792, Note_on_c, 0, 72, 87
2, 33792, Note_on_c, 0, 65, 93
2, 33980, Note_on_c, 0, 65, 0
2, 33980, Note_on_c, 0, 72, 0
2, 33984, Note_on_c, 0, 69, 91
2, 33984, Note_on_c, 0, 57, 78
2, 34172, Note_on_c, 0, 57, 0
2, 34176, Note_on_c, 0, 60, 89
2, 34364, Note_on_c, 0, 60, 0
2, 34368, Note_on_c, 0, 65, 88
2, 34556, Note_on_c, 0, 65, 0
2, 34556, Note_on_c, 0, 69, 0
2, 34560, Note_on_c, 0, 65, 75
2, 34684, Note_on_c, 0, 65, 0
2, 34752, Note_on_c, 0, 60, 83
2, 34940, Note_on_c, 0, 60, 0
2, 34944, Note_on_c, 0, 65, 79
2, 34944, Note_on_c, 0, 57, 83
2, 35004, Note_on_c, 0, 65, 0
2, 35112, Note_on_c, 0, 69, 78
2, 35132, Note_on_c, 0, 69, 0
2, 35132, Note_on_c, 0, 57, 0
2, 35136, Note_on_c, 0, 67, 83
2, 35324, Note_on_c, 0, 67, 0
2, 35328, Note_on_c, 0, 65, 85
2, 35328, Note_on_c, 0, 60, 75
2, 35516, Note_on_c, 0, 60, 0
2, 35516, Note_on_c, 0, 65, 0
2, 35520, Note_on_c, 0, 67, 97
2, 35520, Note_on_c, 0, 58, 77
2, 35708, Note_on_c, 0, 58, 0
2, 35708, Note_on_c, 0, 67, 0
2, 35712, Note_on_c, 0, 65, 86
2, 35712, Note_on_c, 0, 57, 85
2, 35772, Note_on_c, 0, 57, 0
2, 36092, Note_on_c, 0, 65, 0
2, 36288, Note_on_c, 0, 70, 68
2, 36288, Note_on_c, 0, 62, 59
2, 36860, Note_on_c, 0, 62, 0
2, 36860, Note_on_c, 0, 70, 0
2, 36864, Note_on_c, 0, 69, 62
2, 36864, Note_on_c, 0, 60, 42
2, 37436, Note_on_c, 0, 60, 0
2, 37436, Note_on_c, 0, 69, 0
2, 37440, Note_on_c, 0, 67, 68
2, 37440, Note_on_c, 0, 58, 40
2, 38012, Note_on_c, 0, 58, 0
2, 38012, Note_on_c, 0, 67, 0
2, 38016, Note_on_c, 0, 65, 59
2, 38016, Note_on_c, 0, 57, 56
2, 38076, Note_on_c, 0, 57, 0
2, 38204, Note_on_c, 0, 65, 0
2, 38208, Note_on_c, 0, 57, 64
2, 38208, Note_on_c, 0, 65, 73
2, 38268, Note_on_c, 0, 65, 0
2, 38396, Note_on_c, 0, 57, 0
2, 38400, Note_on_c, 0, 65, 66
2, 38460, Note_on_c, 0, 65, 0
2, 38568, Note_on_c, 0, 67, 70
2, 38588, Note_on_c, 0, 67, 0
2, 38592, Note_on_c, 0, 65, 66
2, 38780, Note_on_c, 0, 65, 0
2, 38784, Note_on_c, 0, 64, 69
2, 38844, Note_on_c, 0, 64, 0
2, 38976, Note_on_c, 0, 65, 79
2, 39036, Note_on_c, 0, 65, 0
2, 39168, Note_on_c, 0, 67, 70
2, 39228, Note_on_c, 0, 67, 0
2, 39360, Note_on_c, 0, 67, 82
2, 39420, Note_on_c, 0, 67, 0
2, 39552, Note_on_c, 0, 67, 79
2, 39612, Note_on_c, 0, 67, 0
2, 39744, Note_on_c, 0, 67, 77
2, 39932, Note_on_c, 0, 67, 0
2, 39936, Note_on_c, 0, 69, 60
2, 39996, Note_on_c, 0, 69, 0
2, 40128, Note_on_c, 0, 67, 74
2, 40188, Note_on_c, 0, 67, 0
2, 40320, Note_on_c, 0, 65, 59
2, 40700, Note_on_c, 0, 65, 0
2, 40896, Note_on_c, 0, 72, 91
2, 40896, Note_on_c, 0, 62, 97
2, 41084, Note_on_c, 0, 62, 0
2, 41084, Note_on_c, 0, 72, 0
2, 41088, Note_on_c, 0, 70, 65
2, 41148, Note_on_c, 0, 70, 0
2, 41280, Note_on_c, 0, 70, 63
2, 41340, Note_on_c, 0, 70, 0
2, 41472, Note_on_c, 0, 70, 87
2, 41472, Note_on_c, 0, 60, 92
2, 41660, Note_on_c, 0, 60, 0
2, 41660, Note_on_c, 0, 70, 0
2, 41664, Note_on_c, 0, 69, 69
2, 41724, Note_on_c, 0, 69, 0
2, 41856, Note_on_c, 0, 69, 62
2, 41916, Note_on_c, 0, 69, 0
2, 42048, Note_on_c, 0, 69, 91
2, 42048, Note_on_c, 0, 58, 100
2, 42236, Note_on_c, 0, 58, 0
2, 42236, Note_on_c, 0, 69, 0
2, 42240, Note_on_c, 0, 67, 69
2, 42300, Note_on_c, 0, 67, 0
2, 42432, Note_on_c, 0, 67, 70
2, 42492, Note_on_c, 0, 67, 0
2, 42624, Note_on_c, 0, 65, 70
2, 42624, Note_on_c, 0, 57, 80
2, 42684, Note_on_c, 0, 65, 0
2, 42812, Note_on_c, 0, 57, 0
2, 42816, Note_on_c, 0, 65, 64
2, 42876, Note_on_c, 0, 65, 0
2, 43008, Note_on_c, 0, 65, 57
2, 43068, Note_on_c, 0, 65, 0
2, 43176, Note_on_c, 0, 67, 81
2, 43196, Note_on_c, 0, 67, 0
2, 43200, Note_on_c, 0, 65, 78
2, 43388, Note_on_c, 0, 65, 0
2, 43392, Note_on_c, 0, 64, 74
2, 43452, Note_on_c, 0, 64, 0
2, 43584, Note_on_c, 0, 65, 81
2, 43644, Note_on_c, 0, 65, 0
2, 43776, Note_on_c, 0, 67, 87
2, 43836, Note_on_c, 0, 67, 0
2, 43968, Note_on_c, 0, 67, 92
2, 44028, Note_on_c, 0, 67, 0
2, 44160, Note_on_c, 0, 67, 82
2, 44220, Note_on_c, 0, 67, 0
2, 44328, Note_on_c, 0, 69, 78
2, 44348, Note_on_c, 0, 69, 0
2, 44352, Note_on_c, 0, 67, 81
2, 44540, Note_on_c, 0, 67, 0
2, 44544, Note_on_c, 0, 65, 68
2, 44604, Note_on_c, 0, 65, 0
2, 44736, Note_on_c, 0, 67, 85
2, 44796, Note_on_c, 0, 67, 0
2, 44928, Note_on_c, 0, 69, 80
2, 44988, Note_on_c, 0, 69, 0
2, 45120, Note_on_c, 0, 69, 96
2, 45180, Note_on_c, 0, 69, 0
2, 45312, Note_on_c, 0, 69, 86
2, 45372, Note_on_c, 0, 69, 0
2, 45480, Note_on_c, 0, 70, 73
2, 45500, Note_on_c, 0, 70, 0
2, 45504, Note_on_c, 0, 69, 87
2, 45692, Note_on_c, 0, 69, 0
2, 45696, Note_on_c, 0, 67, 96
2, 45756, Note_on_c, 0, 67, 0
2, 45888, Note_on_c, 0, 69, 87
2, 45948, Note_on_c, 0, 69, 0
2, 46080, Note_on_c, 0, 71, 97
2, 46140, Note_on_c, 0, 71, 0
2, 46272, Note_on_c, 0, 71, 97
2, 46332, Note_on_c, 0, 71, 0
2, 46464, Note_on_c, 0, 71, 102
2, 46524, Note_on_c, 0, 71, 0
2, 46632, Note_on_c, 0, 72, 79
2, 46652, Note_on_c, 0, 72, 0
2, 46656, Note_on_c, 0, 71, 75
2, 46844, Note_on_c, 0, 71, 0
2, 46848, Note_on_c, 0, 69, 90
2, 46908, Note_on_c, 0, 69, 0
2, 47040, Note_on_c, 0, 71, 96
2, 47100, Note_on_c, 0, 71, 0
2, 47232, Note_on_c, 0, 72, 100
2, 47292, Note_on_c, 0, 72, 0
2, 47424, Note_on_c, 0, 72, 100
2, 47424, Note_on_c, 0, 64, 95
2, 47484, Note_on_c, 0, 72, 0
2, 47612, Note_on_c, 0, 64, 0
2, 47616, Note_on_c, 0, 72, 111
2, 47616, Note_on_c, 0, 60, 97
2, 47676, Note_on_c, 0, 72, 0
2, 47784, Note_on_c, 0, 74, 107
2, 47804, Note_on_c, 0, 74, 0
2, 47804, Note_on_c, 0, 60, 0
2, 47808, Note_on_c, 0, 72, 107
2, 47808, Note_on_c, 0, 57, 97
2, 47996, Note_on_c, 0, 57, 0
2, 47996, Note_on_c, 0, 72, 0
2, 48000, Note_on_c, 0, 71, 96
2, 48000, Note_on_c, 0, 60, 90
2, 48060, Note_on_c, 0, 71, 0
2, 48188, Note_on_c, 0, 60, 0
2, 48192, Note_on_c, 0, 72, 103
2, 48192, Note_on_c, 0, 57, 97
2, 48252, Note_on_c, 0, 72, 0
2, 48380, Note_on_c, 0, 57, 0
2, 48384, Note_on_c, 0, 74, 111
2, 48444, Note_on_c, 0, 74, 0
2, 48576, Note_on_c, 0, 74, 120
2, 48576, Note_on_c, 0, 57, 105
2, 48636, Note_on_c, 0, 74, 0
2, 48764, Note_on_c, 0, 57, 0
2, 48768, Note_on_c, 0, 74, 118
2, 48828, Note_on_c, 0, 74, 0
2, 48960, Note_on_c, 0, 74, 117
2, 49148, Note_on_c, 0, 74, 0
2, 49152, Note_on_c, 0, 76, 125
2, 49152, Note_on_c, 0, 59, 97
2, 49212, Note_on_c, 0, 76, 0
2, 49340, Note_on_c, 0, 59, 0
2, 49344, Note_on_c, 0, 74, 111
2, 49404, Note_on_c, 0, 74, 0
2, 49536, Note_on_c, 0, 72, 104
2, 49596, Note_on_c, 0, 72, 0
2, 49728, Note_on_c, 0, 84, 127
2, 49788, Note_on_c, 0, 84, 0
2, 49920, Note_on_c, 0, 84, 127
2, 49980, Note_on_c, 0, 84, 0
2, 50088, Note_on_c, 0, 86, 105
2, 50108, Note_on_c, 0, 86, 0
2, 50112, Note_on_c, 0, 84, 117
2, 50300, Note_on_c, 0, 84, 0
2, 50304, Note_on_c, 0, 83, 99
2, 50364, Note_on_c, 0, 83, 0
2, 50496, Note_on_c, 0, 84, 107
2, 50556, Note_on_c, 0, 84, 0
2, 50688, Note_on_c, 0, 86, 125
2, 50748, Note_on_c, 0, 86, 0
2, 50880, Note_on_c, 0, 86, 127
2, 50940, Note_on_c, 0, 86, 0
2, 51072, Note_on_c, 0, 86, 127
2, 51132, Note_on_c, 0, 86, 0
2, 51264, Note_on_c, 0, 86, 112
2, 51452, Note_on_c, 0, 86, 0
2, 51456, Note_on_c, 0, 88, 115
2, 51516, Note_on_c, 0, 88, 0
2, 51648, Note_on_c, 0, 86, 112
2, 51708, Note_on_c, 0, 86, 0
2, 51840, Note_on_c, 0, 84, 117
2, 51900, Note_on_c, 0, 84, 0
2, 52032, Note_on_c, 0, 72, 95
2, 52092, Note_on_c, 0, 72, 0
2, 52224, Note_on_c, 0, 72, 105
2, 52284, Note_on_c, 0, 72, 0
2, 52416, Note_on_c, 0, 71, 100
2, 52604, Note_on_c, 0, 71, 0
2, 52608, Note_on_c, 0, 72, 83
2, 52668, Note_on_c, 0, 72, 0
2, 52800, Note_on_c, 0, 72, 93
2, 52860, Note_on_c, 0, 72, 0
2, 52992, Note_on_c, 0, 71, 82
2, 53180, Note_on_c, 0, 71, 0
2, 53184, Note_on_c, 0, 72, 91
2, 53244, Note_on_c, 0, 72, 0
2, 53376, Note_on_c, 0, 72, 83
2, 53436, Note_on_c, 0, 72, 0
2, 53568, Note_on_c, 0, 71, 78
2, 53756, Note_on_c, 0, 71, 0
2, 53760, Note_on_c, 0, 72, 75
2, 53820, Note_on_c, 0, 72, 0
2, 53952, Note_on_c, 0, 72, 74
2, 54012, Note_on_c, 0, 72, 0
2, 54120, Note_on_c, 0, 71, 70
2, 54140, Note_on_c, 0, 71, 0
2, 54144, Note_on_c, 0, 72, 61
2, 54144, Note_on_c, 0, 57, 59
2, 54144, Control_c, 0, 64, 127
2, 54268, Note_on_c, 0, 72, 0
2, 54332, Note_on_c, 0, 57, 0
2, 54336, Note_on_c, 0, 60, 54
2, 54524, Note_on_c, 0, 60, 0
2, 54528, Note_on_c, 0, 72, 58
2, 54528, Note_on_c, 0, 65, 52
2, 54716, Note_on_c, 0, 65, 0
2, 54716, Note_on_c, 0, 72, 0
2, 54720, Note_on_c, 0, 77, 85
2, 54720, Note_on_c, 0, 57, 61
2, 54908, Note_on_c, 0, 57, 0
2, 54908, Note_on_c, 0, 77, 0
2, 54912, Note_on_c, 0, 60, 41
2, 55100, Note_on_c, 0, 60, 0
2, 55104, Note_on_c, 0, 65, 56
2, 55272, Note_on_c, 0, 71, 71
2, 55292, Note_on_c, 0, 71, 0
2, 55292, Note_on_c, 0, 65, 0
2, 55296, Note_on_c, 0, 72, 68
2, 55296, Note_on_c, 0, 57, 55
2, 55420, Note_on_c, 0, 72, 0
2, 55484, Note_on_c, 0, 57, 0
2, 55488, Note_on_c, 0, 60, 43
2, 55676, Note_on_c, 0, 60, 0
2, 55680, Note_on_c, 0, 72, 56
2, 55680, Note_on_c, 0, 65, 54
2, 55868, Note_on_c, 0, 65, 0
2, 55868, Note_on_c, 0, 72, 0
2, 55872, Note_on_c, 0, 69, 65
2, 55872, Note_on_c, 0, 57, 60
2, 56060, Note_on_c, 0, 57, 0
2, 56060, Note_on_c, 0, 69, 0
2, 56064, Note_on_c, 0, 60, 49
2, 56252, Note_on_c, 0, 60, 0
2, 56256, Note_on_c, 0, 65, 59
2, 56424, Note_on_c, 0, 64, 68
2, 56434, Control_c, 0, 64, 0
2, 56444, Note_on_c, 0, 64, 0
2, 56444, Note_on_c, 0, 65, 0
2, 56448, Note_on_c, 0, 65, 61
2, 56572, Note_on_c, 0, 65, 0
2, 56640, Note_on_c, 0, 60, 47
2, 56828, Note_on_c, 0, 60, 0
2, 56832, Note_on_c, 0, 65, 50
2, 56832, Note_on_c, 0, 57, 50
2, 56892, Note_on_c, 0, 65, 0
2, 57000, Note_on_c, 0, 69, 57
2, 57020, Note_on_c, 0, 69, 0
2, 57020, Note_on_c, 0, 57, 0
2, 57024, Note_on_c, 0, 67, 63
2, 57212, Note_on_c, 0, 67, 0
2, 57216, Note_on_c, 0, 65, 65
2, 57216, Note_on_c, 0, 60, 47
2, 57404, Note_on_c, 0, 60, 0
2, 57404, Note_on_c, 0, 65, 0
2, 57408, Note_on_c, 0, 67, 68
2, 57408, Note_on_c, 0, 58, 49
2, 57596, Note_on_c, 0, 58, 0
2, 57596, Note_on_c, 0, 67, 0
2, 57600, Note_on_c, 0, 69, 79
2, 57792, Note_on_c, 0, 57, 53
2, 57980, Note_on_c, 0, 57, 0
2, 57984, Note_on_c, 0, 60, 46
2, 58172, Note_on_c, 0, 60, 0
2, 58172, Note_on_c, 0, 69, 0
2, 58176, Note_on_c, 0, 65, 67
2, 58300, Note_on_c, 0, 65, 0
2, 58368, Note_on_c, 0, 57, 37
2, 58556, Note_on_c, 0, 57, 0
2, 58560, Note_on_c, 0, 60, 53
2, 58728, Note_on_c, 0, 73, 69
2, 58748, Note_on_c, 0, 73, 0
2, 58748, Note_on_c, 0, 60, 0
2, 58752, Note_on_c, 0, 74, 53
2, 58752, Control_c, 0, 64, 127
2, 58876, Note_on_c, 0, 74, 0
2, 58944, Note_on_c, 0, 57, 60
2, 59132, Note_on_c, 0, 57, 0
2, 59136, Note_on_c, 0, 62, 56
2, 59136, Note_on_c, 0, 74, 57
2, 59324, Note_on_c, 0, 74, 0
2, 59324, Note_on_c, 0, 62, 0
2, 59328, Note_on_c, 0, 81, 58
2, 59516, Note_on_c, 0, 81, 0
2, 59520, Note_on_c, 0, 57, 51
2, 59708, Note_on_c, 0, 57, 0
2, 59712, Note_on_c, 0, 62, 45
2, 59880, Note_on_c, 0, 73, 63
2, 59900, Note_on_c, 0, 73, 0
2, 59900, Note_on_c, 0, 62, 0
2, 59904, Note_on_c, 0, 74, 57
2, 60028, Note_on_c, 0, 74, 0
2, 60096, Note_on_c, 0, 57, 48
2, 60284, Note_on_c, 0, 57, 0
2, 60288, Note_on_c, 0, 62, 41
2, 60288, Note_on_c, 0, 74, 52
2, 60476, Note_on_c, 0, 74, 0
2, 60476, Note_on_c, 0, 62, 0
2, 60480, Note_on_c, 0, 69, 52
2, 60668, Note_on_c, 0, 69, 0
2, 60672, Note_on_c, 0, 57, 44
2, 60860, Note_on_c, 0, 57, 0
2, 60864, Note_on_c, 0, 62, 47
2, 61032, Note_on_c, 0, 73, 62
2, 61042, Control_c, 0, 64, 0
2, 61052, Note_on_c, 0, 73, 0
2, 61052, Note_on_c, 0, 62, 0
2, 61056, Note_on_c, 0, 74, 56
2, 61180, Note_on_c, 0, 74, 0
2, 61248, Note_on_c, 0, 57, 37
2, 61436, Note_on_c, 0, 57, 0
2, 61440, Note_on_c, 0, 62, 50
2, 61440, Note_on_c, 0, 74, 62
2, 61500, Note_on_c, 0, 74, 0
2, 61608, Note_on_c, 0, 78, 72
2, 61628, Note_on_c, 0, 78, 0
2, 61628, Note_on_c, 0, 62, 0
2, 61632, Note_on_c, 0, 76, 56
2, 61820, Note_on_c, 0, 76, 0
2, 61824, Note_on_c, 0, 57, 46
2, 61824, Note_on_c, 0, 74, 63
2, 62012, Note_on_c, 0, 74, 0
2, 62012, Note_on_c, 0, 57, 0
2, 62016, Note_on_c, 0, 61, 52
2, 62016, Note_on_c, 0, 76, 53
2, 62204, Note_on_c, 0, 76, 0
2, 62204, Note_on_c, 0, 61, 0
2, 62208, Note_on_c, 0, 74, 75
2, 62400, Note_on_c, 0, 57, 41
2, 62588, Note_on_c, 0, 57, 0
2, 62972, Note_on_c, 0, 74, 0
2, 62976, Note_on_c, 0, 72, 64
2, 63036, Note_on_c, 0, 72, 0
2, 63168, Note_on_c, 0, 58, 75
2, 63168, Note_on_c, 0, 55, 79
2, 63168, Note_on_c, 0, 72, 85
2, 63228, Note_on_c, 0, 72, 0
2, 63356, Note_on_c, 0, 55, 0
2, 63356, Note_on_c, 0, 58, 0
2, 63360, Note_on_c, 0, 57, 67
2, 63360, Note_on_c, 0, 71, 66
2, 63454, Control_c, 0, 64, 127
2, 63548, Note_on_c, 0, 71, 0
2, 63548, Note_on_c, 0, 57, 0
2, 63552, Note_on_c, 0, 60, 48
2, 63552, Note_on_c, 0, 72, 64
2, 63612, Note_on_c, 0, 72, 0
2, 63740, Note_on_c, 0, 60, 0
2, 63744, Note_on_c, 0, 65, 56
2, 63744, Note_on_c, 0, 72, 71
2, 63804, Note_on_c, 0, 72, 0
2, 63932, Note_on_c, 0, 65, 0
2, 63936, Note_on_c, 0, 57, 73
2, 63936, Note_on_c, 0, 77, 92
2, 64124, Note_on_c, 0, 57, 0
2, 64128, Note_on_c, 0, 60, 51
2, 64316, Note_on_c, 0, 60, 0
2, 64320, Note_on_c, 0, 65, 54
2, 64508, Note_on_c, 0, 65, 0
2, 64508, Note_on_c, 0, 77, 0
2, 64512, Note_on_c, 0, 57, 71
2, 64512, Note_on_c, 0, 71, 58
2, 64700, Note_on_c, 0, 71, 0
2, 64700, Note_on_c, 0, 57, 0
2, 64704, Note_on_c, 0, 60, 57
2, 64704, Note_on_c, 0, 72, 59
2, 64764, Note_on_c, 0, 72, 0
2, 64892, Note_on_c, 0, 60, 0
2, 64896, Note_on_c, 0, 65, 67
2, 64896, Note_on_c, 0, 72, 77
2, 64956, Note_on_c, 0, 72, 0
2, 65084, Note_on_c, 0, 65, 0
2, 65088, Note_on_c, 0, 57, 73
2, 65088, Note_on_c, 0, 69, 95
2, 65276, Note_on_c, 0, 57, 0
2, 65280, Note_on_c, 0, 60, 52
2, 65468, Note_on_c, 0, 60, 0
2, 65472, Note_on_c, 0, 65, 64
2, 65650, Control_c, 0, 64, 0
2, 65660, Note_on_c, 0, 65, 0
2, 65660, Note_on_c, 0, 69, 0
2, 65664, Note_on_c, 0, 64, 65
2, 65852, Note_on_c, 0, 64, 0
2, 65856, Note_on_c, 0, 60, 55
2, 65856, Note_on_c, 0, 65, 73
2, 65916, Note_on_c, 0, 65, 0
2, 66044, Note_on_c, 0, 60, 0
2, 66048, Note_on_c, 0, 57, 69
2, 66048, Note_on_c, 0, 65, 74
2, 66108, Note_on_c, 0, 65, 0
2, 66236, Note_on_c, 0, 57, 0
2, 66240, Note_on_c, 0, 66, 73
2, 66428, Note_on_c, 0, 66, 0
2, 66432, Note_on_c, 0, 60, 66
2, 66432, Note_on_c, 0, 67, 90
2, 66492, Note_on_c, 0, 67, 0
2, 66620, Note_on_c, 0, 60, 0
2, 66624, Note_on_c, 0, 58, 53
2, 66624, Note_on_c, 0, 67, 91
2, 66684, Note_on_c, 0, 67, 0
2, 66812, Note_on_c, 0, 58, 0
2, 66816, Note_on_c, 0, 68, 87
2, 67004, Note_on_c, 0, 68, 0
2, 67008, Note_on_c, 0, 57, 55
2, 67008, Note_on_c, 0, 69, 81
2, 67068, Note_on_c, 0, 69, 0
2, 67196, Note_on_c, 0, 57, 0
2, 67200, Note_on_c, 0, 60, 61
2, 67200, Note_on_c, 0, 69, 70
2, 67260, Note_on_c, 0, 69, 0
2, 67388, Note_on_c, 0, 60, 0
2, 67392, Note_on_c, 0, 65, 66
2, 67584, Note_on_c, 0, 57, 70
2, 67772, Note_on_c, 0, 57, 0
2, 67776, Note_on_c, 0, 60, 60
2, 67964, Note_on_c, 0, 60, 0
2, 67964, Note_on_c, 0, 65, 0
2, 67968, Note_on_c, 0, 73, 62
2, 68062, Control_c, 0, 64, 127
2, 68156, Note_on_c, 0, 73, 0
2, 68160, Note_on_c, 0, 57, 56
2, 68160, Note_on_c, 0, 74, 64
2, 68220, Note_on_c, 0, 74, 0
2, 68348, Note_on_c, 0, 57, 0
2, 68352, Note_on_c, 0, 62, 51
2, 68352, Note_on_c, 0, 74, 63
2, 68412, Note_on_c, 0, 74, 0
2, 68540, Note_on_c, 0, 62, 0
2, 68544, Note_on_c, 0, 81, 69
2, 68736, Note_on_c, 0, 57, 50
2, 68924, Note_on_c, 0, 57, 0
2, 68928, Note_on_c, 0, 62, 52
2, 69116, Note_on_c, 0, 62, 0
2, 69116, Note_on_c, 0, 81, 0
2, 69120, Note_on_c, 0, 73, 57
2, 69308, Note_on_c, 0, 73, 0
2, 69312, Note_on_c, 0, 57, 45
2, 69312, Note_on_c, 0, 74, 68
2, 69372, Note_on_c, 0, 74, 0
2, 69500, Note_on_c, 0, 57, 0
2, 69504, Note_on_c, 0, 62, 56
2, 69504, Note_on_c, 0, 74, 74
2, 69564, Note_on_c, 0, 74, 0
2, 69692, Note_on_c, 0, 62, 0
2, 69696, Note_on_c, 0, 69, 71
2, 69884, Note_on_c, 0, 69, 0
2, 69888, Note_on_c, 0, 57, 51
2, 70076, Note_on_c, 0, 57, 0
2, 70080, Note_on_c, 0, 62, 68
2, 70258, Control_c, 0, 64, 0
2, 70268, Note_on_c, 0, 62, 0
2, 70272, Note_on_c, 0, 73, 69
2, 70460, Note_on_c, 0, 73, 0
2, 70464, Note_on_c, 0, 57, 50
2, 70464, Note_on_c, 0, 74, 83
2, 70524, Note_on_c, 0, 74, 0
2, 70652, Note_on_c, 0, 57, 0
2, 70656, Note_on_c, 0, 62, 70
2, 70656, Note_on_c, 0, 74, 82
2, 70716, Note_on_c, 0, 74, 0
2, 70824, Note_on_c, 0, 78, 70
2, 70844, Note_on_c, 0, 78, 0
2, 70844, Note_on_c, 0, 62, 0
2, 70848, Note_on_c, 0, 76, 75
2, 71036, Note_on_c, 0, 76, 0
2, 71040, Note_on_c, 0, 57, 66
2, 71040, Note_on_c, 0, 74, 79
2, 71228, Note_on_c, 0, 74, 0
2, 71228, Note_on_c, 0, 57, 0
2, 71232, Note_on_c, 0, 61, 59
2, 71232, Note_on_c, 0, 76, 81
2, 71420, Note_on_c, 0, 76, 0
2, 71420, Note_on_c, 0, 61, 0
2, 71424, Note_on_c, 0, 74, 84
2, 71616, Note_on_c, 0, 57, 74
2, 71804, Note_on_c, 0, 57, 0
2, 72188, Note_on_c, 0, 74, 0
2, 72192, Note_on_c, 0, 74, 79
2, 72252, Note_on_c, 0, 74, 0
2, 72384, Note_on_c, 0, 57, 92
2, 72384, Note_on_c, 0, 74, 99
2, 72444, Note_on_c, 0, 74, 0
2, 72572, Note_on_c, 0, 57, 0
2, 72576, Note_on_c, 0, 72, 54
2, 72700, Note_on_c, 0, 72, 0
2, 72768, Note_on_c, 0, 58, 51
2, 72956, Note_on_c, 0, 58, 0
2, 72960, Note_on_c, 0, 72, 65
2, 72960, Note_on_c, 0, 60, 28
2, 73020, Note_on_c, 0, 72, 0
2, 73148, Note_on_c, 0, 60, 0
2, 73152, Note_on_c, 0, 84, 99
2, 73344, Note_on_c, 0, 58, 46
2, 73532, Note_on_c, 0, 58, 0
2, 73536, Note_on_c, 0, 60, 46
2, 73724, Note_on_c, 0, 60, 0
2, 73724, Note_on_c, 0, 84, 0
2, 73728, Note_on_c, 0, 84, 69
2, 73728, Note_on_c, 0, 57, 49
2, 73728, Note_on_c, 0, 53, 51
2, 73852, Note_on_c, 0, 84, 0
2, 73916, Note_on_c, 0, 53, 0
2, 73916, Note_on_c, 0, 57, 0
2, 73920, Note_on_c, 0, 60, 65
2, 74108, Note_on_c, 0, 60, 0
2, 74112, Note_on_c, 0, 84, 73
2, 74112, Note_on_c, 0, 58, 55
2, 74300, Note_on_c, 0, 58, 0
2, 74300, Note_on_c, 0, 84, 0
2, 74304, Note_on_c, 0, 72, 82
2, 74304, Note_on_c, 0, 57, 36
2, 74492, Note_on_c, 0, 57, 0
2, 74876, Note_on_c, 0, 72, 0
2, 74880, Note_on_c, 0, 72, 55
2, 75004, Note_on_c, 0, 72, 0
2, 75072, Note_on_c, 0, 58, 52
2, 75260, Note_on_c, 0, 58, 0
2, 75264, Note_on_c, 0, 72, 61
2, 75264, Note_on_c, 0, 60, 64
2, 75452, Note_on_c, 0, 60, 0
2, 75452, Note_on_c, 0, 72, 0
2, 75456, Note_on_c, 0, 84, 88
2, 75648, Note_on_c, 0, 58, 54
2, 75836, Note_on_c, 0, 58, 0
2, 75840, Note_on_c, 0, 60, 81
2, 76028, Note_on_c, 0, 60, 0
2, 76028, Note_on_c, 0, 84, 0
2, 76032, Note_on_c, 0, 84, 74
2, 76032, Note_on_c, 0, 53, 58
2, 76032, Note_on_c, 0, 57, 64
2, 76156, Note_on_c, 0, 84, 0
2, 76220, Note_on_c, 0, 57, 0
2, 76220, Note_on_c, 0, 53, 0
2, 76224, Note_on_c, 0, 60, 78
2, 76412, Note_on_c, 0, 60, 0
2, 76416, Note_on_c, 0, 84, 59
2, 76416, Note_on_c, 0, 57, 65
2, 76604, Note_on_c, 0, 57, 0
2, 76604, Note_on_c, 0, 84, 0
2, 76608, Note_on_c, 0, 72, 60
2, 76732, Note_on_c, 0, 72, 0
2, 76992, Note_on_c, 0, 84, 80
2, 77180, Note_on_c, 0, 84, 0
2, 77184, Note_on_c, 0, 72, 84
2, 77308, Note_on_c, 0, 72, 0
2, 77376, Note_on_c, 0, 57, 101
2, 77564, Note_on_c, 0, 57, 0
2, 77568, Note_on_c, 0, 72, 82
2, 77568, Note_on_c, 0, 60, 89
2, 77756, Note_on_c, 0, 60, 0
2, 77756, Note_on_c, 0, 72, 0
2, 77760, Note_on_c, 0, 77, 97
2, 77760, Note_on_c, 0, 57, 78
2, 77948, Note_on_c, 0, 57, 0
2, 77952, Note_on_c, 0, 60, 92
2, 78140, Note_on_c, 0, 60, 0
2, 78144, Note_on_c, 0, 65, 88
2, 78332, Note_on_c, 0, 65, 0
2, 78332, Note_on_c, 0, 77, 0
2, 78336, Note_on_c, 0, 72, 89
2, 78336, Note_on_c, 0, 57, 95
2, 78460, Note_on_c, 0, 72, 0
2, 78524, Note_on_c, 0, 57, 0
2, 78528, Note_on_c, 0, 60, 85
2, 78716, Note_on_c, 0, 60, 0
2, 78720, Note_on_c, 0, 72, 87
2, 78720, Note_on_c, 0, 65, 93
2, 78908, Note_on_c, 0, 65, 0
2, 78908, Note_on_c, 0, 72, 0
2, 78912, Note_on_c, 0, 69, 91
2, 78912, Note_on_c, 0, 57, 78
2, 79100, Note_on_c, 0, 57, 0
2, 79104, Note_on_c, 0, 60, 89
2, 79292, Note_on_c, 0, 60, 0
2, 79296, Note_on_c, 0, 65, 88
2, 79484, Note_on_c, 0, 65, 0
2, 79484, Note_on_c, 0, 69, 0
2, 79488, Note_on_c, 0, 65, 75
2, 79612, Note_on_c, 0, 65, 0
2, 79680, Note_on_c, 0, 60, 83
2, 79868, Note_on_c, 0, 60, 0
2, 79872, Note_on_c, 0, 65, 79
2, 79872, Note_on_c, 0, 57, 83
2, 79932, Note_on_c, 0, 65, 0
2, 80040, Note_on_c, 0, 69, 78
2, 80060, Note_on_c, 0, 69, 0
2, 80060, Note_on_c, 0, 57, 0
2, 80064, Note_on_c, 0, 67, 83
2, 80252, Note_on_c, 0, 67, 0
2, 80256, Note_on_c, 0, 65, 85
2, 80256, Note_on_c, 0, 60, 75
2, 80444, Note_on_c, 0, 60, 0
2, 80444, Note_on_c, 0, 65, 0
2, 80448, Note_on_c, 0, 67, 97
2, 80448, Note_on_c, 0, 58, 77
2, 80636, Note_on_c, 0, 58, 0
2, 80636, Note_on_c, 0, 67, 0
2, 80640, Note_on_c, 0, 65, 75
2, 80640, Note_on_c, 0, 57, 78
2, 80640, Note_on_c, 0, 53, 78
2, 80828, Note_on_c, 0, 53, 0
2, 80828, Note_on_c, 0, 57, 0
2, 80832, Note_on_c, 0, 60, 53
2, 81020, Note_on_c, 0, 60, 0
2, 81020, Note_on_c, 0, 65, 0
2, 81024, Note_on_c, 0, 58, 40
2, 81212, Note_on_c, 0, 58, 0
2, 81216, Note_on_c, 0, 57, 46
2, 81404, Note_on_c, 0, 57, 0
2, 81792, Note_on_c, 0, 71, 53
2, 81886, Control_c, 0, 64, 127
2, 81980, Note_on_c, 0, 71, 0
2, 81984, Note_on_c, 0, 58, 49
2, 81984, Note_on_c, 0, 72, 61
2, 82044, Note_on_c, 0, 72, 0
2, 82172, Note_on_c, 0, 58, 0
2, 82176, Note_on_c, 0, 60, 69
2, 82176, Note_on_c, 0, 72, 62
2, 82236, Note_on_c, 0, 72, 0
2, 82364, Note_on_c, 0, 60, 0
2, 82368, Note_on_c, 0, 84, 115
2, 82560, Note_on_c, 0, 58, 51
2, 82748, Note_on_c, 0, 58, 0
2, 82752, Note_on_c, 0, 60, 42
2, 82930, Control_c, 0, 64, 0
2, 82940, Note_on_c, 0, 60, 0
2, 82940, Note_on_c, 0, 84, 0
2, 82944, Note_on_c, 0, 57, 48
2, 82944, Note_on_c, 0, 53, 64
2, 82944, Note_on_c, 0, 83, 74
2, 83132, Note_on_c, 0, 83, 0
2, 83132, Note_on_c, 0, 53, 0
2, 83132, Note_on_c, 0, 57, 0
2, 83136, Note_on_c, 0, 60, 71
2, 83136, Note_on_c, 0, 84, 77
2, 83196, Note_on_c, 0, 84, 0
2, 83324, Note_on_c, 0, 60, 0
2, 83328, Note_on_c, 0, 58, 52
2, 83328, Note_on_c, 0, 84, 76
2, 83388, Note_on_c, 0, 84, 0
2, 83516, Note_on_c, 0, 58, 0
2, 83520, Note_on_c, 0, 57, 48
2, 83520, Note_on_c, 0, 72, 107
2, 83708, Note_on_c, 0, 57, 0
2, 84092, Note_on_c, 0, 72, 0
2, 84096, Note_on_c, 0, 71, 81
2, 84190, Control_c, 0, 64, 127
2, 84284, Note_on_c, 0, 71, 0
2, 84288, Note_on_c, 0, 58, 63
2, 84288, Note_on_c, 0, 72, 70
2, 84348, Note_on_c, 0, 72, 0
2, 84476, Note_on_c, 0, 58, 0
2, 84480, Note_on_c, 0, 60, 52
2, 84480, Note_on_c, 0, 72, 77
2, 84540, Note_on_c, 0, 72, 0
2, 84668, Note_on_c, 0, 60, 0
2, 84672, Note_on_c, 0, 83, 68
2, 84860, Note_on_c, 0, 83, 0
2, 84864, Note_on_c, 0, 58, 54
2, 84864, Note_on_c, 0, 84, 85
2, 84924, Note_on_c, 0, 84, 0
2, 85052, Note_on_c, 0, 58, 0
2, 85056, Note_on_c, 0, 60, 68
2, 85056, Note_on_c, 0, 84, 89
2, 85116, Note_on_c, 0, 84, 0
2, 85234, Control_c, 0, 64, 0
2, 85244, Note_on_c, 0, 60, 0
2, 85248, Note_on_c, 0, 57, 55
2, 85248, Note_on_c, 0, 53, 60
2, 85248, Note_on_c, 0, 83, 77
2, 85342, Control_c, 0, 64, 127
2, 85436, Note_on_c, 0, 83, 0
2, 85436, Note_on_c, 0, 53, 0
2, 85436, Note_on_c, 0, 57, 0
2, 85440, Note_on_c, 0, 60, 81
2, 85440, Note_on_c, 0, 84, 83
2, 85500, Note_on_c, 0, 84, 0
2, 85628, Note_on_c, 0, 60, 0
2, 85632, Note_on_c, 0, 57, 79
2, 85632, Note_on_c, 0, 84, 101
2, 85692, Note_on_c, 0, 84, 0
2, 85820, Note_on_c, 0, 57, 0
2, 85824, Note_on_c, 0, 71, 95
2, 86012, Note_on_c, 0, 71, 0
2, 86016, Note_on_c, 0, 72, 104
2, 86076, Note_on_c, 0, 72, 0
2, 86208, Note_on_c, 0, 72, 104
2, 86268, Note_on_c, 0, 72, 0
2, 86400, Note_on_c, 0, 71, 96
2, 86588, Note_on_c, 0, 71, 0
2, 86592, Note_on_c, 0, 72, 96
2, 86592, Note_on_c, 0, 57, 86
2, 86652, Note_on_c, 0, 72, 0
2, 86780, Note_on_c, 0, 57, 0
2, 86784, Note_on_c, 0, 72, 85
2, 86784, Note_on_c, 0, 60, 100
2, 86844, Note_on_c, 0, 72, 0
2, 86972, Note_on_c, 0, 60, 0
2, 86976, Note_on_c, 0, 77, 118
2, 86976, Note_on_c, 0, 57, 94
2, 87164, Note_on_c, 0, 57, 0
2, 87168, Note_on_c, 0, 60, 100
2, 87356, Note_on_c, 0, 60, 0
2, 87360, Note_on_c, 0, 65, 94
2, 87548, Note_on_c, 0, 65, 0
2, 87548, Note_on_c, 0, 77, 0
2, 87552, Note_on_c, 0, 71, 96
2, 87552, Note_on_c, 0, 57, 79
2, 87740, Note_on_c, 0, 57, 0
2, 87740, Note_on_c, 0, 71, 0
2, 87744, Note_on_c, 0, 72, 97
2, 87744, Note_on_c, 0, 60, 78
2, 87804, Note_on_c, 0, 72, 0
2, 87932, Note_on_c, 0, 60, 0
2, 87936, Note_on_c, 0, 72, 99
2, 87936, Note_on_c, 0, 65, 90
2, 87996, Note_on_c, 0, 72, 0
2, 88124, Note_on_c, 0, 65, 0
2, 88128, Note_on_c, 0, 69, 109
2, 88128, Note_on_c, 0, 57, 98
2, 88316, Note_on_c, 0, 57, 0
2, 88320, Note_on_c, 0, 60, 91
2, 88508, Note_on_c, 0, 60, 0
2, 88512, Note_on_c, 0, 65, 100
2, 88690, Control_c, 0, 64, 0
2, 88700, Note_on_c, 0, 65, 0
2, 88700, Note_on_c, 0, 69, 0
2, 88704, Note_on_c, 0, 64, 105
2, 88892, Note_on_c, 0, 64, 0
2, 88896, Note_on_c, 0, 60, 92
2, 88896, Note_on_c, 0, 65, 95
2, 88956, Note_on_c, 0, 65, 0
2, 89084, Note_on_c, 0, 60, 0
2, 89088, Note_on_c, 0, 57, 84
2, 89088, Note_on_c, 0, 65, 103
2, 89148, Note_on_c, 0, 65, 0
2, 89256, Note_on_c, 0, 69, 89
2, 89276, Note_on_c, 0, 69, 0
2, 89276, Note_on_c, 0, 57, 0
2, 89280, Note_on_c, 0, 67, 102
2, 89468, Note_on_c, 0, 67, 0
2, 89472, Note_on_c, 0, 60, 93
2, 89472, Note_on_c, 0, 65, 100
2, 89660, Note_on_c, 0, 65, 0
2, 89660, Note_on_c, 0, 60, 0
2, 89664, Note_on_c, 0, 58, 88
2, 89664, Note_on_c, 0, 67, 101
2, 89852, Note_on_c, 0, 67, 0
2, 89852, Note_on_c, 0, 58, 0
2, 89856, Note_on_c, 0, 57, 98
2, 89856, Note_on_c, 0, 65, 96
2, 89916, Note_on_c, 0, 57, 0
2, 90236, Note_on_c, 0, 65, 0
2, 90432, Note_on_c, 0, 70, 80
2, 90432, Note_on_c, 0, 62, 77
2, 91004, Note_on_c, 0, 62, 0
2, 91004, Note_on_c, 0, 70, 0
2, 91008, Note_on_c, 0, 69, 62
2, 91008, Note_on_c, 0, 60, 42
2, 91580, Note_on_c, 0, 60, 0
2, 91580, Note_on_c, 0, 69, 0
2, 91584, Note_on_c, 0, 67, 68
2, 91584, Note_on_c, 0, 58, 40
2, 92156, Note_on_c, 0, 58, 0
2, 92156, Note_on_c, 0, 67, 0
2, 92160, Note_on_c, 0, 65, 59
2, 92160, Note_on_c, 0, 57, 56
2, 92220, Note_on_c, 0, 57, 0
2, 92348, Note_on_c, 0, 65, 0
2, 92352, Note_on_c, 0, 57, 64
2, 92352, Note_on_c, 0, 65, 73
2, 92412, Note_on_c, 0, 65, 0
2, 92540, Note_on_c, 0, 57, 0
2, 92544, Note_on_c, 0, 65, 66
2, 92604, Note_on_c, 0, 65, 0
2, 92712, Note_on_c, 0, 67, 70
2, 92732, Note_on_c, 0, 67, 0
2, 92736, Note_on_c, 0, 65, 66
2, 92924, Note_on_c, 0, 65, 0
2, 92928, Note_on_c, 0, 64, 69
2, 92988, Note_on_c, 0, 64, 0
2, 93120, Note_on_c, 0, 65, 79
2, 93180, Note_on_c, 0, 65, 0
2, 93312, Note_on_c, 0, 67, 70
2, 93372, Note_on_c, 0, 67, 0
2, 93504, Note_on_c, 0, 67, 82
2, 93564, Note_on_c, 0, 67, 0
2, 93696, Note_on_c, 0, 67, 79
2, 93756, Note_on_c, 0, 67, 0
2, 93888, Note_on_c, 0, 67, 77
2, 94076, Note_on_c, 0, 67, 0
2, 94080, Note_on_c, 0, 69, 60
2, 94140, Note_on_c, 0, 69, 0
2, 94272, Note_on_c, 0, 67, 74
2, 94332, Note_on_c, 0, 67, 0
2, 94464, Note_on_c, 0, 65, 59
2, 94844, Note_on_c, 0, 65, 0
2, 95040, Note_on_c, 0, 72, 91
2, 95040, Note_on_c, 0, 62, 97
2, 95228, Note_on_c, 0, 62, 0
2, 95228, Note_on_c, 0, 72, 0
2, 95232, Note_on_c, 0, 70, 65
2, 95292, Note_on_c, 0, 70, 0
2, 95424, Note_on_c, 0, 70, 63
2, 95484, Note_on_c, 0, 70, 0
2, 95616, Note_on_c, 0, 70, 87
2, 95616, Note_on_c, 0, 60, 92
2, 95804, Note_on_c, 0, 60, 0
2, 95804, Note_on_c, 0, 70, 0
2, 95808, Note_on_c, 0, 69, 69
2, 95868, Note_on_c, 0, 69, 0
2, 96000, Note_on_c, 0, 69, 62
2, 96060, Note_on_c, 0, 69, 0
2, 96192, Note_on_c, 0, 69, 91
2, 96192, Note_on_c, 0, 58, 100
2, 96380, Note_on_c, 0, 58, 0
2, 96380, Note_on_c, 0, 69, 0
2, 96384, Note_on_c, 0, 67, 69
2, 96444, Note_on_c, 0, 67, 0
2, 96576, Note_on_c, 0, 67, 70
2, 96636, Note_on_c, 0, 67, 0
2, 96768, Note_on_c, 0, 57, 79
2, 96768, Note_on_c, 0, 65, 86
2, 96828, Note_on_c, 0, 65, 0
2, 96956, Note_on_c, 0, 57, 0
2, 96960, Note_on_c, 0, 77, 85
2, 97020, Note_on_c, 0, 77, 0
2, 97152, Note_on_c, 0, 77, 86
2, 97212, Note_on_c, 0, 77, 0
2, 97320, Note_on_c, 0, 79, 85
2, 97340, Note_on_c, 0, 79, 0
2, 97344, Note_on_c, 0, 77, 90
2, 97532, Note_on_c, 0, 77, 0
2, 97536, Note_on_c, 0, 76, 97
2, 97596, Note_on_c, 0, 76, 0
2, 97728, Note_on_c, 0, 77, 101
2, 97788, Note_on_c, 0, 77, 0
2, 97920, Note_on_c, 0, 79, 111
2, 97980, Note_on_c, 0, 79, 0
2, 98112, Note_on_c, 0, 79, 108
2, 98172, Note_on_c, 0, 79, 0
2, 98304, Note_on_c, 0, 79, 125
2, 98364, Note_on_c, 0, 79, 0
2, 98496, Note_on_c, 0, 79, 117
2, 98684, Note_on_c, 0, 79, 0
2, 98688, Note_on_c, 0, 81, 118
2, 98748, Note_on_c, 0, 81, 0
2, 98880, Note_on_c, 0, 79, 112
2, 98940, Note_on_c, 0, 79, 0
2, 99072, Note_on_c, 0, 77, 114
2, 99166, Control_c, 0, 64, 127
2, 99260, Note_on_c, 0, 77, 0
2, 99264, Note_on_c, 0, 89, 115
2, 99324, Note_on_c, 0, 89, 0
2, 99456, Note_on_c, 0, 89, 120
2, 99516, Note_on_c, 0, 89, 0
2, 99648, Note_on_c, 0, 81, 109
2, 99836, Note_on_c, 0, 81, 0
2, 99840, Note_on_c, 0, 89, 109
2, 99900, Note_on_c, 0, 89, 0
2, 100032, Note_on_c, 0, 89, 108
2, 100092, Note_on_c, 0, 89, 0
2, 100210, Control_c, 0, 64, 0
2, 100224, Note_on_c, 0, 79, 108
2, 100318, Control_c, 0, 64, 127
2, 100412, Note_on_c, 0, 79, 0
2, 100416, Note_on_c, 0, 89, 98
2, 100476, Note_on_c, 0, 89, 0
2, 100608, Note_on_c, 0, 89, 115
2, 100668, Note_on_c, 0, 89, 0
2, 100786, Control_c, 0, 64, 0
2, 100800, Note_on_c, 0, 79, 97
2, 100988, Note_on_c, 0, 79, 0
2, 100992, Note_on_c, 0, 88, 127
2, 101052, Note_on_c, 0, 88, 0
2, 101184, Note_on_c, 0, 88, 127
2, 101244, Note_on_c, 0, 88, 0
2, 101376, Note_on_c, 0, 89, 127
2, 101470, Control_c, 0, 64, 127
2, 101500, Note_on_c, 0, 89, 0
2, 101952, Note_on_c, 0, 60, 125
2, 101952, Note_on_c, 0, 65, 117
2, 101952, Note_on_c, 0, 57, 114
2, 102076, Note_on_c, 0, 57, 0
2, 102076, Note_on_c, 0, 65, 0
2, 102076, Note_on_c, 0, 60, 0
2, 103090, Control_c, 0, 64, 0
2, 103090, End_track
3, 0, Start_track
3, 0, Title_t, "Allegretto"
3, 0, Control_c, 0, 0, 0
3, 0, Control_c, 0, 32, 0
3, 0, Program_c, 0, 0
3, 0, Control_c, 0, 7, 110
3, 0, Control_c, 0, 10, 47
3, 0, Note_on_c, 0, 53, 47
3, 1148, Note_on_c, 0, 53, 0
3, 1152, Note_on_c, 0, 53, 51
3, 2300, Note_on_c, 0, 53, 0
3, 2304, Note_on_c, 0, 53, 39
3, 2492, Note_on_c, 0, 53, 0
3, 2880, Note_on_c, 0, 48, 62
3, 3068, Note_on_c, 0, 48, 0
3, 3456, Note_on_c, 0, 53, 46
3, 3644, Note_on_c, 0, 53, 0
3, 4032, Note_on_c, 0, 53, 46
3, 4220, Note_on_c, 0, 53, 0
3, 4608, Note_on_c, 0, 50, 55
3, 4608, Note_on_c, 0, 54, 57
3, 4796, Note_on_c, 0, 54, 0
3, 5184, Note_on_c, 0, 54, 60
3, 5372, Note_on_c, 0, 54, 0
3, 5756, Note_on_c, 0, 50, 0
3, 5760, Note_on_c, 0, 50, 56
3, 5760, Note_on_c, 0, 54, 50
3, 5948, Note_on_c, 0, 54, 0
3, 6336, Note_on_c, 0, 54, 42
3, 6524, Note_on_c, 0, 54, 0
3, 6908, Note_on_c, 0, 50, 0
3, 6912, Note_on_c, 0, 54, 40
3, 6912, Note_on_c, 0, 50, 55
3, 7100, Note_on_c, 0, 54, 0
3, 7484, Note_on_c, 0, 50, 0
3, 7488, Note_on_c, 0, 55, 53
3, 7488, Note_on_c, 0, 50, 47
3, 7676, Note_on_c, 0, 55, 0
3, 8060, Note_on_c, 0, 50, 0
3, 8064, Note_on_c, 0, 54, 35
3, 8064, Note_on_c, 0, 50, 52
3, 8252, Note_on_c, 0, 54, 0
3, 8448, Note_on_c, 0, 53, 43
3, 8636, Note_on_c, 0, 53, 0
3, 8636, Note_on_c, 0, 50, 0
3, 8640, Note_on_c, 0, 52, 51
3, 8640, Note_on_c, 0, 55, 47
3, 8828, Note_on_c, 0, 55, 0
3, 8828, Note_on_c, 0, 52, 0
3, 8832, Note_on_c, 0, 57, 62
3, 8832, Note_on_c, 0, 53, 68
3, 9020, Note_on_c, 0, 53, 0
3, 9020, Note_on_c, 0, 57, 0
3, 9216, Note_on_c, 0, 53, 47
3, 10364, Note_on_c, 0, 53, 0
3, 10368, Note_on_c, 0, 53, 51
3, 11516, Note_on_c, 0, 53, 0
3, 11520, Note_on_c, 0, 53, 39
3, 11708, Note_on_c, 0, 53, 0
3, 12096, Note_on_c, 0, 48, 62
3, 12284, Note_on_c, 0, 48, 0
3, 12672, Note_on_c, 0, 53, 46
3, 12860, Note_on_c, 0, 53, 0
3, 13248, Note_on_c, 0, 53, 46
3, 13436, Note_on_c, 0, 53, 0
3, 13824, Note_on_c, 0, 50, 55
3, 13824, Note_on_c, 0, 54, 57
3, 14012, Note_on_c, 0, 54, 0
3, 14400, Note_on_c, 0, 54, 60
3, 14588, Note_on_c, 0, 54, 0
3, 14972, Note_on_c, 0, 50, 0
3, 14976, Note_on_c, 0, 50, 56
3, 14976, Note_on_c, 0, 54, 50
3, 15164, Note_on_c, 0, 54, 0
3, 15552, Note_on_c, 0, 54, 42
3, 15740, Note_on_c, 0, 54, 0
3, 16124, Note_on_c, 0, 50, 0
3, 16128, Note_on_c, 0, 54, 40
3, 16128, Note_on_c, 0, 50, 55
3, 16316, Note_on_c, 0, 54, 0
3, 16700, Note_on_c, 0, 50, 0
3, 16704, Note_on_c, 0, 55, 53
3, 16704, Note_on_c, 0, 50, 47
3, 16892, Note_on_c, 0, 55, 0
3, 17276, Note_on_c, 0, 50, 0
3, 17280, Note_on_c, 0, 54, 35
3, 17280, Note_on_c, 0, 50, 52
3, 17468, Note_on_c, 0, 54, 0
3, 17664, Note_on_c, 0, 55, 43
3, 17852, Note_on_c, 0, 55, 0
3, 17856, Note_on_c, 0, 53, 47
3, 18044, Note_on_c, 0, 53, 0
3, 18044, Note_on_c, 0, 50, 0
3, 18048, Note_on_c, 0, 55, 62
3, 18048, Note_on_c, 0, 52, 68
3, 18236, Note_on_c, 0, 52, 0
3, 18236, Note_on_c, 0, 55, 0
3, 18432, Note_on_c, 0, 52, 55
3, 18432, Note_on_c, 0, 55, 62
3, 18526, Control_c, 0, 64, 127
3, 18620, Note_on_c, 0, 55, 0
3, 19008, Note_on_c, 0, 55, 48
3, 19196, Note_on_c, 0, 55, 0
3, 19570, Control_c, 0, 64, 0
3, 19580, Note_on_c, 0, 52, 0
3, 20352, Note_on_c, 0, 55, 48
3, 20540, Note_on_c, 0, 55, 0
3, 20544, Note_on_c, 0, 53, 55
3, 20732, Note_on_c, 0, 53, 0
3, 20736, Note_on_c, 0, 52, 41
3, 20736, Note_on_c, 0, 55, 74
3, 20736, Control_c, 0, 64, 127
3, 20924, Note_on_c, 0, 55, 0
3, 21312, Note_on_c, 0, 55, 66
3, 21500, Note_on_c, 0, 55, 0
3, 21874, Control_c, 0, 64, 0
3, 21884, Note_on_c, 0, 52, 0
3, 21982, Control_c, 0, 64, 127
3, 22464, Note_on_c, 0, 53, 71
3, 22652, Note_on_c, 0, 53, 0
3, 22656, Note_on_c, 0, 48, 73
3, 22844, Note_on_c, 0, 48, 0
3, 22848, Note_on_c, 0, 45, 88
3, 23036, Note_on_c, 0, 45, 0
3, 23040, Note_on_c, 0, 41, 91
3, 23228, Note_on_c, 0, 41, 0
3, 23616, Note_on_c, 0, 53, 77
3, 25330, Control_c, 0, 64, 0
3, 25340, Note_on_c, 0, 53, 0
3, 25344, Note_on_c, 0, 48, 89
3, 25532, Note_on_c, 0, 48, 0
3, 25920, Note_on_c, 0, 48, 93
3, 26108, Note_on_c, 0, 48, 0
3, 27264, Note_on_c, 0, 55, 60
3, 27452, Note_on_c, 0, 55, 0
3, 27456, Note_on_c, 0, 53, 57
3, 27644, Note_on_c, 0, 53, 0
3, 27648, Note_on_c, 0, 52, 55
3, 27648, Note_on_c, 0, 55, 62
3, 27742, Control_c, 0, 64, 127
3, 27836, Note_on_c, 0, 55, 0
3, 28224, Note_on_c, 0, 55, 48
3, 28412, Note_on_c, 0, 55, 0
3, 28796, Note_on_c, 0, 52, 0
3, 29568, Note_on_c, 0, 55, 48
3, 29756, Note_on_c, 0, 55, 0
3, 29760, Note_on_c, 0, 53, 55
3, 29948, Note_on_c, 0, 53, 0
3, 29952, Note_on_c, 0, 52, 41
3, 29952, Note_on_c, 0, 55, 74
3, 29952, Control_c, 0, 64, 127
3, 30140, Note_on_c, 0, 55, 0
3, 30528, Note_on_c, 0, 55, 66
3, 30716, Note_on_c, 0, 55, 0
3, 31090, Control_c, 0, 64, 0
3, 31100, Note_on_c, 0, 52, 0
3, 31198, Control_c, 0, 64, 127
3, 31680, Note_on_c, 0, 53, 71
3, 31868, Note_on_c, 0, 53, 0
3, 31872, Note_on_c, 0, 48, 73
3, 32060, Note_on_c, 0, 48, 0
3, 32064, Note_on_c, 0, 45, 88
3, 32252, Note_on_c, 0, 45, 0
3, 32256, Note_on_c, 0, 41, 91
3, 32444, Note_on_c, 0, 41, 0
3, 32832, Note_on_c, 0, 53, 77
3, 34546, Control_c, 0, 64, 0
3, 34556, Note_on_c, 0, 53, 0
3, 34560, Note_on_c, 0, 48, 89
3, 34748, Note_on_c, 0, 48, 0
3, 35136, Note_on_c, 0, 48, 93
3, 35324, Note_on_c, 0, 48, 0
3, 35712, Note_on_c, 0, 53, 83
3, 35900, Note_on_c, 0, 53, 0
3, 35904, Note_on_c, 0, 53, 70
3, 35964, Note_on_c, 0, 53, 0
3, 36096, Note_on_c, 0, 53, 56
3, 36156, Note_on_c, 0, 53, 0
3, 36288, Note_on_c, 0, 41, 52
3, 36476, Note_on_c, 0, 41, 0
3, 36480, Note_on_c, 0, 53, 58
3, 36540, Note_on_c, 0, 53, 0
3, 36672, Note_on_c, 0, 53, 62
3, 36732, Note_on_c, 0, 53, 0
3, 36864, Note_on_c, 0, 41, 51
3, 37052, Note_on_c, 0, 41, 0
3, 37056, Note_on_c, 0, 53, 68
3, 37116, Note_on_c, 0, 53, 0
3, 37248, Note_on_c, 0, 53, 54
3, 37308, Note_on_c, 0, 53, 0
3, 37440, Note_on_c, 0, 41, 59
3, 37628, Note_on_c, 0, 41, 0
3, 37632, Note_on_c, 0, 53, 73
3, 37692, Note_on_c, 0, 53, 0
3, 37824, Note_on_c, 0, 53, 68
3, 37884, Note_on_c, 0, 53, 0
3, 38016, Note_on_c, 0, 41, 68
3, 38204, Note_on_c, 0, 41, 0
3, 38400, Note_on_c, 0, 53, 63
3, 38588, Note_on_c, 0, 53, 0
3, 38592, Note_on_c, 0, 50, 77
3, 38780, Note_on_c, 0, 50, 0
3, 38784, Note_on_c, 0, 53, 76
3, 38972, Note_on_c, 0, 53, 0
3, 38976, Note_on_c, 0, 50, 61
3, 39164, Note_on_c, 0, 50, 0
3, 39168, Note_on_c, 0, 46, 65
3, 39356, Note_on_c, 0, 46, 0
3, 39360, Note_on_c, 0, 50, 63
3, 39548, Note_on_c, 0, 50, 0
3, 39552, Note_on_c, 0, 46, 62
3, 39740, Note_on_c, 0, 46, 0
3, 39744, Note_on_c, 0, 48, 69
3, 39932, Note_on_c, 0, 48, 0
3, 39936, Note_on_c, 0, 52, 64
3, 40124, Note_on_c, 0, 52, 0
3, 40128, Note_on_c, 0, 48, 74
3, 40316, Note_on_c, 0, 48, 0
3, 40320, Note_on_c, 0, 41, 67
3, 40508, Note_on_c, 0, 41, 0
3, 40512, Note_on_c, 0, 53, 71
3, 40572, Note_on_c, 0, 53, 0
3, 40704, Note_on_c, 0, 53, 64
3, 40764, Note_on_c, 0, 53, 0
3, 41088, Note_on_c, 0, 53, 69
3, 41148, Note_on_c, 0, 53, 0
3, 41280, Note_on_c, 0, 53, 70
3, 41340, Note_on_c, 0, 53, 0
3, 41664, Note_on_c, 0, 53, 74
3, 41724, Note_on_c, 0, 53, 0
3, 41856, Note_on_c, 0, 53, 65
3, 41916, Note_on_c, 0, 53, 0
3, 42240, Note_on_c, 0, 53, 57
3, 42300, Note_on_c, 0, 53, 0
3, 42432, Note_on_c, 0, 53, 68
3, 42492, Note_on_c, 0, 53, 0
3, 42816, Note_on_c, 0, 53, 64
3, 42876, Note_on_c, 0, 53, 0
3, 43008, Note_on_c, 0, 53, 67
3, 43068, Note_on_c, 0, 53, 0
3, 43200, Note_on_c, 0, 50, 68
3, 43388, Note_on_c, 0, 50, 0
3, 43392, Note_on_c, 0, 53, 68
3, 43580, Note_on_c, 0, 53, 0
3, 43584, Note_on_c, 0, 50, 68
3, 43772, Note_on_c, 0, 50, 0
3, 43776, Note_on_c, 0, 46, 61
3, 43964, Note_on_c, 0, 46, 0
3, 43968, Note_on_c, 0, 50, 71
3, 44156, Note_on_c, 0, 50, 0
3, 44160, Note_on_c, 0, 46, 59
3, 44348, Note_on_c, 0, 46, 0
3, 44352, Note_on_c, 0, 48, 83
3, 44540, Note_on_c, 0, 48, 0
3, 44544, Note_on_c, 0, 52, 83
3, 44732, Note_on_c, 0, 52, 0
3, 44736, Note_on_c, 0, 48, 88
3, 44924, Note_on_c, 0, 48, 0
3, 44928, Note_on_c, 0, 41, 82
3, 45116, Note_on_c, 0, 41, 0
3, 45120, Note_on_c, 0, 53, 86
3, 45308, Note_on_c, 0, 53, 0
3, 45312, Note_on_c, 0, 52, 80
3, 45500, Note_on_c, 0, 52, 0
3, 45504, Note_on_c, 0, 53, 93
3, 45692, Note_on_c, 0, 53, 0
3, 45696, Note_on_c, 0, 52, 90
3, 45884, Note_on_c, 0, 52, 0
3, 45888, Note_on_c, 0, 53, 89
3, 46076, Note_on_c, 0, 53, 0
3, 46080, Note_on_c, 0, 50, 92
3, 46268, Note_on_c, 0, 50, 0
3, 46272, Note_on_c, 0, 52, 86
3, 46460, Note_on_c, 0, 52, 0
3, 46464, Note_on_c, 0, 53, 97
3, 46652, Note_on_c, 0, 53, 0
3, 46656, Note_on_c, 0, 55, 85
3, 46844, Note_on_c, 0, 55, 0
3, 46848, Note_on_c, 0, 53, 87
3, 47036, Note_on_c, 0, 53, 0
3, 47040, Note_on_c, 0, 55, 97
3, 47228, Note_on_c, 0, 55, 0
3, 47232, Note_on_c, 0, 52, 98
3, 47420, Note_on_c, 0, 52, 0
3, 48384, Note_on_c, 0, 53, 88
3, 48572, Note_on_c, 0, 53, 0
3, 48768, Note_on_c, 0, 53, 97
3, 48956, Note_on_c, 0, 53, 0
3, 48960, Note_on_c, 0, 55, 103
3, 49148, Note_on_c, 0, 55, 0
3, 49344, Note_on_c, 0, 55, 96
3, 49532, Note_on_c, 0, 55, 0
3, 49536, Note_on_c, 0, 48, 107
3, 49630, Control_c, 0, 64, 127
3, 49724, Note_on_c, 0, 48, 0
3, 49728, Note_on_c, 0, 52, 99
3, 49916, Note_on_c, 0, 52, 0
3, 49920, Note_on_c, 0, 48, 105
3, 50108, Note_on_c, 0, 48, 0
3, 50112, Note_on_c, 0, 45, 111
3, 50300, Note_on_c, 0, 45, 0
3, 50304, Note_on_c, 0, 48, 107
3, 50492, Note_on_c, 0, 48, 0
3, 50496, Note_on_c, 0, 45, 112
3, 50674, Control_c, 0, 64, 0
3, 50684, Note_on_c, 0, 45, 0
3, 50688, Note_on_c, 0, 41, 96
3, 50782, Control_c, 0, 64, 127
3, 50876, Note_on_c, 0, 41, 0
3, 50880, Note_on_c, 0, 45, 104
3, 51068, Note_on_c, 0, 45, 0
3, 51072, Note_on_c, 0, 41, 112
3, 51250, Control_c, 0, 64, 0
3, 51260, Note_on_c, 0, 41, 0
3, 51264, Note_on_c, 0, 43, 96
3, 51358, Control_c, 0, 64, 127
3, 51452, Note_on_c, 0, 43, 0
3, 51456, Note_on_c, 0, 47, 104
3, 51644, Note_on_c, 0, 47, 0
3, 51648, Note_on_c, 0, 43, 109
3, 51826, Control_c, 0, 64, 0
3, 51836, Note_on_c, 0, 43, 0
3, 51840, Note_on_c, 0, 48, 127
3, 52220, Note_on_c, 0, 48, 0
3, 54144, Note_on_c, 0, 53, 47
3, 55292, Note_on_c, 0, 53, 0
3, 55296, Note_on_c, 0, 53, 51
3, 56444, Note_on_c, 0, 53, 0
3, 56448, Note_on_c, 0, 53, 39
3, 56636, Note_on_c, 0, 53, 0
3, 57024, Note_on_c, 0, 48, 62
3, 57212, Note_on_c, 0, 48, 0
3, 57600, Note_on_c, 0, 53, 46
3, 57788, Note_on_c, 0, 53, 0
3, 58176, Note_on_c, 0, 53, 46
3, 58364, Note_on_c, 0, 53, 0
3, 58752, Note_on_c, 0, 50, 55
3, 58752, Note_on_c, 0, 54, 57
3, 58940, Note_on_c, 0, 54, 0
3, 59328, Note_on_c, 0, 54, 60
3, 59516, Note_on_c, 0, 54, 0
3, 59900, Note_on_c, 0, 50, 0
3, 59904, Note_on_c, 0, 50, 56
3, 59904, Note_on_c, 0, 54, 50
3, 60092, Note_on_c, 0, 54, 0
3, 60480, Note_on_c, 0, 54, 42
3, 60668, Note_on_c, 0, 54, 0
3, 61052, Note_on_c, 0, 50, 0
3, 61056, Note_on_c, 0, 54, 40
3, 61056, Note_on_c, 0, 50, 55
3, 61244, Note_on_c, 0, 54, 0
3, 61628, Note_on_c, 0, 50, 0
3, 61632, Note_on_c, 0, 55, 53
3, 61632, Note_on_c, 0, 50, 47
3, 61820, Note_on_c, 0, 55, 0
3, 62204, Note_on_c, 0, 50, 0
3, 62208, Note_on_c, 0, 54, 35
3, 62208, Note_on_c, 0, 50, 52
3, 62396, Note_on_c, 0, 54, 0
3, 62592, Note_on_c, 0, 53, 43
3, 62780, Note_on_c, 0, 53, 0
3, 62780, Note_on_c, 0, 50, 0
3, 62784, Note_on_c, 0, 52, 51
3, 62784, Note_on_c, 0, 55, 47
3, 62972, Note_on_c, 0, 55, 0
3, 62972, Note_on_c, 0, 52, 0
3, 62976, Note_on_c, 0, 57, 62
3, 62976, Note_on_c, 0, 53, 68
3, 63164, Note_on_c, 0, 53, 0
3, 63164, Note_on_c, 0, 57, 0
3, 63360, Note_on_c, 0, 53, 49
3, 64508, Note_on_c, 0, 53, 0
3, 64512, Note_on_c, 0, 53, 61
3, 65660, Note_on_c, 0, 53, 0
3, 65664, Note_on_c, 0, 53, 57
3, 65852, Note_on_c, 0, 53, 0
3, 66240, Note_on_c, 0, 48, 63
3, 66428, Note_on_c, 0, 48, 0
3, 66816, Note_on_c, 0, 53, 63
3, 67004, Note_on_c, 0, 53, 0
3, 67392, Note_on_c, 0, 53, 70
3, 67580, Note_on_c, 0, 53, 0
3, 67968, Note_on_c, 0, 54, 51
3, 67968, Note_on_c, 0, 50, 63
3, 68156, Note_on_c, 0, 54, 0
3, 68544, Note_on_c, 0, 54, 54
3, 68732, Note_on_c, 0, 54, 0
3, 69116, Note_on_c, 0, 50, 0
3, 69120, Note_on_c, 0, 54, 58
3, 69120, Note_on_c, 0, 50, 65
3, 69308, Note_on_c, 0, 54, 0
3, 69696, Note_on_c, 0, 54, 61
3, 69884, Note_on_c, 0, 54, 0
3, 70268, Note_on_c, 0, 50, 0
3, 70272, Note_on_c, 0, 54, 58
3, 70272, Note_on_c, 0, 50, 59
3, 70460, Note_on_c, 0, 54, 0
3, 70844, Note_on_c, 0, 50, 0
3, 70848, Note_on_c, 0, 55, 58
3, 70848, Note_on_c, 0, 50, 64
3, 71036, Note_on_c, 0, 55, 0
3, 71420, Note_on_c, 0, 50, 0
3, 71424, Note_on_c, 0, 54, 67
3, 71424, Note_on_c, 0, 50, 52
3, 71612, Note_on_c, 0, 54, 0
3, 71808, Note_on_c, 0, 55, 86
3, 71996, Note_on_c, 0, 55, 0
3, 72000, Note_on_c, 0, 53, 81
3, 72188, Note_on_c, 0, 53, 0
3, 72188, Note_on_c, 0, 50, 0
3, 72192, Note_on_c, 0, 55, 86
3, 72192, Note_on_c, 0, 52, 78
3, 72380, Note_on_c, 0, 52, 0
3, 72380, Note_on_c, 0, 55, 0
3, 72384, Note_on_c, 0, 53, 87
3, 72572, Note_on_c, 0, 53, 0
3, 72576, Note_on_c, 0, 52, 55
3, 72576, Note_on_c, 0, 55, 62
3, 72670, Control_c, 0, 64, 127
3, 72764, Note_on_c, 0, 55, 0
3, 73152, Note_on_c, 0, 55, 48
3, 73340, Note_on_c, 0, 55, 0
3, 73724, Note_on_c, 0, 52, 0
3, 74496, Note_on_c, 0, 55, 48
3, 74684, Note_on_c, 0, 55, 0
3, 74688, Note_on_c, 0, 53, 55
3, 74876, Note_on_c, 0, 53, 0
3, 74880, Note_on_c, 0, 52, 41
3, 74880, Note_on_c, 0, 55, 74
3, 74880, Control_c, 0, 64, 127
3, 75068, Note_on_c, 0, 55, 0
3, 75456, Note_on_c, 0, 55, 66
3, 75644, Note_on_c, 0, 55, 0
3, 76018, Control_c, 0, 64, 0
3, 76028, Note_on_c, 0, 52, 0
3, 76126, Control_c, 0, 64, 127
3, 76608, Note_on_c, 0, 53, 71
3, 76796, Note_on_c, 0, 53, 0
3, 76800, Note_on_c, 0, 48, 73
3, 76988, Note_on_c, 0, 48, 0
3, 76992, Note_on_c, 0, 45, 88
3, 77180, Note_on_c, 0, 45, 0
3, 77184, Note_on_c, 0, 41, 91
3, 77372, Note_on_c, 0, 41, 0
3, 77760, Note_on_c, 0, 53, 77
3, 79474, Control_c, 0, 64, 0
3, 79484, Note_on_c, 0, 53, 0
3, 79488, Note_on_c, 0, 48, 89
3, 79676, Note_on_c, 0, 48, 0
3, 80064, Note_on_c, 0, 48, 93
3, 80252, Note_on_c, 0, 48, 0
3, 81408, Note_on_c, 0, 55, 60
3, 81596, Note_on_c, 0, 55, 0
3, 81600, Note_on_c, 0, 53, 57
3, 81788, Note_on_c, 0, 53, 0
3, 81792, Note_on_c, 0, 52, 63
3, 81792, Note_on_c, 0, 55, 52
3, 81980, Note_on_c, 0, 55, 0
3, 82368, Note_on_c, 0, 55, 61
3, 82556, Note_on_c, 0, 55, 0
3, 82940, Note_on_c, 0, 52, 0
3, 83712, Note_on_c, 0, 55, 71
3, 83900, Note_on_c, 0, 55, 0
3, 83904, Note_on_c, 0, 53, 61
3, 84092, Note_on_c, 0, 53, 0
3, 84096, Note_on_c, 0, 55, 65
3, 84096, Note_on_c, 0, 52, 62
3, 84284, Note_on_c, 0, 55, 0
3, 84672, Note_on_c, 0, 55, 71
3, 84860, Note_on_c, 0, 55, 0
3, 85244, Note_on_c, 0, 52, 0
3, 85824, Note_on_c, 0, 53, 96
3, 86012, Note_on_c, 0, 53, 0
3, 86016, Note_on_c, 0, 48, 85
3, 86204, Note_on_c, 0, 48, 0
3, 86208, Note_on_c, 0, 45, 101
3, 86396, Note_on_c, 0, 45, 0
3, 86400, Note_on_c, 0, 41, 99
3, 86588, Note_on_c, 0, 41, 0
3, 86976, Note_on_c, 0, 53, 85
3, 88700, Note_on_c, 0, 53, 0
3, 88704, Note_on_c, 0, 48, 96
3, 88892, Note_on_c, 0, 48, 0
3, 89280, Note_on_c, 0, 48, 97
3, 89468, Note_on_c, 0, 48, 0
3, 89856, Note_on_c, 0, 53, 97
3, 90044, Note_on_c, 0, 53, 0
3, 90048, Note_on_c, 0, 53, 83
3, 90108, Note_on_c, 0, 53, 0
3, 90240, Note_on_c, 0, 53, 80
3, 90300, Note_on_c, 0, 53, 0
3, 90432, Note_on_c, 0, 41, 67
3, 90620, Note_on_c, 0, 41, 0
3, 90624, Note_on_c, 0, 53, 73
3, 90684, Note_on_c, 0, 53, 0
3, 90816, Note_on_c, 0, 53, 62
3, 90876, Note_on_c, 0, 53, 0
3, 91008, Note_on_c, 0, 41, 51
3, 91196, Note_on_c, 0, 41, 0
3, 91200, Note_on_c, 0, 53, 68
3, 91260, Note_on_c, 0, 53, 0
3, 91392, Note_on_c, 0, 53, 54
3, 91452, Note_on_c, 0, 53, 0
3, 91584, Note_on_c, 0, 41, 59
3, 91772, Note_on_c, 0, 41, 0
3, 91776, Note_on_c, 0, 53, 73
3, 91836, Note_on_c, 0, 53, 0
3, 91968, Note_on_c, 0, 53, 68
3, 92028, Note_on_c, 0, 53, 0
3, 92160, Note_on_c, 0, 41, 68
3, 92348, Note_on_c, 0, 41, 0
3, 92544, Note_on_c, 0, 53, 63
3, 92732, Note_on_c, 0, 53, 0
3, 92736, Note_on_c, 0, 50, 77
3, 92924, Note_on_c, 0, 50, 0
3, 92928, Note_on_c, 0, 53, 76
3, 93116, Note_on_c, 0, 53, 0
3, 93120, Note_on_c, 0, 50, 61
3, 93308, Note_on_c, 0, 50, 0
3, 93312, Note_on_c, 0, 46, 65
3, 93500, Note_on_c, 0, 46, 0
3, 93504, Note_on_c, 0, 50, 63
3, 93692, Note_on_c, 0, 50, 0
3, 93696, Note_on_c, 0, 46, 62
3, 93884, Note_on_c, 0, 46, 0
3, 93888, Note_on_c, 0, 48, 69
3, 94076, Note_on_c, 0, 48, 0
3, 94080, Note_on_c, 0, 52, 64
3, 94268, Note_on_c, 0, 52, 0
3, 94272, Note_on_c, 0, 48, 74
3, 94460, Note_on_c, 0, 48, 0
3, 94464, Note_on_c, 0, 41, 67
3, 94652, Note_on_c, 0, 41, 0
3, 94656, Note_on_c, 0, 53, 71
3, 94716, Note_on_c, 0, 53, 0
3, 94848, Note_on_c, 0, 53, 64
3, 94908, Note_on_c, 0, 53, 0
3, 95232, Note_on_c, 0, 53, 69
3, 95292, Note_on_c, 0, 53, 0
3, 95424, Note_on_c, 0, 53, 70
3, 95484, Note_on_c, 0, 53, 0
3, 95808, Note_on_c, 0, 53, 74
3, 95868, Note_on_c, 0, 53, 0
3, 96000, Note_on_c, 0, 53, 65
3, 96060, Note_on_c, 0, 53, 0
3, 96384, Note_on_c, 0, 53, 57
3, 96444, Note_on_c, 0, 53, 0
3, 96576, Note_on_c, 0, 53, 68
3, 96636, Note_on_c, 0, 53, 0
3, 96960, Note_on_c, 0, 53, 73
3, 97020, Note_on_c, 0, 53, 0
3, 97152, Note_on_c, 0, 53, 72
3, 97212, Note_on_c, 0, 53, 0
3, 97344, Note_on_c, 0, 50, 78
3, 97532, Note_on_c, 0, 50, 0
3, 97536, Note_on_c, 0, 53, 80
3, 97724, Note_on_c, 0, 53, 0
3, 97728, Note_on_c, 0, 50, 92
3, 97916, Note_on_c, 0, 50, 0
3, 97920, Note_on_c, 0, 46, 82
3, 98108, Note_on_c, 0, 46, 0
3, 98112, Note_on_c, 0, 50, 100
3, 98300, Note_on_c, 0, 50, 0
3, 98304, Note_on_c, 0, 46, 95
3, 98492, Note_on_c, 0, 46, 0
3, 98496, Note_on_c, 0, 48, 111
3, 98684, Note_on_c, 0, 48, 0
3, 98688, Note_on_c, 0, 52, 100
3, 98876, Note_on_c, 0, 52, 0
3, 98880, Note_on_c, 0, 48, 111
3, 99068, Note_on_c, 0, 48, 0
3, 99072, Note_on_c, 0, 41, 97
3, 99260, Note_on_c, 0, 41, 0
3, 99264, Note_on_c, 0, 45, 109
3, 99452, Note_on_c, 0, 45, 0
3, 99456, Note_on_c, 0, 41, 101
3, 99644, Note_on_c, 0, 41, 0
3, 99648, Note_on_c, 0, 38, 100
3, 99836, Note_on_c, 0, 38, 0
3, 99840, Note_on_c, 0, 41, 102
3, 100028, Note_on_c, 0, 41, 0
3, 100032, Note_on_c, 0, 38, 103
3, 100220, Note_on_c, 0, 38, 0
3, 100224, Note_on_c, 0, 34, 100
3, 100412, Note_on_c, 0, 34, 0
3, 100416, Note_on_c, 0, 38, 101
3, 100604, Note_on_c, 0, 38, 0
3, 100608, Note_on_c, 0, 34, 101
3, 100796, Note_on_c, 0, 34, 0
3, 100800, Note_on_c, 0, 36, 122
3, 100988, Note_on_c, 0, 36, 0
3, 100992, Note_on_c, 0, 35, 114
3, 101180, Note_on_c, 0, 35, 0
3, 101184, Note_on_c, 0, 36, 120
3, 101372, Note_on_c, 0, 36, 0
3, 101376, Note_on_c, 0, 29, 107
3, 101564, Note_on_c, 0, 29, 0
3, 101568, Note_on_c, 0, 33, 97
3, 101756, Note_on_c, 0, 33, 0
3, 101760, Note_on_c, 0, 36, 107
3, 101948, Note_on_c, 0, 36, 0
3, 101952, Note_on_c, 0, 29, 101
3, 102140, Note_on_c, 0, 29, 0
3, 102144, Note_on_c, 0, 33, 103
3, 102332, Note_on_c, 0, 33, 0
3, 102336, Note_on_c, 0, 36, 105
3, 102524, Note_on_c, 0, 36, 0
3, 102528, Note_on_c, 0, 29, 98
3, 102528, Note_on_c, 0, 53, 114
3, 102652, Note_on_c, 0, 53, 0
3, 102652, Note_on_c, 0, 29, 0
3, 102652, End_track
4, 0, Start_track
4, 0, Title_t, "Ludwig van Beethoven"
4, 0, End_track
5, 0, Start_track
5, 0, Title_t, "Performed and sequenced by:  Wesley Venable"
5, 0, End_track
6, 0, Start_track
6, 0, Title_t, "Instrument:  Yamaha Clavinova CLP - 123"
6, 0, End_track
7, 0, Start_track
7, 0, Title_t, "Wesley_Venable@Prodigy.com"
7, 0, End_track
0, 0, End_of_file
