0, 0, Header, 1, 2, 360
1, 0, Start_track
1, 0, Title_t, "untitled"
1, 0, Time_signature, 9, 3, 12, 8
1, 0, Key_signature, -6, "major"
1, 0, Tempo, 1000000
1, 3240, Time_signature, 12, 3, 12, 8
1, 3240, Tempo, 500000
1, 11880, Time_signature, 6, 3, 12, 8
1, 12960, Time_signature, 12, 3, 12, 8
1, 41040, Time_signature, 6, 3, 12, 8
1, 42120, Time_signature, 12, 3, 12, 8
1, 52920, Time_signature, 6, 3, 12, 8
1, 53460, Tempo, 500000
1, 54000, Time_signature, 12, 3, 12, 8
1, 54031, Tempo, 515110
1, 54317, Tempo, 523058
1, 54602, Tempo, 531208
1, 54887, Tempo, 539617
1, 55173, Tempo, 548296
1, 55458, Tempo, 557258
1, 55744, Tempo, 566572
1, 56315, Tempo, 586052
1, 56600, Tempo, 596303
1, 56886, Tempo, 606980
1, 57171, Tempo, 617983
1, 57457, Tempo, 629393
1, 57742, Tempo, 641231
1, 58028, Tempo, 653524
1, 58230, Tempo, 5000000
1, 58320, Tempo, 666667
1, 58320, End_track
2, 0, Start_track
2, 0, Title_t, "Piano"
2, 0, Program_c, 0, 0
2, 0, Control_c, 0, 7, 105
2, 0, Control_c, 0, 10, 64
2, 0, Control_c, 0, 91, 60
2, 0, Control_c, 0, 121, 0
2, 0, Control_c, 0, 121, 0
2, 0, Control_c, 0, 91, 60
2, 0, Control_c, 0, 10, 51
2, 0, Control_c, 0, 7, 100
2, 0, Note_on_c, 0, 75, 60
2, 0, Note_on_c, 0, 78, 60
2, 474, Note_on_c, 0, 78, 0
2, 474, Note_on_c, 0, 75, 0
2, 540, Note_on_c, 0, 69, 58
2, 540, Note_on_c, 0, 72, 58
2, 1014, Note_on_c, 0, 72, 0
2, 1014, Note_on_c, 0, 69, 0
2, 1080, Note_on_c, 0, 58, 55
2, 1080, Note_on_c, 0, 62, 55
2, 1554, Note_on_c, 0, 62, 0
2, 1554, Note_on_c, 0, 58, 0
2, 1620, Note_on_c, 0, 51, 63
2, 1620, Note_on_c, 0, 54, 63
2, 1800, Note_on_c, 0, 39, 62
2, 1800, Note_on_c, 0, 46, 62
2, 3240, Note_on_c, 0, 46, 0
2, 3240, Note_on_c, 0, 51, 0
2, 3240, Note_on_c, 0, 54, 0
2, 3240, Note_on_c, 0, 39, 0
2, 3240, Note_on_c, 0, 58, 55
2, 3299, Note_on_c, 0, 58, 0
2, 3299, Note_on_c, 0, 59, 57
2, 3360, Note_on_c, 0, 59, 0
2, 3360, Note_on_c, 0, 57, 58
2, 3420, Note_on_c, 0, 57, 0
2, 3420, Note_on_c, 0, 58, 60
2, 3479, Note_on_c, 0, 58, 0
2, 3479, Note_on_c, 0, 63, 61
2, 3540, Note_on_c, 0, 63, 0
2, 3540, Note_on_c, 0, 61, 62
2, 3600, Note_on_c, 0, 61, 0
2, 3600, Note_on_c, 0, 62, 64
2, 3659, Note_on_c, 0, 62, 0
2, 3659, Note_on_c, 0, 63, 65
2, 3720, Note_on_c, 0, 63, 0
2, 3720, Note_on_c, 0, 66, 67
2, 3780, Note_on_c, 0, 66, 0
2, 3780, Note_on_c, 0, 67, 68
2, 3839, Note_on_c, 0, 67, 0
2, 3839, Note_on_c, 0, 70, 70
2, 3900, Note_on_c, 0, 70, 0
2, 3900, Note_on_c, 0, 68, 71
2, 3960, Note_on_c, 0, 68, 0
2, 3960, Note_on_c, 0, 71, 72
2, 4019, Note_on_c, 0, 71, 0
2, 4019, Note_on_c, 0, 74, 74
2, 4080, Note_on_c, 0, 74, 0
2, 4080, Note_on_c, 0, 75, 75
2, 4140, Note_on_c, 0, 75, 0
2, 4140, Note_on_c, 0, 78, 77
2, 4199, Note_on_c, 0, 78, 0
2, 4199, Note_on_c, 0, 75, 78
2, 4260, Note_on_c, 0, 75, 0
2, 4260, Note_on_c, 0, 74, 79
2, 4320, Note_on_c, 0, 74, 0
2, 4320, Note_on_c, 0, 77, 92
2, 4320, Note_on_c, 0, 66, 84
2, 4320, Note_on_c, 0, 78, 84
2, 4379, Note_on_c, 0, 77, 0
2, 4379, Note_on_c, 0, 74, 91
2, 4440, Note_on_c, 0, 74, 0
2, 4440, Note_on_c, 0, 73, 89
2, 4500, Note_on_c, 0, 73, 0
2, 4500, Note_on_c, 0, 76, 88
2, 4559, Note_on_c, 0, 76, 0
2, 4559, Note_on_c, 0, 73, 86
2, 4620, Note_on_c, 0, 73, 0
2, 4620, Note_on_c, 0, 72, 85
2, 4680, Note_on_c, 0, 72, 0
2, 4680, Note_on_c, 0, 75, 83
2, 4739, Note_on_c, 0, 75, 0
2, 4739, Note_on_c, 0, 72, 82
2, 4800, Note_on_c, 0, 72, 0
2, 4800, Note_on_c, 0, 71, 80
2, 4860, Note_on_c, 0, 71, 0
2, 4860, Note_on_c, 0, 70, 79
2, 4919, Note_on_c, 0, 70, 0
2, 4919, Note_on_c, 0, 71, 77
2, 4980, Note_on_c, 0, 71, 0
2, 4980, Note_on_c, 0, 69, 76
2, 5040, Note_on_c, 0, 69, 0
2, 5040, Note_on_c, 0, 75, 74
2, 5099, Note_on_c, 0, 75, 0
2, 5099, Note_on_c, 0, 70, 73
2, 5160, Note_on_c, 0, 70, 0
2, 5160, Note_on_c, 0, 65, 71
2, 5220, Note_on_c, 0, 65, 0
2, 5220, Note_on_c, 0, 66, 70
2, 5279, Note_on_c, 0, 66, 0
2, 5279, Note_on_c, 0, 63, 68
2, 5340, Note_on_c, 0, 63, 0
2, 5340, Note_on_c, 0, 65, 67
2, 5400, Note_on_c, 0, 65, 0
2, 5400, Note_on_c, 0, 66, 0
2, 5400, Note_on_c, 0, 78, 0
2, 5400, Note_on_c, 0, 62, 67
2, 5400, Note_on_c, 0, 54, 71
2, 5400, Note_on_c, 0, 66, 71
2, 5459, Note_on_c, 0, 62, 0
2, 5459, Note_on_c, 0, 61, 66
2, 5520, Note_on_c, 0, 61, 0
2, 5520, Note_on_c, 0, 64, 64
2, 5580, Note_on_c, 0, 64, 0
2, 5580, Note_on_c, 0, 61, 63
2, 5639, Note_on_c, 0, 61, 0
2, 5639, Note_on_c, 0, 60, 61
2, 5700, Note_on_c, 0, 60, 0
2, 5700, Note_on_c, 0, 63, 60
2, 5760, Note_on_c, 0, 63, 0
2, 5760, Note_on_c, 0, 60, 58
2, 5819, Note_on_c, 0, 60, 0
2, 5819, Note_on_c, 0, 59, 57
2, 5880, Note_on_c, 0, 59, 0
2, 5880, Note_on_c, 0, 62, 56
2, 5940, Note_on_c, 0, 62, 0
2, 5940, Note_on_c, 0, 59, 54
2, 5999, Note_on_c, 0, 59, 0
2, 5999, Note_on_c, 0, 58, 53
2, 6060, Note_on_c, 0, 58, 0
2, 6060, Note_on_c, 0, 61, 51
2, 6120, Note_on_c, 0, 61, 0
2, 6120, Note_on_c, 0, 66, 0
2, 6120, Note_on_c, 0, 54, 0
2, 6120, Note_on_c, 0, 57, 50
2, 6120, Note_on_c, 0, 34, 76
2, 6120, Note_on_c, 0, 46, 76
2, 6179, Note_on_c, 0, 57, 0
2, 6179, Note_on_c, 0, 60, 49
2, 6240, Note_on_c, 0, 60, 0
2, 6240, Note_on_c, 0, 56, 47
2, 6300, Note_on_c, 0, 56, 0
2, 6300, Note_on_c, 0, 59, 46
2, 6359, Note_on_c, 0, 59, 0
2, 6359, Note_on_c, 0, 55, 44
2, 6420, Note_on_c, 0, 55, 0
2, 6420, Note_on_c, 0, 58, 43
2, 6480, Note_on_c, 0, 58, 0
2, 6480, Note_on_c, 0, 54, 42
2, 6539, Note_on_c, 0, 54, 0
2, 6539, Note_on_c, 0, 53, 39
2, 6600, Note_on_c, 0, 53, 0
2, 6600, Note_on_c, 0, 56, 44
2, 6660, Note_on_c, 0, 56, 0
2, 6660, Note_on_c, 0, 54, 43
2, 6719, Note_on_c, 0, 54, 0
2, 6719, Note_on_c, 0, 52, 44
2, 6780, Note_on_c, 0, 52, 0
2, 6780, Note_on_c, 0, 56, 46
2, 6840, Note_on_c, 0, 56, 0
2, 6840, Note_on_c, 0, 54, 40
2, 6899, Note_on_c, 0, 54, 0
2, 6899, Note_on_c, 0, 51, 37
2, 6960, Note_on_c, 0, 51, 0
2, 6960, Note_on_c, 0, 56, 42
2, 7020, Note_on_c, 0, 56, 0
2, 7020, Note_on_c, 0, 54, 36
2, 7079, Note_on_c, 0, 54, 0
2, 7079, Note_on_c, 0, 53, 40
2, 7140, Note_on_c, 0, 53, 0
2, 7140, Note_on_c, 0, 46, 36
2, 7200, Note_on_c, 0, 46, 0
2, 7200, Note_on_c, 0, 58, 45
2, 7259, Note_on_c, 0, 58, 0
2, 7259, Note_on_c, 0, 54, 43
2, 7320, Note_on_c, 0, 54, 0
2, 7320, Note_on_c, 0, 56, 42
2, 7380, Note_on_c, 0, 56, 0
2, 7380, Note_on_c, 0, 57, 46
2, 7439, Note_on_c, 0, 57, 0
2, 7439, Note_on_c, 0, 59, 41
2, 7500, Note_on_c, 0, 59, 0
2, 7500, Note_on_c, 0, 58, 39
2, 7560, Note_on_c, 0, 58, 0
2, 7560, Note_on_c, 0, 46, 0
2, 7560, Note_on_c, 0, 34, 0
2, 7560, Note_on_c, 0, 65, 41
2, 7619, Note_on_c, 0, 65, 0
2, 7619, Note_on_c, 0, 59, 43
2, 7680, Note_on_c, 0, 59, 0
2, 7680, Note_on_c, 0, 57, 45
2, 7740, Note_on_c, 0, 57, 0
2, 7740, Note_on_c, 0, 58, 47
2, 7799, Note_on_c, 0, 58, 0
2, 7799, Note_on_c, 0, 63, 49
2, 7860, Note_on_c, 0, 63, 0
2, 7860, Note_on_c, 0, 61, 51
2, 7920, Note_on_c, 0, 61, 0
2, 7920, Note_on_c, 0, 62, 52
2, 7979, Note_on_c, 0, 62, 0
2, 7979, Note_on_c, 0, 63, 54
2, 8040, Note_on_c, 0, 63, 0
2, 8040, Note_on_c, 0, 66, 56
2, 8100, Note_on_c, 0, 66, 0
2, 8100, Note_on_c, 0, 67, 58
2, 8159, Note_on_c, 0, 67, 0
2, 8159, Note_on_c, 0, 70, 60
2, 8220, Note_on_c, 0, 70, 0
2, 8220, Note_on_c, 0, 68, 61
2, 8280, Note_on_c, 0, 68, 0
2, 8280, Note_on_c, 0, 71, 63
2, 8339, Note_on_c, 0, 71, 0
2, 8339, Note_on_c, 0, 74, 65
2, 8400, Note_on_c, 0, 74, 0
2, 8400, Note_on_c, 0, 75, 67
2, 8460, Note_on_c, 0, 75, 0
2, 8460, Note_on_c, 0, 78, 107
2, 8519, Note_on_c, 0, 78, 0
2, 8519, Note_on_c, 0, 75, 90
2, 8580, Note_on_c, 0, 75, 0
2, 8580, Note_on_c, 0, 74, 85
2, 8640, Note_on_c, 0, 74, 0
2, 8640, Note_on_c, 0, 77, 99
2, 8640, Note_on_c, 0, 90, 65
2, 8699, Note_on_c, 0, 77, 0
2, 8699, Note_on_c, 0, 74, 86
2, 8729, Note_on_c, 0, 90, 0
2, 8760, Note_on_c, 0, 74, 0
2, 8760, Note_on_c, 0, 73, 86
2, 8820, Note_on_c, 0, 73, 0
2, 8820, Note_on_c, 0, 76, 101
2, 8820, Note_on_c, 0, 78, 47
2, 8879, Note_on_c, 0, 76, 0
2, 8879, Note_on_c, 0, 73, 85
2, 8909, Note_on_c, 0, 78, 0
2, 8940, Note_on_c, 0, 73, 0
2, 8940, Note_on_c, 0, 72, 87
2, 9000, Note_on_c, 0, 72, 0
2, 9000, Note_on_c, 0, 75, 101
2, 9000, Note_on_c, 0, 69, 50
2, 9059, Note_on_c, 0, 75, 0
2, 9059, Note_on_c, 0, 72, 76
2, 9089, Note_on_c, 0, 69, 0
2, 9120, Note_on_c, 0, 72, 0
2, 9120, Note_on_c, 0, 71, 89
2, 9180, Note_on_c, 0, 71, 0
2, 9180, Note_on_c, 0, 70, 87
2, 9180, Note_on_c, 0, 78, 83
2, 9239, Note_on_c, 0, 70, 0
2, 9239, Note_on_c, 0, 71, 95
2, 9269, Note_on_c, 0, 78, 0
2, 9300, Note_on_c, 0, 71, 0
2, 9300, Note_on_c, 0, 69, 91
2, 9360, Note_on_c, 0, 69, 0
2, 9360, Note_on_c, 0, 75, 108
2, 9360, Note_on_c, 0, 63, 56
2, 9419, Note_on_c, 0, 75, 0
2, 9419, Note_on_c, 0, 70, 84
2, 9449, Note_on_c, 0, 63, 0
2, 9480, Note_on_c, 0, 70, 0
2, 9480, Note_on_c, 0, 65, 77
2, 9540, Note_on_c, 0, 65, 0
2, 9540, Note_on_c, 0, 66, 94
2, 9599, Note_on_c, 0, 66, 0
2, 9599, Note_on_c, 0, 63, 80
2, 9660, Note_on_c, 0, 63, 0
2, 9660, Note_on_c, 0, 65, 100
2, 9720, Note_on_c, 0, 65, 0
2, 9720, Note_on_c, 0, 62, 85
2, 9720, Note_on_c, 0, 54, 88
2, 9720, Note_on_c, 0, 66, 88
2, 9779, Note_on_c, 0, 62, 0
2, 9779, Note_on_c, 0, 61, 82
2, 9840, Note_on_c, 0, 61, 0
2, 9840, Note_on_c, 0, 64, 95
2, 9900, Note_on_c, 0, 64, 0
2, 9900, Note_on_c, 0, 66, 0
2, 9900, Note_on_c, 0, 54, 0
2, 9900, Note_on_c, 0, 61, 79
2, 9900, Note_on_c, 0, 45, 63
2, 9900, Note_on_c, 0, 57, 63
2, 9959, Note_on_c, 0, 61, 0
2, 9959, Note_on_c, 0, 60, 89
2, 10020, Note_on_c, 0, 60, 0
2, 10020, Note_on_c, 0, 63, 99
2, 10080, Note_on_c, 0, 63, 0
2, 10080, Note_on_c, 0, 57, 0
2, 10080, Note_on_c, 0, 45, 0
2, 10080, Note_on_c, 0, 60, 83
2, 10139, Note_on_c, 0, 60, 0
2, 10139, Note_on_c, 0, 59, 88
2, 10200, Note_on_c, 0, 59, 0
2, 10200, Note_on_c, 0, 62, 99
2, 10260, Note_on_c, 0, 62, 0
2, 10260, Note_on_c, 0, 59, 90
2, 10260, Note_on_c, 0, 37, 89
2, 10260, Note_on_c, 0, 49, 89
2, 10319, Note_on_c, 0, 59, 0
2, 10319, Note_on_c, 0, 58, 90
2, 10380, Note_on_c, 0, 58, 0
2, 10380, Note_on_c, 0, 61, 102
2, 10440, Note_on_c, 0, 61, 0
2, 10440, Note_on_c, 0, 49, 0
2, 10440, Note_on_c, 0, 37, 0
2, 10440, Note_on_c, 0, 58, 91
2, 10440, Note_on_c, 0, 30, 65
2, 10440, Note_on_c, 0, 42, 65
2, 10499, Note_on_c, 0, 58, 0
2, 10499, Note_on_c, 0, 57, 88
2, 10560, Note_on_c, 0, 57, 0
2, 10560, Note_on_c, 0, 61, 101
2, 10620, Note_on_c, 0, 61, 0
2, 10620, Note_on_c, 0, 42, 0
2, 10620, Note_on_c, 0, 30, 0
2, 10620, Note_on_c, 0, 57, 92
2, 10679, Note_on_c, 0, 57, 0
2, 10679, Note_on_c, 0, 56, 91
2, 10740, Note_on_c, 0, 56, 0
2, 10740, Note_on_c, 0, 57, 90
2, 10800, Note_on_c, 0, 57, 0
2, 10800, Note_on_c, 0, 58, 89
2, 10859, Note_on_c, 0, 58, 0
2, 10859, Note_on_c, 0, 59, 87
2, 10920, Note_on_c, 0, 59, 0
2, 10920, Note_on_c, 0, 57, 86
2, 10980, Note_on_c, 0, 57, 0
2, 10980, Note_on_c, 0, 58, 85
2, 10980, Note_on_c, 0, 61, 75
2, 10980, Note_on_c, 0, 66, 75
2, 10980, Note_on_c, 0, 73, 75
2, 11039, Note_on_c, 0, 58, 0
2, 11039, Note_on_c, 0, 59, 84
2, 11100, Note_on_c, 0, 59, 0
2, 11100, Note_on_c, 0, 56, 83
2, 11160, Note_on_c, 0, 56, 0
2, 11160, Note_on_c, 0, 58, 81
2, 11219, Note_on_c, 0, 58, 0
2, 11219, Note_on_c, 0, 59, 80
2, 11280, Note_on_c, 0, 59, 0
2, 11280, Note_on_c, 0, 49, 79
2, 11340, Note_on_c, 0, 49, 0
2, 11340, Note_on_c, 0, 54, 78
2, 11399, Note_on_c, 0, 54, 0
2, 11399, Note_on_c, 0, 58, 77
2, 11460, Note_on_c, 0, 58, 0
2, 11460, Note_on_c, 0, 61, 75
2, 11520, Note_on_c, 0, 61, 0
2, 11520, Note_on_c, 0, 61, 0
2, 11520, Note_on_c, 0, 66, 0
2, 11520, Note_on_c, 0, 73, 0
2, 11520, Note_on_c, 0, 63, 74
2, 11579, Note_on_c, 0, 63, 0
2, 11579, Note_on_c, 0, 65, 73
2, 11640, Note_on_c, 0, 65, 0
2, 11640, Note_on_c, 0, 66, 72
2, 11700, Note_on_c, 0, 66, 0
2, 11700, Note_on_c, 0, 68, 71
2, 11759, Note_on_c, 0, 68, 0
2, 11759, Note_on_c, 0, 70, 69
2, 11820, Note_on_c, 0, 70, 0
2, 11820, Note_on_c, 0, 71, 68
2, 11880, Note_on_c, 0, 71, 0
2, 11880, Note_on_c, 0, 73, 62
2, 11939, Note_on_c, 0, 73, 0
2, 11939, Note_on_c, 0, 75, 60
2, 12000, Note_on_c, 0, 75, 0
2, 12000, Note_on_c, 0, 77, 59
2, 12060, Note_on_c, 0, 77, 0
2, 12060, Note_on_c, 0, 78, 60
2, 12119, Note_on_c, 0, 78, 0
2, 12119, Note_on_c, 0, 80, 62
2, 12180, Note_on_c, 0, 80, 0
2, 12180, Note_on_c, 0, 81, 58
2, 12240, Note_on_c, 0, 81, 0
2, 12240, Note_on_c, 0, 82, 64
2, 12240, Note_on_c, 0, 86, 65
2, 12240, Note_on_c, 0, 89, 65
2, 12299, Note_on_c, 0, 82, 0
2, 12299, Note_on_c, 0, 77, 48
2, 12360, Note_on_c, 0, 77, 0
2, 12360, Note_on_c, 0, 70, 42
2, 12420, Note_on_c, 0, 70, 0
2, 12420, Note_on_c, 0, 89, 0
2, 12420, Note_on_c, 0, 86, 0
2, 12420, Note_on_c, 0, 77, 67
2, 12420, Note_on_c, 0, 87, 78
2, 12420, Note_on_c, 0, 94, 78
2, 12479, Note_on_c, 0, 77, 0
2, 12479, Note_on_c, 0, 78, 61
2, 12540, Note_on_c, 0, 78, 0
2, 12540, Note_on_c, 0, 80, 62
2, 12600, Note_on_c, 0, 80, 0
2, 12600, Note_on_c, 0, 94, 0
2, 12600, Note_on_c, 0, 87, 0
2, 12600, Note_on_c, 0, 82, 57
2, 12600, Note_on_c, 0, 86, 60
2, 12600, Note_on_c, 0, 89, 60
2, 12659, Note_on_c, 0, 82, 0
2, 12659, Note_on_c, 0, 77, 47
2, 12720, Note_on_c, 0, 77, 0
2, 12720, Note_on_c, 0, 70, 40
2, 12780, Note_on_c, 0, 70, 0
2, 12780, Note_on_c, 0, 89, 0
2, 12780, Note_on_c, 0, 86, 0
2, 12780, Note_on_c, 0, 77, 62
2, 12780, Note_on_c, 0, 87, 79
2, 12780, Note_on_c, 0, 94, 79
2, 12839, Note_on_c, 0, 77, 0
2, 12839, Note_on_c, 0, 78, 60
2, 12900, Note_on_c, 0, 78, 0
2, 12900, Note_on_c, 0, 80, 66
2, 12960, Note_on_c, 0, 80, 0
2, 12960, Note_on_c, 0, 94, 0
2, 12960, Note_on_c, 0, 87, 0
2, 12960, Note_on_c, 0, 82, 59
2, 12960, Note_on_c, 0, 86, 63
2, 12960, Note_on_c, 0, 89, 63
2, 13140, Note_on_c, 0, 89, 0
2, 13140, Note_on_c, 0, 86, 0
2, 13140, Note_on_c, 0, 82, 0
2, 13140, Note_on_c, 0, 50, 55
2, 13140, Note_on_c, 0, 22, 63
2, 13140, Note_on_c, 0, 34, 63
2, 13199, Note_on_c, 0, 50, 0
2, 13199, Note_on_c, 0, 56, 60
2, 13260, Note_on_c, 0, 56, 0
2, 13260, Note_on_c, 0, 58, 66
2, 13320, Note_on_c, 0, 58, 0
2, 13320, Note_on_c, 0, 62, 71
2, 13379, Note_on_c, 0, 62, 0
2, 13379, Note_on_c, 0, 68, 76
2, 13440, Note_on_c, 0, 68, 0
2, 13440, Note_on_c, 0, 70, 81
2, 13500, Note_on_c, 0, 70, 0
2, 13500, Note_on_c, 0, 34, 0
2, 13500, Note_on_c, 0, 22, 0
2, 13500, Note_on_c, 0, 63, 122
2, 13500, Note_on_c, 0, 75, 122
2, 13500, Note_on_c, 0, 35, 105
2, 13500, Note_on_c, 0, 47, 105
2, 13559, Note_on_c, 0, 75, 0
2, 13559, Note_on_c, 0, 63, 0
2, 13559, Note_on_c, 0, 68, 78
2, 13620, Note_on_c, 0, 68, 0
2, 13620, Note_on_c, 0, 67, 86
2, 13680, Note_on_c, 0, 67, 0
2, 13680, Note_on_c, 0, 66, 92
2, 13680, Note_on_c, 0, 68, 92
2, 13739, Note_on_c, 0, 68, 0
2, 13739, Note_on_c, 0, 66, 0
2, 13739, Note_on_c, 0, 65, 79
2, 13800, Note_on_c, 0, 65, 0
2, 13800, Note_on_c, 0, 64, 86
2, 13860, Note_on_c, 0, 64, 0
2, 13860, Note_on_c, 0, 63, 89
2, 13919, Note_on_c, 0, 63, 0
2, 13919, Note_on_c, 0, 58, 85
2, 13980, Note_on_c, 0, 58, 0
2, 13980, Note_on_c, 0, 56, 89
2, 14040, Note_on_c, 0, 56, 0
2, 14040, Note_on_c, 0, 55, 90
2, 14099, Note_on_c, 0, 55, 0
2, 14099, Note_on_c, 0, 54, 87
2, 14160, Note_on_c, 0, 54, 0
2, 14160, Note_on_c, 0, 53, 90
2, 14220, Note_on_c, 0, 53, 0
2, 14220, Note_on_c, 0, 35, 0
2, 14220, Note_on_c, 0, 47, 0
2, 14220, Note_on_c, 0, 37, 76
2, 14220, Note_on_c, 0, 49, 76
2, 14279, Note_on_c, 0, 59, 92
2, 14340, Note_on_c, 0, 59, 0
2, 14340, Note_on_c, 0, 64, 99
2, 14400, Note_on_c, 0, 64, 0
2, 14400, Note_on_c, 0, 65, 105
2, 14459, Note_on_c, 0, 65, 0
2, 14459, Note_on_c, 0, 71, 111
2, 14520, Note_on_c, 0, 71, 0
2, 14520, Note_on_c, 0, 73, 118
2, 14580, Note_on_c, 0, 73, 0
2, 14580, Note_on_c, 0, 49, 0
2, 14580, Note_on_c, 0, 37, 0
2, 14580, Note_on_c, 0, 66, 118
2, 14580, Note_on_c, 0, 78, 118
2, 14580, Note_on_c, 0, 50, 113
2, 14580, Note_on_c, 0, 62, 113
2, 14639, Note_on_c, 0, 78, 0
2, 14639, Note_on_c, 0, 66, 0
2, 14639, Note_on_c, 0, 73, 115
2, 14700, Note_on_c, 0, 73, 0
2, 14700, Note_on_c, 0, 71, 111
2, 14760, Note_on_c, 0, 71, 0
2, 14760, Note_on_c, 0, 69, 108
2, 14819, Note_on_c, 0, 69, 0
2, 14819, Note_on_c, 0, 68, 105
2, 14880, Note_on_c, 0, 68, 0
2, 14880, Note_on_c, 0, 67, 102
2, 14940, Note_on_c, 0, 67, 0
2, 14940, Note_on_c, 0, 66, 99
2, 14999, Note_on_c, 0, 66, 0
2, 14999, Note_on_c, 0, 65, 96
2, 15060, Note_on_c, 0, 65, 0
2, 15060, Note_on_c, 0, 64, 92
2, 15120, Note_on_c, 0, 64, 0
2, 15120, Note_on_c, 0, 50, 0
2, 15120, Note_on_c, 0, 62, 0
2, 15120, Note_on_c, 0, 51, 104
2, 15120, Note_on_c, 0, 63, 104
2, 15209, Note_on_c, 0, 63, 0
2, 15209, Note_on_c, 0, 51, 0
2, 15300, Note_on_c, 0, 99, 49
2, 15300, Note_on_c, 0, 70, 73
2, 15300, Note_on_c, 0, 75, 73
2, 15300, Note_on_c, 0, 79, 73
2, 15300, Note_on_c, 0, 82, 73
2, 15359, Note_on_c, 0, 99, 0
2, 15359, Note_on_c, 0, 87, 39
2, 15389, Note_on_c, 0, 79, 0
2, 15389, Note_on_c, 0, 82, 0
2, 15389, Note_on_c, 0, 70, 0
2, 15389, Note_on_c, 0, 75, 0
2, 15420, Note_on_c, 0, 87, 0
2, 15420, Note_on_c, 0, 99, 72
2, 15480, Note_on_c, 0, 99, 0
2, 15480, Note_on_c, 0, 97, 54
2, 15480, Note_on_c, 0, 71, 57
2, 15480, Note_on_c, 0, 76, 57
2, 15480, Note_on_c, 0, 80, 57
2, 15480, Note_on_c, 0, 83, 57
2, 15539, Note_on_c, 0, 97, 0
2, 15539, Note_on_c, 0, 85, 40
2, 15569, Note_on_c, 0, 80, 0
2, 15569, Note_on_c, 0, 83, 0
2, 15569, Note_on_c, 0, 71, 0
2, 15569, Note_on_c, 0, 76, 0
2, 15600, Note_on_c, 0, 85, 0
2, 15600, Note_on_c, 0, 97, 71
2, 15660, Note_on_c, 0, 97, 0
2, 15660, Note_on_c, 0, 99, 85
2, 15660, Note_on_c, 0, 63, 42
2, 15719, Note_on_c, 0, 99, 0
2, 15719, Note_on_c, 0, 87, 40
2, 15749, Note_on_c, 0, 63, 0
2, 15780, Note_on_c, 0, 87, 0
2, 15780, Note_on_c, 0, 99, 68
2, 15840, Note_on_c, 0, 99, 0
2, 15840, Note_on_c, 0, 87, 38
2, 15840, Note_on_c, 0, 68, 71
2, 15840, Note_on_c, 0, 73, 71
2, 15840, Note_on_c, 0, 76, 71
2, 15840, Note_on_c, 0, 80, 71
2, 15929, Note_on_c, 0, 80, 0
2, 15929, Note_on_c, 0, 73, 0
2, 15929, Note_on_c, 0, 87, 0
2, 15929, Note_on_c, 0, 68, 0
2, 15929, Note_on_c, 0, 76, 0
2, 16020, Note_on_c, 0, 97, 67
2, 16020, Note_on_c, 0, 70, 62
2, 16020, Note_on_c, 0, 75, 62
2, 16020, Note_on_c, 0, 78, 62
2, 16020, Note_on_c, 0, 82, 62
2, 16079, Note_on_c, 0, 97, 0
2, 16079, Note_on_c, 0, 85, 43
2, 16109, Note_on_c, 0, 78, 0
2, 16109, Note_on_c, 0, 82, 0
2, 16109, Note_on_c, 0, 70, 0
2, 16109, Note_on_c, 0, 75, 0
2, 16140, Note_on_c, 0, 85, 0
2, 16140, Note_on_c, 0, 97, 73
2, 16200, Note_on_c, 0, 97, 0
2, 16200, Note_on_c, 0, 99, 61
2, 16200, Note_on_c, 0, 63, 39
2, 16259, Note_on_c, 0, 99, 0
2, 16259, Note_on_c, 0, 87, 39
2, 16289, Note_on_c, 0, 63, 0
2, 16320, Note_on_c, 0, 87, 0
2, 16320, Note_on_c, 0, 99, 96
2, 16380, Note_on_c, 0, 99, 0
2, 16380, Note_on_c, 0, 87, 38
2, 16380, Note_on_c, 0, 66, 70
2, 16380, Note_on_c, 0, 71, 70
2, 16380, Note_on_c, 0, 75, 70
2, 16380, Note_on_c, 0, 78, 70
2, 16469, Note_on_c, 0, 78, 0
2, 16469, Note_on_c, 0, 71, 0
2, 16469, Note_on_c, 0, 87, 0
2, 16469, Note_on_c, 0, 66, 0
2, 16469, Note_on_c, 0, 75, 0
2, 16560, Note_on_c, 0, 97, 66
2, 16560, Note_on_c, 0, 68, 57
2, 16560, Note_on_c, 0, 73, 57
2, 16560, Note_on_c, 0, 76, 57
2, 16560, Note_on_c, 0, 80, 57
2, 16619, Note_on_c, 0, 97, 0
2, 16619, Note_on_c, 0, 85, 40
2, 16649, Note_on_c, 0, 76, 0
2, 16649, Note_on_c, 0, 80, 0
2, 16649, Note_on_c, 0, 68, 0
2, 16649, Note_on_c, 0, 73, 0
2, 16680, Note_on_c, 0, 85, 0
2, 16680, Note_on_c, 0, 97, 71
2, 16740, Note_on_c, 0, 97, 0
2, 16740, Note_on_c, 0, 99, 87
2, 16740, Note_on_c, 0, 63, 40
2, 16799, Note_on_c, 0, 99, 0
2, 16799, Note_on_c, 0, 87, 43
2, 16829, Note_on_c, 0, 63, 0
2, 16860, Note_on_c, 0, 87, 0
2, 16860, Note_on_c, 0, 99, 66
2, 16920, Note_on_c, 0, 99, 0
2, 16920, Note_on_c, 0, 87, 42
2, 16920, Note_on_c, 0, 64, 68
2, 16920, Note_on_c, 0, 68, 68
2, 16920, Note_on_c, 0, 71, 68
2, 16920, Note_on_c, 0, 76, 68
2, 17009, Note_on_c, 0, 76, 0
2, 17009, Note_on_c, 0, 68, 0
2, 17009, Note_on_c, 0, 87, 0
2, 17009, Note_on_c, 0, 64, 0
2, 17009, Note_on_c, 0, 71, 0
2, 17100, Note_on_c, 0, 63, 41
2, 17100, Note_on_c, 0, 66, 66
2, 17100, Note_on_c, 0, 70, 66
2, 17100, Note_on_c, 0, 75, 66
2, 17100, Note_on_c, 0, 78, 66
2, 17159, Note_on_c, 0, 63, 0
2, 17159, Note_on_c, 0, 61, 47
2, 17189, Note_on_c, 0, 75, 0
2, 17189, Note_on_c, 0, 78, 0
2, 17189, Note_on_c, 0, 66, 0
2, 17189, Note_on_c, 0, 70, 0
2, 17220, Note_on_c, 0, 61, 0
2, 17220, Note_on_c, 0, 59, 54
2, 17280, Note_on_c, 0, 59, 0
2, 17280, Note_on_c, 0, 58, 55
2, 17339, Note_on_c, 0, 58, 0
2, 17339, Note_on_c, 0, 59, 57
2, 17400, Note_on_c, 0, 59, 0
2, 17400, Note_on_c, 0, 57, 58
2, 17460, Note_on_c, 0, 57, 0
2, 17460, Note_on_c, 0, 58, 60
2, 17460, Note_on_c, 0, 54, 46
2, 17519, Note_on_c, 0, 58, 0
2, 17519, Note_on_c, 0, 63, 61
2, 17580, Note_on_c, 0, 63, 0
2, 17580, Note_on_c, 0, 61, 63
2, 17640, Note_on_c, 0, 61, 0
2, 17640, Note_on_c, 0, 54, 0
2, 17640, Note_on_c, 0, 62, 64
2, 17640, Note_on_c, 0, 47, 52
2, 17699, Note_on_c, 0, 62, 0
2, 17699, Note_on_c, 0, 63, 66
2, 17760, Note_on_c, 0, 63, 0
2, 17760, Note_on_c, 0, 66, 67
2, 17820, Note_on_c, 0, 66, 0
2, 17820, Note_on_c, 0, 47, 0
2, 17820, Note_on_c, 0, 67, 69
2, 17820, Note_on_c, 0, 38, 51
2, 17879, Note_on_c, 0, 67, 0
2, 17879, Note_on_c, 0, 70, 70
2, 17940, Note_on_c, 0, 70, 0
2, 17940, Note_on_c, 0, 68, 72
2, 18000, Note_on_c, 0, 68, 0
2, 18000, Note_on_c, 0, 38, 0
2, 18000, Note_on_c, 0, 71, 73
2, 18000, Note_on_c, 0, 42, 55
2, 18059, Note_on_c, 0, 71, 0
2, 18059, Note_on_c, 0, 74, 75
2, 18120, Note_on_c, 0, 74, 0
2, 18120, Note_on_c, 0, 75, 76
2, 18180, Note_on_c, 0, 75, 0
2, 18180, Note_on_c, 0, 42, 0
2, 18180, Note_on_c, 0, 78, 78
2, 18180, Note_on_c, 0, 33, 47
2, 18239, Note_on_c, 0, 78, 0
2, 18239, Note_on_c, 0, 75, 79
2, 18300, Note_on_c, 0, 75, 0
2, 18300, Note_on_c, 0, 74, 81
2, 18360, Note_on_c, 0, 74, 0
2, 18360, Note_on_c, 0, 33, 0
2, 18360, Note_on_c, 0, 77, 102
2, 18360, Note_on_c, 0, 27, 63
2, 18360, Note_on_c, 0, 39, 63
2, 18419, Note_on_c, 0, 77, 0
2, 18419, Note_on_c, 0, 74, 86
2, 18480, Note_on_c, 0, 74, 0
2, 18480, Note_on_c, 0, 73, 88
2, 18540, Note_on_c, 0, 73, 0
2, 18540, Note_on_c, 0, 76, 100
2, 18540, Note_on_c, 0, 45, 75
2, 18540, Note_on_c, 0, 57, 75
2, 18599, Note_on_c, 0, 76, 0
2, 18599, Note_on_c, 0, 73, 83
2, 18660, Note_on_c, 0, 73, 0
2, 18660, Note_on_c, 0, 72, 85
2, 18720, Note_on_c, 0, 72, 0
2, 18720, Note_on_c, 0, 75, 99
2, 18779, Note_on_c, 0, 75, 0
2, 18779, Note_on_c, 0, 72, 84
2, 18840, Note_on_c, 0, 72, 0
2, 18840, Note_on_c, 0, 71, 88
2, 18900, Note_on_c, 0, 71, 0
2, 18900, Note_on_c, 0, 57, 0
2, 18900, Note_on_c, 0, 45, 0
2, 18900, Note_on_c, 0, 70, 84
2, 18900, Note_on_c, 0, 54, 87
2, 18900, Note_on_c, 0, 66, 87
2, 18959, Note_on_c, 0, 70, 0
2, 18959, Note_on_c, 0, 71, 97
2, 19020, Note_on_c, 0, 71, 0
2, 19020, Note_on_c, 0, 69, 86
2, 19080, Note_on_c, 0, 69, 0
2, 19080, Note_on_c, 0, 75, 110
2, 19139, Note_on_c, 0, 75, 0
2, 19139, Note_on_c, 0, 70, 83
2, 19200, Note_on_c, 0, 70, 0
2, 19200, Note_on_c, 0, 65, 79
2, 19260, Note_on_c, 0, 65, 0
2, 19260, Note_on_c, 0, 66, 0
2, 19260, Note_on_c, 0, 54, 0
2, 19260, Note_on_c, 0, 66, 61
2, 19319, Note_on_c, 0, 66, 0
2, 19319, Note_on_c, 0, 58, 49
2, 19380, Note_on_c, 0, 58, 0
2, 19380, Note_on_c, 0, 51, 46
2, 19440, Note_on_c, 0, 39, 0
2, 19440, Note_on_c, 0, 27, 0
2, 19440, Note_on_c, 0, 76, 82
2, 19440, Note_on_c, 0, 67, 61
2, 19440, Note_on_c, 0, 59, 77
2, 19499, Note_on_c, 0, 67, 0
2, 19499, Note_on_c, 0, 73, 81
2, 19560, Note_on_c, 0, 73, 0
2, 19560, Note_on_c, 0, 72, 67
2, 19620, Note_on_c, 0, 72, 0
2, 19620, Note_on_c, 0, 59, 0
2, 19620, Note_on_c, 0, 71, 60
2, 19620, Note_on_c, 0, 60, 77
2, 19679, Note_on_c, 0, 71, 0
2, 19679, Note_on_c, 0, 72, 79
2, 19740, Note_on_c, 0, 72, 0
2, 19740, Note_on_c, 0, 73, 81
2, 19800, Note_on_c, 0, 73, 0
2, 19800, Note_on_c, 0, 60, 0
2, 19800, Note_on_c, 0, 69, 63
2, 19800, Note_on_c, 0, 61, 74
2, 19859, Note_on_c, 0, 69, 0
2, 19859, Note_on_c, 0, 70, 71
2, 19920, Note_on_c, 0, 70, 0
2, 19920, Note_on_c, 0, 73, 78
2, 19980, Note_on_c, 0, 73, 0
2, 19980, Note_on_c, 0, 61, 0
2, 19980, Note_on_c, 0, 67, 58
2, 19980, Note_on_c, 0, 62, 76
2, 20039, Note_on_c, 0, 67, 0
2, 20039, Note_on_c, 0, 68, 74
2, 20100, Note_on_c, 0, 68, 0
2, 20100, Note_on_c, 0, 71, 76
2, 20160, Note_on_c, 0, 71, 0
2, 20160, Note_on_c, 0, 51, 0
2, 20160, Note_on_c, 0, 76, 0
2, 20160, Note_on_c, 0, 62, 0
2, 20160, Note_on_c, 0, 83, 122
2, 20160, Note_on_c, 0, 80, 91
2, 20160, Note_on_c, 0, 59, 61
2, 20160, Note_on_c, 0, 63, 77
2, 20219, Note_on_c, 0, 63, 0
2, 20219, Note_on_c, 0, 65, 77
2, 20280, Note_on_c, 0, 65, 0
2, 20280, Note_on_c, 0, 67, 75
2, 20340, Note_on_c, 0, 67, 0
2, 20340, Note_on_c, 0, 83, 0
2, 20340, Note_on_c, 0, 80, 0
2, 20340, Note_on_c, 0, 75, 72
2, 20340, Note_on_c, 0, 75, 61
2, 20340, Note_on_c, 0, 68, 74
2, 20399, Note_on_c, 0, 68, 0
2, 20399, Note_on_c, 0, 70, 77
2, 20460, Note_on_c, 0, 70, 0
2, 20460, Note_on_c, 0, 71, 71
2, 20520, Note_on_c, 0, 71, 0
2, 20520, Note_on_c, 0, 59, 0
2, 20520, Note_on_c, 0, 75, 0
2, 20520, Note_on_c, 0, 75, 0
2, 20520, Note_on_c, 0, 74, 96
2, 20520, Note_on_c, 0, 65, 71
2, 20520, Note_on_c, 0, 51, 53
2, 20520, Note_on_c, 0, 56, 61
2, 20579, Note_on_c, 0, 65, 0
2, 20579, Note_on_c, 0, 71, 69
2, 20640, Note_on_c, 0, 71, 0
2, 20640, Note_on_c, 0, 70, 68
2, 20700, Note_on_c, 0, 70, 0
2, 20700, Note_on_c, 0, 56, 0
2, 20700, Note_on_c, 0, 69, 66
2, 20700, Note_on_c, 0, 58, 69
2, 20759, Note_on_c, 0, 69, 0
2, 20759, Note_on_c, 0, 70, 65
2, 20820, Note_on_c, 0, 70, 0
2, 20820, Note_on_c, 0, 71, 63
2, 20880, Note_on_c, 0, 71, 0
2, 20880, Note_on_c, 0, 58, 0
2, 20880, Note_on_c, 0, 67, 62
2, 20880, Note_on_c, 0, 59, 75
2, 20939, Note_on_c, 0, 67, 0
2, 20939, Note_on_c, 0, 68, 60
2, 21000, Note_on_c, 0, 68, 0
2, 21000, Note_on_c, 0, 71, 59
2, 21060, Note_on_c, 0, 71, 0
2, 21060, Note_on_c, 0, 59, 0
2, 21060, Note_on_c, 0, 64, 57
2, 21060, Note_on_c, 0, 62, 76
2, 21119, Note_on_c, 0, 64, 0
2, 21119, Note_on_c, 0, 65, 56
2, 21180, Note_on_c, 0, 65, 0
2, 21180, Note_on_c, 0, 68, 54
2, 21240, Note_on_c, 0, 62, 0
2, 21240, Note_on_c, 0, 74, 0
2, 21240, Note_on_c, 0, 51, 0
2, 21240, Note_on_c, 0, 75, 99
2, 21240, Note_on_c, 0, 59, 60
2, 21240, Note_on_c, 0, 63, 74
2, 21299, Note_on_c, 0, 63, 0
2, 21299, Note_on_c, 0, 64, 78
2, 21360, Note_on_c, 0, 64, 0
2, 21360, Note_on_c, 0, 65, 74
2, 21420, Note_on_c, 0, 65, 0
2, 21420, Note_on_c, 0, 68, 0
2, 21420, Note_on_c, 0, 69, 48
2, 21420, Note_on_c, 0, 66, 73
2, 21479, Note_on_c, 0, 66, 0
2, 21479, Note_on_c, 0, 68, 79
2, 21540, Note_on_c, 0, 68, 0
2, 21540, Note_on_c, 0, 69, 72
2, 21600, Note_on_c, 0, 69, 0
2, 21600, Note_on_c, 0, 75, 0
2, 21600, Note_on_c, 0, 59, 0
2, 21600, Note_on_c, 0, 69, 0
2, 21600, Note_on_c, 0, 70, 59
2, 21600, Note_on_c, 0, 58, 65
2, 21600, Note_on_c, 0, 63, 65
2, 21600, Note_on_c, 0, 66, 65
2, 21659, Note_on_c, 0, 70, 0
2, 21659, Note_on_c, 0, 67, 52
2, 21689, Note_on_c, 0, 58, 0
2, 21689, Note_on_c, 0, 66, 0
2, 21689, Note_on_c, 0, 63, 0
2, 21720, Note_on_c, 0, 67, 0
2, 21720, Note_on_c, 0, 68, 56
2, 21780, Note_on_c, 0, 68, 0
2, 21780, Note_on_c, 0, 69, 58
2, 21839, Note_on_c, 0, 69, 0
2, 21839, Note_on_c, 0, 70, 64
2, 21900, Note_on_c, 0, 70, 0
2, 21900, Note_on_c, 0, 71, 60
2, 21960, Note_on_c, 0, 71, 0
2, 21960, Note_on_c, 0, 75, 62
2, 21960, Note_on_c, 0, 72, 55
2, 21960, Note_on_c, 0, 63, 44
2, 21960, Note_on_c, 0, 67, 44
2, 22019, Note_on_c, 0, 72, 0
2, 22019, Note_on_c, 0, 73, 56
2, 22049, Note_on_c, 0, 75, 0
2, 22049, Note_on_c, 0, 67, 0
2, 22049, Note_on_c, 0, 63, 0
2, 22080, Note_on_c, 0, 73, 0
2, 22080, Note_on_c, 0, 74, 61
2, 22140, Note_on_c, 0, 74, 0
2, 22140, Note_on_c, 0, 77, 71
2, 22140, Note_on_c, 0, 75, 57
2, 22140, Note_on_c, 0, 58, 66
2, 22140, Note_on_c, 0, 63, 66
2, 22140, Note_on_c, 0, 68, 66
2, 22140, Note_on_c, 0, 71, 66
2, 22199, Note_on_c, 0, 75, 0
2, 22199, Note_on_c, 0, 69, 48
2, 22229, Note_on_c, 0, 58, 0
2, 22229, Note_on_c, 0, 68, 0
2, 22229, Note_on_c, 0, 63, 0
2, 22229, Note_on_c, 0, 77, 0
2, 22229, Note_on_c, 0, 71, 0
2, 22260, Note_on_c, 0, 69, 0
2, 22260, Note_on_c, 0, 70, 55
2, 22320, Note_on_c, 0, 70, 0
2, 22320, Note_on_c, 0, 71, 55
2, 22379, Note_on_c, 0, 71, 0
2, 22379, Note_on_c, 0, 72, 57
2, 22440, Note_on_c, 0, 72, 0
2, 22440, Note_on_c, 0, 73, 58
2, 22500, Note_on_c, 0, 73, 0
2, 22500, Note_on_c, 0, 79, 62
2, 22500, Note_on_c, 0, 72, 59
2, 22500, Note_on_c, 0, 64, 50
2, 22500, Note_on_c, 0, 67, 50
2, 22559, Note_on_c, 0, 72, 0
2, 22559, Note_on_c, 0, 73, 59
2, 22589, Note_on_c, 0, 79, 0
2, 22589, Note_on_c, 0, 67, 0
2, 22589, Note_on_c, 0, 64, 0
2, 22620, Note_on_c, 0, 73, 0
2, 22620, Note_on_c, 0, 74, 58
2, 22680, Note_on_c, 0, 74, 0
2, 22680, Note_on_c, 0, 80, 65
2, 22680, Note_on_c, 0, 75, 60
2, 22680, Note_on_c, 0, 58, 60
2, 22680, Note_on_c, 0, 63, 60
2, 22680, Note_on_c, 0, 68, 60
2, 22680, Note_on_c, 0, 71, 60
2, 22739, Note_on_c, 0, 75, 0
2, 22739, Note_on_c, 0, 71, 52
2, 22769, Note_on_c, 0, 58, 0
2, 22769, Note_on_c, 0, 68, 0
2, 22769, Note_on_c, 0, 63, 0
2, 22769, Note_on_c, 0, 80, 0
2, 22769, Note_on_c, 0, 71, 0
2, 22800, Note_on_c, 0, 71, 0
2, 22800, Note_on_c, 0, 73, 53
2, 22860, Note_on_c, 0, 73, 0
2, 22860, Note_on_c, 0, 75, 60
2, 22919, Note_on_c, 0, 75, 0
2, 22919, Note_on_c, 0, 76, 65
2, 22980, Note_on_c, 0, 76, 0
2, 22980, Note_on_c, 0, 77, 57
2, 23040, Note_on_c, 0, 77, 0
2, 23040, Note_on_c, 0, 81, 62
2, 23040, Note_on_c, 0, 78, 58
2, 23040, Note_on_c, 0, 63, 51
2, 23040, Note_on_c, 0, 69, 51
2, 23040, Note_on_c, 0, 72, 51
2, 23099, Note_on_c, 0, 78, 0
2, 23099, Note_on_c, 0, 77, 55
2, 23129, Note_on_c, 0, 69, 0
2, 23129, Note_on_c, 0, 72, 0
2, 23129, Note_on_c, 0, 81, 0
2, 23129, Note_on_c, 0, 63, 0
2, 23160, Note_on_c, 0, 77, 0
2, 23160, Note_on_c, 0, 78, 58
2, 23220, Note_on_c, 0, 82, 69
2, 23220, Note_on_c, 0, 58, 47
2, 23220, Note_on_c, 0, 63, 47
2, 23220, Note_on_c, 0, 67, 47
2, 23220, Note_on_c, 0, 70, 47
2, 23279, Note_on_c, 0, 78, 0
2, 23279, Note_on_c, 0, 77, 52
2, 23309, Note_on_c, 0, 58, 0
2, 23309, Note_on_c, 0, 67, 0
2, 23309, Note_on_c, 0, 63, 0
2, 23309, Note_on_c, 0, 82, 0
2, 23309, Note_on_c, 0, 70, 0
2, 23340, Note_on_c, 0, 77, 0
2, 23340, Note_on_c, 0, 78, 58
2, 23400, Note_on_c, 0, 78, 0
2, 23400, Note_on_c, 0, 84, 71
2, 23400, Note_on_c, 0, 79, 61
2, 23400, Note_on_c, 0, 63, 56
2, 23400, Note_on_c, 0, 69, 56
2, 23400, Note_on_c, 0, 72, 56
2, 23459, Note_on_c, 0, 79, 0
2, 23459, Note_on_c, 0, 80, 57
2, 23489, Note_on_c, 0, 69, 0
2, 23489, Note_on_c, 0, 72, 0
2, 23489, Note_on_c, 0, 84, 0
2, 23489, Note_on_c, 0, 63, 0
2, 23520, Note_on_c, 0, 80, 0
2, 23520, Note_on_c, 0, 81, 62
2, 23580, Note_on_c, 0, 81, 0
2, 23580, Note_on_c, 0, 86, 73
2, 23580, Note_on_c, 0, 82, 60
2, 23580, Note_on_c, 0, 58, 52
2, 23580, Note_on_c, 0, 62, 52
2, 23580, Note_on_c, 0, 70, 52
2, 23639, Note_on_c, 0, 82, 0
2, 23639, Note_on_c, 0, 80, 52
2, 23669, Note_on_c, 0, 62, 0
2, 23669, Note_on_c, 0, 70, 0
2, 23669, Note_on_c, 0, 86, 0
2, 23669, Note_on_c, 0, 58, 0
2, 23700, Note_on_c, 0, 80, 0
2, 23700, Note_on_c, 0, 78, 49
2, 23760, Note_on_c, 0, 87, 69
2, 23760, Note_on_c, 0, 63, 63
2, 23760, Note_on_c, 0, 70, 63
2, 23760, Note_on_c, 0, 75, 63
2, 23849, Note_on_c, 0, 75, 0
2, 23849, Note_on_c, 0, 63, 0
2, 23849, Note_on_c, 0, 70, 0
2, 23849, Note_on_c, 0, 87, 0
2, 23940, Note_on_c, 0, 78, 0
2, 23940, Note_on_c, 0, 83, 38
2, 23940, Note_on_c, 0, 87, 64
2, 23984, Note_on_c, 0, 87, 0
2, 23999, Note_on_c, 0, 83, 0
2, 23999, Note_on_c, 0, 79, 41
2, 24030, Note_on_c, 0, 75, 34
2, 24060, Note_on_c, 0, 79, 0
2, 24060, Note_on_c, 0, 74, 40
2, 24074, Note_on_c, 0, 75, 0
2, 24120, Note_on_c, 0, 74, 0
2, 24120, Note_on_c, 0, 82, 53
2, 24120, Note_on_c, 0, 87, 56
2, 24164, Note_on_c, 0, 87, 0
2, 24179, Note_on_c, 0, 82, 0
2, 24179, Note_on_c, 0, 78, 40
2, 24210, Note_on_c, 0, 75, 30
2, 24240, Note_on_c, 0, 78, 0
2, 24240, Note_on_c, 0, 73, 39
2, 24254, Note_on_c, 0, 75, 0
2, 24300, Note_on_c, 0, 73, 0
2, 24300, Note_on_c, 0, 81, 53
2, 24300, Note_on_c, 0, 87, 60
2, 24344, Note_on_c, 0, 87, 0
2, 24359, Note_on_c, 0, 81, 0
2, 24359, Note_on_c, 0, 77, 38
2, 24390, Note_on_c, 0, 75, 30
2, 24420, Note_on_c, 0, 77, 0
2, 24420, Note_on_c, 0, 72, 41
2, 24434, Note_on_c, 0, 75, 0
2, 24480, Note_on_c, 0, 72, 0
2, 24480, Note_on_c, 0, 80, 59
2, 24480, Note_on_c, 0, 87, 58
2, 24524, Note_on_c, 0, 87, 0
2, 24539, Note_on_c, 0, 80, 0
2, 24539, Note_on_c, 0, 76, 40
2, 24570, Note_on_c, 0, 75, 32
2, 24600, Note_on_c, 0, 76, 0
2, 24600, Note_on_c, 0, 71, 38
2, 24614, Note_on_c, 0, 75, 0
2, 24660, Note_on_c, 0, 71, 0
2, 24660, Note_on_c, 0, 79, 54
2, 24660, Note_on_c, 0, 87, 56
2, 24704, Note_on_c, 0, 87, 0
2, 24719, Note_on_c, 0, 79, 0
2, 24719, Note_on_c, 0, 71, 38
2, 24750, Note_on_c, 0, 75, 35
2, 24780, Note_on_c, 0, 71, 0
2, 24780, Note_on_c, 0, 69, 36
2, 24794, Note_on_c, 0, 75, 0
2, 24840, Note_on_c, 0, 69, 0
2, 24840, Note_on_c, 0, 78, 56
2, 24840, Note_on_c, 0, 87, 55
2, 24884, Note_on_c, 0, 87, 0
2, 24899, Note_on_c, 0, 78, 0
2, 24899, Note_on_c, 0, 70, 38
2, 24930, Note_on_c, 0, 75, 33
2, 24960, Note_on_c, 0, 70, 0
2, 24960, Note_on_c, 0, 63, 34
2, 24974, Note_on_c, 0, 75, 0
2, 25020, Note_on_c, 0, 63, 0
2, 25020, Note_on_c, 0, 71, 50
2, 25020, Note_on_c, 0, 75, 39
2, 25064, Note_on_c, 0, 75, 0
2, 25079, Note_on_c, 0, 71, 0
2, 25079, Note_on_c, 0, 67, 41
2, 25110, Note_on_c, 0, 63, 32
2, 25140, Note_on_c, 0, 67, 0
2, 25140, Note_on_c, 0, 62, 33
2, 25154, Note_on_c, 0, 63, 0
2, 25200, Note_on_c, 0, 62, 0
2, 25200, Note_on_c, 0, 70, 54
2, 25200, Note_on_c, 0, 75, 59
2, 25244, Note_on_c, 0, 75, 0
2, 25259, Note_on_c, 0, 70, 0
2, 25259, Note_on_c, 0, 66, 44
2, 25290, Note_on_c, 0, 63, 35
2, 25320, Note_on_c, 0, 66, 0
2, 25320, Note_on_c, 0, 61, 37
2, 25334, Note_on_c, 0, 63, 0
2, 25380, Note_on_c, 0, 61, 0
2, 25380, Note_on_c, 0, 69, 56
2, 25380, Note_on_c, 0, 75, 56
2, 25424, Note_on_c, 0, 75, 0
2, 25439, Note_on_c, 0, 69, 0
2, 25439, Note_on_c, 0, 65, 38
2, 25470, Note_on_c, 0, 63, 36
2, 25500, Note_on_c, 0, 65, 0
2, 25500, Note_on_c, 0, 60, 39
2, 25514, Note_on_c, 0, 63, 0
2, 25560, Note_on_c, 0, 60, 0
2, 25560, Note_on_c, 0, 68, 60
2, 25560, Note_on_c, 0, 75, 51
2, 25604, Note_on_c, 0, 75, 0
2, 25619, Note_on_c, 0, 68, 0
2, 25619, Note_on_c, 0, 64, 44
2, 25650, Note_on_c, 0, 63, 35
2, 25680, Note_on_c, 0, 64, 0
2, 25680, Note_on_c, 0, 59, 48
2, 25694, Note_on_c, 0, 63, 0
2, 25740, Note_on_c, 0, 59, 0
2, 25740, Note_on_c, 0, 67, 53
2, 25740, Note_on_c, 0, 75, 55
2, 25784, Note_on_c, 0, 75, 0
2, 25799, Note_on_c, 0, 67, 0
2, 25799, Note_on_c, 0, 59, 45
2, 25830, Note_on_c, 0, 63, 32
2, 25860, Note_on_c, 0, 59, 0
2, 25860, Note_on_c, 0, 57, 47
2, 25874, Note_on_c, 0, 63, 0
2, 25920, Note_on_c, 0, 57, 0
2, 25920, Note_on_c, 0, 66, 52
2, 25920, Note_on_c, 0, 75, 58
2, 25964, Note_on_c, 0, 75, 0
2, 25979, Note_on_c, 0, 66, 0
2, 25979, Note_on_c, 0, 58, 46
2, 26010, Note_on_c, 0, 63, 37
2, 26040, Note_on_c, 0, 58, 0
2, 26040, Note_on_c, 0, 51, 39
2, 26054, Note_on_c, 0, 63, 0
2, 26100, Note_on_c, 0, 51, 0
2, 26100, Note_on_c, 0, 63, 72
2, 26189, Note_on_c, 0, 63, 0
2, 26280, Note_on_c, 0, 67, 41
2, 26280, Note_on_c, 0, 75, 57
2, 26324, Note_on_c, 0, 75, 0
2, 26339, Note_on_c, 0, 67, 0
2, 26339, Note_on_c, 0, 59, 40
2, 26370, Note_on_c, 0, 63, 34
2, 26400, Note_on_c, 0, 59, 0
2, 26400, Note_on_c, 0, 57, 44
2, 26414, Note_on_c, 0, 63, 0
2, 26460, Note_on_c, 0, 57, 0
2, 26460, Note_on_c, 0, 66, 56
2, 26460, Note_on_c, 0, 75, 58
2, 26504, Note_on_c, 0, 75, 0
2, 26519, Note_on_c, 0, 66, 0
2, 26519, Note_on_c, 0, 58, 43
2, 26550, Note_on_c, 0, 63, 34
2, 26580, Note_on_c, 0, 58, 0
2, 26580, Note_on_c, 0, 51, 36
2, 26594, Note_on_c, 0, 63, 0
2, 26640, Note_on_c, 0, 51, 0
2, 26640, Note_on_c, 0, 63, 66
2, 26729, Note_on_c, 0, 63, 0
2, 26820, Note_on_c, 0, 67, 40
2, 26820, Note_on_c, 0, 75, 60
2, 26864, Note_on_c, 0, 75, 0
2, 26879, Note_on_c, 0, 67, 0
2, 26879, Note_on_c, 0, 59, 38
2, 26910, Note_on_c, 0, 63, 35
2, 26940, Note_on_c, 0, 59, 0
2, 26940, Note_on_c, 0, 57, 41
2, 26954, Note_on_c, 0, 63, 0
2, 27000, Note_on_c, 0, 57, 0
2, 27000, Note_on_c, 0, 66, 54
2, 27000, Note_on_c, 0, 75, 59
2, 27044, Note_on_c, 0, 75, 0
2, 27059, Note_on_c, 0, 66, 0
2, 27059, Note_on_c, 0, 58, 41
2, 27090, Note_on_c, 0, 63, 35
2, 27120, Note_on_c, 0, 58, 0
2, 27120, Note_on_c, 0, 51, 42
2, 27134, Note_on_c, 0, 63, 0
2, 27180, Note_on_c, 0, 51, 0
2, 27180, Note_on_c, 0, 63, 69
2, 27180, Note_on_c, 0, 63, 72
2, 27180, Note_on_c, 0, 39, 60
2, 27180, Note_on_c, 0, 51, 60
2, 27360, Note_on_c, 0, 51, 0
2, 27360, Note_on_c, 0, 39, 0
2, 27360, Note_on_c, 0, 63, 0
2, 27360, Note_on_c, 0, 59, 76
2, 27360, Note_on_c, 0, 35, 68
2, 27360, Note_on_c, 0, 47, 68
2, 27540, Note_on_c, 0, 47, 0
2, 27540, Note_on_c, 0, 35, 0
2, 27540, Note_on_c, 0, 59, 0
2, 27540, Note_on_c, 0, 56, 80
2, 27540, Note_on_c, 0, 32, 72
2, 27540, Note_on_c, 0, 44, 72
2, 27720, Note_on_c, 0, 44, 0
2, 27720, Note_on_c, 0, 63, 0
2, 27720, Note_on_c, 0, 56, 0
2, 27720, Note_on_c, 0, 32, 0
2, 27720, Note_on_c, 0, 53, 55
2, 27720, Note_on_c, 0, 29, 42
2, 27720, Note_on_c, 0, 41, 42
2, 27810, Note_on_c, 0, 41, 0
2, 27810, Note_on_c, 0, 29, 0
2, 27810, Note_on_c, 0, 53, 0
2, 27810, Note_on_c, 0, 51, 64
2, 27810, Note_on_c, 0, 27, 46
2, 27810, Note_on_c, 0, 39, 46
2, 27900, Note_on_c, 0, 39, 0
2, 27900, Note_on_c, 0, 27, 0
2, 27900, Note_on_c, 0, 51, 0
2, 27900, Note_on_c, 0, 50, 72
2, 27900, Note_on_c, 0, 26, 47
2, 27900, Note_on_c, 0, 38, 47
2, 27990, Note_on_c, 0, 38, 0
2, 27990, Note_on_c, 0, 26, 0
2, 27990, Note_on_c, 0, 50, 0
2, 27990, Note_on_c, 0, 48, 81
2, 27990, Note_on_c, 0, 24, 45
2, 27990, Note_on_c, 0, 36, 45
2, 28080, Note_on_c, 0, 36, 0
2, 28080, Note_on_c, 0, 24, 0
2, 28080, Note_on_c, 0, 48, 0
2, 28080, Note_on_c, 0, 46, 64
2, 28080, Note_on_c, 0, 22, 66
2, 28080, Note_on_c, 0, 34, 66
2, 28260, Note_on_c, 0, 46, 0
2, 28260, Note_on_c, 0, 38, 71
2, 28319, Note_on_c, 0, 38, 0
2, 28319, Note_on_c, 0, 44, 76
2, 28380, Note_on_c, 0, 44, 0
2, 28380, Note_on_c, 0, 46, 81
2, 28440, Note_on_c, 0, 46, 0
2, 28440, Note_on_c, 0, 50, 86
2, 28499, Note_on_c, 0, 50, 0
2, 28499, Note_on_c, 0, 56, 91
2, 28560, Note_on_c, 0, 56, 0
2, 28560, Note_on_c, 0, 58, 96
2, 28620, Note_on_c, 0, 58, 0
2, 28620, Note_on_c, 0, 34, 0
2, 28620, Note_on_c, 0, 22, 0
2, 28620, Note_on_c, 0, 51, 96
2, 28620, Note_on_c, 0, 63, 96
2, 28620, Note_on_c, 0, 35, 77
2, 28620, Note_on_c, 0, 39, 77
2, 28620, Note_on_c, 0, 47, 77
2, 28620, Note_on_c, 0, 44, 63
2, 28679, Note_on_c, 0, 63, 0
2, 28679, Note_on_c, 0, 51, 0
2, 28679, Note_on_c, 0, 56, 93
2, 28740, Note_on_c, 0, 56, 0
2, 28740, Note_on_c, 0, 55, 90
2, 28800, Note_on_c, 0, 55, 0
2, 28800, Note_on_c, 0, 44, 0
2, 28800, Note_on_c, 0, 54, 87
2, 28800, Note_on_c, 0, 43, 67
2, 28859, Note_on_c, 0, 54, 0
2, 28859, Note_on_c, 0, 53, 83
2, 28920, Note_on_c, 0, 53, 0
2, 28920, Note_on_c, 0, 52, 80
2, 28980, Note_on_c, 0, 52, 0
2, 28980, Note_on_c, 0, 43, 0
2, 28980, Note_on_c, 0, 51, 77
2, 28980, Note_on_c, 0, 42, 67
2, 29039, Note_on_c, 0, 51, 0
2, 29039, Note_on_c, 0, 46, 74
2, 29100, Note_on_c, 0, 46, 0
2, 29100, Note_on_c, 0, 44, 71
2, 29160, Note_on_c, 0, 44, 0
2, 29160, Note_on_c, 0, 35, 0
2, 29160, Note_on_c, 0, 39, 0
2, 29160, Note_on_c, 0, 47, 0
2, 29160, Note_on_c, 0, 42, 0
2, 29160, Note_on_c, 0, 43, 68
2, 29160, Note_on_c, 0, 25, 65
2, 29160, Note_on_c, 0, 37, 65
2, 29219, Note_on_c, 0, 43, 0
2, 29219, Note_on_c, 0, 42, 71
2, 29280, Note_on_c, 0, 42, 0
2, 29280, Note_on_c, 0, 41, 67
2, 29340, Note_on_c, 0, 41, 0
2, 29399, Note_on_c, 0, 47, 71
2, 29460, Note_on_c, 0, 47, 0
2, 29460, Note_on_c, 0, 49, 77
2, 29520, Note_on_c, 0, 49, 0
2, 29520, Note_on_c, 0, 53, 83
2, 29579, Note_on_c, 0, 53, 0
2, 29579, Note_on_c, 0, 59, 90
2, 29640, Note_on_c, 0, 59, 0
2, 29640, Note_on_c, 0, 61, 96
2, 29700, Note_on_c, 0, 61, 0
2, 29700, Note_on_c, 0, 37, 0
2, 29700, Note_on_c, 0, 25, 0
2, 29700, Note_on_c, 0, 54, 96
2, 29700, Note_on_c, 0, 66, 96
2, 29700, Note_on_c, 0, 38, 75
2, 29700, Note_on_c, 0, 42, 75
2, 29700, Note_on_c, 0, 50, 75
2, 29700, Note_on_c, 0, 47, 75
2, 29759, Note_on_c, 0, 66, 0
2, 29759, Note_on_c, 0, 54, 0
2, 29759, Note_on_c, 0, 61, 93
2, 29820, Note_on_c, 0, 61, 0
2, 29820, Note_on_c, 0, 59, 90
2, 29880, Note_on_c, 0, 59, 0
2, 29880, Note_on_c, 0, 47, 0
2, 29880, Note_on_c, 0, 57, 87
2, 29880, Note_on_c, 0, 45, 64
2, 29939, Note_on_c, 0, 57, 0
2, 29939, Note_on_c, 0, 56, 83
2, 30000, Note_on_c, 0, 56, 0
2, 30000, Note_on_c, 0, 55, 80
2, 30060, Note_on_c, 0, 55, 0
2, 30060, Note_on_c, 0, 45, 0
2, 30060, Note_on_c, 0, 54, 77
2, 30060, Note_on_c, 0, 44, 68
2, 30119, Note_on_c, 0, 54, 0
2, 30119, Note_on_c, 0, 53, 74
2, 30180, Note_on_c, 0, 53, 0
2, 30180, Note_on_c, 0, 52, 71
2, 30240, Note_on_c, 0, 52, 0
2, 30240, Note_on_c, 0, 38, 0
2, 30240, Note_on_c, 0, 42, 0
2, 30240, Note_on_c, 0, 50, 0
2, 30240, Note_on_c, 0, 44, 0
2, 30240, Note_on_c, 0, 39, 73
2, 30240, Note_on_c, 0, 43, 73
2, 30240, Note_on_c, 0, 51, 73
2, 30360, Note_on_c, 0, 54, 71
2, 30420, Note_on_c, 0, 54, 0
2, 30420, Note_on_c, 0, 55, 75
2, 30479, Note_on_c, 0, 55, 0
2, 30479, Note_on_c, 0, 61, 79
2, 30540, Note_on_c, 0, 61, 0
2, 30540, Note_on_c, 0, 63, 83
2, 30600, Note_on_c, 0, 63, 0
2, 30600, Note_on_c, 0, 51, 0
2, 30600, Note_on_c, 0, 43, 0
2, 30600, Note_on_c, 0, 39, 0
2, 30600, Note_on_c, 0, 67, 88
2, 30600, Note_on_c, 0, 51, 56
2, 30600, Note_on_c, 0, 55, 56
2, 30600, Note_on_c, 0, 63, 56
2, 30659, Note_on_c, 0, 67, 0
2, 30659, Note_on_c, 0, 73, 92
2, 30720, Note_on_c, 0, 73, 0
2, 30720, Note_on_c, 0, 75, 96
2, 30780, Note_on_c, 0, 75, 0
2, 30780, Note_on_c, 0, 51, 0
2, 30780, Note_on_c, 0, 55, 0
2, 30780, Note_on_c, 0, 63, 0
2, 30780, Note_on_c, 0, 68, 96
2, 30780, Note_on_c, 0, 80, 96
2, 30780, Note_on_c, 0, 52, 72
2, 30780, Note_on_c, 0, 61, 72
2, 30780, Note_on_c, 0, 64, 72
2, 30780, Note_on_c, 0, 56, 82
2, 30839, Note_on_c, 0, 80, 0
2, 30839, Note_on_c, 0, 68, 0
2, 30839, Note_on_c, 0, 73, 93
2, 30900, Note_on_c, 0, 73, 0
2, 30900, Note_on_c, 0, 72, 90
2, 30960, Note_on_c, 0, 72, 0
2, 30960, Note_on_c, 0, 56, 0
2, 30960, Note_on_c, 0, 71, 87
2, 30960, Note_on_c, 0, 57, 74
2, 31019, Note_on_c, 0, 71, 0
2, 31019, Note_on_c, 0, 70, 83
2, 31080, Note_on_c, 0, 70, 0
2, 31080, Note_on_c, 0, 69, 80
2, 31140, Note_on_c, 0, 69, 0
2, 31140, Note_on_c, 0, 57, 0
2, 31140, Note_on_c, 0, 68, 77
2, 31140, Note_on_c, 0, 58, 73
2, 31199, Note_on_c, 0, 68, 0
2, 31199, Note_on_c, 0, 67, 74
2, 31260, Note_on_c, 0, 67, 0
2, 31260, Note_on_c, 0, 66, 71
2, 31320, Note_on_c, 0, 66, 0
2, 31320, Note_on_c, 0, 52, 0
2, 31320, Note_on_c, 0, 61, 0
2, 31320, Note_on_c, 0, 64, 0
2, 31320, Note_on_c, 0, 58, 0
2, 31320, Note_on_c, 0, 53, 44
2, 31320, Note_on_c, 0, 57, 44
2, 31320, Note_on_c, 0, 60, 44
2, 31320, Note_on_c, 0, 63, 44
2, 31320, Note_on_c, 0, 65, 44
2, 31379, Note_on_c, 0, 69, 71
2, 31440, Note_on_c, 0, 69, 0
2, 31440, Note_on_c, 0, 75, 74
2, 31500, Note_on_c, 0, 75, 0
2, 31500, Note_on_c, 0, 77, 77
2, 31559, Note_on_c, 0, 77, 0
2, 31559, Note_on_c, 0, 81, 80
2, 31620, Note_on_c, 0, 81, 0
2, 31620, Note_on_c, 0, 87, 83
2, 31680, Note_on_c, 0, 87, 0
2, 31680, Note_on_c, 0, 57, 0
2, 31680, Note_on_c, 0, 60, 0
2, 31680, Note_on_c, 0, 53, 0
2, 31680, Note_on_c, 0, 65, 0
2, 31680, Note_on_c, 0, 63, 0
2, 31680, Note_on_c, 0, 81, 87
2, 31680, Note_on_c, 0, 93, 87
2, 31680, Note_on_c, 0, 65, 56
2, 31680, Note_on_c, 0, 69, 56
2, 31680, Note_on_c, 0, 72, 56
2, 31680, Note_on_c, 0, 75, 56
2, 31680, Note_on_c, 0, 77, 56
2, 31739, Note_on_c, 0, 93, 0
2, 31739, Note_on_c, 0, 81, 0
2, 31739, Note_on_c, 0, 89, 90
2, 31800, Note_on_c, 0, 89, 0
2, 31800, Note_on_c, 0, 87, 93
2, 31860, Note_on_c, 0, 87, 0
2, 31860, Note_on_c, 0, 65, 0
2, 31860, Note_on_c, 0, 72, 0
2, 31860, Note_on_c, 0, 69, 0
2, 31860, Note_on_c, 0, 77, 0
2, 31860, Note_on_c, 0, 75, 0
2, 31860, Note_on_c, 0, 82, 96
2, 31860, Note_on_c, 0, 94, 96
2, 31860, Note_on_c, 0, 66, 73
2, 31860, Note_on_c, 0, 70, 73
2, 31860, Note_on_c, 0, 72, 73
2, 31860, Note_on_c, 0, 75, 73
2, 31860, Note_on_c, 0, 78, 73
2, 31919, Note_on_c, 0, 94, 0
2, 31919, Note_on_c, 0, 82, 0
2, 31919, Note_on_c, 0, 89, 85
2, 31980, Note_on_c, 0, 89, 0
2, 31980, Note_on_c, 0, 87, 87
2, 32040, Note_on_c, 0, 87, 0
2, 32040, Note_on_c, 0, 82, 82
2, 32099, Note_on_c, 0, 82, 0
2, 32099, Note_on_c, 0, 84, 99
2, 32160, Note_on_c, 0, 84, 0
2, 32160, Note_on_c, 0, 87, 109
2, 32220, Note_on_c, 0, 87, 0
2, 32220, Note_on_c, 0, 94, 117
2, 32279, Note_on_c, 0, 94, 0
2, 32279, Note_on_c, 0, 96, 76
2, 32340, Note_on_c, 0, 96, 0
2, 32340, Note_on_c, 0, 99, 104
2, 32400, Note_on_c, 0, 99, 0
2, 32400, Note_on_c, 0, 66, 0
2, 32400, Note_on_c, 0, 72, 0
2, 32400, Note_on_c, 0, 70, 0
2, 32400, Note_on_c, 0, 78, 0
2, 32400, Note_on_c, 0, 75, 0
2, 32400, Note_on_c, 0, 94, 122
2, 32400, Note_on_c, 0, 106, 122
2, 32400, Note_on_c, 0, 58, 56
2, 32400, Note_on_c, 0, 70, 56
2, 32580, Note_on_c, 0, 70, 0
2, 32580, Note_on_c, 0, 94, 0
2, 32580, Note_on_c, 0, 106, 0
2, 32580, Note_on_c, 0, 58, 0
2, 32580, Note_on_c, 0, 106, 59
2, 32580, Note_on_c, 0, 65, 67
2, 32580, Note_on_c, 0, 70, 67
2, 32580, Note_on_c, 0, 74, 67
2, 32580, Note_on_c, 0, 77, 67
2, 32639, Note_on_c, 0, 106, 0
2, 32639, Note_on_c, 0, 94, 36
2, 32669, Note_on_c, 0, 74, 0
2, 32669, Note_on_c, 0, 77, 0
2, 32669, Note_on_c, 0, 65, 0
2, 32669, Note_on_c, 0, 70, 0
2, 32700, Note_on_c, 0, 94, 0
2, 32700, Note_on_c, 0, 106, 70
2, 32760, Note_on_c, 0, 106, 0
2, 32760, Note_on_c, 0, 104, 54
2, 32760, Note_on_c, 0, 66, 63
2, 32760, Note_on_c, 0, 71, 63
2, 32760, Note_on_c, 0, 75, 63
2, 32760, Note_on_c, 0, 78, 63
2, 32819, Note_on_c, 0, 104, 0
2, 32819, Note_on_c, 0, 92, 36
2, 32849, Note_on_c, 0, 75, 0
2, 32849, Note_on_c, 0, 78, 0
2, 32849, Note_on_c, 0, 66, 0
2, 32849, Note_on_c, 0, 71, 0
2, 32880, Note_on_c, 0, 92, 0
2, 32880, Note_on_c, 0, 104, 68
2, 32940, Note_on_c, 0, 104, 0
2, 32940, Note_on_c, 0, 106, 90
2, 32940, Note_on_c, 0, 58, 47
2, 32999, Note_on_c, 0, 106, 0
2, 32999, Note_on_c, 0, 94, 42
2, 33029, Note_on_c, 0, 58, 0
2, 33060, Note_on_c, 0, 94, 0
2, 33060, Note_on_c, 0, 106, 71
2, 33120, Note_on_c, 0, 106, 0
2, 33120, Note_on_c, 0, 94, 40
2, 33120, Note_on_c, 0, 63, 71
2, 33120, Note_on_c, 0, 68, 71
2, 33120, Note_on_c, 0, 71, 71
2, 33120, Note_on_c, 0, 75, 71
2, 33209, Note_on_c, 0, 75, 0
2, 33209, Note_on_c, 0, 68, 0
2, 33209, Note_on_c, 0, 94, 0
2, 33209, Note_on_c, 0, 63, 0
2, 33209, Note_on_c, 0, 71, 0
2, 33300, Note_on_c, 0, 104, 68
2, 33300, Note_on_c, 0, 65, 60
2, 33300, Note_on_c, 0, 70, 60
2, 33300, Note_on_c, 0, 73, 60
2, 33300, Note_on_c, 0, 77, 60
2, 33359, Note_on_c, 0, 104, 0
2, 33359, Note_on_c, 0, 92, 43
2, 33389, Note_on_c, 0, 73, 0
2, 33389, Note_on_c, 0, 77, 0
2, 33389, Note_on_c, 0, 65, 0
2, 33389, Note_on_c, 0, 70, 0
2, 33420, Note_on_c, 0, 92, 0
2, 33420, Note_on_c, 0, 104, 65
2, 33480, Note_on_c, 0, 104, 0
2, 33480, Note_on_c, 0, 106, 89
2, 33480, Note_on_c, 0, 58, 49
2, 33539, Note_on_c, 0, 106, 0
2, 33539, Note_on_c, 0, 94, 40
2, 33569, Note_on_c, 0, 58, 0
2, 33600, Note_on_c, 0, 94, 0
2, 33600, Note_on_c, 0, 106, 71
2, 33660, Note_on_c, 0, 106, 0
2, 33660, Note_on_c, 0, 94, 36
2, 33660, Note_on_c, 0, 61, 74
2, 33660, Note_on_c, 0, 66, 74
2, 33660, Note_on_c, 0, 70, 74
2, 33660, Note_on_c, 0, 73, 74
2, 33749, Note_on_c, 0, 73, 0
2, 33749, Note_on_c, 0, 66, 0
2, 33749, Note_on_c, 0, 94, 0
2, 33749, Note_on_c, 0, 61, 0
2, 33749, Note_on_c, 0, 70, 0
2, 33840, Note_on_c, 0, 104, 66
2, 33840, Note_on_c, 0, 63, 63
2, 33840, Note_on_c, 0, 68, 63
2, 33840, Note_on_c, 0, 71, 63
2, 33840, Note_on_c, 0, 75, 63
2, 33899, Note_on_c, 0, 104, 0
2, 33899, Note_on_c, 0, 92, 38
2, 33929, Note_on_c, 0, 71, 0
2, 33929, Note_on_c, 0, 75, 0
2, 33929, Note_on_c, 0, 63, 0
2, 33929, Note_on_c, 0, 68, 0
2, 33960, Note_on_c, 0, 92, 0
2, 33960, Note_on_c, 0, 104, 71
2, 34020, Note_on_c, 0, 104, 0
2, 34020, Note_on_c, 0, 106, 87
2, 34020, Note_on_c, 0, 58, 53
2, 34079, Note_on_c, 0, 106, 0
2, 34079, Note_on_c, 0, 94, 39
2, 34109, Note_on_c, 0, 58, 0
2, 34140, Note_on_c, 0, 94, 0
2, 34140, Note_on_c, 0, 106, 76
2, 34200, Note_on_c, 0, 106, 0
2, 34200, Note_on_c, 0, 94, 40
2, 34200, Note_on_c, 0, 59, 66
2, 34200, Note_on_c, 0, 63, 66
2, 34200, Note_on_c, 0, 66, 66
2, 34200, Note_on_c, 0, 71, 66
2, 34289, Note_on_c, 0, 71, 0
2, 34289, Note_on_c, 0, 63, 0
2, 34289, Note_on_c, 0, 94, 0
2, 34289, Note_on_c, 0, 59, 0
2, 34289, Note_on_c, 0, 66, 0
2, 34380, Note_on_c, 0, 61, 36
2, 34380, Note_on_c, 0, 65, 59
2, 34380, Note_on_c, 0, 70, 59
2, 34380, Note_on_c, 0, 73, 59
2, 34439, Note_on_c, 0, 61, 0
2, 34439, Note_on_c, 0, 60, 50
2, 34469, Note_on_c, 0, 65, 0
2, 34469, Note_on_c, 0, 73, 0
2, 34469, Note_on_c, 0, 70, 0
2, 34500, Note_on_c, 0, 60, 0
2, 34500, Note_on_c, 0, 59, 51
2, 34560, Note_on_c, 0, 59, 0
2, 34560, Note_on_c, 0, 58, 55
2, 34619, Note_on_c, 0, 58, 0
2, 34619, Note_on_c, 0, 59, 56
2, 34680, Note_on_c, 0, 59, 0
2, 34680, Note_on_c, 0, 57, 56
2, 34740, Note_on_c, 0, 57, 0
2, 34740, Note_on_c, 0, 58, 57
2, 34799, Note_on_c, 0, 58, 0
2, 34799, Note_on_c, 0, 63, 57
2, 34860, Note_on_c, 0, 63, 0
2, 34860, Note_on_c, 0, 61, 57
2, 34920, Note_on_c, 0, 61, 0
2, 34920, Note_on_c, 0, 62, 58
2, 34920, Note_on_c, 0, 47, 47
2, 34920, Note_on_c, 0, 50, 47
2, 34979, Note_on_c, 0, 62, 0
2, 34979, Note_on_c, 0, 63, 58
2, 35040, Note_on_c, 0, 63, 0
2, 35040, Note_on_c, 0, 66, 58
2, 35100, Note_on_c, 0, 66, 0
2, 35100, Note_on_c, 0, 50, 0
2, 35100, Note_on_c, 0, 47, 0
2, 35100, Note_on_c, 0, 67, 59
2, 35100, Note_on_c, 0, 46, 54
2, 35100, Note_on_c, 0, 51, 54
2, 35159, Note_on_c, 0, 67, 0
2, 35159, Note_on_c, 0, 70, 59
2, 35220, Note_on_c, 0, 70, 0
2, 35220, Note_on_c, 0, 68, 59
2, 35280, Note_on_c, 0, 68, 0
2, 35280, Note_on_c, 0, 51, 0
2, 35280, Note_on_c, 0, 46, 0
2, 35280, Note_on_c, 0, 71, 60
2, 35280, Note_on_c, 0, 45, 60
2, 35280, Note_on_c, 0, 53, 60
2, 35339, Note_on_c, 0, 71, 0
2, 35339, Note_on_c, 0, 74, 60
2, 35400, Note_on_c, 0, 74, 0
2, 35400, Note_on_c, 0, 75, 61
2, 35460, Note_on_c, 0, 75, 0
2, 35460, Note_on_c, 0, 53, 0
2, 35460, Note_on_c, 0, 45, 0
2, 35460, Note_on_c, 0, 78, 61
2, 35460, Note_on_c, 0, 46, 83
2, 35460, Note_on_c, 0, 54, 83
2, 35519, Note_on_c, 0, 78, 0
2, 35519, Note_on_c, 0, 75, 61
2, 35580, Note_on_c, 0, 75, 0
2, 35580, Note_on_c, 0, 74, 62
2, 35640, Note_on_c, 0, 74, 0
2, 35640, Note_on_c, 0, 77, 62
2, 35640, Note_on_c, 0, 27, 65
2, 35640, Note_on_c, 0, 39, 65
2, 35699, Note_on_c, 0, 77, 0
2, 35699, Note_on_c, 0, 74, 62
2, 35760, Note_on_c, 0, 74, 0
2, 35760, Note_on_c, 0, 73, 63
2, 35820, Note_on_c, 0, 73, 0
2, 35820, Note_on_c, 0, 46, 0
2, 35820, Note_on_c, 0, 54, 0
2, 35820, Note_on_c, 0, 76, 63
2, 35820, Note_on_c, 0, 52, 57
2, 35820, Note_on_c, 0, 56, 57
2, 35879, Note_on_c, 0, 76, 0
2, 35879, Note_on_c, 0, 73, 63
2, 35940, Note_on_c, 0, 73, 0
2, 35940, Note_on_c, 0, 72, 64
2, 36000, Note_on_c, 0, 72, 0
2, 36000, Note_on_c, 0, 52, 0
2, 36000, Note_on_c, 0, 56, 0
2, 36000, Note_on_c, 0, 75, 64
2, 36000, Note_on_c, 0, 51, 56
2, 36000, Note_on_c, 0, 57, 56
2, 36059, Note_on_c, 0, 75, 0
2, 36059, Note_on_c, 0, 70, 65
2, 36120, Note_on_c, 0, 70, 0
2, 36120, Note_on_c, 0, 71, 65
2, 36180, Note_on_c, 0, 71, 0
2, 36180, Note_on_c, 0, 51, 0
2, 36180, Note_on_c, 0, 39, 0
2, 36180, Note_on_c, 0, 27, 0
2, 36180, Note_on_c, 0, 57, 0
2, 36180, Note_on_c, 0, 74, 65
2, 36180, Note_on_c, 0, 50, 56
2, 36180, Note_on_c, 0, 58, 56
2, 36239, Note_on_c, 0, 74, 0
2, 36239, Note_on_c, 0, 75, 66
2, 36300, Note_on_c, 0, 75, 0
2, 36300, Note_on_c, 0, 78, 66
2, 36360, Note_on_c, 0, 78, 0
2, 36360, Note_on_c, 0, 58, 0
2, 36360, Note_on_c, 0, 50, 0
2, 36360, Note_on_c, 0, 79, 66
2, 36360, Note_on_c, 0, 49, 60
2, 36360, Note_on_c, 0, 53, 60
2, 36360, Note_on_c, 0, 59, 60
2, 36419, Note_on_c, 0, 79, 0
2, 36419, Note_on_c, 0, 82, 67
2, 36480, Note_on_c, 0, 82, 0
2, 36480, Note_on_c, 0, 80, 67
2, 36540, Note_on_c, 0, 80, 0
2, 36540, Note_on_c, 0, 49, 0
2, 36540, Note_on_c, 0, 53, 0
2, 36540, Note_on_c, 0, 59, 0
2, 36540, Note_on_c, 0, 83, 67
2, 36540, Note_on_c, 0, 47, 67
2, 36540, Note_on_c, 0, 55, 67
2, 36540, Note_on_c, 0, 61, 67
2, 36599, Note_on_c, 0, 83, 0
2, 36599, Note_on_c, 0, 80, 68
2, 36660, Note_on_c, 0, 80, 0
2, 36660, Note_on_c, 0, 79, 68
2, 36720, Note_on_c, 0, 79, 0
2, 36720, Note_on_c, 0, 47, 0
2, 36720, Note_on_c, 0, 55, 0
2, 36720, Note_on_c, 0, 61, 0
2, 36720, Note_on_c, 0, 82, 69
2, 36720, Note_on_c, 0, 46, 82
2, 36720, Note_on_c, 0, 56, 82
2, 36720, Note_on_c, 0, 62, 82
2, 36779, Note_on_c, 0, 82, 0
2, 36779, Note_on_c, 0, 79, 69
2, 36840, Note_on_c, 0, 79, 0
2, 36840, Note_on_c, 0, 78, 69
2, 36900, Note_on_c, 0, 78, 0
2, 36900, Note_on_c, 0, 81, 70
2, 36900, Note_on_c, 0, 27, 61
2, 36900, Note_on_c, 0, 39, 61
2, 36959, Note_on_c, 0, 81, 0
2, 36959, Note_on_c, 0, 78, 70
2, 37020, Note_on_c, 0, 78, 0
2, 37020, Note_on_c, 0, 77, 70
2, 37080, Note_on_c, 0, 77, 0
2, 37080, Note_on_c, 0, 46, 0
2, 37080, Note_on_c, 0, 62, 0
2, 37080, Note_on_c, 0, 56, 0
2, 37080, Note_on_c, 0, 80, 71
2, 37080, Note_on_c, 0, 59, 59
2, 37080, Note_on_c, 0, 63, 59
2, 37139, Note_on_c, 0, 80, 0
2, 37139, Note_on_c, 0, 75, 71
2, 37200, Note_on_c, 0, 75, 0
2, 37200, Note_on_c, 0, 76, 71
2, 37260, Note_on_c, 0, 76, 0
2, 37260, Note_on_c, 0, 59, 0
2, 37260, Note_on_c, 0, 63, 0
2, 37260, Note_on_c, 0, 79, 72
2, 37260, Note_on_c, 0, 58, 56
2, 37260, Note_on_c, 0, 61, 56
2, 37260, Note_on_c, 0, 64, 56
2, 37319, Note_on_c, 0, 79, 0
2, 37319, Note_on_c, 0, 80, 72
2, 37380, Note_on_c, 0, 80, 0
2, 37380, Note_on_c, 0, 83, 73
2, 37440, Note_on_c, 0, 83, 0
2, 37440, Note_on_c, 0, 39, 0
2, 37440, Note_on_c, 0, 58, 0
2, 37440, Note_on_c, 0, 27, 0
2, 37440, Note_on_c, 0, 64, 0
2, 37440, Note_on_c, 0, 61, 0
2, 37440, Note_on_c, 0, 84, 73
2, 37440, Note_on_c, 0, 57, 55
2, 37440, Note_on_c, 0, 60, 55
2, 37440, Note_on_c, 0, 65, 55
2, 37499, Note_on_c, 0, 84, 0
2, 37499, Note_on_c, 0, 87, 73
2, 37560, Note_on_c, 0, 87, 0
2, 37560, Note_on_c, 0, 85, 74
2, 37620, Note_on_c, 0, 85, 0
2, 37620, Note_on_c, 0, 57, 0
2, 37620, Note_on_c, 0, 60, 0
2, 37620, Note_on_c, 0, 65, 0
2, 37620, Note_on_c, 0, 88, 74
2, 37620, Note_on_c, 0, 56, 59
2, 37620, Note_on_c, 0, 59, 59
2, 37620, Note_on_c, 0, 66, 59
2, 37679, Note_on_c, 0, 88, 0
2, 37679, Note_on_c, 0, 85, 74
2, 37740, Note_on_c, 0, 85, 0
2, 37740, Note_on_c, 0, 84, 75
2, 37800, Note_on_c, 0, 84, 0
2, 37800, Note_on_c, 0, 56, 0
2, 37800, Note_on_c, 0, 59, 0
2, 37800, Note_on_c, 0, 66, 0
2, 37800, Note_on_c, 0, 87, 75
2, 37800, Note_on_c, 0, 55, 56
2, 37800, Note_on_c, 0, 58, 56
2, 37800, Note_on_c, 0, 67, 56
2, 37859, Note_on_c, 0, 87, 0
2, 37859, Note_on_c, 0, 84, 75
2, 37920, Note_on_c, 0, 84, 0
2, 37920, Note_on_c, 0, 83, 76
2, 37980, Note_on_c, 0, 83, 0
2, 37980, Note_on_c, 0, 55, 0
2, 37980, Note_on_c, 0, 67, 0
2, 37980, Note_on_c, 0, 86, 76
2, 37980, Note_on_c, 0, 54, 60
2, 37980, Note_on_c, 0, 68, 60
2, 38039, Note_on_c, 0, 86, 0
2, 38039, Note_on_c, 0, 82, 76
2, 38100, Note_on_c, 0, 82, 0
2, 38100, Note_on_c, 0, 86, 77
2, 38160, Note_on_c, 0, 86, 0
2, 38160, Note_on_c, 0, 58, 0
2, 38160, Note_on_c, 0, 54, 0
2, 38160, Note_on_c, 0, 68, 0
2, 38160, Note_on_c, 0, 79, 77
2, 38160, Note_on_c, 0, 90, 77
2, 38160, Note_on_c, 0, 53, 86
2, 38160, Note_on_c, 0, 57, 86
2, 38160, Note_on_c, 0, 60, 86
2, 38160, Note_on_c, 0, 63, 86
2, 38160, Note_on_c, 0, 69, 86
2, 38219, Note_on_c, 0, 90, 0
2, 38219, Note_on_c, 0, 79, 0
2, 38219, Note_on_c, 0, 87, 78
2, 38280, Note_on_c, 0, 87, 0
2, 38280, Note_on_c, 0, 86, 78
2, 38340, Note_on_c, 0, 86, 0
2, 38340, Note_on_c, 0, 53, 0
2, 38340, Note_on_c, 0, 60, 0
2, 38340, Note_on_c, 0, 57, 0
2, 38340, Note_on_c, 0, 69, 0
2, 38340, Note_on_c, 0, 63, 0
2, 38340, Note_on_c, 0, 77, 78
2, 38340, Note_on_c, 0, 89, 78
2, 38340, Note_on_c, 0, 27, 95
2, 38340, Note_on_c, 0, 39, 95
2, 38399, Note_on_c, 0, 89, 0
2, 38399, Note_on_c, 0, 77, 0
2, 38399, Note_on_c, 0, 86, 79
2, 38460, Note_on_c, 0, 86, 0
2, 38460, Note_on_c, 0, 85, 79
2, 38520, Note_on_c, 0, 85, 0
2, 38520, Note_on_c, 0, 76, 79
2, 38520, Note_on_c, 0, 88, 79
2, 38579, Note_on_c, 0, 88, 0
2, 38579, Note_on_c, 0, 76, 0
2, 38579, Note_on_c, 0, 85, 80
2, 38640, Note_on_c, 0, 85, 0
2, 38640, Note_on_c, 0, 84, 80
2, 38700, Note_on_c, 0, 84, 0
2, 38700, Note_on_c, 0, 75, 80
2, 38700, Note_on_c, 0, 87, 80
2, 38700, Note_on_c, 0, 54, 50
2, 38700, Note_on_c, 0, 58, 50
2, 38700, Note_on_c, 0, 63, 50
2, 38700, Note_on_c, 0, 70, 50
2, 38759, Note_on_c, 0, 87, 0
2, 38759, Note_on_c, 0, 75, 0
2, 38759, Note_on_c, 0, 83, 81
2, 38820, Note_on_c, 0, 83, 0
2, 38820, Note_on_c, 0, 82, 76
2, 38880, Note_on_c, 0, 82, 0
2, 38880, Note_on_c, 0, 58, 0
2, 38880, Note_on_c, 0, 27, 0
2, 38880, Note_on_c, 0, 54, 0
2, 38880, Note_on_c, 0, 70, 0
2, 38880, Note_on_c, 0, 63, 0
2, 38880, Note_on_c, 0, 39, 0
2, 38880, Note_on_c, 0, 76, 67
2, 38880, Note_on_c, 0, 76, 122
2, 38880, Note_on_c, 0, 88, 122
2, 38880, Note_on_c, 0, 59, 82
2, 38880, Note_on_c, 0, 61, 82
2, 38880, Note_on_c, 0, 64, 82
2, 38880, Note_on_c, 0, 67, 82
2, 38880, Note_on_c, 0, 71, 82
2, 38939, Note_on_c, 0, 76, 0
2, 38939, Note_on_c, 0, 85, 97
2, 39000, Note_on_c, 0, 85, 0
2, 39000, Note_on_c, 0, 84, 77
2, 39060, Note_on_c, 0, 84, 0
2, 39060, Note_on_c, 0, 83, 76
2, 39119, Note_on_c, 0, 83, 0
2, 39119, Note_on_c, 0, 82, 77
2, 39180, Note_on_c, 0, 82, 0
2, 39180, Note_on_c, 0, 81, 75
2, 39240, Note_on_c, 0, 81, 0
2, 39240, Note_on_c, 0, 80, 71
2, 39299, Note_on_c, 0, 80, 0
2, 39299, Note_on_c, 0, 79, 76
2, 39360, Note_on_c, 0, 79, 0
2, 39360, Note_on_c, 0, 78, 78
2, 39420, Note_on_c, 0, 78, 0
2, 39420, Note_on_c, 0, 71, 0
2, 39420, Note_on_c, 0, 64, 0
2, 39420, Note_on_c, 0, 88, 0
2, 39420, Note_on_c, 0, 59, 0
2, 39420, Note_on_c, 0, 76, 0
2, 39420, Note_on_c, 0, 67, 0
2, 39420, Note_on_c, 0, 61, 0
2, 39420, Note_on_c, 0, 77, 73
2, 39420, Note_on_c, 0, 77, 122
2, 39420, Note_on_c, 0, 89, 122
2, 39420, Note_on_c, 0, 50, 66
2, 39420, Note_on_c, 0, 53, 66
2, 39420, Note_on_c, 0, 56, 66
2, 39420, Note_on_c, 0, 59, 66
2, 39420, Note_on_c, 0, 62, 66
2, 39479, Note_on_c, 0, 77, 0
2, 39479, Note_on_c, 0, 83, 90
2, 39540, Note_on_c, 0, 83, 0
2, 39540, Note_on_c, 0, 88, 95
2, 39600, Note_on_c, 0, 88, 0
2, 39600, Note_on_c, 0, 89, 93
2, 39600, Note_on_c, 0, 27, 64
2, 39600, Note_on_c, 0, 39, 64
2, 39659, Note_on_c, 0, 89, 0
2, 39659, Note_on_c, 0, 95, 69
2, 39720, Note_on_c, 0, 95, 0
2, 39720, Note_on_c, 0, 100, 86
2, 39780, Note_on_c, 0, 100, 0
2, 39780, Note_on_c, 0, 101, 86
2, 39839, Note_on_c, 0, 101, 0
2, 39839, Note_on_c, 0, 95, 65
2, 39900, Note_on_c, 0, 95, 0
2, 39900, Note_on_c, 0, 89, 64
2, 39960, Note_on_c, 0, 89, 0
2, 39960, Note_on_c, 0, 39, 0
2, 39960, Note_on_c, 0, 62, 0
2, 39960, Note_on_c, 0, 53, 0
2, 39960, Note_on_c, 0, 59, 0
2, 39960, Note_on_c, 0, 56, 0
2, 39960, Note_on_c, 0, 50, 0
2, 39960, Note_on_c, 0, 89, 0
2, 39960, Note_on_c, 0, 77, 0
2, 39960, Note_on_c, 0, 27, 0
2, 39960, Note_on_c, 0, 74, 71
2, 39960, Note_on_c, 0, 74, 121
2, 39960, Note_on_c, 0, 86, 121
2, 39960, Note_on_c, 0, 54, 85
2, 39960, Note_on_c, 0, 56, 85
2, 39960, Note_on_c, 0, 59, 85
2, 39960, Note_on_c, 0, 62, 85
2, 39960, Note_on_c, 0, 66, 85
2, 40019, Note_on_c, 0, 74, 0
2, 40019, Note_on_c, 0, 83, 98
2, 40080, Note_on_c, 0, 83, 0
2, 40080, Note_on_c, 0, 82, 83
2, 40140, Note_on_c, 0, 82, 0
2, 40140, Note_on_c, 0, 81, 74
2, 40199, Note_on_c, 0, 81, 0
2, 40199, Note_on_c, 0, 80, 72
2, 40260, Note_on_c, 0, 80, 0
2, 40260, Note_on_c, 0, 79, 79
2, 40320, Note_on_c, 0, 79, 0
2, 40320, Note_on_c, 0, 78, 76
2, 40379, Note_on_c, 0, 78, 0
2, 40379, Note_on_c, 0, 77, 79
2, 40440, Note_on_c, 0, 77, 0
2, 40440, Note_on_c, 0, 76, 77
2, 40500, Note_on_c, 0, 76, 0
2, 40500, Note_on_c, 0, 66, 0
2, 40500, Note_on_c, 0, 59, 0
2, 40500, Note_on_c, 0, 86, 0
2, 40500, Note_on_c, 0, 54, 0
2, 40500, Note_on_c, 0, 74, 0
2, 40500, Note_on_c, 0, 62, 0
2, 40500, Note_on_c, 0, 56, 0
2, 40500, Note_on_c, 0, 75, 75
2, 40500, Note_on_c, 0, 75, 122
2, 40500, Note_on_c, 0, 88, 122
2, 40500, Note_on_c, 0, 45, 77
2, 40500, Note_on_c, 0, 48, 77
2, 40500, Note_on_c, 0, 51, 77
2, 40500, Note_on_c, 0, 55, 77
2, 40500, Note_on_c, 0, 56, 77
2, 40559, Note_on_c, 0, 75, 0
2, 40559, Note_on_c, 0, 78, 85
2, 40620, Note_on_c, 0, 78, 0
2, 40620, Note_on_c, 0, 95, 93
2, 40680, Note_on_c, 0, 95, 0
2, 40680, Note_on_c, 0, 96, 87
2, 40680, Note_on_c, 0, 27, 64
2, 40680, Note_on_c, 0, 39, 64
2, 40739, Note_on_c, 0, 96, 0
2, 40739, Note_on_c, 0, 90, 73
2, 40800, Note_on_c, 0, 90, 0
2, 40800, Note_on_c, 0, 95, 90
2, 40860, Note_on_c, 0, 95, 0
2, 40860, Note_on_c, 0, 96, 81
2, 40919, Note_on_c, 0, 96, 0
2, 40919, Note_on_c, 0, 90, 70
2, 40980, Note_on_c, 0, 90, 0
2, 40980, Note_on_c, 0, 84, 65
2, 41040, Note_on_c, 0, 84, 0
2, 41040, Note_on_c, 0, 39, 0
2, 41040, Note_on_c, 0, 48, 0
2, 41040, Note_on_c, 0, 75, 0
2, 41040, Note_on_c, 0, 51, 0
2, 41040, Note_on_c, 0, 88, 0
2, 41040, Note_on_c, 0, 45, 0
2, 41040, Note_on_c, 0, 56, 0
2, 41040, Note_on_c, 0, 55, 0
2, 41040, Note_on_c, 0, 27, 0
2, 41040, Note_on_c, 0, 70, 81
2, 41040, Note_on_c, 0, 82, 81
2, 41040, Note_on_c, 0, 82, 92
2, 41040, Note_on_c, 0, 51, 69
2, 41040, Note_on_c, 0, 54, 69
2, 41040, Note_on_c, 0, 63, 69
2, 41099, Note_on_c, 0, 82, 0
2, 41099, Note_on_c, 0, 70, 0
2, 41099, Note_on_c, 0, 78, 79
2, 41160, Note_on_c, 0, 78, 0
2, 41160, Note_on_c, 0, 70, 78
2, 41220, Note_on_c, 0, 70, 0
2, 41220, Note_on_c, 0, 54, 0
2, 41220, Note_on_c, 0, 51, 0
2, 41220, Note_on_c, 0, 63, 0
2, 41220, Note_on_c, 0, 50, 57
2, 41220, Note_on_c, 0, 53, 57
2, 41220, Note_on_c, 0, 62, 57
2, 41279, Note_on_c, 0, 69, 75
2, 41340, Note_on_c, 0, 69, 0
2, 41340, Note_on_c, 0, 70, 74
2, 41400, Note_on_c, 0, 70, 0
2, 41400, Note_on_c, 0, 62, 0
2, 41400, Note_on_c, 0, 82, 0
2, 41400, Note_on_c, 0, 50, 0
2, 41400, Note_on_c, 0, 53, 0
2, 41400, Note_on_c, 0, 71, 72
2, 41400, Note_on_c, 0, 71, 75
2, 41400, Note_on_c, 0, 49, 52
2, 41400, Note_on_c, 0, 52, 52
2, 41400, Note_on_c, 0, 61, 52
2, 41459, Note_on_c, 0, 71, 0
2, 41459, Note_on_c, 0, 76, 71
2, 41520, Note_on_c, 0, 76, 0
2, 41520, Note_on_c, 0, 83, 70
2, 41580, Note_on_c, 0, 83, 0
2, 41580, Note_on_c, 0, 52, 0
2, 41580, Note_on_c, 0, 71, 0
2, 41580, Note_on_c, 0, 49, 0
2, 41580, Note_on_c, 0, 61, 0
2, 41580, Note_on_c, 0, 79, 68
2, 41580, Note_on_c, 0, 79, 119
2, 41580, Note_on_c, 0, 48, 52
2, 41580, Note_on_c, 0, 60, 52
2, 41580, Note_on_c, 0, 52, 78
2, 41639, Note_on_c, 0, 79, 0
2, 41639, Note_on_c, 0, 76, 67
2, 41700, Note_on_c, 0, 76, 0
2, 41700, Note_on_c, 0, 67, 65
2, 41760, Note_on_c, 0, 67, 0
2, 41760, Note_on_c, 0, 60, 0
2, 41760, Note_on_c, 0, 52, 0
2, 41760, Note_on_c, 0, 48, 0
2, 41760, Note_on_c, 0, 51, 65
2, 41819, Note_on_c, 0, 66, 63
2, 41880, Note_on_c, 0, 66, 0
2, 41880, Note_on_c, 0, 67, 61
2, 41940, Note_on_c, 0, 67, 0
2, 41940, Note_on_c, 0, 79, 0
2, 41940, Note_on_c, 0, 68, 60
2, 41940, Note_on_c, 0, 68, 78
2, 41940, Note_on_c, 0, 47, 48
2, 41940, Note_on_c, 0, 59, 48
2, 41999, Note_on_c, 0, 68, 0
2, 41999, Note_on_c, 0, 75, 58
2, 42060, Note_on_c, 0, 75, 0
2, 42060, Note_on_c, 0, 80, 57
2, 42120, Note_on_c, 0, 80, 0
2, 42120, Note_on_c, 0, 47, 0
2, 42120, Note_on_c, 0, 51, 0
2, 42120, Note_on_c, 0, 68, 0
2, 42120, Note_on_c, 0, 59, 0
2, 42120, Note_on_c, 0, 46, 52
2, 42120, Note_on_c, 0, 51, 52
2, 42120, Note_on_c, 0, 54, 52
2, 42120, Note_on_c, 0, 58, 52
2, 42179, Note_on_c, 0, 66, 47
2, 42209, Note_on_c, 0, 58, 0
2, 42209, Note_on_c, 0, 54, 0
2, 42209, Note_on_c, 0, 46, 0
2, 42209, Note_on_c, 0, 51, 0
2, 42240, Note_on_c, 0, 66, 0
2, 42240, Note_on_c, 0, 68, 60
2, 42300, Note_on_c, 0, 68, 0
2, 42300, Note_on_c, 0, 69, 59
2, 42359, Note_on_c, 0, 69, 0
2, 42359, Note_on_c, 0, 70, 63
2, 42420, Note_on_c, 0, 70, 0
2, 42420, Note_on_c, 0, 71, 55
2, 42480, Note_on_c, 0, 71, 0
2, 42480, Note_on_c, 0, 75, 48
2, 42480, Note_on_c, 0, 72, 58
2, 42480, Note_on_c, 0, 63, 50
2, 42480, Note_on_c, 0, 67, 50
2, 42539, Note_on_c, 0, 72, 0
2, 42539, Note_on_c, 0, 73, 58
2, 42569, Note_on_c, 0, 75, 0
2, 42569, Note_on_c, 0, 67, 0
2, 42569, Note_on_c, 0, 63, 0
2, 42600, Note_on_c, 0, 73, 0
2, 42600, Note_on_c, 0, 74, 57
2, 42660, Note_on_c, 0, 74, 0
2, 42660, Note_on_c, 0, 77, 61
2, 42660, Note_on_c, 0, 75, 55
2, 42660, Note_on_c, 0, 58, 59
2, 42660, Note_on_c, 0, 63, 59
2, 42660, Note_on_c, 0, 68, 59
2, 42660, Note_on_c, 0, 71, 59
2, 42719, Note_on_c, 0, 75, 0
2, 42719, Note_on_c, 0, 69, 44
2, 42749, Note_on_c, 0, 58, 0
2, 42749, Note_on_c, 0, 68, 0
2, 42749, Note_on_c, 0, 63, 0
2, 42749, Note_on_c, 0, 77, 0
2, 42749, Note_on_c, 0, 71, 0
2, 42780, Note_on_c, 0, 69, 0
2, 42780, Note_on_c, 0, 70, 54
2, 42840, Note_on_c, 0, 70, 0
2, 42840, Note_on_c, 0, 71, 62
2, 42899, Note_on_c, 0, 71, 0
2, 42899, Note_on_c, 0, 72, 55
2, 42960, Note_on_c, 0, 72, 0
2, 42960, Note_on_c, 0, 73, 62
2, 43020, Note_on_c, 0, 73, 0
2, 43020, Note_on_c, 0, 79, 50
2, 43020, Note_on_c, 0, 72, 53
2, 43020, Note_on_c, 0, 64, 47
2, 43020, Note_on_c, 0, 67, 47
2, 43079, Note_on_c, 0, 72, 0
2, 43079, Note_on_c, 0, 73, 61
2, 43109, Note_on_c, 0, 79, 0
2, 43109, Note_on_c, 0, 67, 0
2, 43109, Note_on_c, 0, 64, 0
2, 43140, Note_on_c, 0, 73, 0
2, 43140, Note_on_c, 0, 74, 59
2, 43200, Note_on_c, 0, 74, 0
2, 43200, Note_on_c, 0, 80, 60
2, 43200, Note_on_c, 0, 75, 55
2, 43200, Note_on_c, 0, 58, 67
2, 43200, Note_on_c, 0, 63, 67
2, 43200, Note_on_c, 0, 68, 67
2, 43200, Note_on_c, 0, 71, 67
2, 43259, Note_on_c, 0, 75, 0
2, 43259, Note_on_c, 0, 71, 54
2, 43289, Note_on_c, 0, 58, 0
2, 43289, Note_on_c, 0, 68, 0
2, 43289, Note_on_c, 0, 63, 0
2, 43289, Note_on_c, 0, 80, 0
2, 43289, Note_on_c, 0, 71, 0
2, 43320, Note_on_c, 0, 71, 0
2, 43320, Note_on_c, 0, 73, 52
2, 43380, Note_on_c, 0, 73, 0
2, 43380, Note_on_c, 0, 75, 51
2, 43439, Note_on_c, 0, 75, 0
2, 43439, Note_on_c, 0, 76, 50
2, 43500, Note_on_c, 0, 76, 0
2, 43500, Note_on_c, 0, 77, 48
2, 43560, Note_on_c, 0, 77, 0
2, 43560, Note_on_c, 0, 81, 50
2, 43560, Note_on_c, 0, 78, 47
2, 43560, Note_on_c, 0, 63, 59
2, 43560, Note_on_c, 0, 69, 59
2, 43560, Note_on_c, 0, 72, 59
2, 43619, Note_on_c, 0, 78, 0
2, 43619, Note_on_c, 0, 77, 45
2, 43649, Note_on_c, 0, 69, 0
2, 43649, Note_on_c, 0, 72, 0
2, 43649, Note_on_c, 0, 81, 0
2, 43649, Note_on_c, 0, 63, 0
2, 43680, Note_on_c, 0, 77, 0
2, 43680, Note_on_c, 0, 78, 44
2, 43740, Note_on_c, 0, 82, 53
2, 43740, Note_on_c, 0, 58, 54
2, 43740, Note_on_c, 0, 63, 54
2, 43740, Note_on_c, 0, 67, 54
2, 43740, Note_on_c, 0, 70, 54
2, 43799, Note_on_c, 0, 78, 0
2, 43799, Note_on_c, 0, 77, 41
2, 43829, Note_on_c, 0, 58, 0
2, 43829, Note_on_c, 0, 67, 0
2, 43829, Note_on_c, 0, 63, 0
2, 43829, Note_on_c, 0, 82, 0
2, 43829, Note_on_c, 0, 70, 0
2, 43860, Note_on_c, 0, 77, 0
2, 43860, Note_on_c, 0, 78, 39
2, 43920, Note_on_c, 0, 78, 0
2, 43920, Note_on_c, 0, 84, 60
2, 43920, Note_on_c, 0, 79, 38
2, 43920, Note_on_c, 0, 63, 57
2, 43920, Note_on_c, 0, 69, 57
2, 43920, Note_on_c, 0, 72, 57
2, 43979, Note_on_c, 0, 79, 0
2, 43979, Note_on_c, 0, 80, 36
2, 44009, Note_on_c, 0, 69, 0
2, 44009, Note_on_c, 0, 72, 0
2, 44009, Note_on_c, 0, 84, 0
2, 44009, Note_on_c, 0, 63, 0
2, 44040, Note_on_c, 0, 80, 0
2, 44040, Note_on_c, 0, 81, 35
2, 44100, Note_on_c, 0, 81, 0
2, 44100, Note_on_c, 0, 86, 61
2, 44100, Note_on_c, 0, 82, 33
2, 44100, Note_on_c, 0, 58, 50
2, 44100, Note_on_c, 0, 62, 50
2, 44100, Note_on_c, 0, 70, 50
2, 44159, Note_on_c, 0, 82, 0
2, 44159, Note_on_c, 0, 80, 32
2, 44189, Note_on_c, 0, 62, 0
2, 44189, Note_on_c, 0, 70, 0
2, 44189, Note_on_c, 0, 86, 0
2, 44189, Note_on_c, 0, 58, 0
2, 44220, Note_on_c, 0, 80, 0
2, 44220, Note_on_c, 0, 78, 30
2, 44280, Note_on_c, 0, 87, 34
2, 44280, Note_on_c, 0, 63, 66
2, 44280, Note_on_c, 0, 70, 66
2, 44280, Note_on_c, 0, 75, 66
2, 44339, Note_on_c, 0, 78, 0
2, 44369, Note_on_c, 0, 70, 0
2, 44369, Note_on_c, 0, 87, 0
2, 44369, Note_on_c, 0, 63, 0
2, 44369, Note_on_c, 0, 75, 0
2, 44400, Note_on_c, 0, 82, 43
2, 44460, Note_on_c, 0, 82, 0
2, 44460, Note_on_c, 0, 87, 55
2, 44460, Note_on_c, 0, 27, 56
2, 44460, Note_on_c, 0, 39, 56
2, 44519, Note_on_c, 0, 87, 0
2, 44519, Note_on_c, 0, 90, 48
2, 44580, Note_on_c, 0, 90, 0
2, 44580, Note_on_c, 0, 94, 36
2, 44640, Note_on_c, 0, 94, 0
2, 44640, Note_on_c, 0, 99, 51
2, 44640, Note_on_c, 0, 44, 49
2, 44699, Note_on_c, 0, 99, 0
2, 44699, Note_on_c, 0, 91, 36
2, 44729, Note_on_c, 0, 44, 0
2, 44760, Note_on_c, 0, 91, 0
2, 44760, Note_on_c, 0, 90, 46
2, 44820, Note_on_c, 0, 90, 0
2, 44820, Note_on_c, 0, 39, 0
2, 44820, Note_on_c, 0, 27, 0
2, 44820, Note_on_c, 0, 98, 51
2, 44820, Note_on_c, 0, 45, 60
2, 44820, Note_on_c, 0, 39, 72
2, 44879, Note_on_c, 0, 98, 0
2, 44879, Note_on_c, 0, 90, 37
2, 44940, Note_on_c, 0, 90, 0
2, 44940, Note_on_c, 0, 89, 42
2, 45000, Note_on_c, 0, 89, 0
2, 45000, Note_on_c, 0, 97, 55
2, 45059, Note_on_c, 0, 97, 0
2, 45059, Note_on_c, 0, 89, 43
2, 45120, Note_on_c, 0, 89, 0
2, 45120, Note_on_c, 0, 88, 43
2, 45180, Note_on_c, 0, 88, 0
2, 45180, Note_on_c, 0, 45, 0
2, 45180, Note_on_c, 0, 96, 52
2, 45180, Note_on_c, 0, 46, 56
2, 45239, Note_on_c, 0, 96, 0
2, 45239, Note_on_c, 0, 88, 40
2, 45300, Note_on_c, 0, 88, 0
2, 45300, Note_on_c, 0, 87, 39
2, 45360, Note_on_c, 0, 87, 0
2, 45360, Note_on_c, 0, 46, 0
2, 45360, Note_on_c, 0, 39, 0
2, 45360, Note_on_c, 0, 78, 36
2, 45360, Note_on_c, 0, 48, 55
2, 45360, Note_on_c, 0, 39, 72
2, 45419, Note_on_c, 0, 78, 0
2, 45419, Note_on_c, 0, 81, 43
2, 45480, Note_on_c, 0, 81, 0
2, 45480, Note_on_c, 0, 82, 49
2, 45540, Note_on_c, 0, 82, 0
2, 45540, Note_on_c, 0, 39, 0
2, 45540, Note_on_c, 0, 86, 48
2, 45540, Note_on_c, 0, 27, 70
2, 45540, Note_on_c, 0, 39, 70
2, 45599, Note_on_c, 0, 86, 0
2, 45599, Note_on_c, 0, 87, 44
2, 45660, Note_on_c, 0, 87, 0
2, 45660, Note_on_c, 0, 90, 45
2, 45720, Note_on_c, 0, 90, 0
2, 45720, Note_on_c, 0, 48, 0
2, 45720, Note_on_c, 0, 94, 50
2, 45720, Note_on_c, 0, 39, 61
2, 45720, Note_on_c, 0, 50, 61
2, 45779, Note_on_c, 0, 94, 0
2, 45779, Note_on_c, 0, 86, 35
2, 45840, Note_on_c, 0, 86, 0
2, 45840, Note_on_c, 0, 85, 42
2, 45900, Note_on_c, 0, 85, 0
2, 45900, Note_on_c, 0, 39, 0
2, 45900, Note_on_c, 0, 39, 0
2, 45900, Note_on_c, 0, 27, 0
2, 45900, Note_on_c, 0, 50, 0
2, 45900, Note_on_c, 0, 93, 59
2, 45900, Note_on_c, 0, 51, 56
2, 45900, Note_on_c, 0, 39, 70
2, 45959, Note_on_c, 0, 93, 0
2, 45959, Note_on_c, 0, 85, 37
2, 46020, Note_on_c, 0, 85, 0
2, 46020, Note_on_c, 0, 84, 40
2, 46080, Note_on_c, 0, 84, 0
2, 46080, Note_on_c, 0, 92, 58
2, 46139, Note_on_c, 0, 92, 0
2, 46139, Note_on_c, 0, 84, 34
2, 46200, Note_on_c, 0, 84, 0
2, 46200, Note_on_c, 0, 83, 42
2, 46260, Note_on_c, 0, 83, 0
2, 46260, Note_on_c, 0, 51, 0
2, 46260, Note_on_c, 0, 91, 56
2, 46260, Note_on_c, 0, 53, 57
2, 46319, Note_on_c, 0, 91, 0
2, 46319, Note_on_c, 0, 83, 42
2, 46380, Note_on_c, 0, 83, 0
2, 46380, Note_on_c, 0, 82, 47
2, 46440, Note_on_c, 0, 82, 0
2, 46440, Note_on_c, 0, 53, 0
2, 46440, Note_on_c, 0, 39, 0
2, 46440, Note_on_c, 0, 72, 27
2, 46440, Note_on_c, 0, 45, 60
2, 46440, Note_on_c, 0, 48, 60
2, 46440, Note_on_c, 0, 54, 60
2, 46499, Note_on_c, 0, 72, 0
2, 46499, Note_on_c, 0, 75, 28
2, 46529, Note_on_c, 0, 45, 0
2, 46529, Note_on_c, 0, 54, 0
2, 46529, Note_on_c, 0, 48, 0
2, 46560, Note_on_c, 0, 75, 0
2, 46560, Note_on_c, 0, 78, 29
2, 46620, Note_on_c, 0, 78, 0
2, 46620, Note_on_c, 0, 80, 37
2, 46620, Note_on_c, 0, 27, 65
2, 46620, Note_on_c, 0, 39, 65
2, 46679, Note_on_c, 0, 80, 0
2, 46679, Note_on_c, 0, 81, 27
2, 46740, Note_on_c, 0, 81, 0
2, 46740, Note_on_c, 0, 84, 34
2, 46800, Note_on_c, 0, 84, 0
2, 46800, Note_on_c, 0, 87, 33
2, 46800, Note_on_c, 0, 53, 46
2, 46800, Note_on_c, 0, 56, 46
2, 46859, Note_on_c, 0, 87, 0
2, 46859, Note_on_c, 0, 79, 23
2, 46920, Note_on_c, 0, 79, 0
2, 46920, Note_on_c, 0, 78, 32
2, 46980, Note_on_c, 0, 78, 0
2, 46980, Note_on_c, 0, 53, 0
2, 46980, Note_on_c, 0, 27, 0
2, 46980, Note_on_c, 0, 39, 0
2, 46980, Note_on_c, 0, 56, 0
2, 46980, Note_on_c, 0, 86, 31
2, 46980, Note_on_c, 0, 48, 53
2, 46980, Note_on_c, 0, 51, 53
2, 46980, Note_on_c, 0, 57, 53
2, 47039, Note_on_c, 0, 86, 0
2, 47039, Note_on_c, 0, 78, 28
2, 47100, Note_on_c, 0, 78, 0
2, 47100, Note_on_c, 0, 77, 29
2, 47160, Note_on_c, 0, 77, 0
2, 47160, Note_on_c, 0, 85, 37
2, 47219, Note_on_c, 0, 85, 0
2, 47219, Note_on_c, 0, 77, 22
2, 47280, Note_on_c, 0, 77, 0
2, 47280, Note_on_c, 0, 76, 22
2, 47340, Note_on_c, 0, 76, 0
2, 47340, Note_on_c, 0, 57, 0
2, 47340, Note_on_c, 0, 51, 0
2, 47340, Note_on_c, 0, 48, 0
2, 47340, Note_on_c, 0, 84, 39
2, 47340, Note_on_c, 0, 54, 52
2, 47340, Note_on_c, 0, 58, 52
2, 47399, Note_on_c, 0, 84, 0
2, 47399, Note_on_c, 0, 76, 25
2, 47460, Note_on_c, 0, 76, 0
2, 47460, Note_on_c, 0, 75, 27
2, 47520, Note_on_c, 0, 75, 0
2, 47520, Note_on_c, 0, 58, 0
2, 47520, Note_on_c, 0, 66, 21
2, 47520, Note_on_c, 0, 51, 57
2, 47520, Note_on_c, 0, 60, 57
2, 47579, Note_on_c, 0, 66, 0
2, 47579, Note_on_c, 0, 69, 28
2, 47640, Note_on_c, 0, 69, 0
2, 47640, Note_on_c, 0, 70, 30
2, 47700, Note_on_c, 0, 70, 0
2, 47700, Note_on_c, 0, 74, 38
2, 47700, Note_on_c, 0, 39, 59
2, 47759, Note_on_c, 0, 74, 0
2, 47759, Note_on_c, 0, 75, 27
2, 47820, Note_on_c, 0, 75, 0
2, 47820, Note_on_c, 0, 78, 37
2, 47880, Note_on_c, 0, 78, 0
2, 47880, Note_on_c, 0, 54, 0
2, 47880, Note_on_c, 0, 60, 0
2, 47880, Note_on_c, 0, 51, 0
2, 47880, Note_on_c, 0, 82, 32
2, 47880, Note_on_c, 0, 58, 57
2, 47880, Note_on_c, 0, 62, 57
2, 47939, Note_on_c, 0, 82, 0
2, 47939, Note_on_c, 0, 74, 24
2, 48000, Note_on_c, 0, 74, 0
2, 48000, Note_on_c, 0, 73, 21
2, 48060, Note_on_c, 0, 73, 0
2, 48060, Note_on_c, 0, 39, 0
2, 48060, Note_on_c, 0, 58, 0
2, 48060, Note_on_c, 0, 62, 0
2, 48060, Note_on_c, 0, 81, 36
2, 48060, Note_on_c, 0, 54, 54
2, 48060, Note_on_c, 0, 57, 54
2, 48060, Note_on_c, 0, 63, 54
2, 48119, Note_on_c, 0, 81, 0
2, 48119, Note_on_c, 0, 73, 24
2, 48180, Note_on_c, 0, 73, 0
2, 48180, Note_on_c, 0, 72, 31
2, 48240, Note_on_c, 0, 72, 0
2, 48240, Note_on_c, 0, 80, 37
2, 48299, Note_on_c, 0, 80, 0
2, 48299, Note_on_c, 0, 72, 24
2, 48360, Note_on_c, 0, 72, 0
2, 48360, Note_on_c, 0, 71, 30
2, 48420, Note_on_c, 0, 71, 0
2, 48420, Note_on_c, 0, 63, 0
2, 48420, Note_on_c, 0, 57, 0
2, 48420, Note_on_c, 0, 54, 0
2, 48420, Note_on_c, 0, 79, 33
2, 48420, Note_on_c, 0, 62, 60
2, 48420, Note_on_c, 0, 65, 60
2, 48479, Note_on_c, 0, 79, 0
2, 48479, Note_on_c, 0, 71, 24
2, 48540, Note_on_c, 0, 71, 0
2, 48540, Note_on_c, 0, 70, 23
2, 48600, Note_on_c, 0, 70, 0
2, 48600, Note_on_c, 0, 65, 0
2, 48600, Note_on_c, 0, 62, 0
2, 48600, Note_on_c, 0, 78, 38
2, 48600, Note_on_c, 0, 58, 60
2, 48600, Note_on_c, 0, 63, 60
2, 48600, Note_on_c, 0, 66, 60
2, 48659, Note_on_c, 0, 78, 0
2, 48659, Note_on_c, 0, 70, 23
2, 48689, Note_on_c, 0, 58, 0
2, 48689, Note_on_c, 0, 66, 0
2, 48689, Note_on_c, 0, 63, 0
2, 48720, Note_on_c, 0, 70, 0
2, 48720, Note_on_c, 0, 75, 37
2, 48780, Note_on_c, 0, 75, 0
2, 48780, Note_on_c, 0, 83, 37
2, 48780, Note_on_c, 0, 87, 75
2, 48824, Note_on_c, 0, 87, 0
2, 48839, Note_on_c, 0, 83, 0
2, 48839, Note_on_c, 0, 79, 28
2, 48870, Note_on_c, 0, 75, 43
2, 48900, Note_on_c, 0, 79, 0
2, 48900, Note_on_c, 0, 74, 24
2, 48914, Note_on_c, 0, 75, 0
2, 48960, Note_on_c, 0, 74, 0
2, 48960, Note_on_c, 0, 82, 34
2, 48960, Note_on_c, 0, 87, 72
2, 49004, Note_on_c, 0, 87, 0
2, 49019, Note_on_c, 0, 82, 0
2, 49019, Note_on_c, 0, 78, 28
2, 49050, Note_on_c, 0, 75, 45
2, 49080, Note_on_c, 0, 78, 0
2, 49080, Note_on_c, 0, 73, 23
2, 49094, Note_on_c, 0, 75, 0
2, 49140, Note_on_c, 0, 73, 0
2, 49140, Note_on_c, 0, 81, 36
2, 49140, Note_on_c, 0, 87, 67
2, 49184, Note_on_c, 0, 87, 0
2, 49199, Note_on_c, 0, 81, 0
2, 49199, Note_on_c, 0, 77, 23
2, 49230, Note_on_c, 0, 75, 41
2, 49260, Note_on_c, 0, 77, 0
2, 49260, Note_on_c, 0, 72, 25
2, 49274, Note_on_c, 0, 75, 0
2, 49320, Note_on_c, 0, 72, 0
2, 49320, Note_on_c, 0, 80, 34
2, 49320, Note_on_c, 0, 87, 70
2, 49364, Note_on_c, 0, 87, 0
2, 49379, Note_on_c, 0, 80, 0
2, 49379, Note_on_c, 0, 76, 26
2, 49410, Note_on_c, 0, 75, 42
2, 49440, Note_on_c, 0, 76, 0
2, 49440, Note_on_c, 0, 71, 25
2, 49454, Note_on_c, 0, 75, 0
2, 49500, Note_on_c, 0, 71, 0
2, 49500, Note_on_c, 0, 79, 35
2, 49500, Note_on_c, 0, 87, 70
2, 49544, Note_on_c, 0, 87, 0
2, 49559, Note_on_c, 0, 79, 0
2, 49559, Note_on_c, 0, 71, 23
2, 49590, Note_on_c, 0, 75, 40
2, 49620, Note_on_c, 0, 71, 0
2, 49620, Note_on_c, 0, 69, 26
2, 49634, Note_on_c, 0, 75, 0
2, 49680, Note_on_c, 0, 69, 0
2, 49680, Note_on_c, 0, 78, 40
2, 49680, Note_on_c, 0, 87, 67
2, 49724, Note_on_c, 0, 87, 0
2, 49739, Note_on_c, 0, 78, 0
2, 49739, Note_on_c, 0, 70, 27
2, 49770, Note_on_c, 0, 75, 39
2, 49800, Note_on_c, 0, 70, 0
2, 49800, Note_on_c, 0, 63, 27
2, 49814, Note_on_c, 0, 75, 0
2, 49860, Note_on_c, 0, 63, 0
2, 49860, Note_on_c, 0, 71, 36
2, 49860, Note_on_c, 0, 75, 55
2, 49904, Note_on_c, 0, 75, 0
2, 49919, Note_on_c, 0, 71, 0
2, 49919, Note_on_c, 0, 67, 27
2, 49950, Note_on_c, 0, 63, 43
2, 49980, Note_on_c, 0, 67, 0
2, 49980, Note_on_c, 0, 62, 26
2, 49994, Note_on_c, 0, 63, 0
2, 50040, Note_on_c, 0, 62, 0
2, 50040, Note_on_c, 0, 70, 39
2, 50040, Note_on_c, 0, 75, 65
2, 50084, Note_on_c, 0, 75, 0
2, 50099, Note_on_c, 0, 70, 0
2, 50099, Note_on_c, 0, 66, 23
2, 50130, Note_on_c, 0, 63, 40
2, 50160, Note_on_c, 0, 66, 0
2, 50160, Note_on_c, 0, 61, 26
2, 50174, Note_on_c, 0, 63, 0
2, 50220, Note_on_c, 0, 61, 0
2, 50220, Note_on_c, 0, 69, 34
2, 50220, Note_on_c, 0, 75, 66
2, 50264, Note_on_c, 0, 75, 0
2, 50279, Note_on_c, 0, 69, 0
2, 50279, Note_on_c, 0, 65, 29
2, 50310, Note_on_c, 0, 63, 40
2, 50340, Note_on_c, 0, 65, 0
2, 50340, Note_on_c, 0, 60, 21
2, 50354, Note_on_c, 0, 63, 0
2, 50400, Note_on_c, 0, 60, 0
2, 50400, Note_on_c, 0, 68, 33
2, 50400, Note_on_c, 0, 75, 65
2, 50444, Note_on_c, 0, 75, 0
2, 50459, Note_on_c, 0, 68, 0
2, 50459, Note_on_c, 0, 64, 26
2, 50490, Note_on_c, 0, 63, 42
2, 50520, Note_on_c, 0, 64, 0
2, 50520, Note_on_c, 0, 59, 27
2, 50534, Note_on_c, 0, 63, 0
2, 50580, Note_on_c, 0, 59, 0
2, 50580, Note_on_c, 0, 67, 39
2, 50580, Note_on_c, 0, 75, 67
2, 50624, Note_on_c, 0, 75, 0
2, 50639, Note_on_c, 0, 67, 0
2, 50639, Note_on_c, 0, 59, 24
2, 50670, Note_on_c, 0, 63, 44
2, 50700, Note_on_c, 0, 59, 0
2, 50700, Note_on_c, 0, 57, 32
2, 50714, Note_on_c, 0, 63, 0
2, 50760, Note_on_c, 0, 57, 0
2, 50760, Note_on_c, 0, 66, 41
2, 50760, Note_on_c, 0, 75, 71
2, 50788, Note_on_c, 0, 75, 0
2, 50819, Note_on_c, 0, 66, 0
2, 50819, Note_on_c, 0, 58, 31
2, 50880, Note_on_c, 0, 58, 0
2, 50880, Note_on_c, 0, 39, 47
2, 50880, Note_on_c, 0, 46, 47
2, 50909, Note_on_c, 0, 46, 0
2, 50909, Note_on_c, 0, 39, 0
2, 50940, Note_on_c, 0, 51, 28
2, 50970, Note_on_c, 0, 51, 0
2, 50970, Note_on_c, 0, 54, 34
2, 50999, Note_on_c, 0, 54, 0
2, 50999, Note_on_c, 0, 56, 27
2, 51030, Note_on_c, 0, 56, 0
2, 51030, Note_on_c, 0, 58, 28
2, 51060, Note_on_c, 0, 58, 0
2, 51060, Note_on_c, 0, 62, 35
2, 51089, Note_on_c, 0, 62, 0
2, 51089, Note_on_c, 0, 63, 32
2, 51120, Note_on_c, 0, 63, 0
2, 51120, Note_on_c, 0, 66, 31
2, 51179, Note_on_c, 0, 66, 0
2, 51179, Note_on_c, 0, 65, 27
2, 51240, Note_on_c, 0, 65, 0
2, 51240, Note_on_c, 0, 70, 35
2, 51300, Note_on_c, 0, 70, 0
2, 51300, Note_on_c, 0, 58, 27
2, 51300, Note_on_c, 0, 63, 27
2, 51300, Note_on_c, 0, 66, 27
2, 51359, Note_on_c, 0, 66, 0
2, 51359, Note_on_c, 0, 63, 0
2, 51359, Note_on_c, 0, 58, 0
2, 51359, Note_on_c, 0, 68, 30
2, 51420, Note_on_c, 0, 68, 0
2, 51420, Note_on_c, 0, 69, 32
2, 51480, Note_on_c, 0, 69, 0
2, 51480, Note_on_c, 0, 70, 32
2, 51539, Note_on_c, 0, 70, 0
2, 51539, Note_on_c, 0, 74, 33
2, 51600, Note_on_c, 0, 74, 0
2, 51600, Note_on_c, 0, 75, 36
2, 51660, Note_on_c, 0, 75, 0
2, 51660, Note_on_c, 0, 78, 32
2, 51719, Note_on_c, 0, 78, 0
2, 51719, Note_on_c, 0, 77, 31
2, 51780, Note_on_c, 0, 77, 0
2, 51780, Note_on_c, 0, 82, 31
2, 51840, Note_on_c, 0, 82, 0
2, 51840, Note_on_c, 0, 70, 25
2, 51840, Note_on_c, 0, 75, 25
2, 51840, Note_on_c, 0, 78, 25
2, 51899, Note_on_c, 0, 78, 0
2, 51899, Note_on_c, 0, 75, 0
2, 51899, Note_on_c, 0, 70, 0
2, 51899, Note_on_c, 0, 80, 34
2, 51960, Note_on_c, 0, 80, 0
2, 51960, Note_on_c, 0, 81, 34
2, 52020, Note_on_c, 0, 81, 0
2, 52020, Note_on_c, 0, 82, 28
2, 52079, Note_on_c, 0, 82, 0
2, 52079, Note_on_c, 0, 86, 37
2, 52140, Note_on_c, 0, 86, 0
2, 52140, Note_on_c, 0, 87, 33
2, 52200, Note_on_c, 0, 87, 0
2, 52200, Note_on_c, 0, 90, 27
2, 52259, Note_on_c, 0, 90, 0
2, 52259, Note_on_c, 0, 89, 32
2, 52320, Note_on_c, 0, 89, 0
2, 52320, Note_on_c, 0, 94, 32
2, 52380, Note_on_c, 0, 94, 0
2, 52380, Note_on_c, 0, 90, 25
2, 52380, Note_on_c, 0, 82, 51
2, 52380, Note_on_c, 0, 87, 51
2, 52439, Note_on_c, 0, 90, 0
2, 52439, Note_on_c, 0, 91, 29
2, 52500, Note_on_c, 0, 91, 0
2, 52500, Note_on_c, 0, 92, 22
2, 52560, Note_on_c, 0, 92, 0
2, 52560, Note_on_c, 0, 87, 0
2, 52560, Note_on_c, 0, 82, 0
2, 52560, Note_on_c, 0, 93, 30
2, 52560, Note_on_c, 0, 88, 62
2, 52560, Note_on_c, 0, 91, 62
2, 52619, Note_on_c, 0, 93, 0
2, 52619, Note_on_c, 0, 94, 30
2, 52680, Note_on_c, 0, 94, 0
2, 52680, Note_on_c, 0, 95, 33
2, 52740, Note_on_c, 0, 95, 0
2, 52740, Note_on_c, 0, 91, 0
2, 52740, Note_on_c, 0, 88, 0
2, 52740, Note_on_c, 0, 96, 29
2, 52740, Note_on_c, 0, 89, 62
2, 52740, Note_on_c, 0, 92, 62
2, 52799, Note_on_c, 0, 96, 0
2, 52799, Note_on_c, 0, 97, 31
2, 52860, Note_on_c, 0, 97, 0
2, 52860, Note_on_c, 0, 98, 30
2, 52920, Note_on_c, 0, 98, 0
2, 52920, Note_on_c, 0, 92, 0
2, 52920, Note_on_c, 0, 89, 0
2, 52920, Note_on_c, 0, 87, 43
2, 52920, Note_on_c, 0, 87, 62
2, 52920, Note_on_c, 0, 90, 62
2, 52920, Note_on_c, 0, 94, 62
2, 53100, Note_on_c, 0, 94, 0
2, 53100, Note_on_c, 0, 87, 0
2, 53100, Note_on_c, 0, 87, 0
2, 53100, Note_on_c, 0, 90, 0
2, 53100, Note_on_c, 0, 87, 58
2, 53100, Note_on_c, 0, 90, 58
2, 53189, Note_on_c, 0, 90, 0
2, 53189, Note_on_c, 0, 87, 0
2, 53280, Note_on_c, 0, 75, 40
2, 53280, Note_on_c, 0, 78, 40
2, 53369, Note_on_c, 0, 78, 0
2, 53369, Note_on_c, 0, 75, 0
2, 53460, Note_on_c, 0, 69, 43
2, 53460, Note_on_c, 0, 72, 43
2, 53549, Note_on_c, 0, 72, 0
2, 53549, Note_on_c, 0, 69, 0
2, 53640, Note_on_c, 0, 57, 40
2, 53640, Note_on_c, 0, 60, 40
2, 53729, Note_on_c, 0, 60, 0
2, 53729, Note_on_c, 0, 57, 0
2, 53820, Note_on_c, 0, 46, 50
2, 53820, Note_on_c, 0, 50, 50
2, 53909, Note_on_c, 0, 50, 0
2, 53909, Note_on_c, 0, 46, 0
2, 54000, Note_on_c, 0, 39, 62
2, 54000, Note_on_c, 0, 42, 62
2, 54180, Note_on_c, 0, 27, 61
2, 54540, Note_on_c, 0, 46, 69
2, 54599, Note_on_c, 0, 46, 0
2, 54599, Note_on_c, 0, 47, 78
2, 54660, Note_on_c, 0, 47, 0
2, 54660, Note_on_c, 0, 45, 78
2, 54720, Note_on_c, 0, 45, 0
2, 54720, Note_on_c, 0, 46, 82
2, 54900, Note_on_c, 0, 46, 0
2, 55080, Note_on_c, 0, 46, 78
2, 55139, Note_on_c, 0, 46, 0
2, 55139, Note_on_c, 0, 47, 77
2, 55200, Note_on_c, 0, 47, 0
2, 55200, Note_on_c, 0, 45, 76
2, 55260, Note_on_c, 0, 45, 0
2, 55260, Note_on_c, 0, 46, 75
2, 55440, Note_on_c, 0, 46, 0
2, 55980, Note_on_c, 0, 46, 62
2, 56039, Note_on_c, 0, 46, 0
2, 56039, Note_on_c, 0, 47, 61
2, 56100, Note_on_c, 0, 47, 0
2, 56100, Note_on_c, 0, 45, 60
2, 56160, Note_on_c, 0, 45, 0
2, 56160, Note_on_c, 0, 46, 59
2, 56219, Note_on_c, 0, 46, 0
2, 56219, Note_on_c, 0, 47, 58
2, 56280, Note_on_c, 0, 47, 0
2, 56280, Note_on_c, 0, 45, 57
2, 56340, Note_on_c, 0, 45, 0
2, 56340, Note_on_c, 0, 46, 56
2, 56520, Note_on_c, 0, 46, 0
2, 57240, Note_on_c, 0, 46, 52
2, 58320, Note_on_c, 0, 46, 0
2, 58320, Note_on_c, 0, 27, 0
2, 58320, Note_on_c, 0, 42, 0
2, 58320, Note_on_c, 0, 39, 0
2, 58320, End_track
0, 0, End_of_file
