0, 0, Header, 1, 5, 120
1, 0, Start_track
1, 0, Title_t, "Tchaikovsky Fugue Op.21 No.2"
1, 0, Copyright_t, "Adaptation for Disklavier pianos, by: Robert C. Kuhmann (c) 2012."
1, 0, Text_t, "Segundo Yogore\012"
1, 0, Time_signature, 4, 2, 24, 8
1, 0, Key_signature, 5, "major"
1, 0, Tempo, 750000
1, 5760, Time_signature, 3, 2, 24, 8
1, 6120, Time_signature, 4, 2, 24, 8
1, 13800, Time_signature, 5, 2, 24, 8
1, 14400, Time_signature, 4, 2, 24, 8
1, 18483, Tempo, 800000
1, 20160, Time_signature, 5, 2, 24, 8
1, 20760, Time_signature, 4, 2, 24, 8
1, 22680, Time_signature, 6, 2, 24, 8
1, 22680, End_track
2, 0, Start_track
2, 0, Title_t, "Grand Piano"
2, 0, Program_c, 0, 0
2, 0, Control_c, 0, 7, 115
2, 0, Control_c, 0, 10, 86
2, 60, Control_c, 0, 64, 127
2, 60, Note_on_c, 0, 75, 101
2, 120, Note_on_c, 0, 75, 0
2, 120, Note_on_c, 0, 76, 75
2, 150, Note_on_c, 0, 76, 0
2, 150, Note_on_c, 0, 75, 75
2, 180, Note_on_c, 0, 75, 0
2, 180, Note_on_c, 0, 73, 75
2, 240, Note_on_c, 0, 73, 0
2, 240, Note_on_c, 0, 75, 75
2, 300, Note_on_c, 0, 75, 0
2, 300, Note_on_c, 0, 80, 75
2, 360, Note_on_c, 0, 80, 0
2, 360, Note_on_c, 0, 75, 75
2, 540, Note_on_c, 0, 75, 0
2, 540, Note_on_c, 0, 73, 75
2, 600, Note_on_c, 0, 73, 0
2, 600, Note_on_c, 0, 75, 75
2, 630, Note_on_c, 0, 75, 0
2, 630, Note_on_c, 0, 73, 75
2, 660, Note_on_c, 0, 73, 0
2, 660, Note_on_c, 0, 71, 75
2, 720, Note_on_c, 0, 71, 0
2, 720, Note_on_c, 0, 70, 75
2, 780, Note_on_c, 0, 70, 0
2, 780, Control_c, 0, 64, 0
2, 780, Note_on_c, 0, 68, 75
2, 840, Note_on_c, 0, 68, 0
2, 840, Note_on_c, 0, 78, 101
2, 1020, Note_on_c, 0, 78, 0
2, 1020, Note_on_c, 0, 77, 75
2, 1140, Note_on_c, 0, 77, 0
2, 1140, Note_on_c, 0, 76, 75
2, 1260, Note_on_c, 0, 76, 0
2, 1260, Note_on_c, 0, 75, 75
2, 1380, Note_on_c, 0, 75, 0
2, 1380, Note_on_c, 0, 73, 75
2, 1500, Note_on_c, 0, 73, 0
2, 1500, Note_on_c, 0, 67, 75
2, 1620, Note_on_c, 0, 67, 0
2, 1620, Control_c, 0, 64, 127
2, 1620, Note_on_c, 0, 73, 101
2, 1740, Note_on_c, 0, 73, 0
2, 1740, Note_on_c, 0, 71, 75
2, 1800, Note_on_c, 0, 71, 0
2, 1800, Note_on_c, 0, 62, 75
2, 1860, Note_on_c, 0, 62, 0
2, 1860, Note_on_c, 0, 63, 75
2, 1920, Note_on_c, 0, 63, 0
2, 1920, Note_on_c, 0, 65, 75
2, 1980, Note_on_c, 0, 65, 0
2, 1980, Note_on_c, 0, 66, 75
2, 2100, Note_on_c, 0, 66, 0
2, 2100, Note_on_c, 0, 67, 75
2, 2160, Note_on_c, 0, 67, 0
2, 2160, Control_c, 0, 64, 0
2, 2160, Note_on_c, 0, 68, 75
2, 2280, Note_on_c, 0, 68, 0
2, 2280, Note_on_c, 0, 75, 75
2, 2400, Note_on_c, 0, 75, 0
2, 2400, Note_on_c, 0, 74, 75
2, 2460, Note_on_c, 0, 74, 0
2, 2460, Control_c, 0, 64, 127
2, 2460, Note_on_c, 0, 73, 101
2, 2580, Note_on_c, 0, 73, 0
2, 2580, Note_on_c, 0, 70, 75
2, 2640, Note_on_c, 0, 70, 0
2, 2640, Note_on_c, 0, 71, 75
2, 2700, Note_on_c, 0, 71, 0
2, 2700, Note_on_c, 0, 72, 75
2, 2820, Note_on_c, 0, 72, 0
2, 2820, Control_c, 0, 64, 0
2, 2820, Note_on_c, 0, 75, 75
2, 2880, Note_on_c, 0, 75, 0
2, 2880, Note_on_c, 0, 68, 75
2, 3060, Note_on_c, 0, 68, 0
2, 3060, Control_c, 0, 64, 127
2, 3060, Note_on_c, 0, 68, 101
2, 3120, Note_on_c, 0, 68, 0
2, 3120, Note_on_c, 0, 73, 75
2, 3180, Note_on_c, 0, 73, 0
2, 3180, Note_on_c, 0, 71, 75
2, 3300, Note_on_c, 0, 71, 0
2, 3300, Control_c, 0, 64, 0
2, 3300, Note_on_c, 0, 72, 75
2, 3360, Note_on_c, 0, 72, 0
2, 3360, Control_c, 0, 64, 127
2, 3360, Note_on_c, 0, 73, 101
2, 3420, Note_on_c, 0, 73, 0
2, 3420, Note_on_c, 0, 68, 75
2, 3480, Note_on_c, 0, 68, 0
2, 3480, Note_on_c, 0, 73, 75
2, 3510, Note_on_c, 0, 73, 0
2, 3510, Note_on_c, 0, 71, 75
2, 3540, Note_on_c, 0, 71, 0
2, 3540, Control_c, 0, 64, 0
2, 3540, Note_on_c, 0, 70, 75
2, 3600, Note_on_c, 0, 70, 0
2, 3600, Note_on_c, 0, 71, 101
2, 3840, Note_on_c, 0, 71, 0
2, 3840, Control_c, 0, 64, 127
2, 3840, Note_on_c, 0, 70, 101
2, 4020, Note_on_c, 0, 70, 0
2, 4020, Note_on_c, 0, 65, 75
2, 4080, Note_on_c, 0, 65, 0
2, 4080, Note_on_c, 0, 68, 75
2, 4110, Note_on_c, 0, 68, 0
2, 4110, Note_on_c, 0, 66, 75
2, 4140, Note_on_c, 0, 66, 0
2, 4140, Note_on_c, 0, 65, 75
2, 4260, Note_on_c, 0, 65, 0
2, 4260, Control_c, 0, 64, 0
2, 4260, Note_on_c, 0, 66, 75
2, 4320, Note_on_c, 0, 66, 0
2, 4320, Control_c, 0, 64, 127
2, 4320, Note_on_c, 0, 68, 101
2, 4380, Note_on_c, 0, 68, 0
2, 4380, Note_on_c, 0, 70, 75
2, 4560, Note_on_c, 0, 70, 0
2, 4560, Note_on_c, 0, 73, 75
2, 4620, Note_on_c, 0, 73, 0
2, 4620, Note_on_c, 0, 75, 75
2, 4740, Note_on_c, 0, 75, 0
2, 4740, Note_on_c, 0, 74, 75
2, 4800, Note_on_c, 0, 74, 0
2, 4800, Note_on_c, 0, 80, 75
2, 4860, Note_on_c, 0, 80, 0
2, 4860, Note_on_c, 0, 78, 75
2, 4920, Note_on_c, 0, 78, 0
2, 4920, Note_on_c, 0, 74, 75
2, 5040, Note_on_c, 0, 74, 0
2, 5040, Control_c, 0, 64, 0
2, 5040, Note_on_c, 0, 75, 75
2, 5100, Note_on_c, 0, 75, 0
2, 5460, Control_c, 0, 64, 127
2, 5460, Note_on_c, 0, 72, 101
2, 5520, Note_on_c, 0, 72, 0
2, 5520, Note_on_c, 0, 76, 75
2, 5550, Note_on_c, 0, 76, 0
2, 5550, Note_on_c, 0, 75, 75
2, 5580, Note_on_c, 0, 75, 0
2, 5580, Note_on_c, 0, 73, 75
2, 5640, Note_on_c, 0, 73, 0
2, 5640, Note_on_c, 0, 78, 75
2, 5670, Note_on_c, 0, 78, 0
2, 5670, Note_on_c, 0, 76, 75
2, 5700, Note_on_c, 0, 76, 0
2, 5700, Note_on_c, 0, 75, 75
2, 5760, Note_on_c, 0, 75, 0
2, 5760, Note_on_c, 0, 73, 75
2, 5820, Note_on_c, 0, 73, 0
2, 5820, Note_on_c, 0, 71, 75
2, 5880, Note_on_c, 0, 71, 0
2, 5880, Note_on_c, 0, 69, 75
2, 5940, Note_on_c, 0, 69, 0
2, 5940, Note_on_c, 0, 68, 75
2, 6000, Note_on_c, 0, 68, 0
2, 6000, Note_on_c, 0, 66, 75
2, 6060, Note_on_c, 0, 66, 0
2, 6060, Control_c, 0, 64, 0
2, 6060, Note_on_c, 0, 74, 75
2, 6120, Note_on_c, 0, 74, 0
2, 6120, Note_on_c, 0, 73, 75
2, 6270, Note_on_c, 0, 73, 0
2, 6270, Note_on_c, 0, 71, 75
2, 6300, Note_on_c, 0, 71, 0
2, 6300, Note_on_c, 0, 69, 75
2, 6360, Note_on_c, 0, 69, 0
2, 6360, Note_on_c, 0, 68, 101
2, 6540, Note_on_c, 0, 68, 0
2, 6540, Note_on_c, 0, 73, 75
2, 6600, Note_on_c, 0, 73, 0
2, 6600, Note_on_c, 0, 71, 101
2, 6660, Note_on_c, 0, 71, 0
2, 6660, Note_on_c, 0, 70, 75
2, 6720, Note_on_c, 0, 70, 0
2, 6780, Control_c, 0, 64, 127
2, 6780, Note_on_c, 0, 78, 101
2, 6870, Note_on_c, 0, 78, 0
2, 6870, Note_on_c, 0, 80, 75
2, 6900, Note_on_c, 0, 80, 0
2, 6900, Note_on_c, 0, 78, 75
2, 6990, Note_on_c, 0, 78, 0
2, 6990, Note_on_c, 0, 75, 75
2, 7020, Note_on_c, 0, 75, 0
2, 7020, Note_on_c, 0, 77, 75
2, 7080, Note_on_c, 0, 77, 0
2, 7080, Control_c, 0, 64, 0
2, 7080, Note_on_c, 0, 78, 75
2, 7140, Note_on_c, 0, 78, 0
2, 7140, Control_c, 0, 64, 127
2, 7140, Note_on_c, 0, 66, 101
2, 7200, Note_on_c, 0, 66, 0
2, 7200, Note_on_c, 0, 69, 75
2, 7230, Note_on_c, 0, 69, 0
2, 7230, Note_on_c, 0, 68, 75
2, 7260, Note_on_c, 0, 68, 0
2, 7260, Note_on_c, 0, 66, 75
2, 7320, Note_on_c, 0, 66, 0
2, 7320, Note_on_c, 0, 68, 75
2, 7380, Note_on_c, 0, 68, 0
2, 7380, Note_on_c, 0, 73, 75
2, 7440, Note_on_c, 0, 73, 0
2, 7440, Note_on_c, 0, 68, 75
2, 7620, Note_on_c, 0, 68, 0
2, 7620, Control_c, 0, 64, 0
2, 7620, Note_on_c, 0, 66, 75
2, 7680, Note_on_c, 0, 66, 0
2, 7680, Control_c, 0, 64, 127
2, 7680, Note_on_c, 0, 68, 101
2, 7710, Note_on_c, 0, 68, 0
2, 7710, Note_on_c, 0, 66, 75
2, 7740, Note_on_c, 0, 66, 0
2, 7740, Note_on_c, 0, 64, 75
2, 7800, Note_on_c, 0, 64, 0
2, 7800, Note_on_c, 0, 63, 75
2, 7830, Note_on_c, 0, 63, 0
2, 7830, Note_on_c, 0, 60, 75
2, 7860, Note_on_c, 0, 60, 0
2, 7860, Control_c, 0, 64, 0
2, 7860, Note_on_c, 0, 61, 75
2, 7920, Note_on_c, 0, 61, 0
2, 7920, Note_on_c, 0, 71, 101
2, 8100, Note_on_c, 0, 71, 0
2, 8100, Note_on_c, 0, 70, 75
2, 8220, Note_on_c, 0, 70, 0
2, 8220, Control_c, 0, 64, 127
2, 8220, Note_on_c, 0, 69, 75
2, 8340, Note_on_c, 0, 69, 0
2, 8340, Note_on_c, 0, 68, 75
2, 8400, Note_on_c, 0, 68, 0
2, 8400, Note_on_c, 0, 73, 75
2, 8460, Note_on_c, 0, 73, 0
2, 8460, Note_on_c, 0, 71, 75
2, 8490, Note_on_c, 0, 71, 0
2, 8490, Note_on_c, 0, 70, 75
2, 8520, Note_on_c, 0, 70, 0
2, 8520, Note_on_c, 0, 71, 75
2, 8550, Note_on_c, 0, 71, 0
2, 8550, Note_on_c, 0, 67, 75
2, 8580, Note_on_c, 0, 67, 0
2, 8580, Note_on_c, 0, 68, 75
2, 8610, Note_on_c, 0, 68, 0
2, 8610, Note_on_c, 0, 70, 75
2, 8640, Note_on_c, 0, 70, 0
2, 8640, Note_on_c, 0, 71, 75
2, 8670, Note_on_c, 0, 71, 0
2, 8670, Note_on_c, 0, 70, 75
2, 8700, Note_on_c, 0, 70, 0
2, 8700, Note_on_c, 0, 71, 75
2, 8730, Note_on_c, 0, 71, 0
2, 8730, Control_c, 0, 64, 0
2, 8730, Note_on_c, 0, 73, 75
2, 8760, Note_on_c, 0, 73, 0
2, 8760, Control_c, 0, 64, 127
2, 8760, Note_on_c, 0, 75, 101
2, 8940, Note_on_c, 0, 75, 0
2, 8940, Note_on_c, 0, 80, 75
2, 9000, Note_on_c, 0, 80, 0
2, 9000, Note_on_c, 0, 78, 75
2, 9030, Note_on_c, 0, 78, 0
2, 9030, Note_on_c, 0, 75, 75
2, 9060, Note_on_c, 0, 75, 0
2, 9060, Control_c, 0, 64, 0
2, 9060, Note_on_c, 0, 77, 75
2, 9120, Note_on_c, 0, 77, 0
2, 9180, Control_c, 0, 64, 127
2, 9180, Note_on_c, 0, 73, 75
2, 9270, Note_on_c, 0, 73, 0
2, 9270, Note_on_c, 0, 75, 75
2, 9300, Note_on_c, 0, 75, 0
2, 9300, Note_on_c, 0, 73, 75
2, 9390, Note_on_c, 0, 73, 0
2, 9390, Note_on_c, 0, 70, 75
2, 9420, Note_on_c, 0, 70, 0
2, 9420, Control_c, 0, 64, 0
2, 9420, Note_on_c, 0, 72, 75
2, 9480, Note_on_c, 0, 72, 0
2, 9480, Control_c, 0, 64, 127
2, 9480, Note_on_c, 0, 73, 101
2, 9540, Note_on_c, 0, 73, 0
2, 9540, Note_on_c, 0, 68, 75
2, 9570, Note_on_c, 0, 68, 0
2, 9570, Note_on_c, 0, 66, 75
2, 9600, Note_on_c, 0, 66, 0
2, 9600, Control_c, 0, 64, 0
2, 9600, Note_on_c, 0, 64, 75
2, 9660, Note_on_c, 0, 64, 0
2, 10380, Control_c, 0, 64, 127
2, 10380, Note_on_c, 0, 72, 114
2, 10440, Note_on_c, 0, 72, 0
2, 10440, Note_on_c, 0, 81, 88
2, 10500, Note_on_c, 0, 81, 0
2, 10500, Note_on_c, 0, 80, 88
2, 10560, Note_on_c, 0, 80, 0
2, 10560, Note_on_c, 0, 78, 88
2, 10740, Note_on_c, 0, 78, 0
2, 10860, Note_on_c, 0, 75, 88
2, 10920, Note_on_c, 0, 75, 0
2, 10920, Note_on_c, 0, 83, 114
2, 10980, Note_on_c, 0, 83, 0
2, 10980, Control_c, 0, 64, 0
2, 10980, Note_on_c, 0, 81, 88
2, 11040, Note_on_c, 0, 81, 0
2, 11040, Note_on_c, 0, 80, 114
2, 11220, Note_on_c, 0, 80, 0
2, 11400, Control_c, 0, 64, 127
2, 11400, Note_on_c, 0, 71, 75
2, 11430, Note_on_c, 0, 71, 0
2, 11430, Note_on_c, 0, 70, 75
2, 11460, Note_on_c, 0, 70, 0
2, 11460, Note_on_c, 0, 68, 75
2, 11520, Note_on_c, 0, 68, 0
2, 11520, Note_on_c, 0, 70, 75
2, 11580, Note_on_c, 0, 70, 0
2, 11580, Note_on_c, 0, 75, 75
2, 11640, Note_on_c, 0, 75, 0
2, 11640, Control_c, 0, 64, 0
2, 11640, Note_on_c, 0, 69, 75
2, 11820, Note_on_c, 0, 69, 0
2, 11820, Control_c, 0, 64, 127
2, 11820, Note_on_c, 0, 68, 101
2, 11880, Note_on_c, 0, 68, 0
2, 11880, Note_on_c, 0, 69, 75
2, 11910, Note_on_c, 0, 69, 0
2, 11910, Note_on_c, 0, 68, 75
2, 11940, Note_on_c, 0, 68, 0
2, 11940, Note_on_c, 0, 66, 75
2, 11970, Note_on_c, 0, 66, 0
2, 11970, Note_on_c, 0, 73, 75
2, 12000, Note_on_c, 0, 73, 0
2, 12000, Note_on_c, 0, 78, 75
2, 12030, Note_on_c, 0, 78, 0
2, 12030, Note_on_c, 0, 76, 75
2, 12060, Note_on_c, 0, 76, 0
2, 12060, Note_on_c, 0, 75, 75
2, 12180, Note_on_c, 0, 75, 0
2, 12180, Note_on_c, 0, 73, 75
2, 12240, Note_on_c, 0, 73, 0
2, 12240, Note_on_c, 0, 74, 75
2, 12270, Note_on_c, 0, 74, 0
2, 12270, Note_on_c, 0, 73, 75
2, 12300, Note_on_c, 0, 73, 0
2, 12300, Control_c, 0, 64, 0
2, 12300, Note_on_c, 0, 72, 75
2, 12360, Note_on_c, 0, 72, 0
2, 12360, Control_c, 0, 64, 127
2, 12360, Note_on_c, 0, 73, 101
2, 12420, Note_on_c, 0, 73, 0
2, 12420, Note_on_c, 0, 78, 75
2, 12480, Note_on_c, 0, 78, 0
2, 12480, Note_on_c, 0, 73, 75
2, 12660, Note_on_c, 0, 73, 0
2, 12660, Note_on_c, 0, 71, 75
2, 12720, Note_on_c, 0, 71, 0
2, 12720, Note_on_c, 0, 73, 75
2, 12750, Note_on_c, 0, 73, 0
2, 12750, Note_on_c, 0, 71, 75
2, 12780, Note_on_c, 0, 71, 0
2, 12780, Note_on_c, 0, 69, 75
2, 12840, Note_on_c, 0, 69, 0
2, 12840, Note_on_c, 0, 68, 75
2, 12900, Note_on_c, 0, 68, 0
2, 12900, Control_c, 0, 64, 0
2, 12900, Note_on_c, 0, 67, 75
2, 12960, Note_on_c, 0, 67, 0
2, 12960, Note_on_c, 0, 75, 101
2, 13140, Note_on_c, 0, 75, 0
2, 13140, Control_c, 0, 64, 127
2, 13140, Note_on_c, 0, 80, 101
2, 13200, Note_on_c, 0, 80, 0
2, 13200, Note_on_c, 0, 81, 75
2, 13230, Note_on_c, 0, 81, 0
2, 13230, Note_on_c, 0, 80, 75
2, 13260, Note_on_c, 0, 80, 0
2, 13260, Note_on_c, 0, 79, 75
2, 13320, Note_on_c, 0, 79, 0
2, 13320, Note_on_c, 0, 80, 75
2, 13380, Note_on_c, 0, 80, 0
2, 13380, Note_on_c, 0, 85, 75
2, 13440, Note_on_c, 0, 85, 0
2, 13440, Note_on_c, 0, 80, 75
2, 13620, Note_on_c, 0, 80, 0
2, 13620, Note_on_c, 0, 79, 75
2, 13680, Note_on_c, 0, 79, 0
2, 13680, Note_on_c, 0, 80, 75
2, 13710, Note_on_c, 0, 80, 0
2, 13710, Note_on_c, 0, 78, 75
2, 13740, Note_on_c, 0, 78, 0
2, 13740, Note_on_c, 0, 76, 75
2, 13800, Note_on_c, 0, 76, 0
2, 13800, Note_on_c, 0, 75, 75
2, 13860, Note_on_c, 0, 75, 0
2, 13860, Control_c, 0, 64, 0
2, 13860, Note_on_c, 0, 74, 75
2, 13920, Note_on_c, 0, 74, 0
2, 13920, Control_c, 0, 64, 127
2, 13920, Note_on_c, 0, 83, 101
2, 13950, Note_on_c, 0, 83, 0
2, 13950, Note_on_c, 0, 82, 75
2, 13980, Note_on_c, 0, 82, 0
2, 13980, Note_on_c, 0, 80, 75
2, 14010, Note_on_c, 0, 80, 0
2, 14010, Note_on_c, 0, 78, 75
2, 14040, Note_on_c, 0, 78, 0
2, 14040, Note_on_c, 0, 76, 75
2, 14100, Note_on_c, 0, 76, 0
2, 14100, Note_on_c, 0, 75, 75
2, 14130, Note_on_c, 0, 75, 0
2, 14130, Note_on_c, 0, 73, 75
2, 14160, Note_on_c, 0, 73, 0
2, 14160, Note_on_c, 0, 71, 75
2, 14220, Note_on_c, 0, 71, 0
2, 14220, Note_on_c, 0, 70, 75
2, 14250, Note_on_c, 0, 70, 0
2, 14250, Note_on_c, 0, 68, 75
2, 14280, Note_on_c, 0, 68, 0
2, 14280, Note_on_c, 0, 67, 75
2, 14340, Note_on_c, 0, 67, 0
2, 14340, Control_c, 0, 64, 0
2, 14340, Note_on_c, 0, 68, 75
2, 14400, Note_on_c, 0, 68, 0
2, 14400, Control_c, 0, 64, 127
2, 14400, Note_on_c, 0, 61, 75
2, 14460, Note_on_c, 0, 61, 0
2, 14460, Note_on_c, 0, 69, 75
2, 14520, Note_on_c, 0, 69, 0
2, 14520, Note_on_c, 0, 68, 75
2, 14700, Note_on_c, 0, 68, 0
2, 14700, Note_on_c, 0, 70, 75
2, 14760, Note_on_c, 0, 70, 0
2, 14760, Note_on_c, 0, 72, 75
2, 14940, Note_on_c, 0, 72, 0
2, 14940, Note_on_c, 0, 73, 75
2, 15000, Note_on_c, 0, 73, 0
2, 15000, Note_on_c, 0, 68, 75
2, 15120, Note_on_c, 0, 68, 0
2, 15300, Control_c, 0, 64, 127
2, 15300, Note_on_c, 0, 73, 75
2, 15360, Note_on_c, 0, 73, 0
2, 15360, Note_on_c, 0, 76, 75
2, 15390, Note_on_c, 0, 76, 0
2, 15390, Note_on_c, 0, 75, 75
2, 15420, Note_on_c, 0, 75, 0
2, 15420, Note_on_c, 0, 73, 75
2, 15480, Note_on_c, 0, 73, 0
2, 15480, Note_on_c, 0, 75, 75
2, 15540, Note_on_c, 0, 75, 0
2, 15540, Note_on_c, 0, 80, 75
2, 15600, Note_on_c, 0, 80, 0
2, 15600, Note_on_c, 0, 75, 75
2, 15780, Note_on_c, 0, 75, 0
2, 15780, Control_c, 0, 64, 0
2, 15780, Note_on_c, 0, 73, 75
2, 15840, Note_on_c, 0, 73, 0
2, 15840, Control_c, 0, 64, 127
2, 15840, Note_on_c, 0, 75, 101
2, 15870, Note_on_c, 0, 75, 0
2, 15870, Note_on_c, 0, 73, 75
2, 15900, Note_on_c, 0, 73, 0
2, 15900, Note_on_c, 0, 71, 75
2, 15960, Note_on_c, 0, 71, 0
2, 15960, Note_on_c, 0, 70, 75
2, 16020, Note_on_c, 0, 70, 0
2, 16020, Control_c, 0, 64, 0
2, 16020, Note_on_c, 0, 68, 75
2, 16080, Note_on_c, 0, 68, 0
2, 16080, Control_c, 0, 64, 127
2, 16080, Note_on_c, 0, 78, 101
2, 16140, Note_on_c, 0, 78, 0
2, 16140, Note_on_c, 0, 76, 75
2, 16260, Note_on_c, 0, 76, 0
2, 16260, Note_on_c, 0, 75, 75
2, 16380, Note_on_c, 0, 75, 0
2, 16380, Note_on_c, 0, 73, 75
2, 16500, Note_on_c, 0, 73, 0
2, 16500, Note_on_c, 0, 72, 75
2, 16560, Note_on_c, 0, 72, 0
2, 16560, Note_on_c, 0, 70, 75
2, 16680, Note_on_c, 0, 70, 0
2, 16680, Control_c, 0, 64, 0
2, 16680, Note_on_c, 0, 68, 75
2, 16740, Note_on_c, 0, 68, 0
2, 17100, Note_on_c, 0, 64, 75
2, 17130, Note_on_c, 0, 64, 0
2, 17130, Note_on_c, 0, 66, 75
2, 17160, Note_on_c, 0, 66, 0
2, 17160, Note_on_c, 0, 68, 75
2, 17220, Note_on_c, 0, 68, 0
2, 17220, Note_on_c, 0, 70, 75
2, 17250, Note_on_c, 0, 70, 0
2, 17250, Note_on_c, 0, 72, 75
2, 17280, Note_on_c, 0, 72, 0
2, 17280, Control_c, 0, 64, 127
2, 17280, Note_on_c, 0, 73, 101
2, 17310, Note_on_c, 0, 73, 0
2, 17310, Note_on_c, 0, 68, 75
2, 17340, Note_on_c, 0, 68, 0
2, 17340, Note_on_c, 0, 70, 75
2, 17370, Note_on_c, 0, 70, 0
2, 17370, Note_on_c, 0, 72, 75
2, 17400, Note_on_c, 0, 72, 0
2, 17400, Note_on_c, 0, 73, 75
2, 17430, Note_on_c, 0, 73, 0
2, 17430, Note_on_c, 0, 72, 75
2, 17460, Note_on_c, 0, 72, 0
2, 17460, Note_on_c, 0, 73, 75
2, 17490, Note_on_c, 0, 73, 0
2, 17490, Note_on_c, 0, 76, 75
2, 17520, Note_on_c, 0, 76, 0
2, 17520, Note_on_c, 0, 80, 88
2, 17550, Note_on_c, 0, 80, 0
2, 17550, Note_on_c, 0, 78, 88
2, 17580, Note_on_c, 0, 78, 0
2, 17580, Control_c, 0, 64, 0
2, 17580, Note_on_c, 0, 77, 88
2, 17640, Note_on_c, 0, 77, 0
2, 17700, Note_on_c, 0, 65, 88
2, 17760, Note_on_c, 0, 65, 0
2, 17760, Note_on_c, 0, 74, 114
2, 17820, Note_on_c, 0, 74, 0
2, 17820, Note_on_c, 0, 73, 88
2, 17880, Note_on_c, 0, 73, 0
2, 17880, Note_on_c, 0, 71, 88
2, 18060, Note_on_c, 0, 71, 0
2, 18180, Note_on_c, 0, 68, 88
2, 18240, Note_on_c, 0, 68, 0
2, 18240, Note_on_c, 0, 76, 114
2, 18300, Note_on_c, 0, 76, 0
2, 18300, Note_on_c, 0, 74, 88
2, 18360, Note_on_c, 0, 74, 0
2, 18360, Note_on_c, 0, 73, 88
2, 18510, Note_on_c, 0, 73, 0
2, 18510, Note_on_c, 0, 74, 114
2, 18540, Note_on_c, 0, 74, 0
2, 18540, Note_on_c, 0, 75, 127
2, 18570, Note_on_c, 0, 75, 0
2, 18570, Note_on_c, 0, 77, 127
2, 18600, Note_on_c, 0, 77, 0
2, 18600, Note_on_c, 0, 70, 127
2, 18600, Note_on_c, 0, 73, 127
2, 18600, Note_on_c, 0, 78, 127
2, 18630, Note_on_c, 0, 78, 0
2, 18630, Note_on_c, 0, 73, 0
2, 18630, Note_on_c, 0, 70, 0
2, 18630, Note_on_c, 0, 68, 127
2, 18630, Note_on_c, 0, 73, 127
2, 18630, Note_on_c, 0, 76, 127
2, 18660, Note_on_c, 0, 76, 0
2, 18660, Note_on_c, 0, 73, 0
2, 18660, Note_on_c, 0, 68, 0
2, 18660, Note_on_c, 0, 66, 127
2, 18660, Note_on_c, 0, 73, 127
2, 18660, Note_on_c, 0, 75, 127
2, 18720, Note_on_c, 0, 75, 0
2, 18720, Note_on_c, 0, 73, 0
2, 18720, Note_on_c, 0, 66, 0
2, 18720, Note_on_c, 0, 68, 127
2, 18720, Note_on_c, 0, 73, 127
2, 18720, Note_on_c, 0, 76, 127
2, 18750, Note_on_c, 0, 76, 0
2, 18750, Note_on_c, 0, 73, 0
2, 18750, Note_on_c, 0, 68, 0
2, 18750, Note_on_c, 0, 66, 127
2, 18750, Note_on_c, 0, 68, 127
2, 18750, Note_on_c, 0, 75, 127
2, 18780, Note_on_c, 0, 75, 0
2, 18780, Note_on_c, 0, 68, 0
2, 18780, Note_on_c, 0, 66, 0
2, 18780, Note_on_c, 0, 64, 127
2, 18780, Note_on_c, 0, 68, 127
2, 18780, Note_on_c, 0, 73, 127
2, 18840, Note_on_c, 0, 73, 0
2, 18840, Note_on_c, 0, 68, 0
2, 18840, Note_on_c, 0, 64, 0
2, 18840, Note_on_c, 0, 66, 127
2, 18840, Note_on_c, 0, 68, 127
2, 18840, Note_on_c, 0, 75, 127
2, 18870, Note_on_c, 0, 75, 0
2, 18870, Note_on_c, 0, 68, 0
2, 18870, Note_on_c, 0, 66, 0
2, 18870, Note_on_c, 0, 64, 127
2, 18870, Note_on_c, 0, 68, 127
2, 18870, Note_on_c, 0, 73, 127
2, 18900, Note_on_c, 0, 73, 0
2, 18900, Note_on_c, 0, 68, 0
2, 18900, Note_on_c, 0, 64, 0
2, 18900, Note_on_c, 0, 63, 127
2, 18900, Note_on_c, 0, 68, 127
2, 18900, Note_on_c, 0, 71, 127
2, 18960, Note_on_c, 0, 71, 0
2, 18960, Note_on_c, 0, 68, 0
2, 18960, Note_on_c, 0, 63, 0
2, 18960, Note_on_c, 0, 61, 127
2, 18960, Note_on_c, 0, 68, 127
2, 18960, Note_on_c, 0, 73, 127
2, 18990, Note_on_c, 0, 73, 0
2, 18990, Note_on_c, 0, 68, 0
2, 18990, Note_on_c, 0, 61, 0
2, 18990, Note_on_c, 0, 63, 127
2, 18990, Note_on_c, 0, 68, 127
2, 18990, Note_on_c, 0, 71, 127
2, 19020, Note_on_c, 0, 71, 0
2, 19020, Note_on_c, 0, 68, 0
2, 19020, Note_on_c, 0, 63, 0
2, 19020, Note_on_c, 0, 64, 127
2, 19020, Note_on_c, 0, 68, 127
2, 19020, Note_on_c, 0, 70, 127
2, 19080, Note_on_c, 0, 70, 0
2, 19080, Note_on_c, 0, 68, 0
2, 19080, Note_on_c, 0, 64, 0
2, 19080, Note_on_c, 0, 63, 127
2, 19080, Note_on_c, 0, 68, 127
2, 19080, Note_on_c, 0, 71, 127
2, 19110, Note_on_c, 0, 71, 0
2, 19110, Note_on_c, 0, 68, 0
2, 19110, Note_on_c, 0, 63, 0
2, 19110, Note_on_c, 0, 61, 127
2, 19110, Note_on_c, 0, 63, 127
2, 19110, Note_on_c, 0, 70, 127
2, 19140, Note_on_c, 0, 70, 0
2, 19140, Note_on_c, 0, 63, 0
2, 19140, Note_on_c, 0, 61, 0
2, 19140, Note_on_c, 0, 59, 127
2, 19140, Note_on_c, 0, 63, 127
2, 19140, Note_on_c, 0, 68, 127
2, 19200, Note_on_c, 0, 68, 0
2, 19200, Note_on_c, 0, 63, 0
2, 19200, Note_on_c, 0, 59, 0
2, 19200, Note_on_c, 0, 61, 127
2, 19200, Note_on_c, 0, 63, 127
2, 19200, Note_on_c, 0, 70, 127
2, 19230, Note_on_c, 0, 70, 0
2, 19230, Note_on_c, 0, 63, 0
2, 19230, Note_on_c, 0, 61, 0
2, 19230, Note_on_c, 0, 59, 127
2, 19230, Note_on_c, 0, 63, 127
2, 19230, Note_on_c, 0, 68, 127
2, 19260, Note_on_c, 0, 68, 0
2, 19260, Note_on_c, 0, 63, 0
2, 19260, Note_on_c, 0, 59, 0
2, 19260, Note_on_c, 0, 58, 127
2, 19260, Note_on_c, 0, 63, 127
2, 19260, Note_on_c, 0, 67, 127
2, 19320, Note_on_c, 0, 67, 0
2, 19320, Note_on_c, 0, 63, 0
2, 19320, Note_on_c, 0, 58, 0
2, 19320, Note_on_c, 0, 59, 127
2, 19320, Note_on_c, 0, 63, 127
2, 19320, Note_on_c, 0, 68, 127
2, 19350, Note_on_c, 0, 68, 0
2, 19350, Note_on_c, 0, 63, 0
2, 19350, Note_on_c, 0, 59, 0
2, 19350, Note_on_c, 0, 60, 127
2, 19350, Note_on_c, 0, 63, 127
2, 19350, Note_on_c, 0, 66, 127
2, 19380, Note_on_c, 0, 66, 0
2, 19380, Note_on_c, 0, 63, 0
2, 19380, Note_on_c, 0, 60, 0
2, 19380, Note_on_c, 0, 61, 127
2, 19380, Note_on_c, 0, 64, 127
2, 19440, Note_on_c, 0, 64, 0
2, 19440, Note_on_c, 0, 61, 0
2, 19500, Note_on_c, 0, 56, 101
2, 19500, Note_on_c, 0, 61, 101
2, 19500, Note_on_c, 0, 64, 101
2, 19560, Note_on_c, 0, 64, 0
2, 19560, Note_on_c, 0, 61, 0
2, 19560, Note_on_c, 0, 56, 0
2, 19560, Note_on_c, 0, 55, 101
2, 19560, Note_on_c, 0, 61, 101
2, 19560, Note_on_c, 0, 63, 101
2, 19680, Note_on_c, 0, 63, 0
2, 19680, Note_on_c, 0, 61, 0
2, 19680, Note_on_c, 0, 55, 0
2, 19740, Note_on_c, 0, 54, 101
2, 19740, Note_on_c, 0, 60, 101
2, 19740, Note_on_c, 0, 63, 101
2, 19800, Note_on_c, 0, 63, 0
2, 19800, Note_on_c, 0, 60, 0
2, 19800, Note_on_c, 0, 54, 0
2, 19800, Note_on_c, 0, 52, 101
2, 19800, Note_on_c, 0, 61, 101
2, 19920, Note_on_c, 0, 61, 0
2, 19920, Note_on_c, 0, 52, 0
2, 19980, Note_on_c, 0, 49, 101
2, 19980, Note_on_c, 0, 56, 101
2, 19980, Note_on_c, 0, 61, 101
2, 20040, Note_on_c, 0, 61, 0
2, 20040, Note_on_c, 0, 56, 0
2, 20040, Note_on_c, 0, 49, 0
2, 20040, Note_on_c, 0, 49, 101
2, 20040, Note_on_c, 0, 58, 101
2, 20520, Note_on_c, 0, 58, 0
2, 20520, Note_on_c, 0, 49, 0
2, 20700, Control_c, 0, 64, 127
2, 20700, Note_on_c, 0, 75, 75
2, 20760, Note_on_c, 0, 75, 0
2, 20760, Note_on_c, 0, 76, 75
2, 20790, Note_on_c, 0, 76, 0
2, 20790, Note_on_c, 0, 75, 75
2, 20820, Note_on_c, 0, 75, 0
2, 20820, Note_on_c, 0, 73, 75
2, 20880, Note_on_c, 0, 73, 0
2, 20880, Note_on_c, 0, 75, 75
2, 20940, Note_on_c, 0, 75, 0
2, 20940, Note_on_c, 0, 80, 75
2, 21000, Note_on_c, 0, 80, 0
2, 21000, Note_on_c, 0, 73, 75
2, 21180, Note_on_c, 0, 73, 0
2, 21180, Control_c, 0, 64, 0
2, 21180, Note_on_c, 0, 71, 75
2, 21240, Note_on_c, 0, 71, 0
2, 21240, Note_on_c, 0, 70, 75
2, 21480, Note_on_c, 0, 70, 0
2, 21600, Note_on_c, 0, 67, 75
2, 21840, Note_on_c, 0, 67, 0
2, 22080, Control_c, 0, 64, 127
2, 22080, Note_on_c, 0, 56, 75
2, 22080, Note_on_c, 0, 63, 75
2, 23400, Note_on_c, 0, 63, 0
2, 23400, Note_on_c, 0, 56, 0
2, 23400, End_track
3, 0, Start_track
3, 0, Title_t, "Grand Piano"
3, 0, Program_c, 0, 0
3, 0, Control_c, 0, 7, 115
3, 0, Control_c, 0, 10, 80
3, 3660, Note_on_c, 0, 59, 62
3, 3660, Note_on_c, 0, 63, 62
3, 3780, Note_on_c, 0, 63, 0
3, 3780, Note_on_c, 0, 59, 0
3, 3780, Note_on_c, 0, 62, 62
3, 3900, Note_on_c, 0, 62, 0
3, 3900, Note_on_c, 0, 63, 62
3, 4140, Note_on_c, 0, 63, 0
3, 4380, Note_on_c, 0, 63, 62
3, 4500, Note_on_c, 0, 63, 0
3, 4500, Note_on_c, 0, 65, 62
3, 4620, Note_on_c, 0, 65, 0
3, 4620, Note_on_c, 0, 63, 62
3, 4680, Note_on_c, 0, 63, 0
3, 4680, Note_on_c, 0, 68, 62
3, 4710, Note_on_c, 0, 68, 0
3, 4710, Note_on_c, 0, 66, 62
3, 4740, Note_on_c, 0, 66, 0
3, 4740, Note_on_c, 0, 65, 62
3, 4860, Note_on_c, 0, 65, 0
3, 4860, Note_on_c, 0, 66, 62
3, 4920, Note_on_c, 0, 66, 0
3, 4920, Note_on_c, 0, 70, 62
3, 5100, Note_on_c, 0, 70, 0
3, 5340, Note_on_c, 0, 60, 62
3, 5400, Note_on_c, 0, 60, 0
3, 5400, Note_on_c, 0, 70, 62
3, 5430, Note_on_c, 0, 70, 0
3, 5430, Note_on_c, 0, 68, 62
3, 5460, Note_on_c, 0, 68, 0
3, 5460, Note_on_c, 0, 66, 62
3, 5520, Note_on_c, 0, 66, 0
3, 5520, Note_on_c, 0, 64, 62
3, 5580, Note_on_c, 0, 64, 0
3, 5700, Note_on_c, 0, 60, 62
3, 5760, Note_on_c, 0, 60, 0
3, 5760, Note_on_c, 0, 64, 62
3, 5790, Note_on_c, 0, 64, 0
3, 5790, Note_on_c, 0, 63, 62
3, 5820, Note_on_c, 0, 63, 0
3, 5820, Note_on_c, 0, 61, 62
3, 5880, Note_on_c, 0, 61, 0
3, 5880, Note_on_c, 0, 65, 62
3, 6000, Note_on_c, 0, 65, 0
3, 6000, Control_c, 0, 64, 127
3, 6000, Note_on_c, 0, 66, 62
3, 6150, Note_on_c, 0, 66, 0
3, 6150, Note_on_c, 0, 65, 62
3, 6180, Note_on_c, 0, 65, 0
3, 6180, Note_on_c, 0, 63, 62
3, 6210, Note_on_c, 0, 63, 0
3, 6210, Note_on_c, 0, 65, 62
3, 6240, Note_on_c, 0, 65, 0
3, 6240, Control_c, 0, 64, 0
3, 6240, Note_on_c, 0, 66, 62
3, 6360, Note_on_c, 0, 66, 0
3, 6360, Note_on_c, 0, 62, 62
3, 6360, Note_on_c, 0, 66, 62
3, 6480, Note_on_c, 0, 66, 0
3, 6480, Note_on_c, 0, 62, 0
3, 6480, Note_on_c, 0, 61, 62
3, 6480, Note_on_c, 0, 65, 62
3, 6660, Note_on_c, 0, 65, 0
3, 6660, Note_on_c, 0, 61, 0
3, 6660, Note_on_c, 0, 61, 62
3, 6660, Note_on_c, 0, 66, 62
3, 6720, Note_on_c, 0, 66, 0
3, 6720, Note_on_c, 0, 61, 0
3, 6750, Control_c, 0, 64, 127
3, 6750, Note_on_c, 0, 68, 88
3, 6780, Note_on_c, 0, 68, 0
3, 6780, Note_on_c, 0, 66, 62
3, 6810, Note_on_c, 0, 66, 0
3, 6810, Note_on_c, 0, 68, 62
3, 6840, Note_on_c, 0, 68, 0
3, 6840, Note_on_c, 0, 70, 62
3, 6900, Note_on_c, 0, 70, 0
3, 6900, Note_on_c, 0, 71, 62
3, 6930, Note_on_c, 0, 71, 0
3, 6930, Note_on_c, 0, 70, 62
3, 6960, Note_on_c, 0, 70, 0
3, 6960, Note_on_c, 0, 68, 62
3, 7080, Note_on_c, 0, 68, 0
3, 7080, Control_c, 0, 64, 0
3, 7080, Note_on_c, 0, 66, 62
3, 7140, Note_on_c, 0, 66, 0
3, 7140, Note_on_c, 0, 57, 62
3, 7170, Note_on_c, 0, 57, 0
3, 7170, Note_on_c, 0, 59, 62
3, 7200, Note_on_c, 0, 59, 0
3, 7200, Note_on_c, 0, 61, 62
3, 7260, Note_on_c, 0, 61, 0
3, 7260, Note_on_c, 0, 63, 62
3, 7380, Note_on_c, 0, 63, 0
3, 7380, Note_on_c, 0, 61, 62
3, 7410, Note_on_c, 0, 61, 0
3, 7410, Note_on_c, 0, 63, 62
3, 7440, Note_on_c, 0, 63, 0
3, 7440, Note_on_c, 0, 65, 62
3, 7470, Note_on_c, 0, 65, 0
3, 7470, Note_on_c, 0, 63, 62
3, 7500, Note_on_c, 0, 63, 0
3, 7500, Control_c, 0, 64, 127
3, 7500, Note_on_c, 0, 61, 62
3, 7830, Note_on_c, 0, 61, 0
3, 7830, Note_on_c, 0, 60, 62
3, 7860, Note_on_c, 0, 60, 0
3, 7860, Control_c, 0, 64, 0
3, 7860, Note_on_c, 0, 61, 62
3, 7920, Note_on_c, 0, 61, 0
3, 7920, Control_c, 0, 64, 127
3, 7920, Note_on_c, 0, 63, 62
3, 7980, Note_on_c, 0, 63, 0
3, 7980, Note_on_c, 0, 65, 62
3, 8040, Note_on_c, 0, 65, 0
3, 8040, Control_c, 0, 64, 0
3, 8040, Note_on_c, 0, 66, 62
3, 8160, Note_on_c, 0, 66, 0
3, 8160, Note_on_c, 0, 61, 62
3, 8280, Note_on_c, 0, 61, 0
3, 8280, Note_on_c, 0, 63, 62
3, 8340, Note_on_c, 0, 63, 0
3, 8340, Note_on_c, 0, 68, 62
3, 8370, Note_on_c, 0, 68, 0
3, 8370, Note_on_c, 0, 66, 62
3, 8400, Note_on_c, 0, 66, 0
3, 8400, Note_on_c, 0, 64, 62
3, 8520, Note_on_c, 0, 64, 0
3, 8520, Control_c, 0, 64, 0
3, 8520, Note_on_c, 0, 63, 62
3, 8580, Note_on_c, 0, 63, 0
3, 8580, Note_on_c, 0, 64, 62
3, 8640, Note_on_c, 0, 64, 0
3, 8640, Note_on_c, 0, 63, 62
3, 8700, Note_on_c, 0, 63, 0
3, 8700, Note_on_c, 0, 71, 62
3, 8760, Note_on_c, 0, 71, 0
3, 8760, Note_on_c, 0, 70, 62
3, 8880, Note_on_c, 0, 70, 0
3, 8880, Note_on_c, 0, 68, 62
3, 9120, Note_on_c, 0, 68, 0
3, 9150, Control_c, 0, 64, 127
3, 9150, Note_on_c, 0, 61, 88
3, 9180, Note_on_c, 0, 61, 0
3, 9180, Note_on_c, 0, 63, 62
3, 9210, Note_on_c, 0, 63, 0
3, 9210, Note_on_c, 0, 65, 62
3, 9240, Note_on_c, 0, 65, 0
3, 9240, Note_on_c, 0, 66, 62
3, 9480, Note_on_c, 0, 66, 0
3, 9480, Control_c, 0, 64, 127
3, 9480, Note_on_c, 0, 66, 88
3, 9510, Note_on_c, 0, 66, 0
3, 9510, Note_on_c, 0, 64, 62
3, 9540, Note_on_c, 0, 64, 0
3, 9540, Note_on_c, 0, 63, 62
3, 9600, Note_on_c, 0, 63, 0
3, 9600, Note_on_c, 0, 64, 62
3, 9630, Note_on_c, 0, 64, 0
3, 9630, Note_on_c, 0, 63, 62
3, 9660, Note_on_c, 0, 63, 0
3, 9660, Note_on_c, 0, 61, 62
3, 9720, Note_on_c, 0, 61, 0
3, 9720, Note_on_c, 0, 63, 62
3, 9780, Note_on_c, 0, 63, 0
3, 9780, Note_on_c, 0, 68, 62
3, 9840, Note_on_c, 0, 68, 0
3, 9840, Note_on_c, 0, 63, 62
3, 10020, Note_on_c, 0, 63, 0
3, 10020, Note_on_c, 0, 61, 62
3, 10080, Note_on_c, 0, 61, 0
3, 10080, Note_on_c, 0, 63, 62
3, 10110, Note_on_c, 0, 63, 0
3, 10110, Note_on_c, 0, 61, 62
3, 10140, Note_on_c, 0, 61, 0
3, 10140, Note_on_c, 0, 60, 62
3, 10200, Note_on_c, 0, 60, 0
3, 10200, Note_on_c, 0, 58, 62
3, 10260, Note_on_c, 0, 58, 0
3, 10260, Control_c, 0, 64, 0
3, 10260, Note_on_c, 0, 56, 62
3, 10320, Note_on_c, 0, 56, 0
3, 10320, Note_on_c, 0, 66, 101
3, 10500, Note_on_c, 0, 66, 0
3, 10620, Note_on_c, 0, 66, 75
3, 10680, Note_on_c, 0, 66, 0
3, 10680, Note_on_c, 0, 76, 101
3, 10740, Note_on_c, 0, 76, 0
3, 10740, Note_on_c, 0, 75, 75
3, 10800, Note_on_c, 0, 75, 0
3, 11100, Note_on_c, 0, 68, 75
3, 11160, Note_on_c, 0, 68, 0
3, 11160, Control_c, 0, 64, 127
3, 11160, Note_on_c, 0, 78, 88
3, 11190, Note_on_c, 0, 78, 0
3, 11190, Note_on_c, 0, 76, 62
3, 11220, Note_on_c, 0, 76, 0
3, 11220, Note_on_c, 0, 75, 62
3, 11250, Note_on_c, 0, 75, 0
3, 11250, Control_c, 0, 64, 0
3, 11250, Note_on_c, 0, 73, 62
3, 11280, Note_on_c, 0, 73, 0
3, 11340, Note_on_c, 0, 70, 88
3, 11400, Note_on_c, 0, 70, 0
3, 11490, Note_on_c, 0, 59, 62
3, 11520, Note_on_c, 0, 59, 0
3, 11520, Note_on_c, 0, 68, 62
3, 11580, Note_on_c, 0, 68, 0
3, 11580, Note_on_c, 0, 67, 62
3, 11640, Note_on_c, 0, 67, 0
3, 11640, Note_on_c, 0, 66, 62
3, 11820, Note_on_c, 0, 66, 0
3, 11820, Note_on_c, 0, 66, 62
3, 11880, Note_on_c, 0, 66, 0
3, 11880, Note_on_c, 0, 64, 62
3, 11940, Note_on_c, 0, 64, 0
3, 11940, Note_on_c, 0, 63, 62
3, 12000, Note_on_c, 0, 63, 0
3, 12000, Note_on_c, 0, 66, 62
3, 12090, Note_on_c, 0, 66, 0
3, 12090, Note_on_c, 0, 68, 62
3, 12120, Note_on_c, 0, 68, 0
3, 12120, Note_on_c, 0, 69, 62
3, 12150, Note_on_c, 0, 69, 0
3, 12150, Note_on_c, 0, 68, 62
3, 12180, Note_on_c, 0, 68, 0
3, 12180, Note_on_c, 0, 68, 62
3, 12240, Note_on_c, 0, 68, 0
3, 12240, Note_on_c, 0, 66, 62
3, 12300, Note_on_c, 0, 66, 0
3, 12420, Note_on_c, 0, 63, 62
3, 12480, Note_on_c, 0, 63, 0
3, 12480, Note_on_c, 0, 64, 62
3, 12510, Note_on_c, 0, 64, 0
3, 12510, Note_on_c, 0, 63, 62
3, 12540, Note_on_c, 0, 63, 0
3, 12540, Note_on_c, 0, 61, 62
3, 12600, Note_on_c, 0, 61, 0
3, 12600, Note_on_c, 0, 63, 62
3, 12660, Note_on_c, 0, 63, 0
3, 12660, Note_on_c, 0, 68, 62
3, 12720, Note_on_c, 0, 68, 0
3, 12720, Note_on_c, 0, 61, 62
3, 12780, Note_on_c, 0, 61, 0
3, 12780, Note_on_c, 0, 63, 62
3, 12900, Note_on_c, 0, 63, 0
3, 12900, Note_on_c, 0, 61, 62
3, 12960, Note_on_c, 0, 61, 0
3, 12960, Note_on_c, 0, 66, 62
3, 13080, Note_on_c, 0, 66, 0
3, 13080, Note_on_c, 0, 68, 62
3, 13140, Note_on_c, 0, 68, 0
3, 13260, Note_on_c, 0, 75, 62
3, 13320, Note_on_c, 0, 75, 0
3, 13320, Note_on_c, 0, 76, 62
3, 13350, Note_on_c, 0, 76, 0
3, 13350, Note_on_c, 0, 75, 62
3, 13380, Note_on_c, 0, 75, 0
3, 13380, Note_on_c, 0, 73, 62
3, 13440, Note_on_c, 0, 73, 0
3, 13440, Note_on_c, 0, 75, 62
3, 13500, Note_on_c, 0, 75, 0
3, 13500, Note_on_c, 0, 68, 62
3, 13560, Note_on_c, 0, 68, 0
3, 13560, Note_on_c, 0, 75, 62
3, 13740, Note_on_c, 0, 75, 0
3, 13740, Note_on_c, 0, 73, 62
3, 13830, Note_on_c, 0, 73, 0
3, 13830, Note_on_c, 0, 71, 62
3, 13860, Note_on_c, 0, 71, 0
3, 13860, Note_on_c, 0, 70, 62
3, 13920, Note_on_c, 0, 70, 0
3, 13920, Note_on_c, 0, 68, 62
3, 13950, Note_on_c, 0, 68, 0
3, 13950, Note_on_c, 0, 70, 62
3, 13980, Note_on_c, 0, 70, 0
3, 13980, Note_on_c, 0, 71, 62
3, 14010, Note_on_c, 0, 71, 0
3, 14010, Note_on_c, 0, 72, 62
3, 14040, Note_on_c, 0, 72, 0
3, 14040, Note_on_c, 0, 73, 62
3, 14100, Note_on_c, 0, 73, 0
3, 14100, Note_on_c, 0, 70, 62
3, 14160, Note_on_c, 0, 70, 0
3, 14160, Note_on_c, 0, 68, 62
3, 14220, Note_on_c, 0, 68, 0
3, 14220, Note_on_c, 0, 64, 62
3, 14280, Note_on_c, 0, 64, 0
3, 14280, Note_on_c, 0, 63, 62
3, 14310, Note_on_c, 0, 63, 0
3, 14310, Note_on_c, 0, 61, 62
3, 14340, Note_on_c, 0, 61, 0
3, 14340, Note_on_c, 0, 60, 62
3, 14400, Note_on_c, 0, 60, 0
3, 14400, Note_on_c, 0, 61, 62
3, 14550, Note_on_c, 0, 61, 0
3, 14550, Note_on_c, 0, 60, 62
3, 14580, Note_on_c, 0, 60, 0
3, 14580, Note_on_c, 0, 61, 62
3, 14610, Note_on_c, 0, 61, 0
3, 14610, Note_on_c, 0, 63, 62
3, 14640, Note_on_c, 0, 63, 0
3, 14640, Note_on_c, 0, 64, 62
3, 14670, Note_on_c, 0, 64, 0
3, 14670, Note_on_c, 0, 63, 62
3, 14700, Note_on_c, 0, 63, 0
3, 14700, Note_on_c, 0, 61, 62
3, 14760, Note_on_c, 0, 61, 0
3, 14760, Note_on_c, 0, 63, 62
3, 14940, Note_on_c, 0, 63, 0
3, 14940, Note_on_c, 0, 61, 62
3, 15000, Note_on_c, 0, 61, 0
3, 15000, Note_on_c, 0, 60, 88
3, 15060, Note_on_c, 0, 60, 0
3, 15060, Note_on_c, 0, 61, 62
3, 15120, Note_on_c, 0, 61, 0
3, 15150, Control_c, 0, 64, 127
3, 15150, Note_on_c, 0, 61, 88
3, 15180, Note_on_c, 0, 61, 0
3, 15180, Note_on_c, 0, 63, 62
3, 15210, Note_on_c, 0, 63, 0
3, 15210, Note_on_c, 0, 65, 62
3, 15240, Note_on_c, 0, 65, 0
3, 15240, Note_on_c, 0, 66, 62
3, 15300, Note_on_c, 0, 66, 0
3, 15300, Note_on_c, 0, 64, 62
3, 15330, Note_on_c, 0, 64, 0
3, 15330, Note_on_c, 0, 63, 62
3, 15360, Note_on_c, 0, 63, 0
3, 15360, Note_on_c, 0, 61, 62
3, 15390, Note_on_c, 0, 61, 0
3, 15390, Note_on_c, 0, 63, 62
3, 15420, Note_on_c, 0, 63, 0
3, 15420, Note_on_c, 0, 64, 62
3, 15480, Note_on_c, 0, 64, 0
3, 15480, Note_on_c, 0, 68, 62
3, 15600, Note_on_c, 0, 68, 0
3, 15600, Control_c, 0, 64, 0
3, 15600, Note_on_c, 0, 68, 62
3, 15840, Note_on_c, 0, 68, 0
3, 15840, Note_on_c, 0, 67, 62
3, 15900, Note_on_c, 0, 67, 0
3, 15900, Note_on_c, 0, 68, 62
3, 15960, Note_on_c, 0, 68, 0
3, 15960, Note_on_c, 0, 63, 62
3, 15990, Note_on_c, 0, 63, 0
3, 15990, Note_on_c, 0, 61, 62
3, 16020, Note_on_c, 0, 61, 0
3, 16020, Note_on_c, 0, 60, 62
3, 16080, Note_on_c, 0, 60, 0
3, 16140, Note_on_c, 0, 68, 62
3, 16200, Note_on_c, 0, 68, 0
3, 16200, Note_on_c, 0, 69, 62
3, 16230, Note_on_c, 0, 69, 0
3, 16230, Note_on_c, 0, 68, 62
3, 16260, Note_on_c, 0, 68, 0
3, 16260, Note_on_c, 0, 67, 62
3, 16320, Note_on_c, 0, 67, 0
3, 16320, Note_on_c, 0, 68, 62
3, 16380, Note_on_c, 0, 68, 0
3, 16380, Note_on_c, 0, 73, 62
3, 16440, Note_on_c, 0, 73, 0
3, 16440, Note_on_c, 0, 68, 62
3, 16560, Note_on_c, 0, 68, 0
3, 16560, Note_on_c, 0, 68, 62
3, 16620, Note_on_c, 0, 68, 0
3, 16620, Note_on_c, 0, 67, 62
3, 16680, Note_on_c, 0, 67, 0
3, 16680, Note_on_c, 0, 68, 62
3, 16710, Note_on_c, 0, 68, 0
3, 16710, Note_on_c, 0, 66, 62
3, 16740, Note_on_c, 0, 66, 0
3, 16740, Note_on_c, 0, 64, 62
3, 16800, Note_on_c, 0, 64, 0
3, 16800, Note_on_c, 0, 63, 62
3, 16860, Note_on_c, 0, 63, 0
3, 16860, Note_on_c, 0, 60, 62
3, 16920, Note_on_c, 0, 60, 0
3, 16920, Note_on_c, 0, 61, 62
3, 17070, Note_on_c, 0, 61, 0
3, 17070, Note_on_c, 0, 60, 62
3, 17100, Note_on_c, 0, 60, 0
3, 17100, Note_on_c, 0, 61, 62
3, 17190, Note_on_c, 0, 61, 0
3, 17190, Note_on_c, 0, 60, 62
3, 17220, Note_on_c, 0, 60, 0
3, 17220, Note_on_c, 0, 66, 62
3, 17280, Note_on_c, 0, 66, 0
3, 17280, Note_on_c, 0, 64, 62
3, 17340, Note_on_c, 0, 64, 0
3, 17340, Note_on_c, 0, 63, 62
3, 17400, Note_on_c, 0, 63, 0
3, 17400, Note_on_c, 0, 61, 62
3, 17460, Note_on_c, 0, 61, 0
3, 17460, Note_on_c, 0, 68, 62
3, 17520, Note_on_c, 0, 68, 0
3, 17520, Note_on_c, 0, 75, 75
3, 17580, Note_on_c, 0, 75, 0
3, 17580, Note_on_c, 0, 73, 75
3, 17640, Note_on_c, 0, 73, 0
3, 17940, Note_on_c, 0, 59, 75
3, 18000, Note_on_c, 0, 59, 0
3, 18000, Note_on_c, 0, 69, 101
3, 18060, Note_on_c, 0, 69, 0
3, 18060, Note_on_c, 0, 68, 75
3, 18120, Note_on_c, 0, 68, 0
3, 18420, Note_on_c, 0, 61, 75
3, 18480, Note_on_c, 0, 61, 0
3, 18480, Note_on_c, 0, 71, 101
3, 18540, Note_on_c, 0, 71, 0
3, 18540, Note_on_c, 0, 69, 88
3, 18540, Note_on_c, 0, 73, 88
3, 18570, Note_on_c, 0, 73, 0
3, 18570, Note_on_c, 0, 69, 0
3, 18570, Note_on_c, 0, 68, 88
3, 18570, Note_on_c, 0, 73, 88
3, 18600, Note_on_c, 0, 73, 0
3, 18600, Note_on_c, 0, 68, 0
3, 20040, Note_on_c, 0, 56, 114
3, 20160, Note_on_c, 0, 56, 0
3, 20160, Note_on_c, 0, 55, 114
3, 20520, Note_on_c, 0, 55, 0
3, 20820, Control_c, 0, 64, 127
3, 20820, Note_on_c, 0, 64, 62
3, 20880, Note_on_c, 0, 64, 0
3, 20880, Note_on_c, 0, 66, 62
3, 20910, Note_on_c, 0, 66, 0
3, 20910, Note_on_c, 0, 64, 62
3, 20940, Note_on_c, 0, 64, 0
3, 20940, Note_on_c, 0, 63, 62
3, 21000, Note_on_c, 0, 63, 0
3, 21000, Note_on_c, 0, 64, 62
3, 21060, Note_on_c, 0, 64, 0
3, 21060, Note_on_c, 0, 68, 62
3, 21120, Note_on_c, 0, 68, 0
3, 21120, Control_c, 0, 64, 0
3, 21120, Note_on_c, 0, 63, 62
3, 21240, Note_on_c, 0, 63, 0
3, 21240, Note_on_c, 0, 64, 62
3, 21480, Note_on_c, 0, 64, 0
3, 21600, Note_on_c, 0, 61, 62
3, 21840, Note_on_c, 0, 61, 0
3, 22080, Control_c, 0, 64, 127
3, 22080, Note_on_c, 0, 61, 88
3, 22440, Note_on_c, 0, 61, 0
3, 22440, Note_on_c, 0, 60, 88
3, 22560, Note_on_c, 0, 60, 0
3, 22560, Note_on_c, 0, 58, 88
3, 22680, Note_on_c, 0, 58, 0
3, 22680, Note_on_c, 0, 60, 88
3, 23400, Note_on_c, 0, 60, 0
3, 23400, End_track
4, 0, Start_track
4, 0, Title_t, "Grand Piano"
4, 0, Program_c, 0, 0
4, 0, Control_c, 0, 7, 115
4, 0, Control_c, 0, 10, 41
4, 1260, Control_c, 0, 64, 127
4, 1260, Note_on_c, 0, 56, 62
4, 1320, Note_on_c, 0, 56, 0
4, 1320, Note_on_c, 0, 59, 62
4, 1350, Note_on_c, 0, 59, 0
4, 1350, Note_on_c, 0, 58, 62
4, 1380, Note_on_c, 0, 58, 0
4, 1380, Note_on_c, 0, 56, 62
4, 1440, Note_on_c, 0, 56, 0
4, 1440, Note_on_c, 0, 58, 62
4, 1500, Note_on_c, 0, 58, 0
4, 1500, Note_on_c, 0, 63, 62
4, 1560, Note_on_c, 0, 63, 0
4, 1560, Note_on_c, 0, 58, 62
4, 1740, Note_on_c, 0, 58, 0
4, 1740, Note_on_c, 0, 56, 62
4, 1800, Note_on_c, 0, 56, 0
4, 1800, Note_on_c, 0, 58, 62
4, 1830, Note_on_c, 0, 58, 0
4, 1830, Note_on_c, 0, 56, 62
4, 1860, Note_on_c, 0, 56, 0
4, 1860, Note_on_c, 0, 54, 62
4, 1920, Note_on_c, 0, 54, 0
4, 1920, Note_on_c, 0, 53, 62
4, 1980, Note_on_c, 0, 53, 0
4, 1980, Control_c, 0, 64, 0
4, 1980, Note_on_c, 0, 51, 62
4, 2040, Note_on_c, 0, 51, 0
4, 2040, Note_on_c, 0, 61, 88
4, 2220, Note_on_c, 0, 61, 0
4, 2220, Note_on_c, 0, 60, 62
4, 2340, Note_on_c, 0, 60, 0
4, 2340, Note_on_c, 0, 59, 62
4, 2460, Note_on_c, 0, 59, 0
4, 2460, Control_c, 0, 64, 127
4, 2460, Note_on_c, 0, 63, 88
4, 2520, Note_on_c, 0, 63, 0
4, 2520, Note_on_c, 0, 64, 62
4, 2550, Note_on_c, 0, 64, 0
4, 2550, Note_on_c, 0, 63, 62
4, 2580, Note_on_c, 0, 63, 0
4, 2580, Note_on_c, 0, 61, 62
4, 2640, Note_on_c, 0, 61, 0
4, 2640, Note_on_c, 0, 63, 62
4, 2700, Note_on_c, 0, 63, 0
4, 2700, Note_on_c, 0, 68, 62
4, 2760, Note_on_c, 0, 68, 0
4, 2760, Note_on_c, 0, 63, 62
4, 2940, Note_on_c, 0, 63, 0
4, 2940, Note_on_c, 0, 61, 62
4, 3000, Note_on_c, 0, 61, 0
4, 3000, Note_on_c, 0, 63, 62
4, 3030, Note_on_c, 0, 63, 0
4, 3030, Note_on_c, 0, 61, 62
4, 3060, Note_on_c, 0, 61, 0
4, 3060, Note_on_c, 0, 59, 62
4, 3120, Note_on_c, 0, 59, 0
4, 3120, Note_on_c, 0, 58, 62
4, 3180, Note_on_c, 0, 58, 0
4, 3180, Control_c, 0, 64, 0
4, 3180, Note_on_c, 0, 56, 62
4, 3240, Note_on_c, 0, 56, 0
4, 3240, Note_on_c, 0, 66, 62
4, 3420, Note_on_c, 0, 66, 0
4, 3420, Note_on_c, 0, 65, 62
4, 3540, Note_on_c, 0, 65, 0
4, 3540, Note_on_c, 0, 64, 62
4, 3660, Note_on_c, 0, 64, 0
4, 3780, Note_on_c, 0, 53, 62
4, 3900, Note_on_c, 0, 53, 0
4, 3900, Note_on_c, 0, 54, 62
4, 4020, Note_on_c, 0, 54, 0
4, 4020, Note_on_c, 0, 56, 62
4, 4110, Note_on_c, 0, 56, 0
4, 4110, Note_on_c, 0, 58, 62
4, 4140, Note_on_c, 0, 58, 0
4, 4140, Note_on_c, 0, 59, 62
4, 4140, Note_on_c, 0, 63, 62
4, 4260, Note_on_c, 0, 63, 0
4, 4260, Note_on_c, 0, 59, 0
4, 4260, Note_on_c, 0, 58, 62
4, 4260, Note_on_c, 0, 63, 62
4, 4320, Note_on_c, 0, 63, 0
4, 4320, Note_on_c, 0, 58, 0
4, 4320, Note_on_c, 0, 56, 62
4, 4380, Note_on_c, 0, 56, 0
4, 4380, Note_on_c, 0, 54, 62
4, 4500, Note_on_c, 0, 54, 0
4, 4500, Control_c, 0, 64, 127
4, 4500, Note_on_c, 0, 56, 62
4, 4860, Note_on_c, 0, 56, 0
4, 4860, Note_on_c, 0, 58, 62
4, 4920, Note_on_c, 0, 58, 0
4, 4920, Note_on_c, 0, 56, 62
4, 4950, Note_on_c, 0, 56, 0
4, 4950, Note_on_c, 0, 54, 62
4, 4980, Note_on_c, 0, 54, 0
4, 4980, Note_on_c, 0, 53, 62
4, 5040, Note_on_c, 0, 53, 0
4, 5040, Control_c, 0, 64, 0
4, 5040, Note_on_c, 0, 51, 62
4, 5100, Note_on_c, 0, 51, 0
4, 5220, Note_on_c, 0, 55, 62
4, 5280, Note_on_c, 0, 55, 0
4, 5280, Note_on_c, 0, 59, 62
4, 5310, Note_on_c, 0, 59, 0
4, 5310, Note_on_c, 0, 58, 62
4, 5340, Note_on_c, 0, 58, 0
4, 5340, Note_on_c, 0, 56, 62
4, 5580, Note_on_c, 0, 56, 0
4, 5820, Note_on_c, 0, 53, 62
4, 5880, Note_on_c, 0, 53, 0
4, 5880, Note_on_c, 0, 62, 62
4, 5910, Note_on_c, 0, 62, 0
4, 5910, Note_on_c, 0, 61, 62
4, 5940, Note_on_c, 0, 61, 0
4, 5940, Note_on_c, 0, 59, 62
4, 6000, Note_on_c, 0, 59, 0
4, 6000, Note_on_c, 0, 57, 62
4, 6150, Note_on_c, 0, 57, 0
4, 6150, Note_on_c, 0, 56, 62
4, 6180, Note_on_c, 0, 56, 0
4, 6180, Note_on_c, 0, 54, 62
4, 6210, Note_on_c, 0, 54, 0
4, 6210, Note_on_c, 0, 56, 62
4, 6240, Note_on_c, 0, 56, 0
4, 6240, Note_on_c, 0, 57, 62
4, 6270, Note_on_c, 0, 57, 0
4, 6270, Note_on_c, 0, 59, 62
4, 6300, Note_on_c, 0, 59, 0
4, 6300, Note_on_c, 0, 61, 62
4, 6360, Note_on_c, 0, 61, 0
4, 6750, Control_c, 0, 64, 127
4, 6750, Note_on_c, 0, 59, 62
4, 6780, Note_on_c, 0, 59, 0
4, 6780, Note_on_c, 0, 58, 62
4, 6810, Note_on_c, 0, 58, 0
4, 6810, Note_on_c, 0, 59, 62
4, 6840, Note_on_c, 0, 59, 0
4, 6840, Note_on_c, 0, 61, 62
4, 6900, Note_on_c, 0, 61, 0
4, 6900, Note_on_c, 0, 63, 62
4, 6930, Note_on_c, 0, 63, 0
4, 6930, Note_on_c, 0, 61, 62
4, 6960, Note_on_c, 0, 61, 0
4, 6960, Note_on_c, 0, 59, 62
4, 7050, Note_on_c, 0, 59, 0
4, 7050, Note_on_c, 0, 56, 62
4, 7080, Note_on_c, 0, 56, 0
4, 7080, Note_on_c, 0, 57, 62
4, 7110, Note_on_c, 0, 57, 0
4, 7110, Note_on_c, 0, 56, 62
4, 7140, Note_on_c, 0, 56, 0
4, 7140, Control_c, 0, 64, 0
4, 7140, Note_on_c, 0, 54, 62
4, 7200, Note_on_c, 0, 54, 0
4, 7290, Control_c, 0, 64, 127
4, 7290, Note_on_c, 0, 57, 62
4, 7320, Note_on_c, 0, 57, 0
4, 7320, Note_on_c, 0, 56, 62
4, 7350, Note_on_c, 0, 56, 0
4, 7350, Note_on_c, 0, 54, 62
4, 7380, Note_on_c, 0, 54, 0
4, 7380, Note_on_c, 0, 53, 62
4, 7410, Note_on_c, 0, 53, 0
4, 7410, Note_on_c, 0, 51, 62
4, 7440, Note_on_c, 0, 51, 0
4, 7440, Note_on_c, 0, 49, 62
4, 7470, Note_on_c, 0, 49, 0
4, 7470, Note_on_c, 0, 51, 62
4, 7500, Note_on_c, 0, 51, 0
4, 7500, Control_c, 0, 64, 0
4, 7500, Note_on_c, 0, 53, 62
4, 7560, Control_c, 0, 64, 127
4, 7620, Note_on_c, 0, 53, 0
4, 7620, Note_on_c, 0, 54, 62
4, 7650, Note_on_c, 0, 54, 0
4, 7650, Note_on_c, 0, 51, 62
4, 7680, Note_on_c, 0, 51, 0
4, 7680, Note_on_c, 0, 52, 62
4, 7710, Note_on_c, 0, 52, 0
4, 7710, Note_on_c, 0, 54, 62
4, 7740, Note_on_c, 0, 54, 0
4, 7740, Control_c, 0, 64, 0
4, 7740, Note_on_c, 0, 56, 62
4, 7800, Note_on_c, 0, 56, 0
4, 7800, Control_c, 0, 64, 127
4, 7800, Note_on_c, 0, 54, 62
4, 7860, Note_on_c, 0, 54, 0
4, 7860, Note_on_c, 0, 53, 62
4, 7920, Note_on_c, 0, 53, 0
4, 7920, Note_on_c, 0, 51, 62
4, 7950, Note_on_c, 0, 51, 0
4, 7950, Note_on_c, 0, 47, 62
4, 7980, Note_on_c, 0, 47, 0
4, 7980, Control_c, 0, 64, 0
4, 7980, Note_on_c, 0, 49, 62
4, 8070, Note_on_c, 0, 49, 0
4, 8070, Note_on_c, 0, 50, 62
4, 8100, Note_on_c, 0, 50, 0
4, 8100, Note_on_c, 0, 49, 62
4, 8160, Note_on_c, 0, 49, 0
4, 8340, Control_c, 0, 64, 127
4, 8340, Control_c, 0, 64, 127
4, 8340, Note_on_c, 0, 56, 62
4, 8400, Note_on_c, 0, 56, 0
4, 8400, Note_on_c, 0, 57, 62
4, 8430, Note_on_c, 0, 57, 0
4, 8430, Note_on_c, 0, 56, 62
4, 8460, Note_on_c, 0, 56, 0
4, 8460, Note_on_c, 0, 55, 62
4, 8520, Note_on_c, 0, 55, 0
4, 8520, Note_on_c, 0, 56, 62
4, 8580, Note_on_c, 0, 56, 0
4, 8580, Note_on_c, 0, 61, 62
4, 8640, Note_on_c, 0, 61, 0
4, 8640, Note_on_c, 0, 56, 62
4, 8820, Note_on_c, 0, 56, 0
4, 8820, Note_on_c, 0, 55, 62
4, 8880, Note_on_c, 0, 55, 0
4, 8880, Note_on_c, 0, 56, 62
4, 8910, Note_on_c, 0, 56, 0
4, 8910, Note_on_c, 0, 54, 62
4, 8940, Note_on_c, 0, 54, 0
4, 8940, Note_on_c, 0, 52, 62
4, 9000, Note_on_c, 0, 52, 0
4, 9000, Note_on_c, 0, 51, 62
4, 9060, Note_on_c, 0, 51, 0
4, 9060, Control_c, 0, 64, 0
4, 9060, Note_on_c, 0, 49, 62
4, 9120, Note_on_c, 0, 49, 0
4, 9120, Note_on_c, 0, 59, 88
4, 9300, Note_on_c, 0, 59, 0
4, 9300, Note_on_c, 0, 58, 62
4, 9420, Note_on_c, 0, 58, 0
4, 9420, Note_on_c, 0, 57, 62
4, 9450, Note_on_c, 0, 57, 0
4, 9450, Note_on_c, 0, 56, 62
4, 9480, Note_on_c, 0, 56, 0
4, 9480, Note_on_c, 0, 56, 62
4, 9630, Note_on_c, 0, 56, 0
4, 9630, Note_on_c, 0, 54, 62
4, 9660, Note_on_c, 0, 54, 0
4, 9660, Note_on_c, 0, 52, 62
4, 9720, Note_on_c, 0, 52, 0
4, 9720, Note_on_c, 0, 54, 62
4, 9870, Note_on_c, 0, 54, 0
4, 9870, Note_on_c, 0, 57, 62
4, 9900, Note_on_c, 0, 57, 0
4, 9900, Note_on_c, 0, 56, 62
4, 9930, Note_on_c, 0, 56, 0
4, 9930, Note_on_c, 0, 54, 62
4, 9960, Note_on_c, 0, 54, 0
4, 9960, Note_on_c, 0, 52, 62
4, 10080, Note_on_c, 0, 52, 0
4, 10080, Note_on_c, 0, 51, 62
4, 10200, Note_on_c, 0, 51, 0
4, 10200, Note_on_c, 0, 49, 62
4, 10260, Note_on_c, 0, 49, 0
4, 10260, Note_on_c, 0, 48, 62
4, 10320, Note_on_c, 0, 48, 0
4, 10500, Note_on_c, 0, 64, 75
4, 10560, Note_on_c, 0, 64, 0
4, 10560, Note_on_c, 0, 63, 75
4, 10620, Note_on_c, 0, 63, 0
4, 10620, Note_on_c, 0, 61, 75
4, 10740, Note_on_c, 0, 61, 0
4, 10740, Note_on_c, 0, 60, 75
4, 10800, Note_on_c, 0, 60, 0
4, 10800, Note_on_c, 0, 69, 101
4, 10920, Note_on_c, 0, 69, 0
4, 10920, Note_on_c, 0, 68, 75
4, 10980, Note_on_c, 0, 68, 0
4, 10980, Note_on_c, 0, 66, 75
4, 11040, Note_on_c, 0, 66, 0
4, 11040, Note_on_c, 0, 64, 75
4, 11100, Note_on_c, 0, 64, 0
4, 11100, Note_on_c, 0, 63, 75
4, 11160, Note_on_c, 0, 63, 0
4, 11160, Note_on_c, 0, 61, 62
4, 11220, Note_on_c, 0, 61, 0
4, 12000, Note_on_c, 0, 61, 62
4, 12060, Note_on_c, 0, 61, 0
4, 12060, Note_on_c, 0, 60, 62
4, 12180, Note_on_c, 0, 60, 0
4, 12180, Note_on_c, 0, 61, 62
4, 12210, Note_on_c, 0, 61, 0
4, 12210, Note_on_c, 0, 59, 62
4, 12240, Note_on_c, 0, 59, 0
4, 12240, Note_on_c, 0, 57, 62
4, 12300, Note_on_c, 0, 57, 0
4, 12300, Note_on_c, 0, 56, 62
4, 12360, Note_on_c, 0, 56, 0
4, 12360, Note_on_c, 0, 57, 62
4, 12390, Note_on_c, 0, 57, 0
4, 12390, Note_on_c, 0, 56, 62
4, 12420, Note_on_c, 0, 56, 0
4, 12420, Note_on_c, 0, 54, 62
4, 12480, Note_on_c, 0, 54, 0
4, 12480, Note_on_c, 0, 56, 62
4, 12540, Note_on_c, 0, 56, 0
4, 12540, Note_on_c, 0, 61, 62
4, 12600, Note_on_c, 0, 61, 0
4, 12600, Control_c, 0, 64, 0
4, 12600, Note_on_c, 0, 56, 62
4, 12780, Note_on_c, 0, 56, 0
4, 12780, Note_on_c, 0, 54, 62
4, 12840, Note_on_c, 0, 54, 0
4, 12840, Note_on_c, 0, 56, 62
4, 12870, Note_on_c, 0, 56, 0
4, 12870, Note_on_c, 0, 54, 62
4, 12900, Note_on_c, 0, 54, 0
4, 12900, Note_on_c, 0, 52, 62
4, 12960, Note_on_c, 0, 52, 0
4, 12960, Note_on_c, 0, 51, 62
4, 13020, Note_on_c, 0, 51, 0
4, 13020, Note_on_c, 0, 49, 62
4, 13080, Note_on_c, 0, 49, 0
4, 13080, Control_c, 0, 64, 127
4, 13080, Note_on_c, 0, 48, 62
4, 13110, Note_on_c, 0, 48, 0
4, 13110, Note_on_c, 0, 60, 62
4, 13140, Note_on_c, 0, 60, 0
4, 13140, Note_on_c, 0, 58, 62
4, 13170, Note_on_c, 0, 58, 0
4, 13170, Note_on_c, 0, 60, 62
4, 13200, Note_on_c, 0, 60, 0
4, 13200, Note_on_c, 0, 61, 62
4, 13230, Note_on_c, 0, 61, 0
4, 13230, Note_on_c, 0, 64, 62
4, 13260, Note_on_c, 0, 64, 0
4, 13260, Note_on_c, 0, 63, 62
4, 13290, Note_on_c, 0, 63, 0
4, 13290, Control_c, 0, 64, 0
4, 13290, Note_on_c, 0, 61, 62
4, 13320, Note_on_c, 0, 61, 0
4, 13320, Control_c, 0, 64, 127
4, 13320, Note_on_c, 0, 60, 62
4, 13380, Note_on_c, 0, 60, 0
4, 13380, Note_on_c, 0, 58, 62
4, 13410, Note_on_c, 0, 58, 0
4, 13410, Note_on_c, 0, 61, 62
4, 13440, Note_on_c, 0, 61, 0
4, 13440, Note_on_c, 0, 60, 62
4, 13530, Note_on_c, 0, 60, 0
4, 13530, Note_on_c, 0, 61, 62
4, 13560, Note_on_c, 0, 61, 0
4, 13560, Note_on_c, 0, 63, 62
4, 13650, Note_on_c, 0, 63, 0
4, 13650, Note_on_c, 0, 61, 62
4, 13680, Note_on_c, 0, 61, 0
4, 13680, Note_on_c, 0, 60, 62
4, 13740, Note_on_c, 0, 60, 0
4, 13740, Control_c, 0, 64, 0
4, 13740, Note_on_c, 0, 61, 62
4, 13800, Note_on_c, 0, 61, 0
4, 13800, Note_on_c, 0, 63, 62
4, 13860, Note_on_c, 0, 63, 0
4, 13860, Note_on_c, 0, 65, 62
4, 13890, Note_on_c, 0, 65, 0
4, 13890, Note_on_c, 0, 66, 62
4, 13920, Note_on_c, 0, 66, 0
4, 13920, Note_on_c, 0, 68, 62
4, 13980, Note_on_c, 0, 68, 0
4, 13980, Note_on_c, 0, 56, 62
4, 14040, Note_on_c, 0, 56, 0
4, 14040, Note_on_c, 0, 57, 62
4, 14070, Note_on_c, 0, 57, 0
4, 14070, Note_on_c, 0, 56, 62
4, 14100, Note_on_c, 0, 56, 0
4, 14100, Note_on_c, 0, 55, 62
4, 14160, Note_on_c, 0, 55, 0
4, 14160, Note_on_c, 0, 56, 62
4, 14220, Note_on_c, 0, 56, 0
4, 14220, Note_on_c, 0, 61, 62
4, 14280, Note_on_c, 0, 61, 0
4, 14280, Note_on_c, 0, 58, 62
4, 14340, Note_on_c, 0, 58, 0
4, 14340, Note_on_c, 0, 56, 62
4, 14370, Note_on_c, 0, 56, 0
4, 14370, Note_on_c, 0, 54, 62
4, 14400, Note_on_c, 0, 54, 0
4, 14400, Note_on_c, 0, 52, 62
4, 14550, Note_on_c, 0, 52, 0
4, 14550, Note_on_c, 0, 51, 62
4, 14580, Note_on_c, 0, 51, 0
4, 14580, Note_on_c, 0, 52, 62
4, 14610, Note_on_c, 0, 52, 0
4, 14610, Note_on_c, 0, 54, 62
4, 14640, Note_on_c, 0, 54, 0
4, 14640, Note_on_c, 0, 56, 62
4, 14670, Note_on_c, 0, 56, 0
4, 14670, Note_on_c, 0, 54, 62
4, 14700, Note_on_c, 0, 54, 0
4, 14700, Note_on_c, 0, 52, 62
4, 14760, Note_on_c, 0, 52, 0
4, 14760, Note_on_c, 0, 51, 62
4, 14940, Note_on_c, 0, 51, 0
4, 14940, Control_c, 0, 64, 127
4, 14940, Note_on_c, 0, 52, 62
4, 15000, Note_on_c, 0, 52, 0
4, 15000, Note_on_c, 0, 54, 62
4, 15060, Note_on_c, 0, 54, 0
4, 15060, Control_c, 0, 64, 0
4, 15060, Note_on_c, 0, 53, 62
4, 15120, Note_on_c, 0, 53, 0
4, 15150, Note_on_c, 0, 53, 62
4, 15180, Note_on_c, 0, 53, 0
4, 15180, Note_on_c, 0, 54, 62
4, 15210, Note_on_c, 0, 54, 0
4, 15210, Note_on_c, 0, 56, 62
4, 15240, Note_on_c, 0, 56, 0
4, 15240, Note_on_c, 0, 54, 62
4, 15300, Note_on_c, 0, 54, 0
4, 15300, Note_on_c, 0, 55, 62
4, 15360, Note_on_c, 0, 55, 0
4, 15360, Control_c, 0, 64, 127
4, 15360, Note_on_c, 0, 56, 62
4, 15420, Note_on_c, 0, 56, 0
4, 15420, Note_on_c, 0, 58, 62
4, 15480, Note_on_c, 0, 58, 0
4, 15480, Note_on_c, 0, 60, 62
4, 15570, Note_on_c, 0, 60, 0
4, 15570, Control_c, 0, 64, 0
4, 15570, Note_on_c, 0, 59, 62
4, 15600, Note_on_c, 0, 59, 0
4, 15600, Note_on_c, 0, 60, 62
4, 15630, Note_on_c, 0, 60, 0
4, 15630, Note_on_c, 0, 61, 62
4, 15660, Note_on_c, 0, 61, 0
4, 15660, Note_on_c, 0, 60, 62
4, 15780, Note_on_c, 0, 60, 0
4, 15780, Note_on_c, 0, 61, 62
4, 15810, Note_on_c, 0, 61, 0
4, 15810, Note_on_c, 0, 59, 62
4, 15840, Note_on_c, 0, 59, 0
4, 15840, Control_c, 0, 64, 127
4, 15840, Note_on_c, 0, 58, 62
4, 15900, Note_on_c, 0, 58, 0
4, 15900, Note_on_c, 0, 56, 62
4, 15960, Note_on_c, 0, 56, 0
4, 15960, Note_on_c, 0, 55, 62
4, 16020, Note_on_c, 0, 55, 0
4, 16020, Control_c, 0, 64, 0
4, 16020, Note_on_c, 0, 56, 62
4, 16080, Note_on_c, 0, 56, 0
4, 16200, Control_c, 0, 64, 127
4, 16200, Note_on_c, 0, 61, 62
4, 16260, Note_on_c, 0, 61, 0
4, 16260, Note_on_c, 0, 58, 62
4, 16320, Note_on_c, 0, 58, 0
4, 16320, Note_on_c, 0, 60, 62
4, 16350, Note_on_c, 0, 60, 0
4, 16350, Note_on_c, 0, 58, 62
4, 16380, Note_on_c, 0, 58, 0
4, 16380, Note_on_c, 0, 56, 62
4, 16410, Note_on_c, 0, 56, 0
4, 16410, Note_on_c, 0, 58, 62
4, 16440, Note_on_c, 0, 58, 0
4, 16440, Note_on_c, 0, 60, 62
4, 16470, Note_on_c, 0, 60, 0
4, 16470, Note_on_c, 0, 61, 62
4, 16500, Note_on_c, 0, 61, 0
4, 16500, Note_on_c, 0, 63, 62
4, 16560, Note_on_c, 0, 63, 0
4, 16560, Note_on_c, 0, 64, 62
4, 16590, Note_on_c, 0, 64, 0
4, 16590, Note_on_c, 0, 63, 62
4, 16620, Note_on_c, 0, 63, 0
4, 16620, Note_on_c, 0, 61, 62
4, 16680, Note_on_c, 0, 61, 0
4, 16680, Note_on_c, 0, 60, 62
4, 16740, Note_on_c, 0, 60, 0
4, 16740, Control_c, 0, 64, 0
4, 16740, Note_on_c, 0, 61, 62
4, 16800, Note_on_c, 0, 61, 0
4, 16860, Control_c, 0, 64, 127
4, 16860, Note_on_c, 0, 56, 62
4, 16920, Note_on_c, 0, 56, 0
4, 16920, Note_on_c, 0, 57, 62
4, 16950, Note_on_c, 0, 57, 0
4, 16950, Note_on_c, 0, 56, 62
4, 16980, Note_on_c, 0, 56, 0
4, 16980, Note_on_c, 0, 55, 62
4, 17040, Note_on_c, 0, 55, 0
4, 17040, Note_on_c, 0, 56, 62
4, 17100, Note_on_c, 0, 56, 0
4, 17100, Note_on_c, 0, 61, 62
4, 17160, Note_on_c, 0, 61, 0
4, 17160, Note_on_c, 0, 56, 62
4, 17340, Note_on_c, 0, 56, 0
4, 17340, Note_on_c, 0, 54, 62
4, 17400, Note_on_c, 0, 54, 0
4, 17400, Note_on_c, 0, 56, 62
4, 17430, Note_on_c, 0, 56, 0
4, 17430, Note_on_c, 0, 54, 62
4, 17460, Note_on_c, 0, 54, 0
4, 17460, Note_on_c, 0, 52, 62
4, 17520, Note_on_c, 0, 52, 0
4, 17520, Note_on_c, 0, 51, 75
4, 17580, Note_on_c, 0, 51, 0
4, 17580, Control_c, 0, 64, 0
4, 17580, Note_on_c, 0, 49, 75
4, 17640, Note_on_c, 0, 49, 0
4, 17640, Note_on_c, 0, 59, 101
4, 17820, Note_on_c, 0, 59, 0
4, 17820, Note_on_c, 0, 57, 75
4, 17880, Note_on_c, 0, 57, 0
4, 17880, Note_on_c, 0, 56, 75
4, 17940, Note_on_c, 0, 56, 0
4, 17940, Note_on_c, 0, 54, 75
4, 18060, Note_on_c, 0, 54, 0
4, 18060, Note_on_c, 0, 53, 75
4, 18120, Note_on_c, 0, 53, 0
4, 18120, Note_on_c, 0, 62, 101
4, 18240, Note_on_c, 0, 62, 0
4, 18240, Note_on_c, 0, 61, 75
4, 18300, Note_on_c, 0, 61, 0
4, 18300, Note_on_c, 0, 59, 75
4, 18360, Note_on_c, 0, 59, 0
4, 18360, Note_on_c, 0, 57, 75
4, 18420, Note_on_c, 0, 57, 0
4, 18420, Note_on_c, 0, 56, 75
4, 18480, Note_on_c, 0, 56, 0
4, 18480, Note_on_c, 0, 54, 75
4, 18540, Note_on_c, 0, 54, 0
4, 18900, Control_c, 0, 64, 127
4, 18900, Note_on_c, 0, 39, 88
4, 18900, Note_on_c, 0, 51, 88
4, 18960, Note_on_c, 0, 51, 0
4, 18960, Note_on_c, 0, 39, 0
4, 18960, Note_on_c, 0, 40, 88
4, 18960, Note_on_c, 0, 52, 88
4, 18990, Note_on_c, 0, 52, 0
4, 18990, Note_on_c, 0, 40, 0
4, 18990, Note_on_c, 0, 39, 88
4, 18990, Note_on_c, 0, 51, 88
4, 19020, Note_on_c, 0, 51, 0
4, 19020, Note_on_c, 0, 39, 0
4, 19020, Note_on_c, 0, 37, 88
4, 19020, Note_on_c, 0, 49, 88
4, 19080, Note_on_c, 0, 49, 0
4, 19080, Note_on_c, 0, 37, 0
4, 19080, Note_on_c, 0, 39, 88
4, 19080, Note_on_c, 0, 51, 88
4, 19140, Note_on_c, 0, 51, 0
4, 19140, Note_on_c, 0, 39, 0
4, 19140, Control_c, 0, 64, 0
4, 19140, Note_on_c, 0, 44, 88
4, 19140, Note_on_c, 0, 56, 88
4, 19200, Note_on_c, 0, 56, 0
4, 19200, Note_on_c, 0, 44, 0
4, 19200, Note_on_c, 0, 39, 88
4, 19200, Note_on_c, 0, 51, 88
4, 19380, Note_on_c, 0, 51, 0
4, 19380, Note_on_c, 0, 39, 0
4, 19380, Note_on_c, 0, 37, 88
4, 19380, Note_on_c, 0, 49, 88
4, 19440, Note_on_c, 0, 49, 0
4, 19440, Note_on_c, 0, 37, 0
4, 19440, Control_c, 0, 64, 127
4, 19440, Note_on_c, 0, 39, 88
4, 19440, Note_on_c, 0, 51, 88
4, 19470, Note_on_c, 0, 51, 0
4, 19470, Note_on_c, 0, 39, 0
4, 19470, Note_on_c, 0, 37, 88
4, 19470, Note_on_c, 0, 49, 88
4, 19500, Note_on_c, 0, 49, 0
4, 19500, Note_on_c, 0, 37, 0
4, 19500, Note_on_c, 0, 35, 88
4, 19500, Note_on_c, 0, 47, 88
4, 19620, Note_on_c, 0, 47, 0
4, 19620, Note_on_c, 0, 35, 0
4, 19620, Control_c, 0, 64, 0
4, 19620, Note_on_c, 0, 34, 88
4, 19620, Note_on_c, 0, 46, 88
4, 19680, Note_on_c, 0, 46, 0
4, 19680, Note_on_c, 0, 34, 0
4, 19680, Control_c, 0, 64, 127
4, 19680, Note_on_c, 0, 35, 88
4, 19680, Note_on_c, 0, 47, 88
4, 19710, Note_on_c, 0, 47, 0
4, 19710, Note_on_c, 0, 35, 0
4, 19710, Note_on_c, 0, 34, 88
4, 19710, Note_on_c, 0, 46, 88
4, 19740, Note_on_c, 0, 46, 0
4, 19740, Note_on_c, 0, 34, 0
4, 19740, Note_on_c, 0, 32, 88
4, 19740, Note_on_c, 0, 44, 88
4, 19860, Note_on_c, 0, 44, 0
4, 19860, Note_on_c, 0, 32, 0
4, 19860, Note_on_c, 0, 31, 88
4, 19860, Note_on_c, 0, 43, 88
4, 19920, Note_on_c, 0, 43, 0
4, 19920, Note_on_c, 0, 31, 0
4, 19920, Note_on_c, 0, 32, 88
4, 19920, Note_on_c, 0, 44, 88
4, 19950, Note_on_c, 0, 44, 0
4, 19950, Note_on_c, 0, 32, 0
4, 19950, Control_c, 0, 64, 0
4, 19950, Note_on_c, 0, 30, 88
4, 19950, Note_on_c, 0, 42, 88
4, 19980, Note_on_c, 0, 42, 0
4, 19980, Note_on_c, 0, 30, 0
4, 19980, Note_on_c, 0, 28, 88
4, 19980, Note_on_c, 0, 40, 88
4, 20100, Note_on_c, 0, 40, 0
4, 20100, Note_on_c, 0, 28, 0
4, 20100, Note_on_c, 0, 27, 88
4, 20100, Note_on_c, 0, 39, 88
4, 20520, Note_on_c, 0, 39, 0
4, 20520, Note_on_c, 0, 27, 0
4, 20940, Control_c, 0, 64, 127
4, 20940, Note_on_c, 0, 54, 62
4, 21000, Note_on_c, 0, 54, 0
4, 21000, Note_on_c, 0, 56, 62
4, 21030, Note_on_c, 0, 56, 0
4, 21030, Note_on_c, 0, 54, 62
4, 21060, Note_on_c, 0, 54, 0
4, 21060, Control_c, 0, 64, 0
4, 21060, Note_on_c, 0, 52, 62
4, 21120, Note_on_c, 0, 52, 0
4, 21120, Note_on_c, 0, 51, 62
4, 21240, Note_on_c, 0, 51, 0
4, 21240, Control_c, 0, 64, 127
4, 21240, Note_on_c, 0, 56, 62
4, 21300, Note_on_c, 0, 56, 0
4, 21300, Note_on_c, 0, 61, 62
4, 21360, Note_on_c, 0, 61, 0
4, 21360, Control_c, 0, 64, 0
4, 21360, Note_on_c, 0, 56, 62
4, 21480, Note_on_c, 0, 56, 0
4, 21600, Control_c, 0, 64, 127
4, 21600, Note_on_c, 0, 51, 62
4, 21660, Note_on_c, 0, 51, 0
4, 21660, Note_on_c, 0, 58, 62
4, 21720, Note_on_c, 0, 58, 0
4, 21720, Control_c, 0, 64, 0
4, 21720, Note_on_c, 0, 51, 62
4, 21840, Note_on_c, 0, 51, 0
4, 22080, Control_c, 0, 64, 127
4, 22080, Note_on_c, 0, 32, 62
4, 22080, Note_on_c, 0, 44, 62
4, 22140, Note_on_c, 0, 44, 0
4, 22140, Note_on_c, 0, 32, 0
4, 22140, Note_on_c, 0, 39, 62
4, 22140, Note_on_c, 0, 51, 62
4, 22200, Note_on_c, 0, 51, 0
4, 22200, Note_on_c, 0, 39, 0
4, 22200, Control_c, 0, 64, 0
4, 22200, Note_on_c, 0, 32, 62
4, 22200, Note_on_c, 0, 44, 62
4, 22680, Note_on_c, 0, 44, 0
4, 22680, Note_on_c, 0, 32, 0
4, 22680, Note_on_c, 0, 32, 62
4, 22680, Note_on_c, 0, 44, 62
4, 23400, Note_on_c, 0, 44, 0
4, 23400, Note_on_c, 0, 32, 0
4, 23400, End_track
5, 0, Start_track
5, 0, Title_t, "Grand Piano"
5, 0, Program_c, 0, 0
5, 0, Control_c, 0, 7, 115
5, 0, Control_c, 0, 10, 48
5, 2460, Note_on_c, 0, 58, 62
5, 2520, Note_on_c, 0, 58, 0
5, 2520, Note_on_c, 0, 56, 62
5, 2760, Note_on_c, 0, 56, 0
5, 2760, Note_on_c, 0, 55, 62
5, 2820, Note_on_c, 0, 55, 0
5, 2820, Note_on_c, 0, 54, 62
5, 2880, Note_on_c, 0, 54, 0
5, 2880, Note_on_c, 0, 52, 62
5, 3000, Note_on_c, 0, 52, 0
5, 3000, Note_on_c, 0, 51, 62
5, 3180, Note_on_c, 0, 51, 0
5, 3300, Note_on_c, 0, 56, 62
5, 3360, Note_on_c, 0, 56, 0
5, 3360, Note_on_c, 0, 61, 62
5, 3600, Note_on_c, 0, 61, 0
5, 3660, Control_c, 0, 64, 127
5, 3660, Note_on_c, 0, 44, 62
5, 3720, Note_on_c, 0, 44, 0
5, 3720, Note_on_c, 0, 47, 62
5, 3750, Note_on_c, 0, 47, 0
5, 3750, Note_on_c, 0, 46, 62
5, 3780, Note_on_c, 0, 46, 0
5, 3780, Note_on_c, 0, 44, 62
5, 3840, Note_on_c, 0, 44, 0
5, 3840, Note_on_c, 0, 46, 62
5, 3900, Note_on_c, 0, 46, 0
5, 3900, Note_on_c, 0, 51, 62
5, 3960, Note_on_c, 0, 51, 0
5, 3960, Note_on_c, 0, 46, 62
5, 4140, Note_on_c, 0, 46, 0
5, 4140, Note_on_c, 0, 44, 62
5, 4200, Note_on_c, 0, 44, 0
5, 4200, Note_on_c, 0, 46, 62
5, 4230, Note_on_c, 0, 46, 0
5, 4230, Note_on_c, 0, 44, 62
5, 4260, Note_on_c, 0, 44, 0
5, 4260, Note_on_c, 0, 42, 62
5, 4320, Note_on_c, 0, 42, 0
5, 4320, Note_on_c, 0, 41, 62
5, 4380, Note_on_c, 0, 41, 0
5, 4380, Note_on_c, 0, 39, 62
5, 4440, Note_on_c, 0, 39, 0
5, 4440, Note_on_c, 0, 49, 88
5, 4620, Note_on_c, 0, 49, 0
5, 4620, Note_on_c, 0, 48, 62
5, 4740, Note_on_c, 0, 48, 0
5, 4740, Note_on_c, 0, 47, 62
5, 4860, Note_on_c, 0, 47, 0
5, 4860, Note_on_c, 0, 46, 62
5, 4980, Note_on_c, 0, 46, 0
5, 4980, Note_on_c, 0, 44, 62
5, 5100, Note_on_c, 0, 44, 0
5, 5100, Control_c, 0, 64, 127
5, 5100, Note_on_c, 0, 43, 62
5, 5160, Note_on_c, 0, 43, 0
5, 5160, Note_on_c, 0, 49, 62
5, 5190, Note_on_c, 0, 49, 0
5, 5190, Note_on_c, 0, 47, 62
5, 5220, Note_on_c, 0, 47, 0
5, 5220, Note_on_c, 0, 46, 62
5, 5280, Note_on_c, 0, 46, 0
5, 5280, Control_c, 0, 64, 0
5, 5280, Note_on_c, 0, 44, 62
5, 5340, Note_on_c, 0, 44, 0
5, 5340, Note_on_c, 0, 54, 62
5, 5400, Note_on_c, 0, 54, 0
5, 5400, Note_on_c, 0, 52, 62
5, 5460, Note_on_c, 0, 52, 0
5, 5460, Note_on_c, 0, 51, 62
5, 5520, Note_on_c, 0, 51, 0
5, 5520, Note_on_c, 0, 49, 62
5, 5580, Note_on_c, 0, 49, 0
5, 5820, Note_on_c, 0, 53, 62
5, 5880, Note_on_c, 0, 53, 0
5, 5940, Note_on_c, 0, 49, 62
5, 6000, Note_on_c, 0, 49, 0
5, 6000, Control_c, 0, 64, 127
5, 6000, Note_on_c, 0, 50, 62
5, 6030, Note_on_c, 0, 50, 0
5, 6030, Note_on_c, 0, 49, 62
5, 6060, Note_on_c, 0, 49, 0
5, 6060, Note_on_c, 0, 48, 62
5, 6120, Note_on_c, 0, 48, 0
5, 6120, Note_on_c, 0, 49, 62
5, 6180, Note_on_c, 0, 49, 0
5, 6180, Note_on_c, 0, 54, 62
5, 6240, Note_on_c, 0, 54, 0
5, 6240, Note_on_c, 0, 49, 62
5, 6420, Note_on_c, 0, 49, 0
5, 6420, Note_on_c, 0, 47, 62
5, 6480, Note_on_c, 0, 47, 0
5, 6480, Note_on_c, 0, 49, 62
5, 6510, Note_on_c, 0, 49, 0
5, 6510, Note_on_c, 0, 47, 62
5, 6540, Note_on_c, 0, 47, 0
5, 6540, Control_c, 0, 64, 0
5, 6540, Note_on_c, 0, 45, 62
5, 6600, Note_on_c, 0, 45, 0
5, 6600, Note_on_c, 0, 44, 62
5, 6660, Note_on_c, 0, 44, 0
5, 6660, Note_on_c, 0, 42, 62
5, 6720, Note_on_c, 0, 42, 0
5, 6720, Control_c, 0, 64, 127
5, 6720, Note_on_c, 0, 52, 62
5, 6900, Note_on_c, 0, 52, 0
5, 6900, Note_on_c, 0, 51, 62
5, 7020, Note_on_c, 0, 51, 0
5, 7020, Note_on_c, 0, 50, 62
5, 7080, Note_on_c, 0, 50, 0
5, 7080, Note_on_c, 0, 51, 62
5, 7140, Note_on_c, 0, 51, 0
5, 7140, Note_on_c, 0, 49, 62
5, 7260, Note_on_c, 0, 49, 0
5, 7260, Note_on_c, 0, 48, 62
5, 7380, Note_on_c, 0, 48, 0
5, 7380, Note_on_c, 0, 47, 62
5, 7440, Note_on_c, 0, 47, 0
5, 7440, Note_on_c, 0, 47, 62
5, 7560, Note_on_c, 0, 47, 0
5, 7560, Control_c, 0, 64, 0
5, 7560, Note_on_c, 0, 45, 62
5, 7680, Note_on_c, 0, 45, 0
5, 7680, Note_on_c, 0, 44, 62
5, 8040, Note_on_c, 0, 44, 0
5, 8040, Note_on_c, 0, 42, 62
5, 8130, Note_on_c, 0, 42, 0
5, 8130, Note_on_c, 0, 41, 62
5, 8160, Note_on_c, 0, 41, 0
5, 8160, Note_on_c, 0, 42, 62
5, 8190, Note_on_c, 0, 42, 0
5, 8190, Note_on_c, 0, 40, 62
5, 8220, Note_on_c, 0, 40, 0
5, 8220, Note_on_c, 0, 39, 62
5, 8250, Note_on_c, 0, 39, 0
5, 8250, Note_on_c, 0, 37, 62
5, 8280, Note_on_c, 0, 37, 0
5, 8280, Note_on_c, 0, 36, 62
5, 8340, Note_on_c, 0, 36, 0
5, 8340, Note_on_c, 0, 48, 62
5, 8400, Note_on_c, 0, 48, 0
5, 8400, Control_c, 0, 64, 0
5, 8400, Note_on_c, 0, 49, 62
5, 8520, Note_on_c, 0, 49, 0
5, 8520, Control_c, 0, 64, 0
5, 8520, Note_on_c, 0, 44, 62
5, 8580, Note_on_c, 0, 44, 0
5, 8790, Control_c, 0, 64, 127
5, 8790, Note_on_c, 0, 49, 62
5, 8820, Note_on_c, 0, 49, 0
5, 8820, Note_on_c, 0, 51, 62
5, 8850, Note_on_c, 0, 51, 0
5, 8850, Note_on_c, 0, 49, 62
5, 8880, Note_on_c, 0, 49, 0
5, 8880, Note_on_c, 0, 47, 62
5, 9000, Note_on_c, 0, 47, 0
5, 9000, Note_on_c, 0, 48, 62
5, 9060, Note_on_c, 0, 48, 0
5, 9060, Control_c, 0, 64, 0
5, 9060, Note_on_c, 0, 49, 62
5, 9120, Note_on_c, 0, 49, 0
5, 9180, Note_on_c, 0, 49, 62
5, 9240, Note_on_c, 0, 49, 0
5, 9240, Note_on_c, 0, 54, 62
5, 9330, Note_on_c, 0, 54, 0
5, 9330, Note_on_c, 0, 53, 62
5, 9360, Note_on_c, 0, 53, 0
5, 9360, Note_on_c, 0, 51, 62
5, 9480, Note_on_c, 0, 51, 0
5, 9480, Control_c, 0, 64, 127
5, 9480, Note_on_c, 0, 49, 62
5, 9540, Note_on_c, 0, 49, 0
5, 9540, Note_on_c, 0, 48, 62
5, 9600, Note_on_c, 0, 48, 0
5, 9600, Note_on_c, 0, 49, 62
5, 9780, Note_on_c, 0, 49, 0
5, 9780, Note_on_c, 0, 48, 62
5, 9810, Note_on_c, 0, 48, 0
5, 9810, Note_on_c, 0, 46, 62
5, 9840, Note_on_c, 0, 46, 0
5, 9840, Note_on_c, 0, 48, 62
5, 9960, Note_on_c, 0, 48, 0
5, 9960, Note_on_c, 0, 49, 62
5, 9990, Note_on_c, 0, 49, 0
5, 9990, Note_on_c, 0, 47, 62
5, 10020, Note_on_c, 0, 47, 0
5, 10020, Note_on_c, 0, 45, 62
5, 10050, Note_on_c, 0, 45, 0
5, 10050, Note_on_c, 0, 44, 62
5, 10080, Note_on_c, 0, 44, 0
5, 10080, Note_on_c, 0, 43, 62
5, 10140, Note_on_c, 0, 43, 0
5, 10140, Control_c, 0, 64, 0
5, 10140, Note_on_c, 0, 44, 62
5, 10200, Note_on_c, 0, 44, 0
5, 10500, Note_on_c, 0, 49, 75
5, 10560, Note_on_c, 0, 49, 0
5, 10560, Note_on_c, 0, 57, 101
5, 10680, Note_on_c, 0, 57, 0
5, 10680, Note_on_c, 0, 56, 75
5, 10800, Note_on_c, 0, 56, 0
5, 10980, Note_on_c, 0, 51, 75
5, 11040, Note_on_c, 0, 51, 0
5, 11040, Note_on_c, 0, 60, 101
5, 11160, Note_on_c, 0, 60, 0
5, 11160, Note_on_c, 0, 61, 62
5, 11220, Note_on_c, 0, 61, 0
5, 11220, Note_on_c, 0, 49, 62
5, 11280, Note_on_c, 0, 49, 0
5, 11280, Control_c, 0, 64, 127
5, 11280, Note_on_c, 0, 52, 62
5, 11310, Note_on_c, 0, 52, 0
5, 11310, Note_on_c, 0, 51, 62
5, 11340, Note_on_c, 0, 51, 0
5, 11340, Note_on_c, 0, 49, 62
5, 11400, Note_on_c, 0, 49, 0
5, 11400, Note_on_c, 0, 51, 62
5, 11460, Note_on_c, 0, 51, 0
5, 11460, Note_on_c, 0, 56, 62
5, 11520, Note_on_c, 0, 56, 0
5, 11520, Note_on_c, 0, 51, 62
5, 11700, Note_on_c, 0, 51, 0
5, 11700, Note_on_c, 0, 49, 62
5, 11760, Note_on_c, 0, 49, 0
5, 11760, Note_on_c, 0, 51, 62
5, 11790, Note_on_c, 0, 51, 0
5, 11790, Note_on_c, 0, 49, 62
5, 11820, Note_on_c, 0, 49, 0
5, 11820, Note_on_c, 0, 48, 62
5, 11880, Note_on_c, 0, 48, 0
5, 11880, Control_c, 0, 64, 0
5, 11880, Note_on_c, 0, 49, 62
5, 11940, Note_on_c, 0, 49, 0
5, 11940, Control_c, 0, 64, 127
5, 11940, Note_on_c, 0, 57, 62
5, 12000, Note_on_c, 0, 57, 0
5, 12000, Note_on_c, 0, 57, 62
5, 12090, Note_on_c, 0, 57, 0
5, 12090, Note_on_c, 0, 56, 62
5, 12120, Note_on_c, 0, 56, 0
5, 12120, Note_on_c, 0, 54, 62
5, 12180, Note_on_c, 0, 54, 0
5, 12180, Note_on_c, 0, 53, 62
5, 12240, Note_on_c, 0, 53, 0
5, 12240, Control_c, 0, 64, 0
5, 12240, Note_on_c, 0, 54, 62
5, 12300, Note_on_c, 0, 54, 0
5, 12660, Control_c, 0, 64, 127
5, 12660, Note_on_c, 0, 51, 62
5, 12720, Note_on_c, 0, 51, 0
5, 12720, Note_on_c, 0, 52, 62
5, 12750, Note_on_c, 0, 52, 0
5, 12750, Note_on_c, 0, 51, 62
5, 12780, Note_on_c, 0, 51, 0
5, 12780, Note_on_c, 0, 49, 62
5, 12840, Note_on_c, 0, 49, 0
5, 12840, Note_on_c, 0, 47, 62
5, 12900, Note_on_c, 0, 47, 0
5, 12900, Note_on_c, 0, 46, 62
5, 13080, Note_on_c, 0, 46, 0
5, 13080, Control_c, 0, 64, 0
5, 13080, Note_on_c, 0, 44, 62
5, 13140, Note_on_c, 0, 44, 0
5, 13380, Control_c, 0, 64, 127
5, 13380, Note_on_c, 0, 56, 62
5, 13440, Note_on_c, 0, 56, 0
5, 13440, Note_on_c, 0, 54, 62
5, 13470, Note_on_c, 0, 54, 0
5, 13470, Note_on_c, 0, 52, 62
5, 13500, Note_on_c, 0, 52, 0
5, 13500, Note_on_c, 0, 51, 62
5, 13530, Note_on_c, 0, 51, 0
5, 13530, Note_on_c, 0, 49, 62
5, 13560, Note_on_c, 0, 49, 0
5, 13560, Note_on_c, 0, 48, 62
5, 13650, Note_on_c, 0, 48, 0
5, 13650, Note_on_c, 0, 46, 62
5, 13680, Note_on_c, 0, 46, 0
5, 13680, Control_c, 0, 64, 0
5, 13680, Note_on_c, 0, 44, 62
5, 13800, Note_on_c, 0, 44, 0
5, 13800, Control_c, 0, 64, 127
5, 13800, Note_on_c, 0, 56, 62
5, 13890, Note_on_c, 0, 56, 0
5, 13890, Note_on_c, 0, 54, 62
5, 13920, Note_on_c, 0, 54, 0
5, 13920, Note_on_c, 0, 53, 62
5, 13980, Note_on_c, 0, 53, 0
5, 13980, Note_on_c, 0, 51, 62
5, 14040, Note_on_c, 0, 51, 0
5, 14040, Note_on_c, 0, 49, 62
5, 14100, Note_on_c, 0, 49, 0
5, 14100, Note_on_c, 0, 51, 62
5, 14160, Note_on_c, 0, 51, 0
5, 14160, Note_on_c, 0, 52, 62
5, 14190, Note_on_c, 0, 52, 0
5, 14190, Note_on_c, 0, 51, 62
5, 14220, Note_on_c, 0, 51, 0
5, 14220, Note_on_c, 0, 49, 62
5, 14280, Note_on_c, 0, 49, 0
5, 14280, Note_on_c, 0, 51, 62
5, 14340, Note_on_c, 0, 51, 0
5, 14340, Control_c, 0, 64, 0
5, 14340, Note_on_c, 0, 44, 62
5, 14400, Note_on_c, 0, 44, 0
5, 14400, Control_c, 0, 64, 127
5, 14400, Note_on_c, 0, 45, 62
5, 14430, Note_on_c, 0, 45, 0
5, 14430, Note_on_c, 0, 44, 62
5, 14460, Note_on_c, 0, 44, 0
5, 14460, Note_on_c, 0, 43, 62
5, 14520, Note_on_c, 0, 43, 0
5, 14520, Note_on_c, 0, 44, 62
5, 14580, Note_on_c, 0, 44, 0
5, 14580, Note_on_c, 0, 49, 62
5, 14640, Note_on_c, 0, 49, 0
5, 14640, Note_on_c, 0, 44, 62
5, 14820, Note_on_c, 0, 44, 0
5, 14820, Control_c, 0, 64, 0
5, 14820, Note_on_c, 0, 43, 62
5, 14880, Note_on_c, 0, 43, 0
5, 14880, Control_c, 0, 64, 127
5, 14880, Note_on_c, 0, 44, 62
5, 14910, Note_on_c, 0, 44, 0
5, 14910, Note_on_c, 0, 42, 62
5, 14940, Note_on_c, 0, 42, 0
5, 14940, Note_on_c, 0, 40, 62
5, 15000, Note_on_c, 0, 40, 0
5, 15000, Note_on_c, 0, 39, 62
5, 15060, Note_on_c, 0, 39, 0
5, 15060, Control_c, 0, 64, 0
5, 15060, Note_on_c, 0, 37, 62
5, 15120, Note_on_c, 0, 37, 0
5, 15120, Note_on_c, 0, 47, 88
5, 15240, Note_on_c, 0, 47, 0
5, 15240, Note_on_c, 0, 46, 62
5, 15300, Note_on_c, 0, 46, 0
5, 15300, Note_on_c, 0, 45, 62
5, 15360, Note_on_c, 0, 45, 0
5, 15360, Control_c, 0, 64, 127
5, 15360, Note_on_c, 0, 44, 62
5, 15420, Note_on_c, 0, 44, 0
5, 15420, Note_on_c, 0, 43, 62
5, 15480, Note_on_c, 0, 43, 0
5, 15480, Control_c, 0, 64, 0
5, 15480, Note_on_c, 0, 42, 62
5, 15540, Note_on_c, 0, 42, 0
5, 15600, Note_on_c, 0, 54, 62
5, 15720, Note_on_c, 0, 54, 0
5, 15720, Note_on_c, 0, 52, 62
5, 15780, Note_on_c, 0, 52, 0
5, 15780, Note_on_c, 0, 46, 62
5, 15840, Note_on_c, 0, 46, 0
5, 15840, Note_on_c, 0, 51, 62
5, 15900, Note_on_c, 0, 51, 0
5, 16380, Note_on_c, 0, 52, 62
5, 16440, Note_on_c, 0, 52, 0
5, 16440, Note_on_c, 0, 51, 62
5, 16560, Note_on_c, 0, 51, 0
5, 16560, Note_on_c, 0, 49, 62
5, 16620, Note_on_c, 0, 49, 0
5, 16620, Note_on_c, 0, 51, 62
5, 16680, Note_on_c, 0, 51, 0
5, 16680, Note_on_c, 0, 44, 62
5, 16740, Note_on_c, 0, 44, 0
5, 16740, Note_on_c, 0, 45, 62
5, 16800, Note_on_c, 0, 45, 0
5, 16800, Control_c, 0, 64, 127
5, 16800, Note_on_c, 0, 42, 62
5, 16860, Note_on_c, 0, 42, 0
5, 16860, Note_on_c, 0, 44, 62
5, 16920, Note_on_c, 0, 44, 0
5, 16920, Note_on_c, 0, 40, 62
5, 16980, Note_on_c, 0, 40, 0
5, 16980, Note_on_c, 0, 39, 62
5, 17040, Note_on_c, 0, 39, 0
5, 17040, Control_c, 0, 64, 0
5, 17040, Note_on_c, 0, 44, 62
5, 17100, Note_on_c, 0, 44, 0
5, 17340, Control_c, 0, 64, 127
5, 17340, Note_on_c, 0, 54, 62
5, 17400, Note_on_c, 0, 54, 0
5, 17400, Note_on_c, 0, 52, 62
5, 17430, Note_on_c, 0, 52, 0
5, 17430, Note_on_c, 0, 51, 62
5, 17460, Note_on_c, 0, 51, 0
5, 17460, Note_on_c, 0, 49, 62
5, 17520, Note_on_c, 0, 49, 0
5, 17520, Note_on_c, 0, 48, 75
5, 17580, Note_on_c, 0, 48, 0
5, 17580, Control_c, 0, 64, 0
5, 17580, Note_on_c, 0, 49, 75
5, 17640, Note_on_c, 0, 49, 0
5, 17820, Note_on_c, 0, 42, 75
5, 17880, Note_on_c, 0, 42, 0
5, 17880, Note_on_c, 0, 50, 101
5, 18000, Note_on_c, 0, 50, 0
5, 18000, Note_on_c, 0, 49, 75
5, 18120, Note_on_c, 0, 49, 0
5, 18300, Note_on_c, 0, 44, 75
5, 18360, Note_on_c, 0, 44, 0
5, 18360, Note_on_c, 0, 53, 101
5, 18480, Note_on_c, 0, 53, 0
5, 18480, Note_on_c, 0, 54, 75
5, 18540, Note_on_c, 0, 54, 0
5, 21060, Control_c, 0, 64, 127
5, 21060, Note_on_c, 0, 46, 62
5, 21120, Note_on_c, 0, 46, 0
5, 21120, Note_on_c, 0, 47, 62
5, 21150, Note_on_c, 0, 47, 0
5, 21150, Note_on_c, 0, 46, 62
5, 21180, Note_on_c, 0, 46, 0
5, 21180, Control_c, 0, 64, 0
5, 21180, Note_on_c, 0, 44, 62
5, 21240, Note_on_c, 0, 44, 0
5, 21240, Note_on_c, 0, 49, 62
5, 21480, Note_on_c, 0, 49, 0
5, 21600, Note_on_c, 0, 46, 62
5, 21840, Note_on_c, 0, 46, 0
5, 21840, End_track
0, 0, End_of_file
