0, 0, Header, 1, 2, 120
1, 0, Start_track
1, 0, Time_signature, 4, 2, 24, 8
1, 0, Key_signature, 0, "major"
1, 0, Tempo, 600000
1, 0, End_track
2, 0, Start_track
2, 0, MIDI_port, 0
2, 0, Program_c, 0, 0
2, 0, Control_c, 0, 7, 127
2, 0, Control_c, 0, 10, 64
2, 201, Control_c, 0, 91, 112
2, 201, Control_c, 0, 93, 40
2, 201, Note_on_c, 0, 73, 63
2, 213, Control_c, 0, 64, 40
2, 217, Control_c, 0, 64, 72
2, 221, Control_c, 0, 64, 104
2, 225, Control_c, 0, 64, 127
2, 447, Note_on_c, 0, 73, 0
2, 453, Note_on_c, 0, 70, 60
2, 494, Note_on_c, 0, 70, 0
2, 497, Note_on_c, 0, 66, 68
2, 546, Note_on_c, 0, 66, 0
2, 550, Note_on_c, 0, 63, 62
2, 579, Control_c, 0, 64, 88
2, 584, Control_c, 0, 64, 0
2, 616, Control_c, 0, 64, 24
2, 620, Control_c, 0, 64, 72
2, 624, Control_c, 0, 64, 127
2, 640, Note_on_c, 0, 66, 61
2, 651, Note_on_c, 0, 63, 0
2, 686, Note_on_c, 0, 70, 73
2, 689, Note_on_c, 0, 66, 0
2, 738, Note_on_c, 0, 73, 73
2, 740, Note_on_c, 0, 70, 0
2, 749, Control_c, 0, 64, 104
2, 753, Control_c, 0, 64, 72
2, 757, Control_c, 0, 64, 24
2, 761, Control_c, 0, 64, 0
2, 794, Control_c, 0, 64, 72
2, 798, Control_c, 0, 64, 127
2, 829, Note_on_c, 0, 73, 0
2, 830, Note_on_c, 0, 70, 70
2, 872, Note_on_c, 0, 70, 0
2, 876, Note_on_c, 0, 66, 71
2, 930, Note_on_c, 0, 63, 67
2, 931, Note_on_c, 0, 66, 0
2, 947, Control_c, 0, 64, 104
2, 951, Control_c, 0, 64, 72
2, 955, Control_c, 0, 64, 24
2, 959, Control_c, 0, 64, 0
2, 987, Control_c, 0, 64, 24
2, 991, Control_c, 0, 64, 72
2, 995, Control_c, 0, 64, 127
2, 1024, Note_on_c, 0, 63, 0
2, 1027, Note_on_c, 0, 66, 77
2, 1074, Note_on_c, 0, 66, 0
2, 1083, Note_on_c, 0, 70, 70
2, 1130, Note_on_c, 0, 70, 0
2, 1143, Note_on_c, 0, 66, 71
2, 1144, Control_c, 0, 64, 88
2, 1148, Control_c, 0, 64, 40
2, 1152, Control_c, 0, 64, 0
2, 1180, Control_c, 0, 64, 88
2, 1184, Control_c, 0, 64, 127
2, 1192, Note_on_c, 0, 66, 0
2, 1265, Note_on_c, 0, 66, 75
2, 1269, Note_on_c, 0, 54, 51
2, 1269, Note_on_c, 0, 51, 44
2, 1270, Control_c, 0, 64, 88
2, 1271, Note_on_c, 0, 47, 49
2, 1271, Note_on_c, 0, 59, 52
2, 1274, Control_c, 0, 64, 24
2, 1277, Control_c, 0, 64, 0
2, 1294, Control_c, 0, 64, 56
2, 1298, Control_c, 0, 64, 127
2, 1317, Note_on_c, 0, 66, 0
2, 1326, Note_on_c, 0, 59, 0
2, 1331, Note_on_c, 0, 63, 73
2, 1344, Note_on_c, 0, 54, 0
2, 1345, Note_on_c, 0, 47, 0
2, 1360, Note_on_c, 0, 51, 0
2, 1364, Note_on_c, 0, 63, 0
2, 1432, Note_on_c, 0, 66, 68
2, 1437, Note_on_c, 0, 54, 33
2, 1438, Note_on_c, 0, 58, 42
2, 1440, Note_on_c, 0, 42, 43
2, 1440, Note_on_c, 0, 49, 36
2, 1447, Control_c, 0, 64, 56
2, 1451, Control_c, 0, 64, 0
2, 1491, Control_c, 0, 64, 104
2, 1495, Control_c, 0, 64, 127
2, 1530, Note_on_c, 0, 66, 0
2, 1568, Note_on_c, 0, 65, 64
2, 1616, Note_on_c, 0, 65, 0
2, 1627, Note_on_c, 0, 63, 66
2, 1678, Note_on_c, 0, 63, 0
2, 1698, Note_on_c, 0, 61, 50
2, 1720, Control_c, 0, 64, 104
2, 1724, Control_c, 0, 64, 72
2, 1729, Control_c, 0, 64, 40
2, 1733, Control_c, 0, 64, 0
2, 1794, Control_c, 0, 64, 24
2, 1798, Control_c, 0, 64, 56
2, 1802, Control_c, 0, 64, 72
2, 1806, Control_c, 0, 64, 104
2, 1810, Control_c, 0, 64, 127
2, 1897, Note_on_c, 0, 42, 0
2, 1903, Note_on_c, 0, 49, 0
2, 1910, Note_on_c, 0, 54, 0
2, 1947, Note_on_c, 0, 58, 0
2, 1957, Note_on_c, 0, 61, 0
2, 2096, Note_on_c, 0, 63, 55
2, 2214, Note_on_c, 0, 63, 0
2, 2214, Note_on_c, 0, 66, 67
2, 2242, Note_on_c, 0, 66, 0
2, 2350, Note_on_c, 0, 68, 71
2, 2356, Note_on_c, 0, 61, 38
2, 2356, Note_on_c, 0, 65, 56
2, 2358, Note_on_c, 0, 56, 35
2, 2358, Note_on_c, 0, 49, 38
2, 2374, Control_c, 0, 64, 104
2, 2377, Control_c, 0, 64, 72
2, 2381, Control_c, 0, 64, 0
2, 2422, Control_c, 0, 64, 56
2, 2426, Control_c, 0, 64, 127
2, 2515, Note_on_c, 0, 65, 0
2, 2528, Note_on_c, 0, 61, 0
2, 2545, Note_on_c, 0, 68, 0
2, 2548, Note_on_c, 0, 56, 0
2, 2550, Note_on_c, 0, 49, 0
2, 2642, Note_on_c, 0, 73, 82
2, 2647, Note_on_c, 0, 65, 60
2, 2648, Note_on_c, 0, 46, 42
2, 2648, Control_c, 0, 64, 72
2, 2649, Note_on_c, 0, 61, 37
2, 2649, Note_on_c, 0, 58, 27
2, 2652, Control_c, 0, 64, 0
2, 2653, Note_on_c, 0, 53, 42
2, 2676, Control_c, 0, 64, 24
2, 2681, Control_c, 0, 64, 104
2, 2682, Note_on_c, 0, 65, 0
2, 2684, Note_on_c, 0, 46, 0
2, 2685, Control_c, 0, 64, 127
2, 2687, Note_on_c, 0, 53, 0
2, 2690, Note_on_c, 0, 61, 0
2, 2695, Note_on_c, 0, 58, 0
2, 2710, Note_on_c, 0, 73, 0
2, 2750, Note_on_c, 0, 70, 79
2, 2753, Control_c, 0, 64, 104
2, 2755, Note_on_c, 0, 63, 50
2, 2755, Note_on_c, 0, 66, 51
2, 2755, Note_on_c, 0, 58, 38
2, 2756, Note_on_c, 0, 51, 55
2, 2757, Control_c, 0, 64, 0
2, 2786, Control_c, 0, 64, 88
2, 2790, Control_c, 0, 64, 127
2, 2800, Note_on_c, 0, 63, 0
2, 2802, Note_on_c, 0, 51, 0
2, 2805, Note_on_c, 0, 66, 0
2, 2806, Note_on_c, 0, 58, 0
2, 2811, Note_on_c, 0, 70, 0
2, 2843, Note_on_c, 0, 66, 75
2, 2846, Control_c, 0, 64, 56
2, 2846, Note_on_c, 0, 61, 56
2, 2848, Note_on_c, 0, 58, 38
2, 2850, Note_on_c, 0, 54, 42
2, 2850, Control_c, 0, 64, 0
2, 2865, Control_c, 0, 64, 24
2, 2870, Control_c, 0, 64, 88
2, 2874, Control_c, 0, 64, 127
2, 2875, Note_on_c, 0, 58, 0
2, 2877, Note_on_c, 0, 54, 0
2, 2889, Note_on_c, 0, 66, 0
2, 2891, Note_on_c, 0, 70, 85
2, 2892, Note_on_c, 0, 61, 0
2, 2922, Note_on_c, 0, 70, 0
2, 2940, Note_on_c, 0, 68, 84
2, 2945, Note_on_c, 0, 61, 46
2, 2945, Note_on_c, 0, 56, 49
2, 2946, Note_on_c, 0, 65, 63
2, 2946, Control_c, 0, 64, 88
2, 2948, Note_on_c, 0, 49, 55
2, 2951, Control_c, 0, 64, 0
2, 2987, Control_c, 0, 64, 127
2, 3001, Note_on_c, 0, 65, 0
2, 3034, Note_on_c, 0, 73, 91
2, 3044, Note_on_c, 0, 68, 0
2, 3049, Note_on_c, 0, 61, 0
2, 3051, Note_on_c, 0, 56, 0
2, 3059, Note_on_c, 0, 49, 0
2, 3082, Note_on_c, 0, 73, 0
2, 3141, Note_on_c, 0, 70, 86
2, 3146, Note_on_c, 0, 58, 48
2, 3148, Note_on_c, 0, 62, 53
2, 3149, Note_on_c, 0, 65, 46
2, 3152, Note_on_c, 0, 53, 46
2, 3152, Note_on_c, 0, 46, 40
2, 3156, Control_c, 0, 64, 104
2, 3160, Control_c, 0, 64, 24
2, 3165, Control_c, 0, 64, 0
2, 3193, Control_c, 0, 64, 104
2, 3197, Control_c, 0, 64, 127
2, 3210, Note_on_c, 0, 53, 0
2, 3210, Note_on_c, 0, 58, 0
2, 3214, Note_on_c, 0, 46, 0
2, 3224, Note_on_c, 0, 65, 0
2, 3225, Note_on_c, 0, 62, 0
2, 3237, Note_on_c, 0, 70, 0
2, 3297, Note_on_c, 0, 39, 60
2, 3301, Control_c, 0, 64, 72
2, 3305, Control_c, 0, 64, 0
2, 3330, Control_c, 0, 64, 127
2, 3330, Note_on_c, 0, 46, 62
2, 3342, Note_on_c, 0, 39, 0
2, 3349, Note_on_c, 0, 46, 0
2, 3422, Note_on_c, 0, 75, 86
2, 3425, Note_on_c, 0, 70, 67
2, 3425, Note_on_c, 0, 63, 52
2, 3427, Note_on_c, 0, 58, 49
2, 3431, Note_on_c, 0, 55, 60
2, 3714, Note_on_c, 0, 70, 0
2, 3732, Note_on_c, 0, 75, 0
2, 3817, Note_on_c, 0, 63, 0
2, 3834, Note_on_c, 0, 70, 61
2, 3902, Note_on_c, 0, 55, 0
2, 3914, Note_on_c, 0, 58, 0
2, 4175, Note_on_c, 0, 70, 0
2, 4176, Note_on_c, 0, 71, 67
2, 4205, Control_c, 0, 64, 72
2, 4209, Control_c, 0, 64, 0
2, 4237, Control_c, 0, 64, 40
2, 4241, Control_c, 0, 64, 104
2, 4245, Control_c, 0, 64, 127
2, 4275, Note_on_c, 0, 71, 0
2, 4340, Note_on_c, 0, 73, 70
2, 4346, Note_on_c, 0, 61, 44
2, 4348, Note_on_c, 0, 58, 29
2, 4354, Note_on_c, 0, 54, 29
2, 4355, Note_on_c, 0, 52, 42
2, 4370, Control_c, 0, 64, 56
2, 4374, Control_c, 0, 64, 0
2, 4406, Control_c, 0, 64, 88
2, 4410, Control_c, 0, 64, 127
2, 4555, Note_on_c, 0, 52, 0
2, 4567, Note_on_c, 0, 73, 0
2, 4568, Note_on_c, 0, 54, 0
2, 4573, Note_on_c, 0, 58, 0
2, 4591, Note_on_c, 0, 61, 0
2, 4603, Note_on_c, 0, 70, 68
2, 4637, Note_on_c, 0, 70, 0
2, 4650, Note_on_c, 0, 66, 74
2, 4681, Note_on_c, 0, 66, 0
2, 4700, Note_on_c, 0, 63, 68
2, 4705, Note_on_c, 0, 60, 53
2, 4705, Note_on_c, 0, 54, 41
2, 4705, Note_on_c, 0, 56, 40
2, 4712, Control_c, 0, 64, 56
2, 4716, Control_c, 0, 64, 0
2, 4745, Control_c, 0, 64, 88
2, 4749, Control_c, 0, 64, 127
2, 4782, Note_on_c, 0, 66, 67
2, 4786, Note_on_c, 0, 56, 0
2, 4789, Note_on_c, 0, 60, 0
2, 4805, Note_on_c, 0, 54, 0
2, 4815, Note_on_c, 0, 63, 0
2, 4821, Note_on_c, 0, 66, 0
2, 4827, Note_on_c, 0, 70, 79
2, 4866, Note_on_c, 0, 70, 0
2, 4876, Note_on_c, 0, 73, 79
2, 4878, Note_on_c, 0, 58, 35
2, 4880, Note_on_c, 0, 54, 48
2, 4881, Note_on_c, 0, 61, 51
2, 4881, Note_on_c, 0, 52, 46
2, 4882, Control_c, 0, 64, 104
2, 4886, Control_c, 0, 64, 40
2, 4890, Control_c, 0, 64, 0
2, 4915, Control_c, 0, 64, 72
2, 4919, Control_c, 0, 64, 127
2, 4946, Note_on_c, 0, 73, 0
2, 4958, Note_on_c, 0, 54, 0
2, 4964, Note_on_c, 0, 61, 0
2, 4968, Note_on_c, 0, 70, 80
2, 4971, Note_on_c, 0, 52, 0
2, 4976, Note_on_c, 0, 58, 0
2, 4999, Note_on_c, 0, 70, 0
2, 5008, Note_on_c, 0, 66, 75
2, 5055, Note_on_c, 0, 66, 0
2, 5060, Control_c, 0, 64, 40
2, 5061, Note_on_c, 0, 63, 71
2, 5064, Control_c, 0, 64, 0
2, 5065, Note_on_c, 0, 60, 57
2, 5066, Note_on_c, 0, 54, 44
2, 5066, Note_on_c, 0, 56, 44
2, 5088, Control_c, 0, 64, 88
2, 5092, Control_c, 0, 64, 127
2, 5136, Note_on_c, 0, 60, 0
2, 5144, Note_on_c, 0, 66, 67
2, 5155, Note_on_c, 0, 56, 0
2, 5165, Note_on_c, 0, 54, 0
2, 5192, Note_on_c, 0, 66, 0
2, 5194, Note_on_c, 0, 63, 0
2, 5194, Note_on_c, 0, 70, 75
2, 5212, Note_on_c, 0, 70, 0
2, 5250, Note_on_c, 0, 66, 78
2, 5254, Control_c, 0, 64, 88
2, 5254, Note_on_c, 0, 58, 40
2, 5255, Note_on_c, 0, 61, 51
2, 5258, Control_c, 0, 64, 0
2, 5259, Note_on_c, 0, 51, 51
2, 5286, Control_c, 0, 64, 72
2, 5290, Control_c, 0, 64, 127
2, 5314, Note_on_c, 0, 66, 0
2, 5316, Note_on_c, 0, 61, 0
2, 5322, Note_on_c, 0, 58, 0
2, 5367, Note_on_c, 0, 66, 75
2, 5368, Note_on_c, 0, 37, 39
2, 5370, Control_c, 0, 64, 72
2, 5371, Note_on_c, 0, 56, 47
2, 5372, Note_on_c, 0, 59, 61
2, 5374, Control_c, 0, 64, 0
2, 5403, Control_c, 0, 64, 72
2, 5407, Control_c, 0, 64, 127
2, 5421, Note_on_c, 0, 66, 0
2, 5433, Note_on_c, 0, 59, 0
2, 5437, Note_on_c, 0, 63, 70
2, 5446, Note_on_c, 0, 37, 0
2, 5454, Note_on_c, 0, 56, 0
2, 5471, Note_on_c, 0, 63, 0
2, 5478, Note_on_c, 0, 51, 0
2, 5520, Note_on_c, 0, 66, 73
2, 5524, Note_on_c, 0, 58, 48
2, 5524, Note_on_c, 0, 54, 37
2, 5525, Note_on_c, 0, 49, 35
2, 5528, Note_on_c, 0, 42, 39
2, 5532, Control_c, 0, 64, 40
2, 5536, Control_c, 0, 64, 0
2, 5580, Control_c, 0, 64, 127
2, 5607, Note_on_c, 0, 66, 0
2, 5646, Note_on_c, 0, 65, 70
2, 5692, Note_on_c, 0, 65, 0
2, 5703, Note_on_c, 0, 63, 71
2, 5756, Note_on_c, 0, 63, 0
2, 5773, Note_on_c, 0, 61, 61
2, 5802, Control_c, 0, 64, 104
2, 5806, Control_c, 0, 64, 72
2, 5810, Control_c, 0, 64, 0
2, 5846, Control_c, 0, 64, 24
2, 5850, Control_c, 0, 64, 88
2, 5854, Control_c, 0, 64, 127
2, 5913, Note_on_c, 0, 58, 0
2, 6003, Note_on_c, 0, 59, 63
2, 6045, Note_on_c, 0, 59, 0
2, 6057, Note_on_c, 0, 58, 56
2, 6060, Note_on_c, 0, 54, 0
2, 6094, Note_on_c, 0, 58, 0
2, 6105, Note_on_c, 0, 56, 63
2, 6149, Note_on_c, 0, 56, 0
2, 6156, Note_on_c, 0, 54, 62
2, 6161, Control_c, 0, 64, 56
2, 6165, Control_c, 0, 64, 0
2, 6187, Note_on_c, 0, 49, 0
2, 6192, Control_c, 0, 64, 88
2, 6196, Control_c, 0, 64, 127
2, 6237, Note_on_c, 0, 54, 0
2, 6247, Note_on_c, 0, 53, 59
2, 6272, Note_on_c, 0, 53, 0
2, 6293, Note_on_c, 0, 51, 59
2, 6338, Note_on_c, 0, 51, 0
2, 6350, Note_on_c, 0, 49, 50
2, 6378, Control_c, 0, 64, 88
2, 6382, Control_c, 0, 64, 40
2, 6386, Control_c, 0, 64, 0
2, 6419, Control_c, 0, 64, 88
2, 6423, Control_c, 0, 64, 127
2, 6459, Note_on_c, 0, 49, 0
2, 6516, Note_on_c, 0, 61, 0
2, 6516, Note_on_c, 0, 42, 0
2, 6556, Note_on_c, 0, 47, 64
2, 6580, Note_on_c, 0, 47, 0
2, 6610, Note_on_c, 0, 58, 56
2, 6613, Note_on_c, 0, 44, 35
2, 6650, Note_on_c, 0, 58, 0
2, 6658, Note_on_c, 0, 44, 0
2, 6661, Note_on_c, 0, 42, 36
2, 6661, Note_on_c, 0, 61, 62
2, 6668, Note_on_c, 0, 42, 0
2, 6682, Note_on_c, 0, 61, 0
2, 6706, Note_on_c, 0, 49, 57
2, 6717, Control_c, 0, 64, 104
2, 6721, Control_c, 0, 64, 24
2, 6725, Note_on_c, 0, 56, 33
2, 6725, Control_c, 0, 64, 0
2, 6730, Note_on_c, 0, 42, 33
2, 6730, Note_on_c, 0, 37, 27
2, 6731, Note_on_c, 0, 61, 53
2, 6732, Note_on_c, 0, 30, 34
2, 6735, Note_on_c, 0, 56, 0
2, 6736, Note_on_c, 0, 59, 45
2, 6748, Note_on_c, 0, 49, 0
2, 6754, Control_c, 0, 64, 104
2, 6756, Note_on_c, 0, 59, 0
2, 6756, Note_on_c, 0, 63, 74
2, 6758, Control_c, 0, 64, 127
2, 6762, Note_on_c, 0, 61, 0
2, 6782, Note_on_c, 0, 63, 0
2, 6855, Note_on_c, 0, 66, 78
2, 6898, Note_on_c, 0, 66, 0
2, 6901, Note_on_c, 0, 68, 79
2, 6944, Note_on_c, 0, 68, 0
2, 6952, Note_on_c, 0, 71, 86
2, 7047, Note_on_c, 0, 73, 85
2, 7052, Note_on_c, 0, 71, 0
2, 7083, Note_on_c, 0, 73, 0
2, 7141, Note_on_c, 0, 75, 82
2, 7180, Note_on_c, 0, 30, 0
2, 7196, Note_on_c, 0, 42, 0
2, 7196, Note_on_c, 0, 37, 0
2, 7229, Note_on_c, 0, 75, 0
2, 7242, Note_on_c, 0, 78, 93
2, 7370, Note_on_c, 0, 70, 62
2, 7372, Note_on_c, 0, 66, 47
2, 7374, Note_on_c, 0, 61, 40
2, 7376, Note_on_c, 0, 49, 46
2, 7378, Note_on_c, 0, 58, 37
2, 7378, Note_on_c, 0, 54, 40
2, 7391, Control_c, 0, 64, 88
2, 7395, Control_c, 0, 64, 0
2, 7423, Control_c, 0, 64, 88
2, 7426, Control_c, 0, 64, 127
2, 7446, Note_on_c, 0, 78, 0
2, 7488, Note_on_c, 0, 77, 85
2, 7520, Note_on_c, 0, 77, 0
2, 7544, Note_on_c, 0, 75, 81
2, 7587, Note_on_c, 0, 75, 0
2, 7610, Note_on_c, 0, 73, 69
2, 7641, Control_c, 0, 64, 88
2, 7645, Control_c, 0, 64, 0
2, 7673, Control_c, 0, 64, 88
2, 7676, Control_c, 0, 64, 127
2, 7694, Note_on_c, 0, 61, 0
2, 7698, Note_on_c, 0, 58, 0
2, 7701, Note_on_c, 0, 54, 0
2, 7706, Note_on_c, 0, 49, 0
2, 7709, Note_on_c, 0, 70, 0
2, 7822, Note_on_c, 0, 30, 36
2, 7829, Control_c, 0, 64, 88
2, 7834, Control_c, 0, 64, 0
2, 7854, Control_c, 0, 64, 56
2, 7858, Control_c, 0, 64, 127
2, 7872, Note_on_c, 0, 73, 0
2, 7897, Note_on_c, 0, 71, 69
2, 7918, Note_on_c, 0, 30, 0
2, 7957, Note_on_c, 0, 71, 0
2, 7964, Note_on_c, 0, 70, 64
2, 7994, Note_on_c, 0, 66, 0
2, 8015, Note_on_c, 0, 70, 0
2, 8024, Note_on_c, 0, 68, 67
2, 8071, Note_on_c, 0, 68, 0
2, 8097, Note_on_c, 0, 66, 62
2, 8108, Note_on_c, 0, 54, 31
2, 8108, Note_on_c, 0, 63, 27
2, 8110, Note_on_c, 0, 59, 27
2, 8124, Control_c, 0, 64, 56
2, 8128, Control_c, 0, 64, 0
2, 8157, Control_c, 0, 64, 88
2, 8161, Control_c, 0, 64, 127
2, 8169, Note_on_c, 0, 68, 67
2, 8170, Note_on_c, 0, 66, 0
2, 8196, Note_on_c, 0, 54, 0
2, 8213, Note_on_c, 0, 59, 0
2, 8219, Note_on_c, 0, 68, 0
2, 8221, Note_on_c, 0, 63, 0
2, 8226, Note_on_c, 0, 70, 74
2, 8275, Note_on_c, 0, 65, 61
2, 8277, Note_on_c, 0, 56, 46
2, 8278, Note_on_c, 0, 61, 39
2, 8308, Note_on_c, 0, 61, 0
2, 8316, Note_on_c, 0, 56, 0
2, 8318, Control_c, 0, 64, 88
2, 8322, Control_c, 0, 64, 0
2, 8327, Note_on_c, 0, 65, 0
2, 8328, Note_on_c, 0, 63, 59
2, 8331, Note_on_c, 0, 54, 41
2, 8331, Note_on_c, 0, 59, 44
2, 8346, Control_c, 0, 64, 40
2, 8350, Control_c, 0, 64, 127
2, 8364, Note_on_c, 0, 70, 0
2, 8381, Note_on_c, 0, 59, 0
2, 8381, Note_on_c, 0, 68, 73
2, 8387, Note_on_c, 0, 54, 0
2, 8396, Note_on_c, 0, 63, 0
2, 8420, Note_on_c, 0, 68, 0
2, 8428, Note_on_c, 0, 66, 74
2, 8477, Note_on_c, 0, 61, 59
2, 8480, Note_on_c, 0, 58, 36
2, 8484, Note_on_c, 0, 53, 49
2, 8498, Note_on_c, 0, 53, 0
2, 8498, Note_on_c, 0, 61, 0
2, 8513, Note_on_c, 0, 58, 0
2, 8519, Control_c, 0, 64, 88
2, 8524, Control_c, 0, 64, 0
2, 8528, Note_on_c, 0, 59, 69
2, 8532, Note_on_c, 0, 56, 46
2, 8538, Note_on_c, 0, 51, 44
2, 8548, Control_c, 0, 64, 56
2, 8552, Control_c, 0, 64, 127
2, 8565, Note_on_c, 0, 66, 0
2, 8566, Note_on_c, 0, 56, 0
2, 8577, Note_on_c, 0, 59, 0
2, 8578, Note_on_c, 0, 51, 0
2, 8578, Note_on_c, 0, 65, 77
2, 8614, Note_on_c, 0, 65, 0
2, 8623, Note_on_c, 0, 63, 73
2, 8671, Note_on_c, 0, 58, 66
2, 8673, Note_on_c, 0, 54, 47
2, 8676, Note_on_c, 0, 49, 50
2, 8701, Note_on_c, 0, 54, 0
2, 8702, Note_on_c, 0, 58, 0
2, 8707, Note_on_c, 0, 49, 0
2, 8728, Note_on_c, 0, 56, 61
2, 8732, Note_on_c, 0, 52, 56
2, 8738, Control_c, 0, 64, 40
2, 8738, Note_on_c, 0, 47, 45
2, 8742, Control_c, 0, 64, 0
2, 8770, Control_c, 0, 64, 88
2, 8774, Control_c, 0, 64, 127
2, 8778, Note_on_c, 0, 63, 0
2, 8786, Note_on_c, 0, 61, 70
2, 8790, Note_on_c, 0, 56, 0
2, 8846, Note_on_c, 0, 61, 0
2, 8846, Note_on_c, 0, 59, 73
2, 8850, Control_c, 0, 64, 104
2, 8854, Control_c, 0, 64, 40
2, 8858, Control_c, 0, 64, 0
2, 8871, Control_c, 0, 64, 56
2, 8875, Control_c, 0, 64, 127
2, 8885, Note_on_c, 0, 47, 0
2, 8887, Note_on_c, 0, 52, 0
2, 8970, Note_on_c, 0, 30, 50
2, 8984, Control_c, 0, 64, 56
2, 8988, Control_c, 0, 64, 0
2, 9016, Control_c, 0, 64, 127
2, 9026, Note_on_c, 0, 61, 70
2, 9037, Note_on_c, 0, 59, 0
2, 9063, Note_on_c, 0, 61, 0
2, 9077, Note_on_c, 0, 64, 74
2, 9125, Note_on_c, 0, 68, 81
2, 9127, Note_on_c, 0, 64, 0
2, 9146, Note_on_c, 0, 68, 0
2, 9176, Note_on_c, 0, 71, 89
2, 9206, Note_on_c, 0, 30, 0
2, 9224, Note_on_c, 0, 73, 92
2, 9263, Note_on_c, 0, 73, 0
2, 9280, Note_on_c, 0, 76, 94
2, 9320, Note_on_c, 0, 76, 0
2, 9329, Note_on_c, 0, 80, 99
2, 9338, Control_c, 0, 64, 40
2, 9342, Control_c, 0, 64, 0
2, 9354, Note_on_c, 0, 71, 0
2, 9354, Note_on_c, 0, 35, 69
2, 9358, Control_c, 0, 64, 56
2, 9362, Note_on_c, 0, 35, 0
2, 9363, Control_c, 0, 64, 127
2, 9375, Note_on_c, 0, 80, 0
2, 9431, Note_on_c, 0, 83, 96
2, 9433, Note_on_c, 0, 75, 70
2, 9435, Note_on_c, 0, 71, 57
2, 9437, Note_on_c, 0, 66, 48
2, 9441, Note_on_c, 0, 63, 47
2, 9443, Note_on_c, 0, 54, 47
2, 9445, Note_on_c, 0, 59, 52
2, 9472, Control_c, 0, 64, 24
2, 9476, Control_c, 0, 64, 0
2, 9492, Control_c, 0, 64, 56
2, 9495, Control_c, 0, 64, 127
2, 9546, Note_on_c, 0, 82, 89
2, 9555, Note_on_c, 0, 83, 0
2, 9598, Note_on_c, 0, 80, 84
2, 9606, Note_on_c, 0, 82, 0
2, 9669, Note_on_c, 0, 78, 71
2, 9673, Note_on_c, 0, 80, 0
2, 9730, Control_c, 0, 64, 104
2, 9734, Control_c, 0, 64, 40
2, 9737, Control_c, 0, 64, 0
2, 9806, Control_c, 0, 64, 40
2, 9810, Control_c, 0, 64, 72
2, 9814, Control_c, 0, 64, 104
2, 9818, Control_c, 0, 64, 127
2, 9838, Control_c, 0, 64, 72
2, 9842, Control_c, 0, 64, 0
2, 9863, Control_c, 0, 64, 72
2, 9867, Control_c, 0, 64, 127
2, 9918, Note_on_c, 0, 54, 0
2, 9939, Note_on_c, 0, 59, 0
2, 9939, Note_on_c, 0, 71, 0
2, 9941, Note_on_c, 0, 66, 0
2, 9948, Note_on_c, 0, 63, 0
2, 9951, Note_on_c, 0, 75, 0
2, 9954, Note_on_c, 0, 78, 0
2, 10102, Note_on_c, 0, 66, 30
2, 10103, Note_on_c, 0, 82, 78
2, 10104, Note_on_c, 0, 56, 27
2, 10105, Note_on_c, 0, 63, 28
2, 10113, Note_on_c, 0, 71, 47
2, 10117, Control_c, 0, 64, 104
2, 10121, Control_c, 0, 64, 40
2, 10125, Control_c, 0, 64, 0
2, 10149, Control_c, 0, 64, 127
2, 10183, Note_on_c, 0, 82, 0
2, 10212, Note_on_c, 0, 80, 80
2, 10225, Note_on_c, 0, 66, 0
2, 10232, Note_on_c, 0, 63, 0
2, 10243, Note_on_c, 0, 56, 0
2, 10249, Note_on_c, 0, 80, 0
2, 10258, Note_on_c, 0, 71, 0
2, 10263, Note_on_c, 0, 78, 84
2, 10278, Note_on_c, 0, 78, 0
2, 10336, Note_on_c, 0, 75, 80
2, 10340, Note_on_c, 0, 49, 37
2, 10342, Note_on_c, 0, 56, 31
2, 10344, Note_on_c, 0, 65, 55
2, 10346, Note_on_c, 0, 59, 33
2, 10363, Control_c, 0, 64, 72
2, 10367, Control_c, 0, 64, 0
2, 10407, Control_c, 0, 64, 40
2, 10411, Control_c, 0, 64, 88
2, 10415, Control_c, 0, 64, 127
2, 10582, Note_on_c, 0, 75, 0
2, 10628, Note_on_c, 0, 73, 68
2, 10646, Note_on_c, 0, 59, 0
2, 10654, Note_on_c, 0, 56, 0
2, 10658, Note_on_c, 0, 73, 0
2, 10659, Note_on_c, 0, 49, 0
2, 10667, Note_on_c, 0, 65, 0
2, 10679, Note_on_c, 0, 71, 72
2, 10686, Note_on_c, 0, 71, 0
2, 10750, Note_on_c, 0, 70, 70
2, 10753, Note_on_c, 0, 44, 31
2, 10755, Note_on_c, 0, 59, 40
2, 10755, Note_on_c, 0, 54, 31
2, 10756, Note_on_c, 0, 51, 32
2, 10770, Control_c, 0, 64, 104
2, 10774, Control_c, 0, 64, 40
2, 10778, Control_c, 0, 64, 0
2, 10802, Control_c, 0, 64, 72
2, 10806, Control_c, 0, 64, 127
2, 10821, Note_on_c, 0, 70, 0
2, 10847, Note_on_c, 0, 68, 63
2, 10867, Note_on_c, 0, 54, 0
2, 10869, Note_on_c, 0, 51, 0
2, 10873, Note_on_c, 0, 44, 0
2, 10881, Note_on_c, 0, 68, 0
2, 10896, Note_on_c, 0, 66, 64
2, 10900, Note_on_c, 0, 59, 0
2, 10911, Note_on_c, 0, 66, 0
2, 10968, Note_on_c, 0, 63, 61
2, 10972, Note_on_c, 0, 58, 40
2, 10972, Note_on_c, 0, 46, 35
2, 10972, Note_on_c, 0, 34, 37
2, 10973, Note_on_c, 0, 56, 39
2, 10974, Note_on_c, 0, 53, 39
2, 10996, Control_c, 0, 64, 88
2, 11000, Control_c, 0, 64, 0
2, 11027, Control_c, 0, 64, 56
2, 11031, Control_c, 0, 64, 127
2, 11089, Note_on_c, 0, 34, 0
2, 11089, Note_on_c, 0, 46, 0
2, 11173, Note_on_c, 0, 46, 49
2, 11202, Note_on_c, 0, 63, 0
2, 11270, Note_on_c, 0, 58, 0
2, 11274, Note_on_c, 0, 63, 58
2, 11286, Note_on_c, 0, 56, 0
2, 11318, Note_on_c, 0, 63, 0
2, 11337, Note_on_c, 0, 53, 0
2, 11338, Note_on_c, 0, 60, 63
2, 11364, Note_on_c, 0, 60, 0
2, 11424, Note_on_c, 0, 63, 58
2, 11429, Note_on_c, 0, 51, 35
2, 11432, Note_on_c, 0, 58, 33
2, 11434, Note_on_c, 0, 39, 40
2, 11439, Note_on_c, 0, 46, 0
2, 11440, Note_on_c, 0, 55, 23
2, 11460, Control_c, 0, 64, 56
2, 11464, Control_c, 0, 64, 0
2, 11492, Control_c, 0, 64, 40
2, 11496, Control_c, 0, 64, 104
2, 11500, Control_c, 0, 64, 127
2, 11512, Note_on_c, 0, 51, 0
2, 11531, Note_on_c, 0, 55, 0
2, 11532, Note_on_c, 0, 46, 56
2, 11559, Note_on_c, 0, 46, 0
2, 11580, Note_on_c, 0, 48, 64
2, 11588, Note_on_c, 0, 58, 0
2, 11608, Note_on_c, 0, 48, 0
2, 11624, Note_on_c, 0, 51, 67
2, 11643, Note_on_c, 0, 39, 0
2, 11644, Note_on_c, 0, 51, 0
2, 11667, Note_on_c, 0, 53, 69
2, 11715, Note_on_c, 0, 55, 63
2, 11751, Note_on_c, 0, 55, 0
2, 11756, Note_on_c, 0, 58, 71
2, 11764, Note_on_c, 0, 53, 0
2, 11793, Note_on_c, 0, 58, 0
2, 11797, Note_on_c, 0, 63, 0
2, 11813, Note_on_c, 0, 60, 79
2, 11814, Note_on_c, 0, 56, 41
2, 11820, Note_on_c, 0, 53, 48
2, 11830, Control_c, 0, 64, 72
2, 11835, Control_c, 0, 64, 0
2, 11855, Control_c, 0, 64, 56
2, 11859, Control_c, 0, 64, 127
2, 11907, Note_on_c, 0, 60, 0
2, 11909, Note_on_c, 0, 56, 0
2, 11912, Note_on_c, 0, 63, 70
2, 11938, Note_on_c, 0, 53, 0
2, 11941, Note_on_c, 0, 63, 0
2, 11958, Note_on_c, 0, 60, 74
2, 11989, Note_on_c, 0, 60, 0
2, 12008, Note_on_c, 0, 63, 67
2, 12008, Control_c, 0, 64, 104
2, 12012, Note_on_c, 0, 58, 53
2, 12012, Note_on_c, 0, 39, 38
2, 12012, Control_c, 0, 64, 40
2, 12014, Note_on_c, 0, 55, 52
2, 12015, Control_c, 0, 64, 0
2, 12016, Note_on_c, 0, 46, 38
2, 12044, Control_c, 0, 64, 104
2, 12045, Note_on_c, 0, 55, 0
2, 12047, Note_on_c, 0, 39, 0
2, 12048, Control_c, 0, 64, 127
2, 12050, Note_on_c, 0, 46, 0
2, 12051, Note_on_c, 0, 58, 0
2, 12066, Note_on_c, 0, 63, 0
2, 12097, Note_on_c, 0, 58, 60
2, 12100, Note_on_c, 0, 46, 66
2, 12128, Note_on_c, 0, 46, 0
2, 12130, Note_on_c, 0, 58, 0
2, 12141, Note_on_c, 0, 60, 85
2, 12147, Note_on_c, 0, 48, 57
2, 12177, Note_on_c, 0, 60, 0
2, 12184, Note_on_c, 0, 63, 78
2, 12186, Note_on_c, 0, 51, 62
2, 12188, Note_on_c, 0, 48, 0
2, 12202, Note_on_c, 0, 63, 0
2, 12219, Note_on_c, 0, 51, 0
2, 12225, Note_on_c, 0, 65, 92
2, 12229, Note_on_c, 0, 53, 63
2, 12239, Note_on_c, 0, 53, 0
2, 12260, Note_on_c, 0, 65, 0
2, 12271, Note_on_c, 0, 67, 83
2, 12273, Note_on_c, 0, 55, 63
2, 12303, Note_on_c, 0, 67, 0
2, 12310, Note_on_c, 0, 70, 84
2, 12314, Note_on_c, 0, 58, 44
2, 12316, Note_on_c, 0, 55, 0
2, 12343, Note_on_c, 0, 58, 0
2, 12352, Note_on_c, 0, 70, 0
2, 12365, Note_on_c, 0, 72, 94
2, 12366, Note_on_c, 0, 63, 60
2, 12366, Note_on_c, 0, 58, 27
2, 12368, Note_on_c, 0, 68, 55
2, 12370, Note_on_c, 0, 60, 57
2, 12370, Note_on_c, 0, 70, 35
2, 12374, Note_on_c, 0, 51, 39
2, 12375, Control_c, 0, 64, 56
2, 12379, Control_c, 0, 64, 0
2, 12407, Note_on_c, 0, 70, 0
2, 12407, Control_c, 0, 64, 88
2, 12409, Note_on_c, 0, 58, 0
2, 12411, Control_c, 0, 64, 127
2, 12420, Note_on_c, 0, 60, 0
2, 12424, Note_on_c, 0, 63, 0
2, 12430, Note_on_c, 0, 68, 0
2, 12442, Note_on_c, 0, 72, 0
2, 12451, Note_on_c, 0, 75, 84
2, 12458, Note_on_c, 0, 63, 70
2, 12484, Note_on_c, 0, 75, 0
2, 12486, Note_on_c, 0, 63, 0
2, 12497, Note_on_c, 0, 60, 66
2, 12498, Note_on_c, 0, 51, 0
2, 12498, Note_on_c, 0, 72, 97
2, 12517, Note_on_c, 0, 60, 0
2, 12534, Note_on_c, 0, 72, 0
2, 12544, Control_c, 0, 64, 72
2, 12546, Note_on_c, 0, 75, 95
2, 12548, Control_c, 0, 64, 0
2, 12550, Note_on_c, 0, 70, 75
2, 12550, Note_on_c, 0, 67, 69
2, 12552, Note_on_c, 0, 58, 56
2, 12554, Note_on_c, 0, 51, 64
2, 12554, Note_on_c, 0, 63, 59
2, 12571, Note_on_c, 0, 51, 0
2, 12573, Note_on_c, 0, 67, 0
2, 12573, Control_c, 0, 64, 88
2, 12575, Note_on_c, 0, 70, 0
2, 12577, Control_c, 0, 64, 127
2, 12579, Note_on_c, 0, 58, 0
2, 12587, Note_on_c, 0, 75, 0
2, 12601, Note_on_c, 0, 63, 0
2, 12631, Note_on_c, 0, 70, 81
2, 12633, Note_on_c, 0, 58, 62
2, 12657, Note_on_c, 0, 70, 0
2, 12668, Note_on_c, 0, 58, 0
2, 12670, Note_on_c, 0, 72, 102
2, 12676, Note_on_c, 0, 60, 64
2, 12705, Note_on_c, 0, 72, 0
2, 12709, Note_on_c, 0, 75, 91
2, 12715, Note_on_c, 0, 63, 68
2, 12724, Note_on_c, 0, 60, 0
2, 12728, Note_on_c, 0, 75, 0
2, 12746, Note_on_c, 0, 63, 0
2, 12753, Note_on_c, 0, 77, 102
2, 12755, Note_on_c, 0, 65, 64
2, 12777, Note_on_c, 0, 65, 0
2, 12777, Note_on_c, 0, 77, 0
2, 12795, Note_on_c, 0, 79, 94
2, 12797, Note_on_c, 0, 67, 60
2, 12825, Note_on_c, 0, 67, 0
2, 12827, Note_on_c, 0, 79, 0
2, 12834, Note_on_c, 0, 82, 95
2, 12838, Note_on_c, 0, 70, 78
2, 12861, Note_on_c, 0, 70, 0
2, 12863, Note_on_c, 0, 82, 0
2, 12906, Note_on_c, 0, 87, 97
2, 12910, Note_on_c, 0, 75, 77
2, 12910, Note_on_c, 0, 78, 67
2, 12912, Note_on_c, 0, 83, 83
2, 12912, Note_on_c, 0, 66, 42
2, 12913, Note_on_c, 0, 71, 57
2, 12914, Note_on_c, 0, 63, 48
2, 12916, Note_on_c, 0, 59, 35
2, 12928, Control_c, 0, 64, 88
2, 12932, Control_c, 0, 64, 24
2, 12935, Control_c, 0, 64, 0
2, 13016, Control_c, 0, 64, 72
2, 13020, Control_c, 0, 64, 127
2, 13037, Note_on_c, 0, 59, 0
2, 13038, Note_on_c, 0, 83, 0
2, 13044, Note_on_c, 0, 78, 0
2, 13050, Note_on_c, 0, 75, 0
2, 13050, Note_on_c, 0, 66, 0
2, 13050, Note_on_c, 0, 71, 0
2, 13053, Note_on_c, 0, 63, 0
2, 13076, Note_on_c, 0, 87, 0
2, 13121, Note_on_c, 0, 85, 89
2, 13128, Note_on_c, 0, 77, 79
2, 13129, Note_on_c, 0, 80, 63
2, 13129, Control_c, 0, 64, 24
2, 13131, Note_on_c, 0, 73, 51
2, 13132, Note_on_c, 0, 61, 47
2, 13133, Control_c, 0, 64, 0
2, 13134, Note_on_c, 0, 68, 39
2, 13136, Note_on_c, 0, 65, 45
2, 13149, Note_on_c, 0, 80, 0
2, 13152, Note_on_c, 0, 77, 0
2, 13154, Control_c, 0, 64, 88
2, 13157, Note_on_c, 0, 85, 0
2, 13158, Control_c, 0, 64, 127
2, 13160, Note_on_c, 0, 87, 91
2, 13181, Note_on_c, 0, 65, 0
2, 13184, Note_on_c, 0, 68, 0
2, 13185, Note_on_c, 0, 87, 0
2, 13187, Note_on_c, 0, 73, 0
2, 13190, Note_on_c, 0, 85, 92
2, 13195, Note_on_c, 0, 61, 0
2, 13214, Note_on_c, 0, 85, 0
2, 13235, Note_on_c, 0, 82, 99
2, 13237, Control_c, 0, 64, 72
2, 13239, Note_on_c, 0, 75, 78
2, 13241, Note_on_c, 0, 70, 58
2, 13242, Note_on_c, 0, 63, 50
2, 13242, Note_on_c, 0, 78, 55
2, 13242, Control_c, 0, 64, 0
2, 13245, Note_on_c, 0, 66, 41
2, 13266, Control_c, 0, 64, 104
2, 13270, Control_c, 0, 64, 127
2, 13274, Note_on_c, 0, 70, 0
2, 13275, Note_on_c, 0, 66, 0
2, 13276, Note_on_c, 0, 63, 0
2, 13280, Note_on_c, 0, 78, 0
2, 13285, Note_on_c, 0, 82, 0
2, 13286, Note_on_c, 0, 75, 0
2, 13353, Note_on_c, 0, 80, 94
2, 13356, Note_on_c, 0, 68, 59
2, 13357, Note_on_c, 0, 72, 77
2, 13357, Note_on_c, 0, 63, 37
2, 13359, Note_on_c, 0, 51, 46
2, 13361, Note_on_c, 0, 60, 50
2, 13361, Note_on_c, 0, 56, 40
2, 13363, Control_c, 0, 64, 104
2, 13367, Control_c, 0, 64, 24
2, 13371, Control_c, 0, 64, 0
2, 13396, Control_c, 0, 64, 127
2, 13400, Note_on_c, 0, 60, 0
2, 13402, Note_on_c, 0, 63, 0
2, 13404, Note_on_c, 0, 56, 0
2, 13407, Note_on_c, 0, 51, 0
2, 13471, Note_on_c, 0, 44, 50
2, 13510, Note_on_c, 0, 80, 0
2, 13524, Note_on_c, 0, 78, 86
2, 13543, Note_on_c, 0, 72, 0
2, 13556, Note_on_c, 0, 78, 0
2, 13560, Note_on_c, 0, 44, 0
2, 13568, Note_on_c, 0, 68, 0
2, 13586, Note_on_c, 0, 77, 90
2, 13617, Note_on_c, 0, 77, 0
2, 13640, Note_on_c, 0, 75, 84
2, 13659, Note_on_c, 0, 75, 0
2, 13713, Note_on_c, 0, 75, 80
2, 13716, Note_on_c, 0, 63, 41
2, 13717, Note_on_c, 0, 47, 44
2, 13719, Note_on_c, 0, 54, 36
2, 13719, Note_on_c, 0, 66, 35
2, 13721, Note_on_c, 0, 71, 48
2, 13726, Control_c, 0, 64, 88
2, 13730, Control_c, 0, 64, 0
2, 13735, Note_on_c, 0, 59, 34
2, 13758, Control_c, 0, 64, 72
2, 13762, Note_on_c, 0, 47, 0
2, 13762, Control_c, 0, 64, 127
2, 13768, Note_on_c, 0, 71, 0
2, 13771, Note_on_c, 0, 66, 0
2, 13774, Note_on_c, 0, 54, 0
2, 13774, Note_on_c, 0, 59, 0
2, 13776, Note_on_c, 0, 63, 0
2, 13803, Note_on_c, 0, 75, 0
2, 13823, Control_c, 0, 64, 88
2, 13824, Note_on_c, 0, 73, 79
2, 13827, Control_c, 0, 64, 0
2, 13828, Note_on_c, 0, 68, 48
2, 13829, Note_on_c, 0, 49, 48
2, 13830, Note_on_c, 0, 56, 39
2, 13830, Note_on_c, 0, 61, 35
2, 13831, Note_on_c, 0, 65, 39
2, 13843, Note_on_c, 0, 68, 0
2, 13843, Control_c, 0, 64, 56
2, 13845, Note_on_c, 0, 65, 0
2, 13847, Control_c, 0, 64, 127
2, 13857, Note_on_c, 0, 73, 0
2, 13859, Note_on_c, 0, 61, 0
2, 13859, Note_on_c, 0, 75, 80
2, 13865, Note_on_c, 0, 56, 0
2, 13882, Note_on_c, 0, 75, 0
2, 13882, Note_on_c, 0, 49, 0
2, 13893, Note_on_c, 0, 73, 79
2, 13915, Note_on_c, 0, 73, 0
2, 13938, Note_on_c, 0, 70, 80
2, 13942, Note_on_c, 0, 63, 50
2, 13944, Note_on_c, 0, 66, 53
2, 13945, Note_on_c, 0, 58, 37
2, 13949, Note_on_c, 0, 51, 44
2, 13952, Control_c, 0, 64, 104
2, 13955, Control_c, 0, 64, 40
2, 13959, Control_c, 0, 64, 0
2, 13988, Control_c, 0, 64, 56
2, 13992, Control_c, 0, 64, 127
2, 14006, Note_on_c, 0, 58, 0
2, 14008, Note_on_c, 0, 51, 0
2, 14014, Note_on_c, 0, 63, 0
2, 14026, Note_on_c, 0, 66, 0
2, 14026, Note_on_c, 0, 70, 0
2, 14076, Note_on_c, 0, 68, 67
2, 14079, Note_on_c, 0, 63, 42
2, 14083, Note_on_c, 0, 56, 37
2, 14085, Note_on_c, 0, 60, 42
2, 14106, Control_c, 0, 64, 72
2, 14110, Control_c, 0, 64, 24
2, 14114, Control_c, 0, 64, 0
2, 14149, Control_c, 0, 64, 24
2, 14153, Control_c, 0, 64, 88
2, 14158, Control_c, 0, 64, 127
2, 14205, Note_on_c, 0, 63, 0
2, 14215, Note_on_c, 0, 60, 0
2, 14225, Note_on_c, 0, 56, 0
2, 14300, Note_on_c, 0, 68, 0
2, 14376, Note_on_c, 0, 66, 62
2, 14380, Note_on_c, 0, 59, 47
2, 14384, Note_on_c, 0, 49, 33
2, 14399, Control_c, 0, 64, 88
2, 14403, Control_c, 0, 64, 0
2, 14444, Control_c, 0, 64, 127
2, 14463, Note_on_c, 0, 66, 0
2, 14490, Note_on_c, 0, 68, 68
2, 14494, Note_on_c, 0, 65, 49
2, 14519, Note_on_c, 0, 59, 0
2, 14521, Note_on_c, 0, 65, 0
2, 14554, Note_on_c, 0, 49, 0
2, 14562, Note_on_c, 0, 68, 0
2, 14616, Note_on_c, 0, 70, 68
2, 14620, Note_on_c, 0, 63, 47
2, 14621, Note_on_c, 0, 58, 28
2, 14628, Note_on_c, 0, 49, 23
2, 14630, Note_on_c, 0, 42, 25
2, 14658, Control_c, 0, 64, 104
2, 14662, Control_c, 0, 64, 24
2, 14666, Control_c, 0, 64, 0
2, 14674, Note_on_c, 0, 49, 0
2, 14693, Control_c, 0, 64, 88
2, 14697, Control_c, 0, 64, 127
2, 14718, Note_on_c, 0, 70, 0
2, 14725, Note_on_c, 0, 63, 0
2, 14734, Note_on_c, 0, 58, 0
2, 14734, Note_on_c, 0, 42, 0
2, 14811, Note_on_c, 0, 66, 70
2, 14812, Note_on_c, 0, 39, 48
2, 14813, Note_on_c, 0, 51, 40
2, 14814, Note_on_c, 0, 54, 52
2, 14824, Note_on_c, 0, 51, 0
2, 14824, Note_on_c, 0, 61, 27
2, 14831, Note_on_c, 0, 39, 0
2, 14834, Note_on_c, 0, 54, 0
2, 14835, Note_on_c, 0, 66, 0
2, 14835, Note_on_c, 0, 61, 0
2, 14870, Note_on_c, 0, 63, 68
2, 14874, Note_on_c, 0, 51, 41
2, 14876, Note_on_c, 0, 58, 36
2, 14877, Note_on_c, 0, 37, 28
2, 14881, Note_on_c, 0, 42, 29
2, 14884, Control_c, 0, 64, 40
2, 14888, Control_c, 0, 64, 0
2, 14906, Note_on_c, 0, 51, 0
2, 14912, Control_c, 0, 64, 72
2, 14913, Note_on_c, 0, 37, 0
2, 14916, Note_on_c, 0, 42, 0
2, 14916, Control_c, 0, 64, 127
2, 14941, Note_on_c, 0, 58, 0
2, 14953, Note_on_c, 0, 63, 0
2, 14978, Note_on_c, 0, 66, 74
2, 14980, Note_on_c, 0, 54, 53
2, 14982, Note_on_c, 0, 61, 51
2, 14984, Note_on_c, 0, 39, 46
2, 14984, Note_on_c, 0, 51, 47
2, 14991, Note_on_c, 0, 46, 35
2, 14998, Note_on_c, 0, 54, 0
2, 15002, Note_on_c, 0, 46, 0
2, 15007, Note_on_c, 0, 51, 0
2, 15008, Note_on_c, 0, 39, 0
2, 15008, Note_on_c, 0, 61, 0
2, 15009, Note_on_c, 0, 66, 0
2, 15080, Note_on_c, 0, 70, 83
2, 15083, Note_on_c, 0, 58, 59
2, 15085, Note_on_c, 0, 63, 62
2, 15086, Note_on_c, 0, 54, 39
2, 15090, Note_on_c, 0, 42, 38
2, 15092, Note_on_c, 0, 49, 36
2, 15112, Note_on_c, 0, 42, 0
2, 15115, Note_on_c, 0, 58, 0
2, 15117, Note_on_c, 0, 63, 0
2, 15117, Note_on_c, 0, 49, 0
2, 15119, Note_on_c, 0, 54, 0
2, 15127, Note_on_c, 0, 70, 0
2, 15185, Note_on_c, 0, 73, 81
2, 15190, Note_on_c, 0, 61, 47
2, 15190, Note_on_c, 0, 66, 58
2, 15190, Note_on_c, 0, 58, 36
2, 15193, Note_on_c, 0, 46, 37
2, 15199, Note_on_c, 0, 51, 39
2, 15214, Note_on_c, 0, 58, 0
2, 15216, Note_on_c, 0, 51, 0
2, 15217, Note_on_c, 0, 73, 0
2, 15217, Note_on_c, 0, 46, 0
2, 15220, Note_on_c, 0, 66, 0
2, 15228, Note_on_c, 0, 61, 0
2, 15294, Note_on_c, 0, 70, 71
2, 15298, Note_on_c, 0, 58, 46
2, 15300, Note_on_c, 0, 54, 40
2, 15301, Note_on_c, 0, 63, 51
2, 15303, Note_on_c, 0, 49, 41
2, 15304, Control_c, 0, 64, 56
2, 15304, Note_on_c, 0, 42, 33
2, 15307, Control_c, 0, 64, 0
2, 15322, Note_on_c, 0, 49, 0
2, 15323, Note_on_c, 0, 54, 0
2, 15323, Control_c, 0, 64, 24
2, 15325, Note_on_c, 0, 70, 0
2, 15328, Note_on_c, 0, 63, 0
2, 15328, Control_c, 0, 64, 88
2, 15330, Note_on_c, 0, 42, 0
2, 15332, Control_c, 0, 64, 127
2, 15334, Note_on_c, 0, 58, 0
2, 15413, Note_on_c, 0, 66, 64
2, 15417, Note_on_c, 0, 54, 39
2, 15419, Note_on_c, 0, 61, 48
2, 15420, Note_on_c, 0, 39, 31
2, 15426, Note_on_c, 0, 46, 35
2, 15462, Note_on_c, 0, 46, 0
2, 15462, Note_on_c, 0, 66, 0
2, 15463, Note_on_c, 0, 61, 0
2, 15466, Note_on_c, 0, 39, 0
2, 15481, Note_on_c, 0, 54, 0
2, 15557, Note_on_c, 0, 63, 63
2, 15560, Note_on_c, 0, 51, 42
2, 15561, Note_on_c, 0, 58, 37
2, 15565, Note_on_c, 0, 35, 36
2, 15566, Note_on_c, 0, 47, 45
2, 15567, Note_on_c, 0, 42, 33
2, 15590, Control_c, 0, 64, 72
2, 15594, Control_c, 0, 64, 0
2, 15626, Control_c, 0, 64, 104
2, 15630, Control_c, 0, 64, 127
2, 15686, Note_on_c, 0, 51, 0
2, 15693, Note_on_c, 0, 35, 0
2, 15707, Note_on_c, 0, 47, 0
2, 15711, Note_on_c, 0, 42, 0
2, 15714, Note_on_c, 0, 58, 0
2, 15727, Note_on_c, 0, 63, 0
2, 15819, Note_on_c, 0, 66, 66
2, 15824, Note_on_c, 0, 54, 35
2, 15824, Note_on_c, 0, 59, 60
2, 15828, Note_on_c, 0, 37, 29
2, 15832, Note_on_c, 0, 44, 29
2, 15855, Control_c, 0, 64, 72
2, 15859, Control_c, 0, 64, 24
2, 15864, Control_c, 0, 64, 0
2, 15896, Control_c, 0, 64, 56
2, 15900, Control_c, 0, 64, 127
2, 15917, Note_on_c, 0, 37, 0
2, 15927, Note_on_c, 0, 44, 0
2, 15933, Note_on_c, 0, 54, 0
2, 15937, Note_on_c, 0, 59, 0
2, 15960, Note_on_c, 0, 66, 0
2, 16085, Note_on_c, 0, 70, 61
2, 16090, Note_on_c, 0, 58, 36
2, 16092, Note_on_c, 0, 63, 44
2, 16096, Note_on_c, 0, 42, 27
2, 16097, Note_on_c, 0, 49, 29
2, 16118, Control_c, 0, 64, 88
2, 16122, Control_c, 0, 64, 0
2, 16154, Control_c, 0, 64, 104
2, 16157, Control_c, 0, 64, 127
2, 16174, Note_on_c, 0, 58, 0
2, 16177, Note_on_c, 0, 42, 0
2, 16183, Note_on_c, 0, 49, 0
2, 16230, Note_on_c, 0, 70, 0
2, 16236, Note_on_c, 0, 63, 0
2, 16250, Note_on_c, 0, 66, 78
2, 16254, Note_on_c, 0, 54, 40
2, 16255, Note_on_c, 0, 61, 42
2, 16255, Note_on_c, 0, 46, 46
2, 16260, Note_on_c, 0, 51, 33
2, 16268, Note_on_c, 0, 61, 0
2, 16270, Note_on_c, 0, 51, 0
2, 16270, Note_on_c, 0, 54, 0
2, 16279, Note_on_c, 0, 46, 0
2, 16296, Note_on_c, 0, 66, 0
2, 16305, Note_on_c, 0, 70, 79
2, 16306, Note_on_c, 0, 63, 68
2, 16308, Note_on_c, 0, 58, 50
2, 16308, Note_on_c, 0, 54, 46
2, 16312, Control_c, 0, 64, 72
2, 16313, Note_on_c, 0, 49, 50
2, 16316, Control_c, 0, 64, 0
2, 16324, Control_c, 0, 64, 40
2, 16326, Note_on_c, 0, 63, 0
2, 16328, Control_c, 0, 64, 104
2, 16332, Control_c, 0, 64, 127
2, 16333, Note_on_c, 0, 70, 0
2, 16334, Note_on_c, 0, 49, 0
2, 16340, Note_on_c, 0, 58, 0
2, 16340, Note_on_c, 0, 54, 0
2, 16402, Note_on_c, 0, 73, 90
2, 16403, Note_on_c, 0, 61, 64
2, 16405, Note_on_c, 0, 58, 39
2, 16407, Note_on_c, 0, 66, 64
2, 16408, Note_on_c, 0, 54, 41
2, 16423, Note_on_c, 0, 61, 0
2, 16424, Note_on_c, 0, 54, 0
2, 16427, Note_on_c, 0, 58, 0
2, 16429, Note_on_c, 0, 66, 0
2, 16436, Note_on_c, 0, 73, 0
2, 16498, Note_on_c, 0, 75, 93
2, 16500, Note_on_c, 0, 70, 73
2, 16501, Note_on_c, 0, 63, 64
2, 16508, Note_on_c, 0, 58, 33
2, 16529, Note_on_c, 0, 70, 0
2, 16531, Note_on_c, 0, 75, 0
2, 16531, Note_on_c, 0, 58, 0
2, 16533, Note_on_c, 0, 63, 0
2, 16599, Note_on_c, 0, 78, 89
2, 16600, Note_on_c, 0, 66, 67
2, 16602, Note_on_c, 0, 73, 66
2, 16603, Note_on_c, 0, 58, 45
2, 16605, Note_on_c, 0, 63, 52
2, 16630, Note_on_c, 0, 66, 0
2, 16630, Note_on_c, 0, 78, 0
2, 16632, Note_on_c, 0, 73, 0
2, 16635, Note_on_c, 0, 58, 0
2, 16637, Note_on_c, 0, 63, 0
2, 16713, Note_on_c, 0, 82, 74
2, 16716, Note_on_c, 0, 70, 50
2, 16721, Note_on_c, 0, 75, 53
2, 16721, Note_on_c, 0, 66, 29
2, 16723, Note_on_c, 0, 61, 35
2, 16748, Note_on_c, 0, 66, 0
2, 16750, Note_on_c, 0, 82, 0
2, 16750, Note_on_c, 0, 61, 0
2, 16755, Note_on_c, 0, 75, 0
2, 16758, Note_on_c, 0, 70, 0
2, 16839, Note_on_c, 0, 78, 74
2, 16843, Note_on_c, 0, 66, 44
2, 16847, Note_on_c, 0, 73, 46
2, 16847, Note_on_c, 0, 63, 33
2, 16849, Note_on_c, 0, 58, 36
2, 16876, Note_on_c, 0, 78, 0
2, 16878, Note_on_c, 0, 73, 0
2, 16879, Note_on_c, 0, 63, 0
2, 16882, Note_on_c, 0, 58, 0
2, 16882, Note_on_c, 0, 66, 0
2, 17013, Note_on_c, 0, 70, 75
2, 17017, Note_on_c, 0, 44, 35
2, 17018, Note_on_c, 0, 59, 60
2, 17019, Note_on_c, 0, 54, 29
2, 17022, Note_on_c, 0, 51, 40
2, 17038, Control_c, 0, 64, 40
2, 17042, Control_c, 0, 64, 0
2, 17098, Control_c, 0, 64, 127
2, 17161, Note_on_c, 0, 70, 0
2, 17164, Note_on_c, 0, 59, 0
2, 17176, Note_on_c, 0, 44, 0
2, 17194, Note_on_c, 0, 54, 0
2, 17225, Note_on_c, 0, 51, 0
2, 17298, Note_on_c, 0, 61, 62
2, 17302, Note_on_c, 0, 56, 34
2, 17303, Note_on_c, 0, 49, 36
2, 17309, Note_on_c, 0, 53, 31
2, 17324, Control_c, 0, 64, 88
2, 17327, Control_c, 0, 64, 24
2, 17331, Control_c, 0, 64, 0
2, 17368, Control_c, 0, 64, 88
2, 17372, Control_c, 0, 64, 127
2, 17407, Note_on_c, 0, 53, 0
2, 17426, Note_on_c, 0, 49, 0
2, 17439, Note_on_c, 0, 61, 0
2, 17453, Note_on_c, 0, 56, 0
2, 17624, Note_on_c, 0, 66, 56
2, 17625, Note_on_c, 0, 54, 41
2, 17628, Note_on_c, 0, 59, 50
2, 17629, Note_on_c, 0, 63, 48
2, 17630, Note_on_c, 0, 42, 33
2, 17630, Note_on_c, 0, 47, 42
2, 17631, Note_on_c, 0, 35, 39
2, 17658, Control_c, 0, 64, 56
2, 17662, Control_c, 0, 64, 0
2, 17711, Control_c, 0, 64, 104
2, 17715, Control_c, 0, 64, 127
2, 17798, Note_on_c, 0, 59, 0
2, 17798, Note_on_c, 0, 54, 0
2, 17812, Note_on_c, 0, 63, 0
2, 17819, Note_on_c, 0, 66, 0
2, 17938, Note_on_c, 0, 85, 79
2, 18178, Note_on_c, 0, 82, 66
2, 18219, Note_on_c, 0, 82, 0
2, 18226, Note_on_c, 0, 78, 70
2, 18279, Note_on_c, 0, 78, 0
2, 18279, Note_on_c, 0, 75, 71
2, 18335, Note_on_c, 0, 35, 0
2, 18351, Note_on_c, 0, 47, 0
2, 18355, Note_on_c, 0, 42, 0
2, 18374, Note_on_c, 0, 78, 71
2, 18384, Note_on_c, 0, 85, 0
2, 18411, Note_on_c, 0, 75, 0
2, 18418, Note_on_c, 0, 78, 0
2, 18419, Note_on_c, 0, 82, 80
2, 18478, Note_on_c, 0, 85, 79
2, 18479, Note_on_c, 0, 82, 0
2, 18482, Note_on_c, 0, 66, 62
2, 18488, Note_on_c, 0, 59, 56
2, 18488, Note_on_c, 0, 54, 42
2, 18488, Note_on_c, 0, 63, 50
2, 18582, Note_on_c, 0, 82, 75
2, 18624, Note_on_c, 0, 78, 81
2, 18627, Note_on_c, 0, 82, 0
2, 18676, Note_on_c, 0, 78, 0
2, 18678, Note_on_c, 0, 75, 81
2, 18763, Note_on_c, 0, 85, 0
2, 18771, Note_on_c, 0, 75, 0
2, 18775, Note_on_c, 0, 78, 84
2, 18820, Note_on_c, 0, 78, 0
2, 18826, Note_on_c, 0, 82, 84
2, 18845, Note_on_c, 0, 54, 0
2, 18850, Note_on_c, 0, 66, 0
2, 18881, Note_on_c, 0, 82, 0
2, 18884, Note_on_c, 0, 78, 78
2, 18887, Note_on_c, 0, 68, 78
2, 18924, Note_on_c, 0, 78, 0
2, 18953, Note_on_c, 0, 68, 0
2, 18957, Note_on_c, 0, 63, 0
2, 18963, Note_on_c, 0, 59, 0
2, 18998, Note_on_c, 0, 78, 80
2, 19039, Note_on_c, 0, 78, 0
2, 19056, Note_on_c, 0, 75, 91
2, 19068, Note_on_c, 0, 39, 46
2, 19089, Note_on_c, 0, 39, 0
2, 19091, Note_on_c, 0, 75, 0
2, 19160, Note_on_c, 0, 78, 85
2, 19162, Note_on_c, 0, 70, 73
2, 19165, Note_on_c, 0, 66, 47
2, 19166, Note_on_c, 0, 63, 40
2, 19170, Note_on_c, 0, 58, 39
2, 19172, Note_on_c, 0, 54, 37
2, 19207, Control_c, 0, 64, 56
2, 19211, Control_c, 0, 64, 0
2, 19239, Control_c, 0, 64, 127
2, 19327, Note_on_c, 0, 78, 0
2, 19372, Note_on_c, 0, 77, 72
2, 19575, Note_on_c, 0, 77, 0
2, 19575, Note_on_c, 0, 75, 71
2, 19663, Note_on_c, 0, 63, 0
2, 19666, Note_on_c, 0, 58, 0
2, 19668, Note_on_c, 0, 54, 0
2, 19688, Note_on_c, 0, 75, 0
2, 19690, Note_on_c, 0, 70, 0
2, 19692, Note_on_c, 0, 66, 0
2, 19847, Note_on_c, 0, 73, 60
2, 19847, Note_on_c, 0, 61, 45
2, 19850, Note_on_c, 0, 66, 50
2, 19850, Note_on_c, 0, 58, 29
2, 19853, Note_on_c, 0, 42, 35
2, 19857, Note_on_c, 0, 49, 36
2, 19876, Control_c, 0, 64, 88
2, 19880, Control_c, 0, 64, 0
2, 19957, Control_c, 0, 64, 40
2, 19961, Control_c, 0, 64, 72
2, 19965, Control_c, 0, 64, 104
2, 19969, Control_c, 0, 64, 127
2, 20087, Note_on_c, 0, 58, 0
2, 20122, Note_on_c, 0, 61, 0
2, 20122, Note_on_c, 0, 73, 0
2, 20184, Note_on_c, 0, 66, 0
2, 20205, Note_on_c, 0, 71, 52
2, 20304, Note_on_c, 0, 71, 0
2, 20312, Note_on_c, 0, 70, 63
2, 20355, Note_on_c, 0, 42, 0
2, 20366, Note_on_c, 0, 49, 0
2, 20426, Note_on_c, 0, 68, 62
2, 20427, Note_on_c, 0, 70, 0
2, 20508, Note_on_c, 0, 68, 0
2, 20576, Note_on_c, 0, 66, 61
2, 20582, Note_on_c, 0, 63, 36
2, 20583, Note_on_c, 0, 59, 36
2, 20583, Note_on_c, 0, 54, 30
2, 20602, Control_c, 0, 64, 56
2, 20606, Control_c, 0, 64, 0
2, 20634, Control_c, 0, 64, 104
2, 20637, Control_c, 0, 64, 127
2, 20655, Note_on_c, 0, 68, 67
2, 20657, Note_on_c, 0, 66, 0
2, 20676, Note_on_c, 0, 54, 0
2, 20686, Note_on_c, 0, 59, 0
2, 20709, Note_on_c, 0, 63, 0
2, 20712, Note_on_c, 0, 68, 0
2, 20717, Note_on_c, 0, 70, 70
2, 20769, Note_on_c, 0, 61, 36
2, 20771, Note_on_c, 0, 65, 59
2, 20772, Note_on_c, 0, 56, 40
2, 20801, Note_on_c, 0, 56, 0
2, 20801, Note_on_c, 0, 61, 0
2, 20818, Note_on_c, 0, 65, 0
2, 20825, Note_on_c, 0, 54, 43
2, 20825, Note_on_c, 0, 59, 40
2, 20825, Note_on_c, 0, 63, 49
2, 20828, Control_c, 0, 64, 40
2, 20832, Control_c, 0, 64, 0
2, 20852, Control_c, 0, 64, 40
2, 20856, Control_c, 0, 64, 127
2, 20864, Note_on_c, 0, 70, 0
2, 20872, Note_on_c, 0, 54, 0
2, 20872, Note_on_c, 0, 59, 0
2, 20876, Note_on_c, 0, 68, 66
2, 20895, Note_on_c, 0, 63, 0
2, 20924, Note_on_c, 0, 68, 0
2, 20926, Note_on_c, 0, 66, 73
2, 20971, Note_on_c, 0, 58, 37
2, 20972, Note_on_c, 0, 61, 64
2, 20980, Note_on_c, 0, 53, 36
2, 20992, Note_on_c, 0, 53, 0
2, 20994, Note_on_c, 0, 61, 0
2, 20998, Note_on_c, 0, 58, 0
2, 21021, Control_c, 0, 64, 104
2, 21025, Control_c, 0, 64, 24
2, 21025, Note_on_c, 0, 59, 58
2, 21029, Note_on_c, 0, 56, 33
2, 21029, Control_c, 0, 64, 0
2, 21032, Note_on_c, 0, 51, 41
2, 21050, Control_c, 0, 64, 88
2, 21054, Control_c, 0, 64, 127
2, 21066, Note_on_c, 0, 66, 0
2, 21075, Note_on_c, 0, 65, 69
2, 21089, Note_on_c, 0, 56, 0
2, 21093, Note_on_c, 0, 59, 0
2, 21104, Note_on_c, 0, 51, 0
2, 21118, Note_on_c, 0, 65, 0
2, 21123, Note_on_c, 0, 63, 66
2, 21170, Note_on_c, 0, 54, 48
2, 21170, Note_on_c, 0, 58, 62
2, 21174, Note_on_c, 0, 49, 41
2, 21200, Note_on_c, 0, 58, 0
2, 21203, Note_on_c, 0, 49, 0
2, 21206, Note_on_c, 0, 54, 0
2, 21222, Note_on_c, 0, 56, 56
2, 21227, Control_c, 0, 64, 24
2, 21228, Note_on_c, 0, 53, 49
2, 21228, Note_on_c, 0, 47, 45
2, 21231, Control_c, 0, 64, 0
2, 21255, Control_c, 0, 64, 127
2, 21265, Note_on_c, 0, 56, 0
2, 21273, Note_on_c, 0, 63, 0
2, 21274, Note_on_c, 0, 61, 67
2, 21300, Note_on_c, 0, 47, 0
2, 21313, Note_on_c, 0, 53, 0
2, 21314, Note_on_c, 0, 61, 0
2, 21325, Note_on_c, 0, 63, 67
2, 21369, Note_on_c, 0, 58, 58
2, 21373, Note_on_c, 0, 49, 41
2, 21374, Note_on_c, 0, 54, 40
2, 21402, Note_on_c, 0, 54, 0
2, 21404, Note_on_c, 0, 49, 0
2, 21404, Note_on_c, 0, 58, 0
2, 21420, Note_on_c, 0, 59, 64
2, 21425, Control_c, 0, 64, 56
2, 21426, Note_on_c, 0, 56, 41
2, 21429, Control_c, 0, 64, 0
2, 21429, Note_on_c, 0, 51, 48
2, 21457, Note_on_c, 0, 63, 0
2, 21460, Control_c, 0, 64, 72
2, 21464, Control_c, 0, 64, 127
2, 21472, Note_on_c, 0, 61, 64
2, 21480, Note_on_c, 0, 59, 0
2, 21515, Note_on_c, 0, 61, 0
2, 21517, Note_on_c, 0, 63, 79
2, 21548, Note_on_c, 0, 51, 0
2, 21553, Note_on_c, 0, 56, 0
2, 21561, Control_c, 0, 64, 88
2, 21566, Control_c, 0, 64, 0
2, 21569, Note_on_c, 0, 58, 40
2, 21571, Note_on_c, 0, 54, 35
2, 21574, Note_on_c, 0, 49, 36
2, 21582, Control_c, 0, 64, 24
2, 21586, Control_c, 0, 64, 88
2, 21590, Control_c, 0, 64, 127
2, 21596, Note_on_c, 0, 58, 0
2, 21606, Note_on_c, 0, 54, 0
2, 21609, Control_c, 0, 64, 88
2, 21612, Note_on_c, 0, 49, 0
2, 21614, Control_c, 0, 64, 0
2, 21623, Note_on_c, 0, 53, 42
2, 21627, Note_on_c, 0, 56, 44
2, 21627, Note_on_c, 0, 47, 34
2, 21638, Control_c, 0, 64, 88
2, 21642, Control_c, 0, 64, 127
2, 21660, Note_on_c, 0, 56, 0
2, 21675, Note_on_c, 0, 63, 0
2, 21675, Note_on_c, 0, 61, 61
2, 21718, Note_on_c, 0, 47, 0
2, 21720, Note_on_c, 0, 61, 0
2, 21727, Note_on_c, 0, 53, 0
2, 21727, Note_on_c, 0, 63, 59
2, 21783, Note_on_c, 0, 58, 37
2, 21788, Note_on_c, 0, 54, 33
2, 21788, Note_on_c, 0, 49, 36
2, 21816, Note_on_c, 0, 49, 0
2, 21817, Note_on_c, 0, 58, 0
2, 21822, Note_on_c, 0, 54, 0
2, 21862, Note_on_c, 0, 59, 58
2, 21865, Note_on_c, 0, 56, 35
2, 21868, Control_c, 0, 64, 104
2, 21871, Note_on_c, 0, 51, 36
2, 21872, Control_c, 0, 64, 0
2, 21900, Control_c, 0, 64, 104
2, 21904, Control_c, 0, 64, 127
2, 21924, Note_on_c, 0, 63, 0
2, 21925, Note_on_c, 0, 59, 0
2, 21930, Note_on_c, 0, 66, 60
2, 21933, Note_on_c, 0, 61, 46
2, 21941, Note_on_c, 0, 61, 0
2, 21950, Note_on_c, 0, 66, 0
2, 21995, Note_on_c, 0, 63, 56
2, 21996, Note_on_c, 0, 68, 66
2, 22008, Note_on_c, 0, 63, 0
2, 22016, Note_on_c, 0, 68, 0
2, 22050, Note_on_c, 0, 66, 47
2, 22053, Note_on_c, 0, 71, 66
2, 22072, Note_on_c, 0, 66, 0
2, 22093, Note_on_c, 0, 71, 0
2, 22106, Note_on_c, 0, 73, 67
2, 22107, Note_on_c, 0, 68, 49
2, 22114, Note_on_c, 0, 68, 0
2, 22124, Note_on_c, 0, 73, 0
2, 22155, Note_on_c, 0, 75, 80
2, 22155, Note_on_c, 0, 71, 48
2, 22173, Note_on_c, 0, 71, 0
2, 22173, Note_on_c, 0, 75, 0
2, 22205, Note_on_c, 0, 78, 79
2, 22206, Note_on_c, 0, 73, 51
2, 22239, Note_on_c, 0, 78, 0
2, 22244, Note_on_c, 0, 73, 0
2, 22258, Note_on_c, 0, 80, 80
2, 22260, Note_on_c, 0, 75, 50
2, 22268, Note_on_c, 0, 75, 0
2, 22275, Note_on_c, 0, 80, 0
2, 22325, Note_on_c, 0, 83, 85
2, 22330, Note_on_c, 0, 78, 33
2, 22367, Note_on_c, 0, 83, 0
2, 22399, Note_on_c, 0, 85, 71
2, 22404, Note_on_c, 0, 80, 63
2, 22413, Note_on_c, 0, 80, 0
2, 22425, Note_on_c, 0, 85, 0
2, 22432, Note_on_c, 0, 56, 0
2, 22440, Note_on_c, 0, 51, 0
2, 22491, Note_on_c, 0, 87, 75
2, 22495, Note_on_c, 0, 83, 45
2, 22514, Control_c, 0, 64, 56
2, 22518, Control_c, 0, 64, 0
2, 22527, Note_on_c, 0, 54, 58
2, 22531, Note_on_c, 0, 83, 0
2, 22539, Note_on_c, 0, 78, 0
2, 22542, Control_c, 0, 64, 88
2, 22546, Control_c, 0, 64, 127
2, 22549, Note_on_c, 0, 54, 0
2, 22551, Note_on_c, 0, 61, 52
2, 22564, Note_on_c, 0, 87, 0
2, 22570, Note_on_c, 0, 61, 0
2, 22574, Note_on_c, 0, 66, 53
2, 22593, Note_on_c, 0, 66, 0
2, 22634, Note_on_c, 0, 70, 27
2, 22637, Note_on_c, 0, 90, 77
2, 22641, Note_on_c, 0, 78, 50
2, 22642, Note_on_c, 0, 82, 48
2, 22643, Note_on_c, 0, 73, 41
2, 22881, Note_on_c, 0, 73, 0
2, 22889, Note_on_c, 0, 70, 0
2, 23006, Note_on_c, 0, 61, 37
2, 23042, Note_on_c, 0, 73, 53
2, 23047, Note_on_c, 0, 61, 0
2, 23066, Note_on_c, 0, 73, 0
2, 23301, Note_on_c, 0, 78, 0
2, 23304, Note_on_c, 0, 90, 0
2, 23307, Note_on_c, 0, 82, 0
2, 23426, Note_on_c, 0, 78, 44
2, 23462, Note_on_c, 0, 78, 0
2, 23485, Note_on_c, 0, 90, 59
2, 23547, Note_on_c, 0, 90, 0
2, 24171, Control_c, 0, 64, 88
2, 24175, Control_c, 0, 64, 40
2, 24179, Control_c, 0, 64, 0
2, 24179, End_track
0, 0, End_of_file
