0, 0, Header, 1, 4, 480
1, 0, Start_track
1, 0, Title_t, "tchaikovsky swan lake act2 13d allegro moderato"
1, 0, Copyright_t, "Adaptation for Disklavier pianos, by: Robert C. Kuhmann (c) 2012."
1, 0, Text_t, "Seq. (c) by: Segundo G. Yogore,  2007\012"
1, 0, Time_signature, 4, 2, 24, 8
1, 0, Key_signature, 3, "major"
1, 0, Tempo, 521739
1, 71040, Time_signature, 8, 2, 24, 8
1, 71040, End_track
2, 0, Start_track
2, 0, Title_t, "Grand Piano"
2, 0, Program_c, 0, 0
2, 0, Control_c, 0, 7, 115
2, 0, Control_c, 0, 10, 86
2, 2160, Note_on_c, 0, 66, 62
2, 2160, Note_on_c, 0, 69, 62
2, 2207, Note_on_c, 0, 69, 0
2, 2207, Note_on_c, 0, 66, 0
2, 2400, Note_on_c, 0, 66, 62
2, 2400, Note_on_c, 0, 69, 62
2, 2447, Note_on_c, 0, 69, 0
2, 2447, Note_on_c, 0, 66, 0
2, 2640, Note_on_c, 0, 66, 62
2, 2640, Note_on_c, 0, 69, 62
2, 2687, Note_on_c, 0, 69, 0
2, 2687, Note_on_c, 0, 66, 0
2, 2880, Note_on_c, 0, 66, 62
2, 2880, Note_on_c, 0, 69, 62
2, 3240, Note_on_c, 0, 69, 0
2, 3240, Note_on_c, 0, 66, 0
2, 3240, Note_on_c, 0, 65, 62
2, 3240, Note_on_c, 0, 68, 62
2, 3300, Note_on_c, 0, 68, 0
2, 3300, Note_on_c, 0, 65, 0
2, 3300, Note_on_c, 0, 66, 62
2, 3300, Note_on_c, 0, 69, 62
2, 3360, Note_on_c, 0, 69, 0
2, 3360, Note_on_c, 0, 66, 0
2, 3360, Note_on_c, 0, 68, 62
2, 3360, Note_on_c, 0, 71, 62
2, 3407, Note_on_c, 0, 71, 0
2, 3407, Note_on_c, 0, 68, 0
2, 3600, Note_on_c, 0, 66, 62
2, 3600, Note_on_c, 0, 69, 62
2, 3647, Note_on_c, 0, 69, 0
2, 3647, Note_on_c, 0, 66, 0
2, 3840, Note_on_c, 0, 65, 62
2, 3840, Note_on_c, 0, 68, 62
2, 3887, Note_on_c, 0, 68, 0
2, 3887, Note_on_c, 0, 65, 0
2, 4080, Note_on_c, 0, 68, 62
2, 4080, Note_on_c, 0, 71, 62
2, 4127, Note_on_c, 0, 71, 0
2, 4127, Note_on_c, 0, 68, 0
2, 4320, Note_on_c, 0, 68, 62
2, 4320, Note_on_c, 0, 71, 62
2, 4367, Note_on_c, 0, 71, 0
2, 4367, Note_on_c, 0, 68, 0
2, 4560, Note_on_c, 0, 68, 62
2, 4560, Note_on_c, 0, 71, 62
2, 4607, Note_on_c, 0, 71, 0
2, 4607, Note_on_c, 0, 68, 0
2, 4800, Note_on_c, 0, 68, 62
2, 4800, Note_on_c, 0, 71, 62
2, 5160, Note_on_c, 0, 71, 0
2, 5160, Note_on_c, 0, 68, 0
2, 5160, Note_on_c, 0, 66, 62
2, 5160, Note_on_c, 0, 69, 62
2, 5220, Note_on_c, 0, 69, 0
2, 5220, Note_on_c, 0, 66, 0
2, 5220, Note_on_c, 0, 68, 62
2, 5220, Note_on_c, 0, 71, 62
2, 5280, Note_on_c, 0, 71, 0
2, 5280, Note_on_c, 0, 68, 0
2, 5280, Note_on_c, 0, 69, 62
2, 5280, Note_on_c, 0, 73, 62
2, 5327, Note_on_c, 0, 73, 0
2, 5327, Note_on_c, 0, 69, 0
2, 5520, Note_on_c, 0, 68, 62
2, 5520, Note_on_c, 0, 71, 62
2, 5567, Note_on_c, 0, 71, 0
2, 5567, Note_on_c, 0, 68, 0
2, 5760, Note_on_c, 0, 66, 62
2, 5760, Note_on_c, 0, 69, 62
2, 5807, Note_on_c, 0, 69, 0
2, 5807, Note_on_c, 0, 66, 0
2, 6000, Note_on_c, 0, 66, 62
2, 6000, Note_on_c, 0, 69, 62
2, 6000, Note_on_c, 0, 73, 62
2, 6047, Note_on_c, 0, 73, 0
2, 6047, Note_on_c, 0, 69, 0
2, 6047, Note_on_c, 0, 66, 0
2, 6240, Note_on_c, 0, 69, 62
2, 6240, Note_on_c, 0, 73, 62
2, 6240, Note_on_c, 0, 78, 62
2, 6287, Note_on_c, 0, 78, 0
2, 6287, Note_on_c, 0, 73, 0
2, 6287, Note_on_c, 0, 69, 0
2, 6480, Note_on_c, 0, 68, 62
2, 6480, Note_on_c, 0, 73, 62
2, 6480, Note_on_c, 0, 77, 62
2, 6527, Note_on_c, 0, 77, 0
2, 6527, Note_on_c, 0, 73, 0
2, 6527, Note_on_c, 0, 68, 0
2, 6720, Note_on_c, 0, 65, 88
2, 6720, Note_on_c, 0, 68, 88
2, 6720, Note_on_c, 0, 73, 88
2, 7680, Note_on_c, 0, 68, 0
2, 7680, Note_on_c, 0, 65, 0
2, 7680, Note_on_c, 0, 69, 62
2, 7920, Note_on_c, 0, 69, 0
2, 7920, Note_on_c, 0, 73, 0
2, 7920, Note_on_c, 0, 66, 62
2, 7920, Note_on_c, 0, 69, 62
2, 7920, Note_on_c, 0, 73, 62
2, 7967, Note_on_c, 0, 73, 0
2, 7967, Note_on_c, 0, 69, 0
2, 7967, Note_on_c, 0, 66, 0
2, 8160, Note_on_c, 0, 69, 62
2, 8160, Note_on_c, 0, 73, 62
2, 8160, Note_on_c, 0, 78, 62
2, 8207, Note_on_c, 0, 78, 0
2, 8207, Note_on_c, 0, 73, 0
2, 8207, Note_on_c, 0, 69, 0
2, 8400, Note_on_c, 0, 68, 62
2, 8400, Note_on_c, 0, 73, 62
2, 8400, Note_on_c, 0, 77, 62
2, 8447, Note_on_c, 0, 77, 0
2, 8447, Note_on_c, 0, 73, 0
2, 8447, Note_on_c, 0, 68, 0
2, 8640, Note_on_c, 0, 65, 88
2, 8640, Note_on_c, 0, 68, 88
2, 8640, Note_on_c, 0, 73, 88
2, 9600, Note_on_c, 0, 68, 0
2, 9600, Note_on_c, 0, 65, 0
2, 9600, Note_on_c, 0, 69, 62
2, 9840, Note_on_c, 0, 69, 0
2, 9840, Note_on_c, 0, 73, 0
2, 9840, Note_on_c, 0, 78, 62
2, 9840, Note_on_c, 0, 81, 62
2, 9887, Note_on_c, 0, 81, 0
2, 9887, Note_on_c, 0, 78, 0
2, 10080, Note_on_c, 0, 78, 62
2, 10080, Note_on_c, 0, 81, 62
2, 10127, Note_on_c, 0, 81, 0
2, 10127, Note_on_c, 0, 78, 0
2, 10320, Note_on_c, 0, 78, 62
2, 10320, Note_on_c, 0, 81, 62
2, 10367, Note_on_c, 0, 81, 0
2, 10367, Note_on_c, 0, 78, 0
2, 10560, Note_on_c, 0, 78, 62
2, 10560, Note_on_c, 0, 81, 62
2, 10920, Note_on_c, 0, 81, 0
2, 10920, Note_on_c, 0, 78, 0
2, 10920, Note_on_c, 0, 77, 62
2, 10920, Note_on_c, 0, 80, 62
2, 10980, Note_on_c, 0, 80, 0
2, 10980, Note_on_c, 0, 77, 0
2, 10980, Note_on_c, 0, 78, 62
2, 10980, Note_on_c, 0, 81, 62
2, 11040, Note_on_c, 0, 81, 0
2, 11040, Note_on_c, 0, 78, 0
2, 11040, Note_on_c, 0, 80, 62
2, 11040, Note_on_c, 0, 83, 62
2, 11087, Note_on_c, 0, 83, 0
2, 11087, Note_on_c, 0, 80, 0
2, 11280, Note_on_c, 0, 78, 62
2, 11280, Note_on_c, 0, 81, 62
2, 11327, Note_on_c, 0, 81, 0
2, 11327, Note_on_c, 0, 78, 0
2, 11520, Note_on_c, 0, 77, 62
2, 11520, Note_on_c, 0, 80, 62
2, 11567, Note_on_c, 0, 80, 0
2, 11567, Note_on_c, 0, 77, 0
2, 11760, Note_on_c, 0, 80, 62
2, 11760, Note_on_c, 0, 83, 62
2, 11807, Note_on_c, 0, 83, 0
2, 11807, Note_on_c, 0, 80, 0
2, 12000, Note_on_c, 0, 80, 62
2, 12000, Note_on_c, 0, 83, 62
2, 12047, Note_on_c, 0, 83, 0
2, 12047, Note_on_c, 0, 80, 0
2, 12240, Note_on_c, 0, 80, 62
2, 12240, Note_on_c, 0, 83, 62
2, 12287, Note_on_c, 0, 83, 0
2, 12287, Note_on_c, 0, 80, 0
2, 12480, Note_on_c, 0, 80, 62
2, 12480, Note_on_c, 0, 83, 62
2, 12840, Note_on_c, 0, 83, 0
2, 12840, Note_on_c, 0, 80, 0
2, 12840, Note_on_c, 0, 78, 62
2, 12840, Note_on_c, 0, 81, 62
2, 12900, Note_on_c, 0, 81, 0
2, 12900, Note_on_c, 0, 78, 0
2, 12900, Note_on_c, 0, 80, 62
2, 12900, Note_on_c, 0, 83, 62
2, 12960, Note_on_c, 0, 83, 0
2, 12960, Note_on_c, 0, 80, 0
2, 12960, Note_on_c, 0, 81, 62
2, 12960, Note_on_c, 0, 85, 62
2, 13007, Note_on_c, 0, 85, 0
2, 13007, Note_on_c, 0, 81, 0
2, 13200, Note_on_c, 0, 80, 62
2, 13200, Note_on_c, 0, 83, 62
2, 13247, Note_on_c, 0, 83, 0
2, 13247, Note_on_c, 0, 80, 0
2, 13440, Note_on_c, 0, 78, 62
2, 13440, Note_on_c, 0, 81, 62
2, 13487, Note_on_c, 0, 81, 0
2, 13487, Note_on_c, 0, 78, 0
2, 13680, Note_on_c, 0, 78, 62
2, 13680, Note_on_c, 0, 81, 62
2, 13680, Note_on_c, 0, 85, 62
2, 13727, Note_on_c, 0, 85, 0
2, 13727, Note_on_c, 0, 81, 0
2, 13727, Note_on_c, 0, 78, 0
2, 13920, Note_on_c, 0, 81, 62
2, 13920, Note_on_c, 0, 85, 62
2, 13920, Note_on_c, 0, 90, 62
2, 13967, Note_on_c, 0, 90, 0
2, 13967, Note_on_c, 0, 85, 0
2, 13967, Note_on_c, 0, 81, 0
2, 14160, Note_on_c, 0, 80, 62
2, 14160, Note_on_c, 0, 85, 62
2, 14160, Note_on_c, 0, 89, 62
2, 14207, Note_on_c, 0, 89, 0
2, 14207, Note_on_c, 0, 85, 0
2, 14207, Note_on_c, 0, 80, 0
2, 14400, Note_on_c, 0, 77, 88
2, 14400, Note_on_c, 0, 80, 88
2, 14400, Note_on_c, 0, 85, 88
2, 15360, Note_on_c, 0, 80, 0
2, 15360, Note_on_c, 0, 77, 0
2, 15360, Note_on_c, 0, 78, 62
2, 15360, Note_on_c, 0, 81, 62
2, 15600, Note_on_c, 0, 81, 0
2, 15600, Note_on_c, 0, 78, 0
2, 15600, Note_on_c, 0, 85, 0
2, 15600, Note_on_c, 0, 78, 62
2, 15600, Note_on_c, 0, 81, 62
2, 15600, Note_on_c, 0, 85, 62
2, 15647, Note_on_c, 0, 85, 0
2, 15647, Note_on_c, 0, 81, 0
2, 15647, Note_on_c, 0, 78, 0
2, 15840, Note_on_c, 0, 81, 62
2, 15840, Note_on_c, 0, 85, 62
2, 15840, Note_on_c, 0, 90, 62
2, 15887, Note_on_c, 0, 90, 0
2, 15887, Note_on_c, 0, 85, 0
2, 15887, Note_on_c, 0, 81, 0
2, 16080, Note_on_c, 0, 80, 62
2, 16080, Note_on_c, 0, 85, 62
2, 16080, Note_on_c, 0, 89, 62
2, 16127, Note_on_c, 0, 89, 0
2, 16127, Note_on_c, 0, 85, 0
2, 16127, Note_on_c, 0, 80, 0
2, 16320, Note_on_c, 0, 77, 88
2, 16320, Note_on_c, 0, 80, 88
2, 16320, Note_on_c, 0, 85, 88
2, 17280, Note_on_c, 0, 80, 0
2, 17280, Note_on_c, 0, 77, 0
2, 17280, Note_on_c, 0, 78, 62
2, 17280, Note_on_c, 0, 81, 62
2, 17520, Note_on_c, 0, 81, 0
2, 17520, Note_on_c, 0, 78, 0
2, 17520, Note_on_c, 0, 85, 0
2, 17520, Note_on_c, 0, 73, 62
2, 17567, Note_on_c, 0, 73, 0
2, 17760, Note_on_c, 0, 73, 62
2, 17807, Note_on_c, 0, 73, 0
2, 18000, Note_on_c, 0, 73, 62
2, 18047, Note_on_c, 0, 73, 0
2, 18240, Note_on_c, 0, 73, 62
2, 18287, Note_on_c, 0, 73, 0
2, 18480, Note_on_c, 0, 73, 62
2, 18527, Note_on_c, 0, 73, 0
2, 18720, Note_on_c, 0, 78, 62
2, 18840, Note_on_c, 0, 78, 0
2, 18840, Note_on_c, 0, 76, 62
2, 18960, Note_on_c, 0, 76, 0
2, 18960, Note_on_c, 0, 74, 62
2, 18983, Note_on_c, 0, 74, 0
2, 19080, Note_on_c, 0, 73, 62
2, 19103, Note_on_c, 0, 73, 0
2, 19200, Note_on_c, 0, 71, 62
2, 19440, Note_on_c, 0, 71, 0
2, 19440, Note_on_c, 0, 73, 88
2, 19920, Note_on_c, 0, 73, 0
2, 19920, Note_on_c, 0, 74, 88
2, 20400, Note_on_c, 0, 74, 0
2, 20400, Note_on_c, 0, 70, 88
2, 20880, Note_on_c, 0, 70, 0
2, 20880, Note_on_c, 0, 71, 88
2, 21360, Note_on_c, 0, 71, 0
2, 21360, Note_on_c, 0, 71, 62
2, 21407, Note_on_c, 0, 71, 0
2, 21600, Note_on_c, 0, 71, 62
2, 21647, Note_on_c, 0, 71, 0
2, 21840, Note_on_c, 0, 71, 62
2, 21887, Note_on_c, 0, 71, 0
2, 22080, Note_on_c, 0, 71, 62
2, 22127, Note_on_c, 0, 71, 0
2, 22320, Note_on_c, 0, 71, 62
2, 22367, Note_on_c, 0, 71, 0
2, 22560, Control_c, 0, 64, 127
2, 22560, Note_on_c, 0, 76, 62
2, 22680, Note_on_c, 0, 76, 0
2, 22680, Note_on_c, 0, 74, 62
2, 22800, Note_on_c, 0, 74, 0
2, 22800, Note_on_c, 0, 73, 62
2, 22920, Note_on_c, 0, 73, 0
2, 22920, Note_on_c, 0, 71, 62
2, 23040, Note_on_c, 0, 71, 0
2, 23040, Control_c, 0, 64, 0
2, 23040, Note_on_c, 0, 69, 62
2, 23280, Note_on_c, 0, 69, 0
2, 23280, Note_on_c, 0, 76, 62
2, 23327, Note_on_c, 0, 76, 0
2, 23520, Control_c, 0, 64, 127
2, 23520, Note_on_c, 0, 80, 62
2, 23640, Note_on_c, 0, 80, 0
2, 23640, Note_on_c, 0, 78, 62
2, 23760, Note_on_c, 0, 78, 0
2, 23760, Note_on_c, 0, 76, 62
2, 23880, Note_on_c, 0, 76, 0
2, 23880, Note_on_c, 0, 74, 62
2, 24000, Note_on_c, 0, 74, 0
2, 24000, Control_c, 0, 64, 0
2, 24000, Note_on_c, 0, 73, 62
2, 24240, Note_on_c, 0, 73, 0
2, 24240, Note_on_c, 0, 80, 62
2, 24287, Note_on_c, 0, 80, 0
2, 24480, Control_c, 0, 64, 127
2, 24480, Note_on_c, 0, 83, 62
2, 24600, Note_on_c, 0, 83, 0
2, 24600, Note_on_c, 0, 81, 62
2, 24720, Note_on_c, 0, 81, 0
2, 24720, Note_on_c, 0, 80, 62
2, 24840, Note_on_c, 0, 80, 0
2, 24840, Note_on_c, 0, 78, 62
2, 24960, Note_on_c, 0, 78, 0
2, 24960, Control_c, 0, 64, 0
2, 24960, Note_on_c, 0, 76, 62
2, 25200, Note_on_c, 0, 76, 0
2, 25200, Note_on_c, 0, 85, 62
2, 25247, Note_on_c, 0, 85, 0
2, 25440, Note_on_c, 0, 85, 62
2, 25487, Note_on_c, 0, 85, 0
2, 25680, Note_on_c, 0, 85, 62
2, 25727, Note_on_c, 0, 85, 0
2, 25920, Note_on_c, 0, 85, 62
2, 25967, Note_on_c, 0, 85, 0
2, 26160, Note_on_c, 0, 85, 62
2, 26207, Note_on_c, 0, 85, 0
2, 26400, Note_on_c, 0, 90, 62
2, 26520, Note_on_c, 0, 90, 0
2, 26520, Note_on_c, 0, 88, 62
2, 26640, Note_on_c, 0, 88, 0
2, 26640, Note_on_c, 0, 86, 62
2, 26663, Note_on_c, 0, 86, 0
2, 26760, Note_on_c, 0, 85, 62
2, 26783, Note_on_c, 0, 85, 0
2, 26880, Note_on_c, 0, 83, 62
2, 27120, Note_on_c, 0, 83, 0
2, 27120, Note_on_c, 0, 73, 88
2, 27120, Note_on_c, 0, 85, 88
2, 27600, Note_on_c, 0, 85, 0
2, 27600, Note_on_c, 0, 73, 0
2, 27600, Note_on_c, 0, 74, 88
2, 27600, Note_on_c, 0, 86, 88
2, 28080, Note_on_c, 0, 86, 0
2, 28080, Note_on_c, 0, 74, 0
2, 28080, Note_on_c, 0, 70, 88
2, 28080, Note_on_c, 0, 82, 88
2, 28560, Note_on_c, 0, 82, 0
2, 28560, Note_on_c, 0, 70, 0
2, 28560, Note_on_c, 0, 71, 88
2, 28560, Note_on_c, 0, 83, 88
2, 28800, Note_on_c, 0, 71, 0
2, 29040, Note_on_c, 0, 83, 0
2, 29040, Note_on_c, 0, 83, 62
2, 29087, Note_on_c, 0, 83, 0
2, 29280, Note_on_c, 0, 83, 62
2, 29327, Note_on_c, 0, 83, 0
2, 29520, Note_on_c, 0, 83, 62
2, 29567, Note_on_c, 0, 83, 0
2, 29760, Note_on_c, 0, 83, 62
2, 29807, Note_on_c, 0, 83, 0
2, 30000, Note_on_c, 0, 83, 62
2, 30047, Note_on_c, 0, 83, 0
2, 30240, Control_c, 0, 64, 127
2, 30240, Note_on_c, 0, 88, 62
2, 30360, Note_on_c, 0, 88, 0
2, 30360, Note_on_c, 0, 86, 62
2, 30480, Note_on_c, 0, 86, 0
2, 30480, Note_on_c, 0, 85, 62
2, 30503, Note_on_c, 0, 85, 0
2, 30600, Note_on_c, 0, 83, 62
2, 30623, Note_on_c, 0, 83, 0
2, 30720, Note_on_c, 0, 81, 62
2, 30767, Note_on_c, 0, 81, 0
2, 30960, Note_on_c, 0, 76, 62
2, 31007, Note_on_c, 0, 76, 0
2, 31200, Control_c, 0, 64, 127
2, 31200, Note_on_c, 0, 73, 62
2, 31320, Note_on_c, 0, 73, 0
2, 31320, Note_on_c, 0, 75, 62
2, 31440, Note_on_c, 0, 75, 0
2, 31440, Note_on_c, 0, 76, 62
2, 31560, Note_on_c, 0, 76, 0
2, 31560, Control_c, 0, 64, 0
2, 31560, Note_on_c, 0, 77, 62
2, 31680, Note_on_c, 0, 77, 0
2, 31680, Note_on_c, 0, 78, 62
2, 31727, Note_on_c, 0, 78, 0
2, 31920, Note_on_c, 0, 73, 62
2, 31967, Note_on_c, 0, 73, 0
2, 32160, Control_c, 0, 64, 127
2, 32160, Note_on_c, 0, 69, 62
2, 32280, Note_on_c, 0, 69, 0
2, 32280, Note_on_c, 0, 70, 62
2, 32400, Note_on_c, 0, 70, 0
2, 32400, Note_on_c, 0, 71, 62
2, 32520, Note_on_c, 0, 71, 0
2, 32520, Control_c, 0, 64, 0
2, 32520, Note_on_c, 0, 72, 62
2, 32640, Note_on_c, 0, 72, 0
2, 32640, Note_on_c, 0, 73, 62
2, 32880, Note_on_c, 0, 73, 0
2, 32880, Note_on_c, 0, 73, 62
2, 32927, Note_on_c, 0, 73, 0
2, 33120, Note_on_c, 0, 73, 62
2, 33167, Note_on_c, 0, 73, 0
2, 33360, Note_on_c, 0, 73, 62
2, 33407, Note_on_c, 0, 73, 0
2, 33600, Note_on_c, 0, 73, 62
2, 33647, Note_on_c, 0, 73, 0
2, 33840, Note_on_c, 0, 73, 62
2, 33887, Note_on_c, 0, 73, 0
2, 34080, Note_on_c, 0, 78, 62
2, 34200, Note_on_c, 0, 78, 0
2, 34200, Note_on_c, 0, 76, 62
2, 34320, Note_on_c, 0, 76, 0
2, 34320, Note_on_c, 0, 74, 62
2, 34343, Note_on_c, 0, 74, 0
2, 34440, Note_on_c, 0, 73, 62
2, 34463, Note_on_c, 0, 73, 0
2, 34560, Note_on_c, 0, 71, 62
2, 34800, Note_on_c, 0, 71, 0
2, 34800, Note_on_c, 0, 73, 88
2, 35280, Note_on_c, 0, 73, 0
2, 35280, Note_on_c, 0, 74, 88
2, 35760, Note_on_c, 0, 74, 0
2, 35760, Note_on_c, 0, 70, 88
2, 36240, Note_on_c, 0, 70, 0
2, 36240, Note_on_c, 0, 71, 88
2, 36720, Note_on_c, 0, 71, 0
2, 36720, Note_on_c, 0, 71, 62
2, 36767, Note_on_c, 0, 71, 0
2, 36960, Note_on_c, 0, 71, 62
2, 37007, Note_on_c, 0, 71, 0
2, 37200, Note_on_c, 0, 71, 62
2, 37247, Note_on_c, 0, 71, 0
2, 37440, Note_on_c, 0, 71, 62
2, 37487, Note_on_c, 0, 71, 0
2, 37680, Note_on_c, 0, 71, 62
2, 37727, Note_on_c, 0, 71, 0
2, 37920, Control_c, 0, 64, 127
2, 37920, Note_on_c, 0, 76, 62
2, 38040, Note_on_c, 0, 76, 0
2, 38040, Note_on_c, 0, 74, 62
2, 38160, Note_on_c, 0, 74, 0
2, 38160, Note_on_c, 0, 73, 62
2, 38280, Note_on_c, 0, 73, 0
2, 38280, Note_on_c, 0, 71, 62
2, 38400, Note_on_c, 0, 71, 0
2, 38400, Control_c, 0, 64, 0
2, 38400, Note_on_c, 0, 69, 62
2, 38640, Note_on_c, 0, 69, 0
2, 38640, Note_on_c, 0, 76, 62
2, 38687, Note_on_c, 0, 76, 0
2, 38880, Control_c, 0, 64, 127
2, 38880, Note_on_c, 0, 80, 62
2, 39000, Note_on_c, 0, 80, 0
2, 39000, Note_on_c, 0, 78, 62
2, 39120, Note_on_c, 0, 78, 0
2, 39120, Note_on_c, 0, 76, 62
2, 39240, Note_on_c, 0, 76, 0
2, 39240, Note_on_c, 0, 74, 62
2, 39360, Note_on_c, 0, 74, 0
2, 39360, Control_c, 0, 64, 0
2, 39360, Note_on_c, 0, 73, 62
2, 39600, Note_on_c, 0, 73, 0
2, 39600, Note_on_c, 0, 80, 62
2, 39647, Note_on_c, 0, 80, 0
2, 39840, Control_c, 0, 64, 127
2, 39840, Note_on_c, 0, 83, 62
2, 39960, Note_on_c, 0, 83, 0
2, 39960, Note_on_c, 0, 81, 62
2, 40080, Note_on_c, 0, 81, 0
2, 40080, Note_on_c, 0, 80, 62
2, 40200, Note_on_c, 0, 80, 0
2, 40200, Note_on_c, 0, 78, 62
2, 40320, Note_on_c, 0, 78, 0
2, 40320, Control_c, 0, 64, 0
2, 40320, Note_on_c, 0, 76, 62
2, 40560, Note_on_c, 0, 76, 0
2, 40560, Note_on_c, 0, 85, 62
2, 40607, Note_on_c, 0, 85, 0
2, 40800, Note_on_c, 0, 85, 62
2, 40847, Note_on_c, 0, 85, 0
2, 41040, Note_on_c, 0, 85, 62
2, 41087, Note_on_c, 0, 85, 0
2, 41280, Note_on_c, 0, 85, 62
2, 41327, Note_on_c, 0, 85, 0
2, 41520, Note_on_c, 0, 85, 62
2, 41567, Note_on_c, 0, 85, 0
2, 41760, Note_on_c, 0, 90, 62
2, 41880, Note_on_c, 0, 90, 0
2, 41880, Note_on_c, 0, 88, 62
2, 42000, Note_on_c, 0, 88, 0
2, 42000, Note_on_c, 0, 86, 62
2, 42023, Note_on_c, 0, 86, 0
2, 42120, Note_on_c, 0, 85, 62
2, 42143, Note_on_c, 0, 85, 0
2, 42240, Note_on_c, 0, 83, 62
2, 42480, Note_on_c, 0, 83, 0
2, 42480, Note_on_c, 0, 85, 88
2, 42960, Note_on_c, 0, 85, 0
2, 42960, Note_on_c, 0, 86, 88
2, 43440, Note_on_c, 0, 86, 0
2, 43440, Note_on_c, 0, 82, 88
2, 43920, Note_on_c, 0, 82, 0
2, 43920, Note_on_c, 0, 83, 88
2, 44400, Note_on_c, 0, 83, 0
2, 44400, Note_on_c, 0, 83, 62
2, 44447, Note_on_c, 0, 83, 0
2, 44640, Note_on_c, 0, 83, 62
2, 44687, Note_on_c, 0, 83, 0
2, 44880, Note_on_c, 0, 83, 62
2, 44927, Note_on_c, 0, 83, 0
2, 45120, Note_on_c, 0, 83, 62
2, 45167, Note_on_c, 0, 83, 0
2, 45360, Note_on_c, 0, 83, 62
2, 45407, Note_on_c, 0, 83, 0
2, 45600, Control_c, 0, 64, 127
2, 45600, Note_on_c, 0, 88, 62
2, 45720, Note_on_c, 0, 88, 0
2, 45720, Note_on_c, 0, 86, 62
2, 45840, Note_on_c, 0, 86, 0
2, 45840, Note_on_c, 0, 85, 62
2, 45863, Note_on_c, 0, 85, 0
2, 45960, Note_on_c, 0, 83, 62
2, 45983, Note_on_c, 0, 83, 0
2, 46080, Note_on_c, 0, 81, 62
2, 46320, Note_on_c, 0, 81, 0
2, 46320, Note_on_c, 0, 78, 62
2, 46560, Note_on_c, 0, 78, 0
2, 46560, Control_c, 0, 64, 127
2, 46560, Note_on_c, 0, 80, 62
2, 46680, Note_on_c, 0, 80, 0
2, 46680, Note_on_c, 0, 81, 62
2, 46800, Note_on_c, 0, 81, 0
2, 46800, Note_on_c, 0, 83, 62
2, 46920, Note_on_c, 0, 83, 0
2, 46920, Note_on_c, 0, 84, 62
2, 47040, Note_on_c, 0, 84, 0
2, 47040, Control_c, 0, 64, 0
2, 47040, Note_on_c, 0, 85, 62
2, 47280, Note_on_c, 0, 85, 0
2, 47280, Note_on_c, 0, 73, 62
2, 47520, Note_on_c, 0, 73, 0
2, 47520, Control_c, 0, 64, 127
2, 47520, Note_on_c, 0, 74, 62
2, 47640, Note_on_c, 0, 74, 0
2, 47640, Note_on_c, 0, 75, 62
2, 47760, Note_on_c, 0, 75, 0
2, 47760, Note_on_c, 0, 76, 62
2, 47880, Note_on_c, 0, 76, 0
2, 47880, Note_on_c, 0, 77, 62
2, 48000, Note_on_c, 0, 77, 0
2, 48000, Control_c, 0, 64, 0
2, 48000, Note_on_c, 0, 78, 62
2, 48240, Note_on_c, 0, 78, 0
2, 48240, Note_on_c, 0, 66, 62
2, 48240, Note_on_c, 0, 69, 62
2, 48287, Note_on_c, 0, 69, 0
2, 48287, Note_on_c, 0, 66, 0
2, 48480, Note_on_c, 0, 66, 62
2, 48480, Note_on_c, 0, 69, 62
2, 48527, Note_on_c, 0, 69, 0
2, 48527, Note_on_c, 0, 66, 0
2, 48720, Note_on_c, 0, 66, 62
2, 48720, Note_on_c, 0, 69, 62
2, 48767, Note_on_c, 0, 69, 0
2, 48767, Note_on_c, 0, 66, 0
2, 48960, Note_on_c, 0, 66, 62
2, 48960, Note_on_c, 0, 69, 62
2, 49320, Note_on_c, 0, 69, 0
2, 49320, Note_on_c, 0, 66, 0
2, 49320, Note_on_c, 0, 65, 62
2, 49320, Note_on_c, 0, 68, 62
2, 49380, Note_on_c, 0, 68, 0
2, 49380, Note_on_c, 0, 65, 0
2, 49380, Note_on_c, 0, 66, 62
2, 49380, Note_on_c, 0, 69, 62
2, 49440, Note_on_c, 0, 69, 0
2, 49440, Note_on_c, 0, 66, 0
2, 49440, Note_on_c, 0, 68, 62
2, 49440, Note_on_c, 0, 71, 62
2, 49487, Note_on_c, 0, 71, 0
2, 49487, Note_on_c, 0, 68, 0
2, 49680, Note_on_c, 0, 66, 62
2, 49680, Note_on_c, 0, 69, 62
2, 49727, Note_on_c, 0, 69, 0
2, 49727, Note_on_c, 0, 66, 0
2, 49920, Note_on_c, 0, 65, 62
2, 49920, Note_on_c, 0, 68, 62
2, 49967, Note_on_c, 0, 68, 0
2, 49967, Note_on_c, 0, 65, 0
2, 50160, Note_on_c, 0, 68, 62
2, 50160, Note_on_c, 0, 71, 62
2, 50207, Note_on_c, 0, 71, 0
2, 50207, Note_on_c, 0, 68, 0
2, 50400, Note_on_c, 0, 68, 62
2, 50400, Note_on_c, 0, 71, 62
2, 50447, Note_on_c, 0, 71, 0
2, 50447, Note_on_c, 0, 68, 0
2, 50640, Note_on_c, 0, 68, 62
2, 50640, Note_on_c, 0, 71, 62
2, 50687, Note_on_c, 0, 71, 0
2, 50687, Note_on_c, 0, 68, 0
2, 50880, Note_on_c, 0, 68, 62
2, 50880, Note_on_c, 0, 71, 62
2, 51240, Note_on_c, 0, 71, 0
2, 51240, Note_on_c, 0, 68, 0
2, 51240, Note_on_c, 0, 66, 62
2, 51240, Note_on_c, 0, 69, 62
2, 51300, Note_on_c, 0, 69, 0
2, 51300, Note_on_c, 0, 66, 0
2, 51300, Note_on_c, 0, 68, 62
2, 51300, Note_on_c, 0, 71, 62
2, 51360, Note_on_c, 0, 71, 0
2, 51360, Note_on_c, 0, 68, 0
2, 51360, Note_on_c, 0, 69, 62
2, 51360, Note_on_c, 0, 73, 62
2, 51407, Note_on_c, 0, 73, 0
2, 51407, Note_on_c, 0, 69, 0
2, 51600, Note_on_c, 0, 68, 62
2, 51600, Note_on_c, 0, 71, 62
2, 51647, Note_on_c, 0, 71, 0
2, 51647, Note_on_c, 0, 68, 0
2, 51840, Note_on_c, 0, 66, 62
2, 51840, Note_on_c, 0, 69, 62
2, 51887, Note_on_c, 0, 69, 0
2, 51887, Note_on_c, 0, 66, 0
2, 52080, Note_on_c, 0, 66, 62
2, 52080, Note_on_c, 0, 69, 62
2, 52080, Note_on_c, 0, 73, 62
2, 52127, Note_on_c, 0, 73, 0
2, 52127, Note_on_c, 0, 69, 0
2, 52127, Note_on_c, 0, 66, 0
2, 52320, Note_on_c, 0, 69, 62
2, 52320, Note_on_c, 0, 73, 62
2, 52320, Note_on_c, 0, 78, 62
2, 52367, Note_on_c, 0, 78, 0
2, 52367, Note_on_c, 0, 73, 0
2, 52367, Note_on_c, 0, 69, 0
2, 52560, Note_on_c, 0, 68, 62
2, 52560, Note_on_c, 0, 73, 62
2, 52560, Note_on_c, 0, 77, 62
2, 52607, Note_on_c, 0, 77, 0
2, 52607, Note_on_c, 0, 73, 0
2, 52607, Note_on_c, 0, 68, 0
2, 52800, Note_on_c, 0, 65, 88
2, 52800, Note_on_c, 0, 68, 88
2, 52800, Note_on_c, 0, 73, 88
2, 53760, Note_on_c, 0, 68, 0
2, 53760, Note_on_c, 0, 65, 0
2, 53760, Note_on_c, 0, 69, 62
2, 54000, Note_on_c, 0, 69, 0
2, 54000, Note_on_c, 0, 73, 0
2, 54000, Note_on_c, 0, 66, 62
2, 54000, Note_on_c, 0, 69, 62
2, 54000, Note_on_c, 0, 73, 62
2, 54047, Note_on_c, 0, 73, 0
2, 54047, Note_on_c, 0, 69, 0
2, 54047, Note_on_c, 0, 66, 0
2, 54240, Note_on_c, 0, 69, 62
2, 54240, Note_on_c, 0, 73, 62
2, 54240, Note_on_c, 0, 78, 62
2, 54287, Note_on_c, 0, 78, 0
2, 54287, Note_on_c, 0, 73, 0
2, 54287, Note_on_c, 0, 69, 0
2, 54480, Note_on_c, 0, 68, 62
2, 54480, Note_on_c, 0, 73, 62
2, 54480, Note_on_c, 0, 77, 62
2, 54527, Note_on_c, 0, 77, 0
2, 54527, Note_on_c, 0, 73, 0
2, 54527, Note_on_c, 0, 68, 0
2, 54720, Note_on_c, 0, 65, 88
2, 54720, Note_on_c, 0, 68, 88
2, 54720, Note_on_c, 0, 73, 88
2, 55680, Note_on_c, 0, 68, 0
2, 55680, Note_on_c, 0, 65, 0
2, 55680, Note_on_c, 0, 69, 62
2, 55920, Note_on_c, 0, 69, 0
2, 55920, Note_on_c, 0, 73, 0
2, 55920, Note_on_c, 0, 78, 62
2, 55920, Note_on_c, 0, 81, 62
2, 55967, Note_on_c, 0, 81, 0
2, 55967, Note_on_c, 0, 78, 0
2, 56160, Note_on_c, 0, 78, 62
2, 56160, Note_on_c, 0, 81, 62
2, 56207, Note_on_c, 0, 81, 0
2, 56207, Note_on_c, 0, 78, 0
2, 56400, Note_on_c, 0, 78, 62
2, 56400, Note_on_c, 0, 81, 62
2, 56447, Note_on_c, 0, 81, 0
2, 56447, Note_on_c, 0, 78, 0
2, 56640, Note_on_c, 0, 78, 62
2, 56640, Note_on_c, 0, 81, 62
2, 57000, Note_on_c, 0, 81, 0
2, 57000, Note_on_c, 0, 78, 0
2, 57000, Note_on_c, 0, 77, 62
2, 57000, Note_on_c, 0, 80, 62
2, 57060, Note_on_c, 0, 80, 0
2, 57060, Note_on_c, 0, 77, 0
2, 57060, Note_on_c, 0, 78, 62
2, 57060, Note_on_c, 0, 81, 62
2, 57120, Note_on_c, 0, 81, 0
2, 57120, Note_on_c, 0, 78, 0
2, 57120, Note_on_c, 0, 80, 62
2, 57120, Note_on_c, 0, 83, 62
2, 57167, Note_on_c, 0, 83, 0
2, 57167, Note_on_c, 0, 80, 0
2, 57360, Note_on_c, 0, 78, 62
2, 57360, Note_on_c, 0, 81, 62
2, 57407, Note_on_c, 0, 81, 0
2, 57407, Note_on_c, 0, 78, 0
2, 57600, Note_on_c, 0, 77, 62
2, 57600, Note_on_c, 0, 80, 62
2, 57647, Note_on_c, 0, 80, 0
2, 57647, Note_on_c, 0, 77, 0
2, 57840, Note_on_c, 0, 80, 62
2, 57840, Note_on_c, 0, 83, 62
2, 57887, Note_on_c, 0, 83, 0
2, 57887, Note_on_c, 0, 80, 0
2, 58080, Note_on_c, 0, 80, 62
2, 58080, Note_on_c, 0, 83, 62
2, 58127, Note_on_c, 0, 83, 0
2, 58127, Note_on_c, 0, 80, 0
2, 58320, Note_on_c, 0, 80, 62
2, 58320, Note_on_c, 0, 83, 62
2, 58367, Note_on_c, 0, 83, 0
2, 58367, Note_on_c, 0, 80, 0
2, 58560, Note_on_c, 0, 80, 62
2, 58560, Note_on_c, 0, 83, 62
2, 58920, Note_on_c, 0, 83, 0
2, 58920, Note_on_c, 0, 80, 0
2, 58920, Note_on_c, 0, 78, 62
2, 58920, Note_on_c, 0, 81, 62
2, 58980, Note_on_c, 0, 81, 0
2, 58980, Note_on_c, 0, 78, 0
2, 58980, Note_on_c, 0, 80, 62
2, 58980, Note_on_c, 0, 83, 62
2, 59040, Note_on_c, 0, 83, 0
2, 59040, Note_on_c, 0, 80, 0
2, 59040, Note_on_c, 0, 81, 62
2, 59040, Note_on_c, 0, 85, 62
2, 59087, Note_on_c, 0, 85, 0
2, 59087, Note_on_c, 0, 81, 0
2, 59280, Note_on_c, 0, 80, 62
2, 59280, Note_on_c, 0, 83, 62
2, 59327, Note_on_c, 0, 83, 0
2, 59327, Note_on_c, 0, 80, 0
2, 59520, Note_on_c, 0, 78, 62
2, 59520, Note_on_c, 0, 81, 62
2, 59567, Note_on_c, 0, 81, 0
2, 59567, Note_on_c, 0, 78, 0
2, 59760, Note_on_c, 0, 78, 62
2, 59760, Note_on_c, 0, 81, 62
2, 59760, Note_on_c, 0, 85, 62
2, 59807, Note_on_c, 0, 85, 0
2, 59807, Note_on_c, 0, 81, 0
2, 59807, Note_on_c, 0, 78, 0
2, 60000, Note_on_c, 0, 81, 62
2, 60000, Note_on_c, 0, 85, 62
2, 60000, Note_on_c, 0, 90, 62
2, 60047, Note_on_c, 0, 90, 0
2, 60047, Note_on_c, 0, 85, 0
2, 60047, Note_on_c, 0, 81, 0
2, 60240, Note_on_c, 0, 80, 62
2, 60240, Note_on_c, 0, 85, 62
2, 60240, Note_on_c, 0, 89, 62
2, 60287, Note_on_c, 0, 89, 0
2, 60287, Note_on_c, 0, 85, 0
2, 60287, Note_on_c, 0, 80, 0
2, 60480, Note_on_c, 0, 77, 88
2, 60480, Note_on_c, 0, 80, 88
2, 60480, Note_on_c, 0, 85, 88
2, 61440, Note_on_c, 0, 80, 0
2, 61440, Note_on_c, 0, 77, 0
2, 61440, Note_on_c, 0, 78, 62
2, 61440, Note_on_c, 0, 81, 62
2, 61680, Note_on_c, 0, 81, 0
2, 61680, Note_on_c, 0, 78, 0
2, 61680, Note_on_c, 0, 85, 0
2, 61680, Note_on_c, 0, 78, 62
2, 61680, Note_on_c, 0, 81, 62
2, 61680, Note_on_c, 0, 85, 62
2, 61727, Note_on_c, 0, 85, 0
2, 61727, Note_on_c, 0, 81, 0
2, 61727, Note_on_c, 0, 78, 0
2, 61920, Note_on_c, 0, 81, 62
2, 61920, Note_on_c, 0, 85, 62
2, 61920, Note_on_c, 0, 90, 62
2, 61967, Note_on_c, 0, 90, 0
2, 61967, Note_on_c, 0, 85, 0
2, 61967, Note_on_c, 0, 81, 0
2, 62160, Note_on_c, 0, 80, 62
2, 62160, Note_on_c, 0, 85, 62
2, 62160, Note_on_c, 0, 89, 62
2, 62207, Note_on_c, 0, 89, 0
2, 62207, Note_on_c, 0, 85, 0
2, 62207, Note_on_c, 0, 80, 0
2, 62400, Note_on_c, 0, 77, 88
2, 62400, Note_on_c, 0, 80, 88
2, 62400, Note_on_c, 0, 85, 88
2, 63360, Note_on_c, 0, 80, 0
2, 63360, Note_on_c, 0, 77, 0
2, 63360, Note_on_c, 0, 78, 62
2, 63360, Note_on_c, 0, 81, 62
2, 63600, Note_on_c, 0, 81, 0
2, 63600, Note_on_c, 0, 78, 0
2, 63600, Note_on_c, 0, 85, 0
2, 63600, Note_on_c, 0, 69, 62
2, 63600, Note_on_c, 0, 73, 62
2, 63600, Note_on_c, 0, 78, 62
2, 63840, Note_on_c, 0, 78, 0
2, 63840, Note_on_c, 0, 73, 0
2, 63840, Note_on_c, 0, 69, 0
2, 63840, Note_on_c, 0, 68, 62
2, 63840, Note_on_c, 0, 71, 62
2, 63840, Note_on_c, 0, 77, 62
2, 64080, Note_on_c, 0, 77, 0
2, 64080, Note_on_c, 0, 71, 0
2, 64080, Note_on_c, 0, 68, 0
2, 64080, Note_on_c, 0, 65, 62
2, 64080, Note_on_c, 0, 71, 62
2, 64080, Note_on_c, 0, 73, 62
2, 64320, Note_on_c, 0, 73, 0
2, 64320, Note_on_c, 0, 71, 0
2, 64320, Note_on_c, 0, 65, 0
2, 64320, Note_on_c, 0, 66, 62
2, 64320, Note_on_c, 0, 69, 62
2, 64320, Note_on_c, 0, 78, 62
2, 64560, Note_on_c, 0, 78, 0
2, 64560, Note_on_c, 0, 69, 0
2, 64560, Note_on_c, 0, 66, 0
2, 64560, Note_on_c, 0, 69, 62
2, 64560, Note_on_c, 0, 73, 62
2, 64560, Note_on_c, 0, 78, 62
2, 64800, Note_on_c, 0, 78, 0
2, 64800, Note_on_c, 0, 73, 0
2, 64800, Note_on_c, 0, 69, 0
2, 64800, Note_on_c, 0, 68, 62
2, 64800, Note_on_c, 0, 71, 62
2, 64800, Note_on_c, 0, 77, 62
2, 65040, Note_on_c, 0, 77, 0
2, 65040, Note_on_c, 0, 71, 0
2, 65040, Note_on_c, 0, 68, 0
2, 65040, Note_on_c, 0, 65, 62
2, 65040, Note_on_c, 0, 71, 62
2, 65040, Note_on_c, 0, 73, 62
2, 65280, Note_on_c, 0, 73, 0
2, 65280, Note_on_c, 0, 71, 0
2, 65280, Note_on_c, 0, 65, 0
2, 65280, Note_on_c, 0, 66, 62
2, 65280, Note_on_c, 0, 69, 62
2, 65280, Note_on_c, 0, 78, 62
2, 65520, Note_on_c, 0, 78, 0
2, 65520, Note_on_c, 0, 69, 0
2, 65520, Note_on_c, 0, 66, 0
2, 65520, Note_on_c, 0, 66, 62
2, 65520, Note_on_c, 0, 69, 62
2, 65520, Note_on_c, 0, 73, 62
2, 66000, Note_on_c, 0, 73, 0
2, 66000, Note_on_c, 0, 69, 0
2, 66000, Note_on_c, 0, 66, 0
2, 66000, Note_on_c, 0, 62, 62
2, 66000, Note_on_c, 0, 65, 62
2, 66000, Note_on_c, 0, 71, 62
2, 66480, Note_on_c, 0, 71, 0
2, 66480, Note_on_c, 0, 65, 0
2, 66480, Note_on_c, 0, 62, 0
2, 66480, Note_on_c, 0, 61, 62
2, 66480, Note_on_c, 0, 66, 62
2, 66480, Note_on_c, 0, 69, 62
2, 66960, Note_on_c, 0, 69, 0
2, 66960, Note_on_c, 0, 66, 0
2, 66960, Note_on_c, 0, 61, 0
2, 66960, Note_on_c, 0, 59, 62
2, 66960, Note_on_c, 0, 65, 62
2, 66960, Note_on_c, 0, 68, 62
2, 67200, Note_on_c, 0, 68, 0
2, 67200, Note_on_c, 0, 65, 0
2, 67200, Note_on_c, 0, 59, 0
2, 67200, Note_on_c, 0, 57, 62
2, 67200, Note_on_c, 0, 61, 62
2, 67200, Note_on_c, 0, 66, 62
2, 67440, Note_on_c, 0, 66, 0
2, 67440, Note_on_c, 0, 61, 0
2, 67440, Note_on_c, 0, 57, 0
2, 67440, Note_on_c, 0, 81, 62
2, 67440, Note_on_c, 0, 85, 62
2, 67440, Note_on_c, 0, 90, 62
2, 67680, Note_on_c, 0, 90, 0
2, 67680, Note_on_c, 0, 85, 0
2, 67680, Note_on_c, 0, 81, 0
2, 67680, Note_on_c, 0, 80, 62
2, 67680, Note_on_c, 0, 83, 62
2, 67680, Note_on_c, 0, 89, 62
2, 67920, Note_on_c, 0, 89, 0
2, 67920, Note_on_c, 0, 83, 0
2, 67920, Note_on_c, 0, 80, 0
2, 67920, Note_on_c, 0, 77, 62
2, 67920, Note_on_c, 0, 83, 62
2, 67920, Note_on_c, 0, 85, 62
2, 68160, Note_on_c, 0, 85, 0
2, 68160, Note_on_c, 0, 83, 0
2, 68160, Note_on_c, 0, 77, 0
2, 68160, Note_on_c, 0, 78, 62
2, 68160, Note_on_c, 0, 81, 62
2, 68160, Note_on_c, 0, 90, 62
2, 68400, Note_on_c, 0, 90, 0
2, 68400, Note_on_c, 0, 81, 0
2, 68400, Note_on_c, 0, 78, 0
2, 68400, Note_on_c, 0, 81, 62
2, 68400, Note_on_c, 0, 85, 62
2, 68400, Note_on_c, 0, 90, 62
2, 68640, Note_on_c, 0, 90, 0
2, 68640, Note_on_c, 0, 85, 0
2, 68640, Note_on_c, 0, 81, 0
2, 68640, Note_on_c, 0, 80, 62
2, 68640, Note_on_c, 0, 83, 62
2, 68640, Note_on_c, 0, 89, 62
2, 68880, Note_on_c, 0, 89, 0
2, 68880, Note_on_c, 0, 83, 0
2, 68880, Note_on_c, 0, 80, 0
2, 68880, Note_on_c, 0, 77, 62
2, 68880, Note_on_c, 0, 83, 62
2, 68880, Note_on_c, 0, 85, 62
2, 69120, Note_on_c, 0, 85, 0
2, 69120, Note_on_c, 0, 83, 0
2, 69120, Note_on_c, 0, 77, 0
2, 69120, Note_on_c, 0, 78, 62
2, 69120, Note_on_c, 0, 81, 62
2, 69120, Note_on_c, 0, 90, 62
2, 69360, Note_on_c, 0, 90, 0
2, 69360, Note_on_c, 0, 81, 0
2, 69360, Note_on_c, 0, 78, 0
2, 69360, Note_on_c, 0, 78, 62
2, 69360, Note_on_c, 0, 81, 62
2, 69360, Note_on_c, 0, 85, 62
2, 69840, Note_on_c, 0, 85, 0
2, 69840, Note_on_c, 0, 81, 0
2, 69840, Note_on_c, 0, 78, 0
2, 69840, Note_on_c, 0, 74, 62
2, 69840, Note_on_c, 0, 77, 62
2, 69840, Note_on_c, 0, 83, 62
2, 70320, Note_on_c, 0, 83, 0
2, 70320, Note_on_c, 0, 77, 0
2, 70320, Note_on_c, 0, 74, 0
2, 70320, Note_on_c, 0, 73, 62
2, 70320, Note_on_c, 0, 78, 62
2, 70320, Note_on_c, 0, 81, 62
2, 70800, Note_on_c, 0, 81, 0
2, 70800, Note_on_c, 0, 78, 0
2, 70800, Note_on_c, 0, 73, 0
2, 70800, Note_on_c, 0, 71, 62
2, 70800, Note_on_c, 0, 77, 62
2, 70800, Note_on_c, 0, 80, 62
2, 71040, Note_on_c, 0, 80, 0
2, 71040, Note_on_c, 0, 77, 0
2, 71040, Note_on_c, 0, 71, 0
2, 71040, Note_on_c, 0, 69, 101
2, 71040, Note_on_c, 0, 73, 101
2, 71040, Note_on_c, 0, 78, 101
2, 71280, Note_on_c, 0, 78, 0
2, 71280, Note_on_c, 0, 73, 0
2, 71280, Note_on_c, 0, 69, 0
2, 71280, Note_on_c, 0, 77, 101
2, 71280, Note_on_c, 0, 80, 101
2, 71280, Note_on_c, 0, 85, 101
2, 71280, Note_on_c, 0, 89, 101
2, 71520, Note_on_c, 0, 89, 0
2, 71520, Note_on_c, 0, 77, 0
2, 71520, Note_on_c, 0, 80, 0
2, 71520, Note_on_c, 0, 85, 0
2, 71520, Note_on_c, 0, 78, 127
2, 71520, Note_on_c, 0, 81, 127
2, 71520, Note_on_c, 0, 85, 127
2, 71520, Note_on_c, 0, 90, 127
2, 72000, Note_on_c, 0, 90, 0
2, 72000, Note_on_c, 0, 78, 0
2, 72000, Note_on_c, 0, 81, 0
2, 72000, Note_on_c, 0, 85, 0
2, 72000, Control_c, 0, 64, 127
2, 74400, Control_c, 0, 64, 0
2, 74400, End_track
3, 0, Start_track
3, 0, Title_t, "Grand Piano"
3, 0, Program_c, 0, 0
3, 0, Control_c, 0, 7, 115
3, 0, Control_c, 0, 10, 79
3, 6960, Control_c, 0, 64, 127
3, 6960, Note_on_c, 0, 68, 62
3, 7200, Note_on_c, 0, 68, 0
3, 7200, Note_on_c, 0, 73, 62
3, 7320, Note_on_c, 0, 73, 0
3, 7320, Note_on_c, 0, 71, 62
3, 7440, Note_on_c, 0, 71, 0
3, 7440, Note_on_c, 0, 69, 62
3, 7560, Note_on_c, 0, 69, 0
3, 7560, Note_on_c, 0, 68, 62
3, 7680, Note_on_c, 0, 68, 0
3, 7680, Control_c, 0, 64, 0
3, 7680, Note_on_c, 0, 66, 62
3, 7920, Note_on_c, 0, 66, 0
3, 8880, Control_c, 0, 64, 127
3, 8880, Note_on_c, 0, 68, 62
3, 9120, Note_on_c, 0, 68, 0
3, 9120, Note_on_c, 0, 73, 62
3, 9240, Note_on_c, 0, 73, 0
3, 9240, Note_on_c, 0, 71, 62
3, 9360, Note_on_c, 0, 71, 0
3, 9360, Note_on_c, 0, 69, 62
3, 9480, Note_on_c, 0, 69, 0
3, 9480, Note_on_c, 0, 68, 62
3, 9600, Note_on_c, 0, 68, 0
3, 9600, Control_c, 0, 64, 0
3, 9600, Note_on_c, 0, 66, 62
3, 9840, Note_on_c, 0, 66, 0
3, 17520, Note_on_c, 0, 69, 49
3, 17760, Note_on_c, 0, 69, 0
3, 18000, Note_on_c, 0, 67, 49
3, 18240, Note_on_c, 0, 67, 0
3, 18480, Note_on_c, 0, 66, 49
3, 18720, Note_on_c, 0, 66, 0
3, 18960, Note_on_c, 0, 66, 49
3, 19200, Note_on_c, 0, 66, 0
3, 19200, Note_on_c, 0, 66, 49
3, 19440, Note_on_c, 0, 66, 0
3, 21120, Note_on_c, 0, 66, 49
3, 21360, Note_on_c, 0, 66, 0
3, 21360, Note_on_c, 0, 66, 49
3, 21600, Note_on_c, 0, 66, 0
3, 21840, Note_on_c, 0, 65, 49
3, 22080, Note_on_c, 0, 65, 0
3, 22320, Note_on_c, 0, 64, 49
3, 22560, Note_on_c, 0, 64, 0
3, 22800, Note_on_c, 0, 64, 49
3, 23040, Note_on_c, 0, 64, 0
3, 53040, Control_c, 0, 64, 127
3, 53040, Note_on_c, 0, 68, 62
3, 53280, Note_on_c, 0, 68, 0
3, 53280, Note_on_c, 0, 73, 62
3, 53400, Note_on_c, 0, 73, 0
3, 53400, Note_on_c, 0, 71, 62
3, 53520, Note_on_c, 0, 71, 0
3, 53520, Note_on_c, 0, 69, 62
3, 53640, Note_on_c, 0, 69, 0
3, 53640, Note_on_c, 0, 68, 62
3, 53760, Note_on_c, 0, 68, 0
3, 53760, Control_c, 0, 64, 0
3, 53760, Note_on_c, 0, 66, 62
3, 54000, Note_on_c, 0, 66, 0
3, 54960, Control_c, 0, 64, 127
3, 54960, Note_on_c, 0, 68, 62
3, 55200, Note_on_c, 0, 68, 0
3, 55200, Note_on_c, 0, 73, 62
3, 55320, Note_on_c, 0, 73, 0
3, 55320, Note_on_c, 0, 71, 62
3, 55440, Note_on_c, 0, 71, 0
3, 55440, Note_on_c, 0, 69, 62
3, 55560, Note_on_c, 0, 69, 0
3, 55560, Note_on_c, 0, 68, 62
3, 55680, Note_on_c, 0, 68, 0
3, 55680, Control_c, 0, 64, 0
3, 55680, Note_on_c, 0, 66, 62
3, 55920, Note_on_c, 0, 66, 0
3, 55920, End_track
4, 0, Start_track
4, 0, Title_t, "Grand Piano"
4, 0, Program_c, 0, 0
4, 0, Control_c, 0, 7, 115
4, 0, Control_c, 0, 10, 41
4, 0, Note_on_c, 0, 42, 62
4, 47, Note_on_c, 0, 42, 0
4, 240, Note_on_c, 0, 49, 62
4, 287, Note_on_c, 0, 49, 0
4, 480, Note_on_c, 0, 42, 62
4, 527, Note_on_c, 0, 42, 0
4, 720, Note_on_c, 0, 49, 62
4, 767, Note_on_c, 0, 49, 0
4, 960, Note_on_c, 0, 42, 62
4, 1007, Note_on_c, 0, 42, 0
4, 1200, Note_on_c, 0, 49, 62
4, 1247, Note_on_c, 0, 49, 0
4, 1440, Note_on_c, 0, 42, 62
4, 1487, Note_on_c, 0, 42, 0
4, 1680, Note_on_c, 0, 49, 62
4, 1727, Note_on_c, 0, 49, 0
4, 1920, Note_on_c, 0, 42, 62
4, 1967, Note_on_c, 0, 42, 0
4, 2160, Note_on_c, 0, 49, 62
4, 2207, Note_on_c, 0, 49, 0
4, 2400, Note_on_c, 0, 42, 62
4, 2447, Note_on_c, 0, 42, 0
4, 2640, Note_on_c, 0, 49, 62
4, 2687, Note_on_c, 0, 49, 0
4, 2880, Note_on_c, 0, 42, 62
4, 2927, Note_on_c, 0, 42, 0
4, 3120, Note_on_c, 0, 49, 62
4, 3167, Note_on_c, 0, 49, 0
4, 3360, Note_on_c, 0, 42, 62
4, 3407, Note_on_c, 0, 42, 0
4, 3600, Note_on_c, 0, 49, 62
4, 3647, Note_on_c, 0, 49, 0
4, 3840, Note_on_c, 0, 42, 62
4, 3887, Note_on_c, 0, 42, 0
4, 4080, Note_on_c, 0, 49, 62
4, 4127, Note_on_c, 0, 49, 0
4, 4320, Note_on_c, 0, 42, 62
4, 4367, Note_on_c, 0, 42, 0
4, 4560, Note_on_c, 0, 49, 62
4, 4607, Note_on_c, 0, 49, 0
4, 4800, Note_on_c, 0, 42, 62
4, 4847, Note_on_c, 0, 42, 0
4, 5040, Note_on_c, 0, 49, 62
4, 5087, Note_on_c, 0, 49, 0
4, 5280, Note_on_c, 0, 42, 62
4, 5327, Note_on_c, 0, 42, 0
4, 5520, Note_on_c, 0, 49, 62
4, 5567, Note_on_c, 0, 49, 0
4, 5760, Note_on_c, 0, 42, 62
4, 5807, Note_on_c, 0, 42, 0
4, 6000, Note_on_c, 0, 49, 62
4, 6047, Note_on_c, 0, 49, 0
4, 6240, Note_on_c, 0, 42, 62
4, 6287, Note_on_c, 0, 42, 0
4, 6480, Note_on_c, 0, 49, 62
4, 6527, Note_on_c, 0, 49, 0
4, 6720, Note_on_c, 0, 42, 62
4, 6767, Note_on_c, 0, 42, 0
4, 6960, Note_on_c, 0, 49, 62
4, 7007, Note_on_c, 0, 49, 0
4, 7200, Note_on_c, 0, 42, 62
4, 7247, Note_on_c, 0, 42, 0
4, 7440, Note_on_c, 0, 49, 62
4, 7487, Note_on_c, 0, 49, 0
4, 7680, Note_on_c, 0, 42, 62
4, 7727, Note_on_c, 0, 42, 0
4, 7920, Note_on_c, 0, 49, 62
4, 7967, Note_on_c, 0, 49, 0
4, 8160, Note_on_c, 0, 42, 62
4, 8207, Note_on_c, 0, 42, 0
4, 8400, Note_on_c, 0, 49, 62
4, 8447, Note_on_c, 0, 49, 0
4, 8640, Note_on_c, 0, 42, 62
4, 8687, Note_on_c, 0, 42, 0
4, 8880, Note_on_c, 0, 49, 62
4, 8927, Note_on_c, 0, 49, 0
4, 9120, Note_on_c, 0, 42, 62
4, 9167, Note_on_c, 0, 42, 0
4, 9360, Note_on_c, 0, 49, 62
4, 9407, Note_on_c, 0, 49, 0
4, 9600, Note_on_c, 0, 42, 62
4, 9647, Note_on_c, 0, 42, 0
4, 9840, Note_on_c, 0, 49, 62
4, 9887, Note_on_c, 0, 49, 0
4, 10080, Note_on_c, 0, 42, 62
4, 10127, Note_on_c, 0, 42, 0
4, 10320, Note_on_c, 0, 49, 62
4, 10367, Note_on_c, 0, 49, 0
4, 10560, Note_on_c, 0, 42, 62
4, 10607, Note_on_c, 0, 42, 0
4, 10800, Note_on_c, 0, 49, 62
4, 10847, Note_on_c, 0, 49, 0
4, 11040, Note_on_c, 0, 42, 62
4, 11087, Note_on_c, 0, 42, 0
4, 11280, Note_on_c, 0, 49, 62
4, 11327, Note_on_c, 0, 49, 0
4, 11520, Note_on_c, 0, 42, 62
4, 11567, Note_on_c, 0, 42, 0
4, 11760, Note_on_c, 0, 49, 62
4, 11807, Note_on_c, 0, 49, 0
4, 12000, Note_on_c, 0, 42, 62
4, 12047, Note_on_c, 0, 42, 0
4, 12240, Note_on_c, 0, 49, 62
4, 12287, Note_on_c, 0, 49, 0
4, 12480, Note_on_c, 0, 42, 62
4, 12527, Note_on_c, 0, 42, 0
4, 12720, Note_on_c, 0, 49, 62
4, 12767, Note_on_c, 0, 49, 0
4, 12960, Note_on_c, 0, 42, 62
4, 13007, Note_on_c, 0, 42, 0
4, 13200, Note_on_c, 0, 49, 62
4, 13247, Note_on_c, 0, 49, 0
4, 13440, Note_on_c, 0, 42, 62
4, 13487, Note_on_c, 0, 42, 0
4, 13680, Note_on_c, 0, 49, 62
4, 13727, Note_on_c, 0, 49, 0
4, 13920, Note_on_c, 0, 42, 62
4, 13967, Note_on_c, 0, 42, 0
4, 14160, Note_on_c, 0, 49, 62
4, 14207, Note_on_c, 0, 49, 0
4, 14400, Note_on_c, 0, 42, 62
4, 14447, Note_on_c, 0, 42, 0
4, 14640, Note_on_c, 0, 56, 62
4, 14880, Note_on_c, 0, 56, 0
4, 14880, Control_c, 0, 64, 127
4, 14880, Note_on_c, 0, 61, 62
4, 15000, Note_on_c, 0, 61, 0
4, 15000, Note_on_c, 0, 59, 62
4, 15120, Note_on_c, 0, 59, 0
4, 15120, Note_on_c, 0, 57, 62
4, 15240, Note_on_c, 0, 57, 0
4, 15240, Note_on_c, 0, 56, 62
4, 15360, Note_on_c, 0, 56, 0
4, 15360, Control_c, 0, 64, 0
4, 15360, Note_on_c, 0, 54, 62
4, 15600, Note_on_c, 0, 54, 0
4, 15600, Note_on_c, 0, 61, 62
4, 15647, Note_on_c, 0, 61, 0
4, 15840, Note_on_c, 0, 54, 62
4, 15887, Note_on_c, 0, 54, 0
4, 16080, Note_on_c, 0, 61, 62
4, 16127, Note_on_c, 0, 61, 0
4, 16320, Note_on_c, 0, 54, 62
4, 16367, Note_on_c, 0, 54, 0
4, 16560, Note_on_c, 0, 56, 62
4, 16800, Note_on_c, 0, 56, 0
4, 16800, Control_c, 0, 64, 127
4, 16800, Note_on_c, 0, 61, 62
4, 16920, Note_on_c, 0, 61, 0
4, 16920, Note_on_c, 0, 59, 62
4, 17040, Note_on_c, 0, 59, 0
4, 17040, Note_on_c, 0, 57, 62
4, 17160, Note_on_c, 0, 57, 0
4, 17160, Note_on_c, 0, 56, 62
4, 17280, Note_on_c, 0, 56, 0
4, 17280, Control_c, 0, 64, 0
4, 17280, Note_on_c, 0, 54, 62
4, 17520, Note_on_c, 0, 54, 0
4, 17520, Note_on_c, 0, 61, 49
4, 17760, Note_on_c, 0, 61, 0
4, 17760, Note_on_c, 0, 59, 49
4, 18000, Note_on_c, 0, 59, 0
4, 18000, Note_on_c, 0, 61, 49
4, 18000, Note_on_c, 0, 64, 49
4, 18240, Note_on_c, 0, 64, 0
4, 18240, Note_on_c, 0, 61, 0
4, 18240, Note_on_c, 0, 58, 49
4, 18480, Note_on_c, 0, 58, 0
4, 18480, Note_on_c, 0, 61, 49
4, 18480, Note_on_c, 0, 64, 49
4, 18720, Note_on_c, 0, 64, 0
4, 18720, Note_on_c, 0, 61, 0
4, 18720, Note_on_c, 0, 54, 49
4, 18960, Note_on_c, 0, 54, 0
4, 18960, Note_on_c, 0, 58, 49
4, 18960, Note_on_c, 0, 64, 49
4, 19200, Note_on_c, 0, 64, 0
4, 19200, Note_on_c, 0, 58, 0
4, 19200, Note_on_c, 0, 47, 49
4, 19440, Note_on_c, 0, 47, 0
4, 19680, Note_on_c, 0, 55, 49
4, 19680, Note_on_c, 0, 59, 49
4, 19680, Note_on_c, 0, 61, 49
4, 19680, Note_on_c, 0, 64, 49
4, 19920, Note_on_c, 0, 64, 0
4, 19920, Note_on_c, 0, 55, 0
4, 19920, Note_on_c, 0, 59, 0
4, 19920, Note_on_c, 0, 61, 0
4, 20160, Note_on_c, 0, 54, 49
4, 20160, Note_on_c, 0, 59, 49
4, 20160, Note_on_c, 0, 62, 49
4, 20160, Note_on_c, 0, 66, 49
4, 20400, Note_on_c, 0, 66, 0
4, 20400, Note_on_c, 0, 54, 0
4, 20400, Note_on_c, 0, 59, 0
4, 20400, Note_on_c, 0, 62, 0
4, 20640, Note_on_c, 0, 54, 49
4, 20640, Note_on_c, 0, 61, 49
4, 20640, Note_on_c, 0, 64, 49
4, 20880, Note_on_c, 0, 64, 0
4, 20880, Note_on_c, 0, 61, 0
4, 20880, Note_on_c, 0, 54, 0
4, 21120, Note_on_c, 0, 47, 49
4, 21360, Note_on_c, 0, 47, 0
4, 21360, Note_on_c, 0, 59, 49
4, 21360, Note_on_c, 0, 62, 49
4, 21600, Note_on_c, 0, 62, 0
4, 21600, Note_on_c, 0, 59, 0
4, 21600, Note_on_c, 0, 57, 49
4, 21840, Note_on_c, 0, 57, 0
4, 21840, Note_on_c, 0, 59, 49
4, 21840, Note_on_c, 0, 62, 49
4, 22080, Note_on_c, 0, 62, 0
4, 22080, Note_on_c, 0, 59, 0
4, 22080, Note_on_c, 0, 56, 49
4, 22320, Note_on_c, 0, 56, 0
4, 22320, Note_on_c, 0, 59, 49
4, 22320, Note_on_c, 0, 62, 49
4, 22560, Note_on_c, 0, 62, 0
4, 22560, Note_on_c, 0, 59, 0
4, 22560, Note_on_c, 0, 52, 49
4, 22800, Note_on_c, 0, 52, 0
4, 22800, Note_on_c, 0, 56, 49
4, 22800, Note_on_c, 0, 62, 49
4, 23040, Note_on_c, 0, 62, 0
4, 23040, Note_on_c, 0, 56, 0
4, 23040, Note_on_c, 0, 45, 49
4, 23280, Note_on_c, 0, 45, 0
4, 23280, Note_on_c, 0, 57, 49
4, 23280, Note_on_c, 0, 61, 49
4, 23280, Note_on_c, 0, 64, 49
4, 23520, Note_on_c, 0, 64, 0
4, 23520, Note_on_c, 0, 61, 0
4, 23520, Note_on_c, 0, 57, 0
4, 23520, Note_on_c, 0, 49, 49
4, 23760, Note_on_c, 0, 49, 0
4, 23760, Note_on_c, 0, 57, 49
4, 23760, Note_on_c, 0, 61, 49
4, 23760, Note_on_c, 0, 64, 49
4, 24000, Note_on_c, 0, 64, 0
4, 24000, Note_on_c, 0, 61, 0
4, 24000, Note_on_c, 0, 57, 0
4, 24000, Note_on_c, 0, 52, 49
4, 24240, Note_on_c, 0, 52, 0
4, 24240, Note_on_c, 0, 57, 49
4, 24240, Note_on_c, 0, 61, 49
4, 24240, Note_on_c, 0, 64, 49
4, 24480, Note_on_c, 0, 64, 0
4, 24480, Note_on_c, 0, 61, 0
4, 24480, Note_on_c, 0, 57, 0
4, 24480, Note_on_c, 0, 57, 49
4, 24720, Note_on_c, 0, 57, 0
4, 24720, Note_on_c, 0, 61, 49
4, 24720, Note_on_c, 0, 64, 49
4, 24960, Note_on_c, 0, 64, 0
4, 24960, Note_on_c, 0, 61, 0
4, 24960, Control_c, 0, 64, 0
4, 24960, Note_on_c, 0, 56, 49
4, 25200, Note_on_c, 0, 56, 0
4, 25200, Note_on_c, 0, 55, 49
4, 25200, Note_on_c, 0, 59, 49
4, 25200, Note_on_c, 0, 61, 49
4, 25200, Note_on_c, 0, 65, 49
4, 25440, Note_on_c, 0, 65, 0
4, 25440, Note_on_c, 0, 55, 0
4, 25440, Note_on_c, 0, 59, 0
4, 25440, Note_on_c, 0, 61, 0
4, 25440, Note_on_c, 0, 54, 49
4, 25680, Note_on_c, 0, 54, 0
4, 25680, Note_on_c, 0, 58, 49
4, 25680, Note_on_c, 0, 61, 49
4, 25680, Note_on_c, 0, 66, 49
4, 25920, Note_on_c, 0, 66, 0
4, 25920, Note_on_c, 0, 61, 0
4, 25920, Note_on_c, 0, 58, 0
4, 25920, Note_on_c, 0, 49, 49
4, 26160, Note_on_c, 0, 49, 0
4, 26160, Note_on_c, 0, 58, 49
4, 26160, Note_on_c, 0, 61, 49
4, 26160, Note_on_c, 0, 66, 49
4, 26400, Note_on_c, 0, 66, 0
4, 26400, Note_on_c, 0, 61, 0
4, 26400, Note_on_c, 0, 58, 0
4, 26400, Note_on_c, 0, 46, 49
4, 26640, Note_on_c, 0, 46, 0
4, 26640, Note_on_c, 0, 42, 49
4, 26880, Note_on_c, 0, 42, 0
4, 26880, Note_on_c, 0, 47, 49
4, 26880, Note_on_c, 0, 50, 49
4, 26880, Note_on_c, 0, 54, 49
4, 26880, Note_on_c, 0, 59, 49
4, 27120, Note_on_c, 0, 59, 0
4, 27120, Note_on_c, 0, 47, 0
4, 27120, Note_on_c, 0, 50, 0
4, 27120, Note_on_c, 0, 54, 0
4, 27360, Note_on_c, 0, 52, 49
4, 27360, Note_on_c, 0, 55, 49
4, 27360, Note_on_c, 0, 59, 49
4, 27600, Note_on_c, 0, 59, 0
4, 27600, Note_on_c, 0, 55, 0
4, 27600, Note_on_c, 0, 52, 0
4, 27840, Note_on_c, 0, 54, 49
4, 27840, Note_on_c, 0, 59, 49
4, 27840, Note_on_c, 0, 62, 49
4, 28080, Note_on_c, 0, 62, 0
4, 28080, Note_on_c, 0, 59, 0
4, 28080, Note_on_c, 0, 54, 0
4, 28320, Note_on_c, 0, 54, 49
4, 28320, Note_on_c, 0, 61, 49
4, 28320, Note_on_c, 0, 64, 49
4, 28560, Note_on_c, 0, 64, 0
4, 28560, Note_on_c, 0, 61, 0
4, 28560, Note_on_c, 0, 54, 0
4, 28800, Note_on_c, 0, 47, 49
4, 29040, Note_on_c, 0, 47, 0
4, 29040, Note_on_c, 0, 59, 49
4, 29040, Note_on_c, 0, 62, 49
4, 29040, Note_on_c, 0, 66, 49
4, 29280, Note_on_c, 0, 66, 0
4, 29280, Note_on_c, 0, 62, 0
4, 29280, Note_on_c, 0, 59, 0
4, 29280, Note_on_c, 0, 57, 49
4, 29520, Note_on_c, 0, 57, 0
4, 29520, Note_on_c, 0, 59, 49
4, 29520, Note_on_c, 0, 62, 49
4, 29520, Note_on_c, 0, 65, 49
4, 29760, Note_on_c, 0, 65, 0
4, 29760, Note_on_c, 0, 62, 0
4, 29760, Note_on_c, 0, 59, 0
4, 29760, Note_on_c, 0, 56, 49
4, 30000, Note_on_c, 0, 56, 0
4, 30000, Note_on_c, 0, 59, 49
4, 30000, Note_on_c, 0, 62, 49
4, 30000, Note_on_c, 0, 64, 49
4, 30240, Note_on_c, 0, 64, 0
4, 30240, Note_on_c, 0, 62, 0
4, 30240, Note_on_c, 0, 59, 0
4, 30240, Note_on_c, 0, 52, 49
4, 30480, Note_on_c, 0, 52, 0
4, 30480, Note_on_c, 0, 56, 49
4, 30480, Note_on_c, 0, 62, 49
4, 30480, Note_on_c, 0, 64, 49
4, 30720, Note_on_c, 0, 64, 0
4, 30720, Note_on_c, 0, 62, 0
4, 30720, Note_on_c, 0, 56, 0
4, 30720, Note_on_c, 0, 57, 49
4, 30960, Note_on_c, 0, 57, 0
4, 30960, Note_on_c, 0, 61, 49
4, 30960, Note_on_c, 0, 64, 49
4, 30960, Note_on_c, 0, 68, 49
4, 31200, Note_on_c, 0, 68, 0
4, 31200, Note_on_c, 0, 64, 0
4, 31200, Note_on_c, 0, 61, 0
4, 31200, Note_on_c, 0, 56, 49
4, 31440, Note_on_c, 0, 56, 0
4, 31440, Note_on_c, 0, 59, 49
4, 31440, Note_on_c, 0, 61, 49
4, 31440, Note_on_c, 0, 68, 49
4, 31680, Note_on_c, 0, 68, 0
4, 31680, Note_on_c, 0, 61, 0
4, 31680, Note_on_c, 0, 59, 0
4, 31680, Note_on_c, 0, 54, 49
4, 31920, Note_on_c, 0, 54, 0
4, 31920, Note_on_c, 0, 57, 49
4, 31920, Note_on_c, 0, 61, 49
4, 32160, Note_on_c, 0, 61, 0
4, 32160, Note_on_c, 0, 57, 0
4, 32160, Note_on_c, 0, 50, 49
4, 32400, Note_on_c, 0, 50, 0
4, 32400, Note_on_c, 0, 54, 49
4, 32400, Note_on_c, 0, 56, 49
4, 32400, Note_on_c, 0, 59, 49
4, 32640, Note_on_c, 0, 59, 0
4, 32640, Note_on_c, 0, 56, 0
4, 32640, Note_on_c, 0, 54, 0
4, 32640, Control_c, 0, 64, 0
4, 32640, Note_on_c, 0, 49, 49
4, 32880, Note_on_c, 0, 49, 0
4, 32880, Note_on_c, 0, 53, 49
4, 32880, Note_on_c, 0, 56, 49
4, 32880, Note_on_c, 0, 61, 49
4, 33120, Note_on_c, 0, 61, 0
4, 33120, Note_on_c, 0, 56, 0
4, 33120, Note_on_c, 0, 53, 0
4, 33120, Note_on_c, 0, 59, 49
4, 33360, Note_on_c, 0, 59, 0
4, 33360, Note_on_c, 0, 61, 49
4, 33360, Note_on_c, 0, 64, 49
4, 33360, Note_on_c, 0, 67, 49
4, 33600, Note_on_c, 0, 67, 0
4, 33600, Note_on_c, 0, 64, 0
4, 33600, Note_on_c, 0, 61, 0
4, 33600, Note_on_c, 0, 58, 49
4, 33840, Note_on_c, 0, 58, 0
4, 33840, Note_on_c, 0, 61, 49
4, 33840, Note_on_c, 0, 64, 49
4, 33840, Note_on_c, 0, 66, 49
4, 34080, Note_on_c, 0, 66, 0
4, 34080, Note_on_c, 0, 64, 0
4, 34080, Note_on_c, 0, 61, 0
4, 34080, Note_on_c, 0, 54, 49
4, 34320, Note_on_c, 0, 54, 0
4, 34320, Note_on_c, 0, 58, 49
4, 34320, Note_on_c, 0, 64, 49
4, 34320, Note_on_c, 0, 66, 49
4, 34560, Note_on_c, 0, 66, 0
4, 34560, Note_on_c, 0, 64, 0
4, 34560, Note_on_c, 0, 58, 0
4, 34560, Note_on_c, 0, 59, 49
4, 34560, Note_on_c, 0, 62, 49
4, 34560, Note_on_c, 0, 66, 49
4, 34800, Note_on_c, 0, 66, 0
4, 34800, Note_on_c, 0, 62, 0
4, 34800, Note_on_c, 0, 59, 0
4, 35040, Note_on_c, 0, 55, 49
4, 35040, Note_on_c, 0, 59, 49
4, 35040, Note_on_c, 0, 62, 49
4, 35040, Note_on_c, 0, 64, 49
4, 35280, Note_on_c, 0, 64, 0
4, 35280, Note_on_c, 0, 55, 0
4, 35280, Note_on_c, 0, 59, 0
4, 35280, Note_on_c, 0, 62, 0
4, 35520, Note_on_c, 0, 54, 49
4, 35520, Note_on_c, 0, 59, 49
4, 35520, Note_on_c, 0, 62, 49
4, 35520, Note_on_c, 0, 66, 49
4, 35760, Note_on_c, 0, 66, 0
4, 35760, Note_on_c, 0, 54, 0
4, 35760, Note_on_c, 0, 59, 0
4, 35760, Note_on_c, 0, 62, 0
4, 36000, Note_on_c, 0, 54, 49
4, 36000, Note_on_c, 0, 61, 49
4, 36000, Note_on_c, 0, 64, 49
4, 36240, Note_on_c, 0, 64, 0
4, 36240, Note_on_c, 0, 61, 0
4, 36240, Note_on_c, 0, 54, 0
4, 36480, Note_on_c, 0, 47, 49
4, 36720, Note_on_c, 0, 47, 0
4, 36720, Note_on_c, 0, 56, 49
4, 36720, Note_on_c, 0, 59, 49
4, 36720, Note_on_c, 0, 62, 49
4, 36960, Note_on_c, 0, 62, 0
4, 36960, Note_on_c, 0, 59, 0
4, 36960, Note_on_c, 0, 56, 0
4, 36960, Note_on_c, 0, 57, 49
4, 37200, Note_on_c, 0, 57, 0
4, 37200, Note_on_c, 0, 59, 49
4, 37200, Note_on_c, 0, 62, 49
4, 37200, Note_on_c, 0, 65, 49
4, 37440, Note_on_c, 0, 65, 0
4, 37440, Note_on_c, 0, 62, 0
4, 37440, Note_on_c, 0, 59, 0
4, 37440, Note_on_c, 0, 56, 49
4, 37680, Note_on_c, 0, 56, 0
4, 37680, Note_on_c, 0, 59, 49
4, 37680, Note_on_c, 0, 62, 49
4, 37680, Note_on_c, 0, 64, 49
4, 37920, Note_on_c, 0, 64, 0
4, 37920, Note_on_c, 0, 62, 0
4, 37920, Note_on_c, 0, 59, 0
4, 37920, Note_on_c, 0, 52, 49
4, 38160, Note_on_c, 0, 52, 0
4, 38160, Note_on_c, 0, 56, 49
4, 38160, Note_on_c, 0, 62, 49
4, 38160, Note_on_c, 0, 64, 49
4, 38400, Note_on_c, 0, 64, 0
4, 38400, Note_on_c, 0, 62, 0
4, 38400, Note_on_c, 0, 56, 0
4, 38400, Note_on_c, 0, 45, 49
4, 38640, Note_on_c, 0, 45, 0
4, 38640, Note_on_c, 0, 57, 49
4, 38640, Note_on_c, 0, 61, 49
4, 38640, Note_on_c, 0, 64, 49
4, 38880, Note_on_c, 0, 64, 0
4, 38880, Note_on_c, 0, 61, 0
4, 38880, Note_on_c, 0, 57, 0
4, 38880, Note_on_c, 0, 49, 49
4, 39120, Note_on_c, 0, 49, 0
4, 39120, Note_on_c, 0, 57, 49
4, 39120, Note_on_c, 0, 61, 49
4, 39120, Note_on_c, 0, 64, 49
4, 39360, Note_on_c, 0, 64, 0
4, 39360, Note_on_c, 0, 61, 0
4, 39360, Note_on_c, 0, 57, 0
4, 39360, Note_on_c, 0, 52, 49
4, 39600, Note_on_c, 0, 52, 0
4, 39600, Note_on_c, 0, 57, 49
4, 39600, Note_on_c, 0, 61, 49
4, 39600, Note_on_c, 0, 64, 49
4, 39840, Note_on_c, 0, 64, 0
4, 39840, Note_on_c, 0, 61, 0
4, 39840, Note_on_c, 0, 57, 0
4, 39840, Note_on_c, 0, 57, 49
4, 40080, Note_on_c, 0, 57, 0
4, 40080, Note_on_c, 0, 61, 49
4, 40080, Note_on_c, 0, 64, 49
4, 40320, Note_on_c, 0, 64, 0
4, 40320, Note_on_c, 0, 61, 0
4, 40320, Control_c, 0, 64, 0
4, 40320, Note_on_c, 0, 56, 49
4, 40320, Note_on_c, 0, 59, 49
4, 40320, Note_on_c, 0, 64, 49
4, 40560, Note_on_c, 0, 64, 0
4, 40560, Note_on_c, 0, 59, 0
4, 40560, Note_on_c, 0, 56, 0
4, 40560, Note_on_c, 0, 55, 49
4, 40560, Note_on_c, 0, 59, 49
4, 40560, Note_on_c, 0, 61, 49
4, 40560, Note_on_c, 0, 65, 49
4, 40800, Note_on_c, 0, 65, 0
4, 40800, Note_on_c, 0, 55, 0
4, 40800, Note_on_c, 0, 59, 0
4, 40800, Note_on_c, 0, 61, 0
4, 40800, Note_on_c, 0, 54, 49
4, 41040, Note_on_c, 0, 54, 0
4, 41040, Note_on_c, 0, 58, 49
4, 41040, Note_on_c, 0, 61, 49
4, 41040, Note_on_c, 0, 66, 49
4, 41280, Note_on_c, 0, 66, 0
4, 41280, Note_on_c, 0, 61, 0
4, 41280, Note_on_c, 0, 58, 0
4, 41280, Note_on_c, 0, 49, 49
4, 41520, Note_on_c, 0, 49, 0
4, 41520, Note_on_c, 0, 58, 49
4, 41520, Note_on_c, 0, 61, 49
4, 41520, Note_on_c, 0, 66, 49
4, 41760, Note_on_c, 0, 66, 0
4, 41760, Note_on_c, 0, 61, 0
4, 41760, Note_on_c, 0, 58, 0
4, 41760, Note_on_c, 0, 46, 49
4, 42000, Note_on_c, 0, 46, 0
4, 42000, Note_on_c, 0, 42, 49
4, 42240, Note_on_c, 0, 42, 0
4, 42240, Note_on_c, 0, 47, 49
4, 42240, Note_on_c, 0, 54, 49
4, 42240, Note_on_c, 0, 62, 49
4, 42480, Note_on_c, 0, 62, 0
4, 42480, Note_on_c, 0, 54, 0
4, 42480, Note_on_c, 0, 47, 0
4, 42720, Note_on_c, 0, 52, 49
4, 42720, Note_on_c, 0, 55, 49
4, 42720, Note_on_c, 0, 59, 49
4, 42720, Note_on_c, 0, 64, 49
4, 42960, Note_on_c, 0, 64, 0
4, 42960, Note_on_c, 0, 52, 0
4, 42960, Note_on_c, 0, 55, 0
4, 42960, Note_on_c, 0, 59, 0
4, 43200, Note_on_c, 0, 54, 49
4, 43200, Note_on_c, 0, 59, 49
4, 43200, Note_on_c, 0, 62, 49
4, 43200, Note_on_c, 0, 66, 49
4, 43440, Note_on_c, 0, 66, 0
4, 43440, Note_on_c, 0, 54, 0
4, 43440, Note_on_c, 0, 59, 0
4, 43440, Note_on_c, 0, 62, 0
4, 43680, Note_on_c, 0, 54, 49
4, 43680, Note_on_c, 0, 61, 49
4, 43680, Note_on_c, 0, 64, 49
4, 43680, Note_on_c, 0, 66, 49
4, 43920, Note_on_c, 0, 66, 0
4, 43920, Note_on_c, 0, 54, 0
4, 43920, Note_on_c, 0, 61, 0
4, 43920, Note_on_c, 0, 64, 0
4, 44160, Note_on_c, 0, 47, 49
4, 44400, Note_on_c, 0, 47, 0
4, 44400, Note_on_c, 0, 59, 49
4, 44400, Note_on_c, 0, 62, 49
4, 44400, Note_on_c, 0, 66, 49
4, 44640, Note_on_c, 0, 66, 0
4, 44640, Note_on_c, 0, 62, 0
4, 44640, Note_on_c, 0, 59, 0
4, 44640, Note_on_c, 0, 57, 49
4, 44880, Note_on_c, 0, 57, 0
4, 44880, Note_on_c, 0, 59, 49
4, 44880, Note_on_c, 0, 62, 49
4, 44880, Note_on_c, 0, 65, 49
4, 45120, Note_on_c, 0, 65, 0
4, 45120, Note_on_c, 0, 62, 0
4, 45120, Note_on_c, 0, 59, 0
4, 45120, Note_on_c, 0, 56, 49
4, 45360, Note_on_c, 0, 56, 0
4, 45360, Note_on_c, 0, 59, 49
4, 45360, Note_on_c, 0, 62, 49
4, 45360, Note_on_c, 0, 64, 49
4, 45600, Note_on_c, 0, 64, 0
4, 45600, Note_on_c, 0, 62, 0
4, 45600, Note_on_c, 0, 59, 0
4, 45600, Note_on_c, 0, 52, 49
4, 45840, Note_on_c, 0, 52, 0
4, 45840, Note_on_c, 0, 56, 49
4, 45840, Note_on_c, 0, 62, 49
4, 45840, Note_on_c, 0, 64, 49
4, 46080, Note_on_c, 0, 64, 0
4, 46080, Note_on_c, 0, 62, 0
4, 46080, Note_on_c, 0, 56, 0
4, 46080, Note_on_c, 0, 57, 49
4, 46320, Note_on_c, 0, 57, 0
4, 46320, Note_on_c, 0, 61, 49
4, 46320, Note_on_c, 0, 66, 49
4, 46560, Note_on_c, 0, 66, 0
4, 46560, Note_on_c, 0, 61, 0
4, 46560, Note_on_c, 0, 50, 49
4, 46800, Note_on_c, 0, 50, 0
4, 46800, Note_on_c, 0, 59, 49
4, 46800, Note_on_c, 0, 66, 49
4, 46800, Note_on_c, 0, 68, 49
4, 47040, Note_on_c, 0, 68, 0
4, 47040, Note_on_c, 0, 66, 0
4, 47040, Note_on_c, 0, 59, 0
4, 47040, Note_on_c, 0, 49, 49
4, 47280, Note_on_c, 0, 49, 0
4, 47280, Note_on_c, 0, 61, 49
4, 47280, Note_on_c, 0, 66, 49
4, 47280, Note_on_c, 0, 69, 49
4, 47520, Note_on_c, 0, 69, 0
4, 47520, Note_on_c, 0, 66, 0
4, 47520, Note_on_c, 0, 61, 0
4, 47520, Note_on_c, 0, 49, 49
4, 47760, Note_on_c, 0, 49, 0
4, 47760, Note_on_c, 0, 59, 49
4, 47760, Note_on_c, 0, 61, 49
4, 47760, Note_on_c, 0, 68, 49
4, 48000, Note_on_c, 0, 68, 0
4, 48000, Note_on_c, 0, 61, 0
4, 48000, Note_on_c, 0, 59, 0
4, 48000, Note_on_c, 0, 42, 49
4, 48047, Note_on_c, 0, 42, 0
4, 48240, Note_on_c, 0, 49, 49
4, 48287, Note_on_c, 0, 49, 0
4, 48480, Note_on_c, 0, 42, 49
4, 48527, Note_on_c, 0, 42, 0
4, 48720, Note_on_c, 0, 49, 49
4, 48767, Note_on_c, 0, 49, 0
4, 48960, Note_on_c, 0, 42, 49
4, 49007, Note_on_c, 0, 42, 0
4, 49200, Note_on_c, 0, 49, 49
4, 49247, Note_on_c, 0, 49, 0
4, 49440, Note_on_c, 0, 42, 49
4, 49487, Note_on_c, 0, 42, 0
4, 49680, Note_on_c, 0, 49, 49
4, 49727, Note_on_c, 0, 49, 0
4, 49920, Note_on_c, 0, 42, 49
4, 49967, Note_on_c, 0, 42, 0
4, 50160, Note_on_c, 0, 49, 49
4, 50207, Note_on_c, 0, 49, 0
4, 50400, Note_on_c, 0, 42, 49
4, 50447, Note_on_c, 0, 42, 0
4, 50640, Note_on_c, 0, 49, 49
4, 50687, Note_on_c, 0, 49, 0
4, 50880, Note_on_c, 0, 42, 49
4, 50927, Note_on_c, 0, 42, 0
4, 51120, Note_on_c, 0, 49, 49
4, 51167, Note_on_c, 0, 49, 0
4, 51360, Note_on_c, 0, 42, 49
4, 51407, Note_on_c, 0, 42, 0
4, 51600, Note_on_c, 0, 49, 49
4, 51647, Note_on_c, 0, 49, 0
4, 51840, Note_on_c, 0, 42, 49
4, 51887, Note_on_c, 0, 42, 0
4, 52080, Note_on_c, 0, 49, 49
4, 52127, Note_on_c, 0, 49, 0
4, 52320, Note_on_c, 0, 42, 49
4, 52367, Note_on_c, 0, 42, 0
4, 52560, Note_on_c, 0, 49, 49
4, 52607, Note_on_c, 0, 49, 0
4, 52800, Note_on_c, 0, 42, 49
4, 52847, Note_on_c, 0, 42, 0
4, 53040, Note_on_c, 0, 49, 49
4, 53087, Note_on_c, 0, 49, 0
4, 53280, Note_on_c, 0, 42, 49
4, 53327, Note_on_c, 0, 42, 0
4, 53520, Note_on_c, 0, 49, 49
4, 53567, Note_on_c, 0, 49, 0
4, 53760, Note_on_c, 0, 42, 49
4, 53807, Note_on_c, 0, 42, 0
4, 54000, Note_on_c, 0, 49, 49
4, 54047, Note_on_c, 0, 49, 0
4, 54240, Note_on_c, 0, 42, 49
4, 54287, Note_on_c, 0, 42, 0
4, 54480, Note_on_c, 0, 49, 49
4, 54527, Note_on_c, 0, 49, 0
4, 54720, Note_on_c, 0, 42, 49
4, 54767, Note_on_c, 0, 42, 0
4, 54960, Note_on_c, 0, 49, 49
4, 55007, Note_on_c, 0, 49, 0
4, 55200, Note_on_c, 0, 42, 49
4, 55247, Note_on_c, 0, 42, 0
4, 55440, Note_on_c, 0, 49, 49
4, 55487, Note_on_c, 0, 49, 0
4, 55680, Note_on_c, 0, 42, 49
4, 55727, Note_on_c, 0, 42, 0
4, 55920, Note_on_c, 0, 49, 49
4, 55967, Note_on_c, 0, 49, 0
4, 56160, Note_on_c, 0, 42, 49
4, 56207, Note_on_c, 0, 42, 0
4, 56400, Note_on_c, 0, 49, 49
4, 56447, Note_on_c, 0, 49, 0
4, 56640, Note_on_c, 0, 42, 49
4, 56687, Note_on_c, 0, 42, 0
4, 56880, Note_on_c, 0, 49, 49
4, 56927, Note_on_c, 0, 49, 0
4, 57120, Note_on_c, 0, 42, 49
4, 57167, Note_on_c, 0, 42, 0
4, 57360, Note_on_c, 0, 49, 49
4, 57407, Note_on_c, 0, 49, 0
4, 57600, Note_on_c, 0, 42, 49
4, 57647, Note_on_c, 0, 42, 0
4, 57840, Note_on_c, 0, 49, 49
4, 57887, Note_on_c, 0, 49, 0
4, 58080, Note_on_c, 0, 42, 49
4, 58127, Note_on_c, 0, 42, 0
4, 58320, Note_on_c, 0, 49, 49
4, 58367, Note_on_c, 0, 49, 0
4, 58560, Note_on_c, 0, 42, 49
4, 58607, Note_on_c, 0, 42, 0
4, 58800, Note_on_c, 0, 49, 49
4, 58847, Note_on_c, 0, 49, 0
4, 59040, Note_on_c, 0, 42, 49
4, 59087, Note_on_c, 0, 42, 0
4, 59280, Note_on_c, 0, 49, 49
4, 59327, Note_on_c, 0, 49, 0
4, 59520, Note_on_c, 0, 42, 49
4, 59567, Note_on_c, 0, 42, 0
4, 59760, Note_on_c, 0, 49, 49
4, 59807, Note_on_c, 0, 49, 0
4, 60000, Note_on_c, 0, 42, 49
4, 60047, Note_on_c, 0, 42, 0
4, 60240, Note_on_c, 0, 49, 49
4, 60287, Note_on_c, 0, 49, 0
4, 60480, Note_on_c, 0, 42, 49
4, 60527, Note_on_c, 0, 42, 0
4, 60720, Note_on_c, 0, 56, 49
4, 60960, Note_on_c, 0, 56, 0
4, 60960, Control_c, 0, 64, 127
4, 60960, Note_on_c, 0, 61, 49
4, 61080, Note_on_c, 0, 61, 0
4, 61080, Note_on_c, 0, 59, 49
4, 61200, Note_on_c, 0, 59, 0
4, 61200, Note_on_c, 0, 57, 49
4, 61320, Note_on_c, 0, 57, 0
4, 61320, Note_on_c, 0, 56, 49
4, 61440, Note_on_c, 0, 56, 0
4, 61440, Control_c, 0, 64, 0
4, 61440, Note_on_c, 0, 54, 49
4, 61680, Note_on_c, 0, 54, 0
4, 61680, Note_on_c, 0, 61, 49
4, 61727, Note_on_c, 0, 61, 0
4, 61920, Note_on_c, 0, 54, 49
4, 61967, Note_on_c, 0, 54, 0
4, 62160, Note_on_c, 0, 61, 49
4, 62207, Note_on_c, 0, 61, 0
4, 62400, Note_on_c, 0, 54, 49
4, 62447, Note_on_c, 0, 54, 0
4, 62640, Note_on_c, 0, 56, 49
4, 62880, Note_on_c, 0, 56, 0
4, 62880, Control_c, 0, 64, 127
4, 62880, Note_on_c, 0, 61, 49
4, 63000, Note_on_c, 0, 61, 0
4, 63000, Note_on_c, 0, 59, 49
4, 63120, Note_on_c, 0, 59, 0
4, 63120, Note_on_c, 0, 57, 49
4, 63240, Note_on_c, 0, 57, 0
4, 63240, Note_on_c, 0, 56, 49
4, 63360, Note_on_c, 0, 56, 0
4, 63360, Control_c, 0, 64, 0
4, 63360, Note_on_c, 0, 54, 49
4, 63600, Note_on_c, 0, 54, 0
4, 63600, Note_on_c, 0, 42, 49
4, 63600, Note_on_c, 0, 49, 49
4, 64560, Note_on_c, 0, 49, 0
4, 64560, Note_on_c, 0, 42, 0
4, 64560, Note_on_c, 0, 42, 49
4, 64560, Note_on_c, 0, 49, 49
4, 65760, Note_on_c, 0, 49, 0
4, 65760, Note_on_c, 0, 42, 0
4, 65760, Note_on_c, 0, 42, 49
4, 65760, Note_on_c, 0, 49, 49
4, 66240, Note_on_c, 0, 49, 0
4, 66240, Note_on_c, 0, 42, 0
4, 66240, Note_on_c, 0, 42, 49
4, 66240, Note_on_c, 0, 49, 49
4, 66720, Note_on_c, 0, 49, 0
4, 66720, Note_on_c, 0, 42, 0
4, 66720, Note_on_c, 0, 42, 49
4, 66720, Note_on_c, 0, 49, 49
4, 67200, Note_on_c, 0, 49, 0
4, 67200, Note_on_c, 0, 42, 0
4, 67200, Control_c, 0, 64, 0
4, 67200, Note_on_c, 0, 42, 49
4, 67200, Note_on_c, 0, 49, 49
4, 67440, Note_on_c, 0, 49, 0
4, 67440, Note_on_c, 0, 42, 0
4, 67440, Note_on_c, 0, 42, 49
4, 67440, Note_on_c, 0, 49, 49
4, 68400, Note_on_c, 0, 49, 0
4, 68400, Note_on_c, 0, 42, 0
4, 68400, Note_on_c, 0, 42, 49
4, 68400, Note_on_c, 0, 49, 49
4, 69600, Note_on_c, 0, 49, 0
4, 69600, Note_on_c, 0, 42, 0
4, 69600, Note_on_c, 0, 42, 49
4, 69600, Note_on_c, 0, 49, 49
4, 70080, Note_on_c, 0, 49, 0
4, 70080, Note_on_c, 0, 42, 0
4, 70080, Note_on_c, 0, 42, 49
4, 70080, Note_on_c, 0, 49, 49
4, 70560, Note_on_c, 0, 49, 0
4, 70560, Note_on_c, 0, 42, 0
4, 70560, Note_on_c, 0, 42, 49
4, 70560, Note_on_c, 0, 49, 49
4, 71040, Note_on_c, 0, 49, 0
4, 71040, Note_on_c, 0, 42, 0
4, 71040, Note_on_c, 0, 42, 88
4, 71040, Note_on_c, 0, 49, 88
4, 71280, Note_on_c, 0, 49, 0
4, 71280, Note_on_c, 0, 42, 0
4, 71280, Note_on_c, 0, 37, 88
4, 71280, Note_on_c, 0, 49, 88
4, 71520, Note_on_c, 0, 49, 0
4, 71520, Note_on_c, 0, 37, 0
4, 71520, Note_on_c, 0, 42, 114
4, 71520, Note_on_c, 0, 54, 114
4, 72000, Note_on_c, 0, 54, 0
4, 72000, Note_on_c, 0, 42, 0
4, 72000, End_track
0, 0, End_of_file
