0, 0, Header, 1, 4, 192
1, 0, Start_track
1, 0, Title_t, "Song without Words; Op 2 # 3"
1, 0, Copyright_t, "Adaptation for Disklavier pianos, by: Robert C. Kuhmann (c) 2012."
1, 0, Text_t, "/music_category: Piano_Roll\012"
1, 0, Text_t, "/title: Song without Words; Op 2 # 3\012"
1, 0, Text_t, "/subtitle: \012"
1, 0, Text_t, "/roll_type: Red T100 Welte\012"
1, 0, Text_t, "/roll_manufacturer: Welte\012"
1, 0, Text_t, "/roll_number: 223\012"
1, 0, Text_t, "/original roll #: \012"
1, 0, Text_t, "/original manufacturer: \012"
1, 0, Text_t, "/performer: Aron-Pabst\012"
1, 0, Text_t, "/composer: Tchaikowsky\012"
1, 0, Text_t, "/lyricist: \012"
1, 0, Text_t, "/copyright: \012"
1, 0, Text_t, "/scanned_by:  John McClelland\012"
1, 0, Text_t, "/scan_system:  MK3a twin array w/optical encoder\012"
1, 0, Text_t, "/date_scanned: Nov-Dec 2004\012"
1, 0, Text_t, "/owner: \012"
1, 0, Time_signature, 4, 2, 24, 8
1, 0, Key_signature, 0, "major"
1, 0, Tempo, 500000
1, 0, Marker_t, "Standard MIDI:Red Welte:LPI 107:Tempo  98: 02-18-2005"
1, 0, End_track
2, 0, Start_track
2, 0, Title_t, "Song without Words; Op 2 # 3"
2, 0, Program_c, 0, 0
2, 0, Control_c, 0, 7, 115
2, 600, Control_c, 0, 67, 127
2, 947, Note_on_c, 0, 41, 40
2, 967, Control_c, 0, 64, 127
2, 997, Note_on_c, 0, 48, 40
2, 1052, Note_on_c, 0, 77, 71
2, 1065, Note_on_c, 0, 41, 0
2, 1068, Note_on_c, 0, 57, 40
2, 1072, Note_on_c, 0, 48, 0
2, 1124, Note_on_c, 0, 57, 0
2, 1330, Note_on_c, 0, 65, 40
2, 1330, Note_on_c, 0, 69, 40
2, 1332, Note_on_c, 0, 72, 40
2, 1385, Note_on_c, 0, 72, 0
2, 1385, Note_on_c, 0, 65, 0
2, 1389, Note_on_c, 0, 69, 0
2, 1449, Note_on_c, 0, 45, 40
2, 1475, Note_on_c, 0, 53, 40
2, 1502, Note_on_c, 0, 45, 0
2, 1515, Note_on_c, 0, 76, 66
2, 1530, Note_on_c, 0, 53, 0
2, 1536, Note_on_c, 0, 60, 40
2, 1537, Note_on_c, 0, 77, 0
2, 1566, Note_on_c, 0, 60, 0
2, 1700, Note_on_c, 0, 65, 40
2, 1700, Note_on_c, 0, 72, 40
2, 1704, Note_on_c, 0, 69, 40
2, 1728, Note_on_c, 0, 76, 0
2, 1760, Note_on_c, 0, 69, 0
2, 1770, Note_on_c, 0, 46, 40
2, 1782, Note_on_c, 0, 72, 0
2, 1794, Note_on_c, 0, 53, 40
2, 1823, Note_on_c, 0, 58, 40
2, 1834, Note_on_c, 0, 76, 46
2, 1852, Note_on_c, 0, 74, 47
2, 1893, Note_on_c, 0, 58, 0
2, 1916, Note_on_c, 0, 76, 0
2, 1940, Note_on_c, 0, 65, 0
2, 1947, Note_on_c, 0, 73, 52
2, 1949, Note_on_c, 0, 74, 0
2, 1958, Note_on_c, 0, 53, 0
2, 1971, Note_on_c, 0, 65, 40
2, 1992, Note_on_c, 0, 46, 0
2, 2000, Note_on_c, 0, 74, 55
2, 2010, Note_on_c, 0, 73, 0
2, 2070, Note_on_c, 0, 76, 59
2, 2081, Control_c, 0, 64, 0
2, 2090, Note_on_c, 0, 41, 46
2, 2101, Note_on_c, 0, 65, 0
2, 2115, Note_on_c, 0, 76, 0
2, 2117, Note_on_c, 0, 48, 48
2, 2127, Note_on_c, 0, 41, 0
2, 2163, Note_on_c, 0, 48, 0
2, 2172, Note_on_c, 0, 57, 50
2, 2180, Note_on_c, 0, 77, 82
2, 2214, Control_c, 0, 64, 127
2, 2218, Note_on_c, 0, 74, 0
2, 2299, Note_on_c, 0, 57, 0
2, 2392, Note_on_c, 0, 65, 41
2, 2396, Note_on_c, 0, 69, 40
2, 2401, Note_on_c, 0, 72, 40
2, 2448, Note_on_c, 0, 77, 0
2, 2482, Note_on_c, 0, 45, 40
2, 2504, Note_on_c, 0, 53, 40
2, 2526, Note_on_c, 0, 45, 0
2, 2529, Note_on_c, 0, 69, 0
2, 2555, Note_on_c, 0, 53, 0
2, 2561, Note_on_c, 0, 76, 69
2, 2561, Note_on_c, 0, 60, 40
2, 2565, Note_on_c, 0, 72, 0
2, 2595, Note_on_c, 0, 60, 0
2, 2599, Note_on_c, 0, 65, 0
2, 2722, Note_on_c, 0, 65, 40
2, 2727, Note_on_c, 0, 69, 40
2, 2760, Note_on_c, 0, 76, 0
2, 2793, Note_on_c, 0, 69, 0
2, 2801, Note_on_c, 0, 46, 40
2, 2828, Note_on_c, 0, 53, 40
2, 2833, Note_on_c, 0, 58, 40
2, 2846, Note_on_c, 0, 76, 46
2, 2859, Note_on_c, 0, 74, 46
2, 2884, Note_on_c, 0, 58, 0
2, 2892, Note_on_c, 0, 76, 0
2, 2930, Note_on_c, 0, 74, 0
2, 2940, Note_on_c, 0, 73, 51
2, 2963, Note_on_c, 0, 65, 0
2, 2963, Note_on_c, 0, 53, 0
2, 2991, Note_on_c, 0, 74, 53
2, 2993, Note_on_c, 0, 46, 0
2, 2997, Note_on_c, 0, 73, 0
2, 3001, Note_on_c, 0, 65, 47
2, 3064, Note_on_c, 0, 76, 57
2, 3073, Note_on_c, 0, 41, 51
2, 3075, Control_c, 0, 64, 0
2, 3094, Note_on_c, 0, 48, 52
2, 3096, Note_on_c, 0, 65, 0
2, 3118, Note_on_c, 0, 41, 0
2, 3124, Note_on_c, 0, 76, 0
2, 3148, Note_on_c, 0, 57, 55
2, 3154, Note_on_c, 0, 48, 0
2, 3156, Note_on_c, 0, 77, 73
2, 3191, Control_c, 0, 64, 127
2, 3243, Note_on_c, 0, 74, 0
2, 3271, Note_on_c, 0, 57, 0
2, 3302, Note_on_c, 0, 65, 50
2, 3306, Note_on_c, 0, 72, 40
2, 3342, Note_on_c, 0, 77, 0
2, 3342, Note_on_c, 0, 76, 53
2, 3407, Note_on_c, 0, 72, 0
2, 3417, Note_on_c, 0, 45, 45
2, 3436, Note_on_c, 0, 53, 44
2, 3476, Note_on_c, 0, 45, 0
2, 3487, Note_on_c, 0, 65, 0
2, 3487, Note_on_c, 0, 74, 66
2, 3491, Note_on_c, 0, 53, 0
2, 3491, Note_on_c, 0, 60, 42
2, 3522, Note_on_c, 0, 60, 0
2, 3526, Note_on_c, 0, 76, 0
2, 3667, Note_on_c, 0, 72, 61
2, 3671, Note_on_c, 0, 69, 61
2, 3671, Note_on_c, 0, 65, 40
2, 3701, Note_on_c, 0, 65, 0
2, 3731, Note_on_c, 0, 50, 44
2, 3768, Note_on_c, 0, 74, 0
2, 3776, Note_on_c, 0, 69, 0
2, 3778, Control_c, 0, 64, 0
2, 3820, Note_on_c, 0, 62, 48
2, 3864, Note_on_c, 0, 70, 88
2, 3897, Note_on_c, 0, 62, 0
2, 3899, Note_on_c, 0, 72, 0
2, 3943, Control_c, 0, 64, 127
2, 4080, Note_on_c, 0, 66, 40
2, 4147, Note_on_c, 0, 70, 0
2, 4172, Note_on_c, 0, 60, 42
2, 4192, Note_on_c, 0, 69, 81
2, 4198, Note_on_c, 0, 66, 0
2, 4205, Note_on_c, 0, 60, 0
2, 4208, Control_c, 0, 64, 0
2, 4220, Note_on_c, 0, 69, 0
2, 4240, Note_on_c, 0, 55, 46
2, 4246, Note_on_c, 0, 50, 0
2, 4246, Note_on_c, 0, 60, 46
2, 4280, Note_on_c, 0, 69, 86
2, 4359, Control_c, 0, 64, 127
2, 4468, Note_on_c, 0, 62, 40
2, 4496, Note_on_c, 0, 66, 40
2, 4595, Note_on_c, 0, 69, 0
2, 4595, Control_c, 0, 64, 0
2, 4624, Note_on_c, 0, 62, 0
2, 4633, Note_on_c, 0, 58, 40
2, 4641, Note_on_c, 0, 67, 84
2, 4642, Control_c, 0, 67, 0
2, 4674, Note_on_c, 0, 66, 0
2, 4690, Note_on_c, 0, 60, 0
2, 4727, Note_on_c, 0, 58, 0
2, 4728, Control_c, 0, 64, 127
2, 4749, Note_on_c, 0, 55, 0
2, 4801, Note_on_c, 0, 67, 0
2, 4831, Note_on_c, 0, 62, 42
2, 4873, Note_on_c, 0, 62, 0
2, 4908, Note_on_c, 0, 48, 46
2, 4924, Note_on_c, 0, 60, 47
2, 4956, Note_on_c, 0, 64, 58
2, 4972, Note_on_c, 0, 62, 69
2, 4979, Note_on_c, 0, 60, 0
2, 5017, Note_on_c, 0, 64, 0
2, 5056, Note_on_c, 0, 61, 43
2, 5060, Note_on_c, 0, 62, 0
2, 5078, Note_on_c, 0, 46, 45
2, 5093, Note_on_c, 0, 48, 0
2, 5096, Note_on_c, 0, 58, 46
2, 5108, Note_on_c, 0, 62, 46
2, 5115, Note_on_c, 0, 61, 0
2, 5115, Note_on_c, 0, 48, 47
2, 5146, Note_on_c, 0, 58, 0
2, 5164, Control_c, 0, 64, 0
2, 5174, Note_on_c, 0, 48, 0
2, 5174, Note_on_c, 0, 64, 50
2, 5177, Note_on_c, 0, 62, 0
2, 5183, Note_on_c, 0, 46, 0
2, 5201, Note_on_c, 0, 45, 51
2, 5203, Note_on_c, 0, 48, 51
2, 5214, Note_on_c, 0, 57, 56
2, 5254, Note_on_c, 0, 64, 0
2, 5256, Note_on_c, 0, 65, 82
2, 5314, Control_c, 0, 64, 127
2, 5380, Note_on_c, 0, 65, 0
2, 5408, Note_on_c, 0, 60, 40
2, 5424, Note_on_c, 0, 65, 40
2, 5439, Note_on_c, 0, 60, 0
2, 5443, Note_on_c, 0, 74, 71
2, 5465, Note_on_c, 0, 65, 0
2, 5481, Note_on_c, 0, 57, 0
2, 5501, Note_on_c, 0, 45, 0
2, 5503, Note_on_c, 0, 48, 0
2, 5545, Note_on_c, 0, 43, 40
2, 5566, Control_c, 0, 64, 0
2, 5578, Note_on_c, 0, 48, 40
2, 5608, Note_on_c, 0, 55, 40
2, 5639, Note_on_c, 0, 72, 76
2, 5657, Note_on_c, 0, 74, 0
2, 5673, Control_c, 0, 67, 127
2, 5725, Control_c, 0, 64, 127
2, 5758, Note_on_c, 0, 55, 0
2, 5758, Note_on_c, 0, 43, 0
2, 5774, Note_on_c, 0, 48, 0
2, 5866, Note_on_c, 0, 60, 40
2, 5875, Note_on_c, 0, 64, 40
2, 5875, Note_on_c, 0, 70, 40
2, 5880, Note_on_c, 0, 72, 0
2, 5907, Note_on_c, 0, 70, 0
2, 5923, Note_on_c, 0, 60, 0
2, 5957, Note_on_c, 0, 64, 0
2, 6047, Note_on_c, 0, 48, 40
2, 6062, Note_on_c, 0, 60, 40
2, 6074, Control_c, 0, 64, 0
2, 6080, Note_on_c, 0, 64, 41
2, 6105, Note_on_c, 0, 62, 56
2, 6129, Note_on_c, 0, 64, 0
2, 6139, Note_on_c, 0, 60, 0
2, 6169, Note_on_c, 0, 48, 0
2, 6204, Control_c, 0, 64, 127
2, 6208, Note_on_c, 0, 62, 0
2, 6214, Note_on_c, 0, 61, 40
2, 6263, Note_on_c, 0, 58, 43
2, 6287, Note_on_c, 0, 61, 0
2, 6290, Note_on_c, 0, 46, 44
2, 6290, Note_on_c, 0, 62, 44
2, 6296, Note_on_c, 0, 48, 44
2, 6331, Note_on_c, 0, 48, 0
2, 6333, Note_on_c, 0, 46, 0
2, 6349, Note_on_c, 0, 58, 0
2, 6373, Note_on_c, 0, 64, 48
2, 6375, Note_on_c, 0, 62, 0
2, 6402, Note_on_c, 0, 45, 50
2, 6402, Control_c, 0, 64, 0
2, 6406, Note_on_c, 0, 48, 50
2, 6415, Note_on_c, 0, 57, 55
2, 6438, Note_on_c, 0, 64, 0
2, 6438, Note_on_c, 0, 65, 69
2, 6534, Control_c, 0, 64, 127
2, 6556, Note_on_c, 0, 65, 0
2, 6611, Note_on_c, 0, 60, 40
2, 6635, Note_on_c, 0, 65, 40
2, 6666, Note_on_c, 0, 65, 0
2, 6670, Note_on_c, 0, 60, 0
2, 6672, Note_on_c, 0, 74, 44
2, 6696, Note_on_c, 0, 48, 0
2, 6717, Note_on_c, 0, 57, 0
2, 6724, Note_on_c, 0, 45, 0
2, 6777, Note_on_c, 0, 43, 40
2, 6779, Control_c, 0, 64, 0
2, 6813, Note_on_c, 0, 48, 40
2, 6813, Note_on_c, 0, 55, 40
2, 6849, Note_on_c, 0, 72, 54
2, 6873, Note_on_c, 0, 74, 0
2, 6922, Control_c, 0, 64, 127
2, 6988, Note_on_c, 0, 55, 0
2, 6988, Note_on_c, 0, 43, 0
2, 6988, Note_on_c, 0, 48, 0
2, 7032, Note_on_c, 0, 64, 40
2, 7039, Note_on_c, 0, 60, 40
2, 7045, Note_on_c, 0, 70, 40
2, 7051, Note_on_c, 0, 72, 0
2, 7054, Control_c, 0, 67, 0
2, 7072, Note_on_c, 0, 64, 0
2, 7081, Note_on_c, 0, 60, 0
2, 7100, Note_on_c, 0, 70, 0
2, 7118, Note_on_c, 0, 48, 40
2, 7128, Note_on_c, 0, 55, 40
2, 7128, Note_on_c, 0, 60, 40
2, 7199, Note_on_c, 0, 71, 73
2, 7257, Note_on_c, 0, 72, 76
2, 7263, Note_on_c, 0, 71, 0
2, 7325, Note_on_c, 0, 74, 80
2, 7327, Note_on_c, 0, 72, 0
2, 7330, Note_on_c, 0, 64, 44
2, 7367, Note_on_c, 0, 64, 0
2, 7389, Note_on_c, 0, 74, 0
2, 7389, Note_on_c, 0, 72, 83
2, 7394, Note_on_c, 0, 60, 0
2, 7407, Note_on_c, 0, 48, 0
2, 7409, Note_on_c, 0, 53, 48
2, 7437, Note_on_c, 0, 55, 0
2, 7446, Note_on_c, 0, 60, 50
2, 7447, Control_c, 0, 64, 0
2, 7457, Note_on_c, 0, 72, 0
2, 7485, Note_on_c, 0, 81, 90
2, 7580, Control_c, 0, 64, 127
2, 7642, Note_on_c, 0, 60, 0
2, 7667, Note_on_c, 0, 72, 40
2, 7685, Note_on_c, 0, 69, 40
2, 7685, Note_on_c, 0, 77, 40
2, 7746, Note_on_c, 0, 50, 43
2, 7752, Note_on_c, 0, 81, 0
2, 7792, Note_on_c, 0, 72, 0
2, 7798, Note_on_c, 0, 77, 0
2, 7806, Note_on_c, 0, 79, 45
2, 7808, Note_on_c, 0, 64, 46
2, 7823, Note_on_c, 0, 50, 0
2, 7834, Note_on_c, 0, 53, 0
2, 7848, Note_on_c, 0, 69, 0
2, 7980, Note_on_c, 0, 69, 43
2, 7984, Note_on_c, 0, 74, 43
2, 7990, Note_on_c, 0, 64, 0
2, 7990, Note_on_c, 0, 65, 46
2, 7990, Note_on_c, 0, 77, 42
2, 8020, Note_on_c, 0, 65, 0
2, 8020, Note_on_c, 0, 69, 0
2, 8081, Note_on_c, 0, 74, 0
2, 8081, Note_on_c, 0, 79, 0
2, 8083, Note_on_c, 0, 55, 50
2, 8117, Control_c, 0, 64, 0
2, 8155, Note_on_c, 0, 67, 50
2, 8169, Note_on_c, 0, 76, 51
2, 8173, Note_on_c, 0, 77, 0
2, 8189, Note_on_c, 0, 55, 0
2, 8250, Control_c, 0, 64, 127
2, 8363, Note_on_c, 0, 71, 40
2, 8367, Note_on_c, 0, 67, 0
2, 8436, Note_on_c, 0, 65, 44
2, 8440, Note_on_c, 0, 74, 44
2, 8456, Note_on_c, 0, 71, 0
2, 8460, Note_on_c, 0, 65, 0
2, 8466, Note_on_c, 0, 76, 0
2, 8470, Note_on_c, 0, 74, 0
2, 8488, Note_on_c, 0, 60, 47
2, 8493, Note_on_c, 0, 65, 47
2, 8498, Control_c, 0, 64, 0
2, 8504, Note_on_c, 0, 74, 47
2, 8623, Control_c, 0, 64, 127
2, 8724, Note_on_c, 0, 67, 40
2, 8724, Note_on_c, 0, 70, 40
2, 8815, Note_on_c, 0, 65, 0
2, 8905, Control_c, 0, 64, 0
2, 8928, Note_on_c, 0, 64, 40
2, 8936, Note_on_c, 0, 70, 0
2, 8936, Note_on_c, 0, 72, 50
2, 8978, Note_on_c, 0, 60, 0
2, 8982, Note_on_c, 0, 67, 0
2, 8982, Note_on_c, 0, 74, 0
2, 9023, Control_c, 0, 64, 127
2, 9029, Note_on_c, 0, 64, 0
2, 9035, Control_c, 0, 67, 127
2, 9164, Note_on_c, 0, 72, 0
2, 9172, Note_on_c, 0, 70, 41
2, 9176, Note_on_c, 0, 73, 40
2, 9182, Note_on_c, 0, 67, 40
2, 9336, Note_on_c, 0, 67, 0
2, 9354, Note_on_c, 0, 70, 0
2, 9407, Note_on_c, 0, 48, 40
2, 9412, Note_on_c, 0, 74, 40
2, 9421, Note_on_c, 0, 73, 0
2, 9471, Note_on_c, 0, 48, 0
2, 9636, Note_on_c, 0, 74, 0
2, 9674, Note_on_c, 0, 76, 42
2, 9681, Note_on_c, 0, 67, 42
2, 9687, Note_on_c, 0, 70, 43
2, 9718, Control_c, 0, 67, 0
2, 9780, Note_on_c, 0, 76, 0
2, 9790, Control_c, 0, 64, 0
2, 9795, Note_on_c, 0, 67, 0
2, 9798, Note_on_c, 0, 41, 40
2, 9857, Note_on_c, 0, 48, 40
2, 9909, Note_on_c, 0, 70, 0
2, 9912, Note_on_c, 0, 77, 72
2, 9912, Control_c, 0, 64, 127
2, 9923, Note_on_c, 0, 57, 40
2, 9958, Note_on_c, 0, 41, 0
2, 9967, Note_on_c, 0, 48, 0
2, 10066, Note_on_c, 0, 57, 0
2, 10151, Note_on_c, 0, 69, 40
2, 10151, Note_on_c, 0, 72, 40
2, 10153, Note_on_c, 0, 65, 40
2, 10194, Note_on_c, 0, 65, 0
2, 10198, Note_on_c, 0, 72, 0
2, 10203, Note_on_c, 0, 69, 0
2, 10244, Note_on_c, 0, 45, 40
2, 10266, Note_on_c, 0, 53, 40
2, 10310, Note_on_c, 0, 45, 0
2, 10313, Note_on_c, 0, 53, 0
2, 10317, Note_on_c, 0, 76, 48
2, 10320, Note_on_c, 0, 60, 40
2, 10322, Note_on_c, 0, 77, 0
2, 10343, Note_on_c, 0, 60, 0
2, 10488, Note_on_c, 0, 65, 40
2, 10488, Note_on_c, 0, 69, 43
2, 10498, Note_on_c, 0, 72, 42
2, 10528, Note_on_c, 0, 69, 0
2, 10536, Note_on_c, 0, 76, 0
2, 10555, Note_on_c, 0, 46, 40
2, 10560, Note_on_c, 0, 65, 0
2, 10575, Note_on_c, 0, 72, 0
2, 10579, Note_on_c, 0, 53, 40
2, 10603, Note_on_c, 0, 58, 40
2, 10611, Note_on_c, 0, 76, 40
2, 10630, Note_on_c, 0, 74, 40
2, 10657, Note_on_c, 0, 76, 0
2, 10659, Note_on_c, 0, 58, 0
2, 10702, Note_on_c, 0, 53, 0
2, 10706, Note_on_c, 0, 74, 0
2, 10708, Note_on_c, 0, 73, 44
2, 10747, Note_on_c, 0, 46, 0
2, 10751, Note_on_c, 0, 74, 47
2, 10760, Note_on_c, 0, 73, 0
2, 10760, Note_on_c, 0, 65, 41
2, 10824, Note_on_c, 0, 76, 50
2, 10839, Note_on_c, 0, 41, 45
2, 10848, Note_on_c, 0, 65, 0
2, 10866, Control_c, 0, 64, 0
2, 10868, Note_on_c, 0, 48, 47
2, 10884, Note_on_c, 0, 76, 0
2, 10920, Note_on_c, 0, 57, 50
2, 10922, Note_on_c, 0, 74, 0
2, 10926, Note_on_c, 0, 77, 66
2, 10982, Control_c, 0, 64, 127
2, 11003, Note_on_c, 0, 48, 0
2, 11016, Note_on_c, 0, 41, 0
2, 11079, Note_on_c, 0, 57, 0
2, 11117, Note_on_c, 0, 65, 43
2, 11117, Note_on_c, 0, 72, 40
2, 11126, Note_on_c, 0, 69, 40
2, 11178, Note_on_c, 0, 45, 40
2, 11194, Control_c, 0, 64, 0
2, 11199, Note_on_c, 0, 53, 40
2, 11236, Note_on_c, 0, 69, 0
2, 11255, Note_on_c, 0, 76, 47
2, 11258, Note_on_c, 0, 77, 0
2, 11259, Note_on_c, 0, 72, 0
2, 11261, Note_on_c, 0, 45, 0
2, 11261, Note_on_c, 0, 60, 40
2, 11285, Note_on_c, 0, 65, 0
2, 11302, Note_on_c, 0, 53, 0
2, 11302, Control_c, 0, 64, 127
2, 11317, Note_on_c, 0, 60, 0
2, 11400, Note_on_c, 0, 65, 40
2, 11400, Note_on_c, 0, 69, 43
2, 11439, Note_on_c, 0, 76, 0
2, 11457, Note_on_c, 0, 46, 40
2, 11461, Note_on_c, 0, 65, 0
2, 11477, Note_on_c, 0, 69, 0
2, 11485, Note_on_c, 0, 53, 40
2, 11489, Note_on_c, 0, 58, 40
2, 11505, Note_on_c, 0, 76, 40
2, 11515, Note_on_c, 0, 74, 40
2, 11551, Note_on_c, 0, 76, 0
2, 11560, Note_on_c, 0, 58, 0
2, 11592, Note_on_c, 0, 74, 0
2, 11593, Note_on_c, 0, 53, 0
2, 11593, Note_on_c, 0, 73, 44
2, 11626, Note_on_c, 0, 46, 0
2, 11634, Note_on_c, 0, 74, 46
2, 11644, Note_on_c, 0, 73, 0
2, 11644, Note_on_c, 0, 65, 42
2, 11699, Note_on_c, 0, 41, 44
2, 11701, Note_on_c, 0, 76, 50
2, 11709, Control_c, 0, 64, 0
2, 11723, Note_on_c, 0, 65, 0
2, 11725, Note_on_c, 0, 48, 46
2, 11741, Note_on_c, 0, 76, 0
2, 11765, Note_on_c, 0, 74, 0
2, 11782, Note_on_c, 0, 48, 0
2, 11785, Note_on_c, 0, 57, 49
2, 11787, Note_on_c, 0, 77, 67
2, 11814, Control_c, 0, 64, 127
2, 11832, Note_on_c, 0, 41, 0
2, 11906, Note_on_c, 0, 57, 0
2, 11979, Note_on_c, 0, 76, 49
2, 11983, Note_on_c, 0, 77, 0
2, 11983, Note_on_c, 0, 72, 49
2, 11985, Note_on_c, 0, 65, 42
2, 12044, Note_on_c, 0, 72, 0
2, 12066, Note_on_c, 0, 45, 40
2, 12066, Control_c, 0, 64, 0
2, 12086, Note_on_c, 0, 65, 0
2, 12091, Note_on_c, 0, 53, 40
2, 12139, Note_on_c, 0, 74, 57
2, 12143, Control_c, 0, 64, 127
2, 12146, Note_on_c, 0, 60, 40
2, 12169, Note_on_c, 0, 53, 0
2, 12175, Note_on_c, 0, 76, 0
2, 12197, Note_on_c, 0, 45, 0
2, 12210, Note_on_c, 0, 60, 0
2, 12322, Note_on_c, 0, 65, 40
2, 12325, Note_on_c, 0, 72, 50
2, 12335, Note_on_c, 0, 69, 50
2, 12362, Note_on_c, 0, 65, 0
2, 12377, Note_on_c, 0, 74, 0
2, 12409, Note_on_c, 0, 50, 44
2, 12432, Control_c, 0, 64, 0
2, 12446, Note_on_c, 0, 69, 0
2, 12503, Note_on_c, 0, 62, 49
2, 12510, Note_on_c, 0, 70, 59
2, 12528, Note_on_c, 0, 72, 0
2, 12585, Control_c, 0, 64, 127
2, 12718, Note_on_c, 0, 66, 40
2, 12760, Note_on_c, 0, 70, 0
2, 12811, Note_on_c, 0, 66, 0
2, 12811, Note_on_c, 0, 69, 55
2, 12818, Note_on_c, 0, 60, 40
2, 12840, Note_on_c, 0, 69, 0
2, 12849, Note_on_c, 0, 62, 0
2, 12855, Note_on_c, 0, 60, 0
2, 12871, Note_on_c, 0, 55, 40
2, 12875, Control_c, 0, 64, 0
2, 12906, Note_on_c, 0, 69, 60
2, 12917, Note_on_c, 0, 60, 40
2, 12918, Note_on_c, 0, 50, 0
2, 13007, Control_c, 0, 64, 127
2, 13122, Note_on_c, 0, 62, 40
2, 13140, Note_on_c, 0, 66, 40
2, 13214, Note_on_c, 0, 62, 0
2, 13257, Control_c, 0, 64, 0
2, 13281, Note_on_c, 0, 69, 0
2, 13291, Note_on_c, 0, 58, 40
2, 13296, Note_on_c, 0, 67, 48
2, 13305, Note_on_c, 0, 60, 0
2, 13329, Note_on_c, 0, 66, 0
2, 13360, Note_on_c, 0, 55, 0
2, 13372, Control_c, 0, 64, 127
2, 13378, Note_on_c, 0, 58, 0
2, 13457, Note_on_c, 0, 67, 0
2, 13470, Note_on_c, 0, 62, 40
2, 13513, Note_on_c, 0, 62, 0
2, 13536, Control_c, 0, 64, 0
2, 13554, Note_on_c, 0, 48, 40
2, 13587, Note_on_c, 0, 60, 40
2, 13596, Note_on_c, 0, 64, 42
2, 13620, Note_on_c, 0, 62, 59
2, 13648, Note_on_c, 0, 60, 0
2, 13656, Control_c, 0, 64, 127
2, 13677, Note_on_c, 0, 48, 0
2, 13680, Note_on_c, 0, 64, 0
2, 13711, Note_on_c, 0, 62, 0
2, 13713, Note_on_c, 0, 61, 44
2, 13757, Note_on_c, 0, 46, 46
2, 13767, Note_on_c, 0, 58, 47
2, 13770, Note_on_c, 0, 62, 47
2, 13774, Note_on_c, 0, 61, 0
2, 13801, Note_on_c, 0, 58, 0
2, 13816, Note_on_c, 0, 64, 49
2, 13840, Note_on_c, 0, 46, 0
2, 13844, Note_on_c, 0, 62, 0
2, 13846, Control_c, 0, 64, 0
2, 13848, Note_on_c, 0, 45, 51
2, 13854, Note_on_c, 0, 48, 51
2, 13858, Note_on_c, 0, 57, 51
2, 13889, Note_on_c, 0, 64, 0
2, 13904, Note_on_c, 0, 65, 77
2, 13965, Control_c, 0, 64, 127
2, 14028, Note_on_c, 0, 65, 0
2, 14060, Note_on_c, 0, 60, 40
2, 14082, Note_on_c, 0, 65, 40
2, 14087, Note_on_c, 0, 60, 0
2, 14103, Note_on_c, 0, 74, 62
2, 14122, Note_on_c, 0, 65, 0
2, 14133, Note_on_c, 0, 57, 0
2, 14145, Note_on_c, 0, 48, 0
2, 14159, Note_on_c, 0, 45, 0
2, 14201, Note_on_c, 0, 43, 40
2, 14217, Note_on_c, 0, 48, 40
2, 14226, Control_c, 0, 64, 0
2, 14248, Note_on_c, 0, 55, 40
2, 14294, Note_on_c, 0, 72, 58
2, 14316, Note_on_c, 0, 74, 0
2, 14321, Control_c, 0, 67, 127
2, 14352, Control_c, 0, 64, 127
2, 14411, Note_on_c, 0, 55, 0
2, 14427, Note_on_c, 0, 43, 0
2, 14431, Note_on_c, 0, 48, 0
2, 14504, Note_on_c, 0, 72, 0
2, 14524, Note_on_c, 0, 60, 40
2, 14528, Note_on_c, 0, 70, 40
2, 14534, Note_on_c, 0, 64, 40
2, 14567, Note_on_c, 0, 70, 0
2, 14576, Note_on_c, 0, 60, 0
2, 14611, Note_on_c, 0, 64, 0
2, 14702, Note_on_c, 0, 48, 40
2, 14712, Control_c, 0, 64, 0
2, 14730, Note_on_c, 0, 60, 41
2, 14735, Note_on_c, 0, 64, 41
2, 14770, Note_on_c, 0, 62, 59
2, 14797, Note_on_c, 0, 60, 0
2, 14803, Note_on_c, 0, 64, 0
2, 14812, Note_on_c, 0, 48, 0
2, 14835, Control_c, 0, 64, 127
2, 14876, Note_on_c, 0, 62, 0
2, 14894, Note_on_c, 0, 61, 46
2, 14936, Note_on_c, 0, 46, 48
2, 14936, Note_on_c, 0, 58, 48
2, 14954, Note_on_c, 0, 62, 49
2, 14956, Note_on_c, 0, 61, 0
2, 15002, Note_on_c, 0, 62, 0
2, 15008, Note_on_c, 0, 58, 0
2, 15030, Note_on_c, 0, 64, 53
2, 15039, Note_on_c, 0, 46, 0
2, 15041, Control_c, 0, 64, 0
2, 15065, Note_on_c, 0, 45, 54
2, 15075, Note_on_c, 0, 48, 55
2, 15079, Note_on_c, 0, 57, 55
2, 15094, Note_on_c, 0, 64, 0
2, 15109, Note_on_c, 0, 65, 67
2, 15166, Control_c, 0, 64, 127
2, 15204, Note_on_c, 0, 65, 0
2, 15275, Note_on_c, 0, 60, 40
2, 15287, Note_on_c, 0, 65, 40
2, 15295, Note_on_c, 0, 60, 0
2, 15319, Note_on_c, 0, 65, 0
2, 15319, Note_on_c, 0, 74, 46
2, 15341, Note_on_c, 0, 57, 0
2, 15341, Note_on_c, 0, 48, 0
2, 15368, Note_on_c, 0, 45, 0
2, 15427, Control_c, 0, 64, 0
2, 15442, Note_on_c, 0, 43, 40
2, 15473, Note_on_c, 0, 55, 40
2, 15475, Note_on_c, 0, 48, 40
2, 15503, Note_on_c, 0, 72, 55
2, 15505, Note_on_c, 0, 74, 0
2, 15557, Control_c, 0, 64, 127
2, 15667, Note_on_c, 0, 48, 0
2, 15669, Note_on_c, 0, 43, 0
2, 15672, Note_on_c, 0, 55, 0
2, 15682, Note_on_c, 0, 64, 40
2, 15695, Note_on_c, 0, 70, 40
2, 15702, Control_c, 0, 67, 0
2, 15703, Note_on_c, 0, 72, 0
2, 15705, Note_on_c, 0, 60, 40
2, 15743, Note_on_c, 0, 60, 0
2, 15743, Note_on_c, 0, 64, 0
2, 15761, Note_on_c, 0, 70, 0
2, 15777, Note_on_c, 0, 48, 40
2, 15790, Note_on_c, 0, 55, 40
2, 15793, Note_on_c, 0, 60, 40
2, 15844, Note_on_c, 0, 71, 62
2, 15903, Note_on_c, 0, 72, 65
2, 15914, Note_on_c, 0, 71, 0
2, 15973, Note_on_c, 0, 74, 68
2, 15980, Note_on_c, 0, 64, 49
2, 15993, Note_on_c, 0, 72, 0
2, 16024, Note_on_c, 0, 60, 0
2, 16030, Note_on_c, 0, 74, 0
2, 16042, Note_on_c, 0, 72, 72
2, 16056, Note_on_c, 0, 48, 0
2, 16056, Note_on_c, 0, 64, 0
2, 16058, Note_on_c, 0, 53, 54
2, 16096, Note_on_c, 0, 60, 55
2, 16103, Note_on_c, 0, 72, 0
2, 16104, Control_c, 0, 64, 0
2, 16119, Note_on_c, 0, 55, 0
2, 16134, Note_on_c, 0, 81, 87
2, 16200, Control_c, 0, 64, 127
2, 16296, Note_on_c, 0, 60, 0
2, 16343, Note_on_c, 0, 72, 40
2, 16354, Note_on_c, 0, 69, 40
2, 16357, Note_on_c, 0, 77, 40
2, 16419, Note_on_c, 0, 81, 0
2, 16427, Note_on_c, 0, 50, 47
2, 16443, Note_on_c, 0, 72, 0
2, 16451, Control_c, 0, 64, 0
2, 16508, Note_on_c, 0, 64, 51
2, 16530, Note_on_c, 0, 50, 0
2, 16532, Note_on_c, 0, 79, 49
2, 16538, Note_on_c, 0, 53, 0
2, 16555, Note_on_c, 0, 69, 0
2, 16559, Note_on_c, 0, 77, 0
2, 16572, Control_c, 0, 64, 127
2, 16710, Note_on_c, 0, 77, 42
2, 16712, Note_on_c, 0, 64, 0
2, 16712, Note_on_c, 0, 69, 42
2, 16718, Note_on_c, 0, 65, 41
2, 16720, Note_on_c, 0, 74, 42
2, 16744, Note_on_c, 0, 65, 0
2, 16748, Note_on_c, 0, 69, 0
2, 16799, Note_on_c, 0, 79, 0
2, 16802, Control_c, 0, 64, 0
2, 16826, Note_on_c, 0, 55, 40
2, 16831, Note_on_c, 0, 74, 0
2, 16888, Note_on_c, 0, 67, 51
2, 16907, Note_on_c, 0, 76, 52
2, 16914, Note_on_c, 0, 77, 0
2, 16950, Note_on_c, 0, 55, 0
2, 16956, Control_c, 0, 64, 127
2, 17106, Note_on_c, 0, 67, 0
2, 17108, Note_on_c, 0, 71, 45
2, 17190, Note_on_c, 0, 74, 48
2, 17196, Note_on_c, 0, 65, 41
2, 17214, Note_on_c, 0, 71, 0
2, 17224, Note_on_c, 0, 76, 0
2, 17224, Note_on_c, 0, 74, 0
2, 17229, Note_on_c, 0, 65, 0
2, 17262, Control_c, 0, 64, 0
2, 17267, Note_on_c, 0, 74, 63
2, 17273, Note_on_c, 0, 60, 45
2, 17273, Note_on_c, 0, 65, 45
2, 17418, Control_c, 0, 64, 127
2, 17491, Note_on_c, 0, 67, 40
2, 17491, Note_on_c, 0, 71, 40
2, 17604, Control_c, 0, 64, 0
2, 17634, Note_on_c, 0, 65, 0
2, 17652, Note_on_c, 0, 64, 40
2, 17656, Note_on_c, 0, 71, 0
2, 17656, Note_on_c, 0, 72, 47
2, 17688, Note_on_c, 0, 67, 0
2, 17701, Control_c, 0, 64, 127
2, 17703, Note_on_c, 0, 64, 0
2, 17707, Note_on_c, 0, 60, 0
2, 17749, Note_on_c, 0, 74, 0
2, 17828, Note_on_c, 0, 72, 0
2, 17850, Note_on_c, 0, 67, 40
2, 17899, Note_on_c, 0, 48, 40
2, 17934, Note_on_c, 0, 55, 40
2, 17955, Note_on_c, 0, 48, 0
2, 17969, Note_on_c, 0, 55, 0
2, 17989, Note_on_c, 0, 63, 40
2, 18020, Note_on_c, 0, 63, 0
2, 18082, Note_on_c, 0, 67, 0
2, 18187, Note_on_c, 0, 67, 46
2, 18191, Control_c, 0, 64, 0
2, 18240, Note_on_c, 0, 55, 40
2, 18247, Note_on_c, 0, 67, 0
2, 18252, Note_on_c, 0, 58, 40
2, 18282, Note_on_c, 0, 62, 40
2, 18294, Note_on_c, 0, 69, 51
2, 18310, Note_on_c, 0, 67, 60
2, 18316, Control_c, 0, 64, 127
2, 18350, Note_on_c, 0, 69, 0
2, 18355, Note_on_c, 0, 62, 0
2, 18386, Note_on_c, 0, 58, 0
2, 18389, Note_on_c, 0, 55, 0
2, 18391, Note_on_c, 0, 67, 0
2, 18393, Note_on_c, 0, 66, 45
2, 18445, Note_on_c, 0, 66, 0
2, 18459, Note_on_c, 0, 67, 47
2, 18461, Note_on_c, 0, 62, 49
2, 18502, Control_c, 0, 64, 0
2, 18520, Note_on_c, 0, 67, 0
2, 18526, Note_on_c, 0, 74, 51
2, 18544, Note_on_c, 0, 74, 0
2, 18546, Note_on_c, 0, 50, 53
2, 18576, Note_on_c, 0, 58, 55
2, 18582, Note_on_c, 0, 74, 75
2, 18586, Control_c, 0, 64, 127
2, 18613, Note_on_c, 0, 58, 0
2, 18627, Note_on_c, 0, 50, 0
2, 18651, Note_on_c, 0, 60, 59
2, 18655, Note_on_c, 0, 51, 59
2, 18681, Note_on_c, 0, 60, 0
2, 18708, Note_on_c, 0, 51, 0
2, 18708, Note_on_c, 0, 50, 62
2, 18720, Note_on_c, 0, 58, 62
2, 18723, Note_on_c, 0, 67, 46
2, 18744, Note_on_c, 0, 50, 0
2, 18750, Note_on_c, 0, 74, 0
2, 18767, Note_on_c, 0, 58, 0
2, 18772, Note_on_c, 0, 62, 0
2, 18782, Note_on_c, 0, 46, 65
2, 18794, Control_c, 0, 64, 0
2, 18804, Note_on_c, 0, 50, 66
2, 18816, Note_on_c, 0, 57, 67
2, 18867, Note_on_c, 0, 66, 84
2, 18879, Control_c, 0, 64, 127
2, 18891, Note_on_c, 0, 67, 0
2, 18934, Note_on_c, 0, 46, 0
2, 18934, Note_on_c, 0, 50, 0
2, 18937, Note_on_c, 0, 57, 0
2, 18998, Note_on_c, 0, 66, 0
2, 19003, Note_on_c, 0, 60, 40
2, 19003, Note_on_c, 0, 62, 40
2, 19047, Note_on_c, 0, 43, 40
2, 19053, Note_on_c, 0, 60, 0
2, 19065, Note_on_c, 0, 62, 0
2, 19065, Control_c, 0, 64, 0
2, 19067, Note_on_c, 0, 50, 40
2, 19124, Note_on_c, 0, 58, 40
2, 19126, Note_on_c, 0, 69, 52
2, 19139, Note_on_c, 0, 67, 61
2, 19160, Control_c, 0, 64, 127
2, 19168, Note_on_c, 0, 69, 0
2, 19210, Note_on_c, 0, 67, 0
2, 19221, Note_on_c, 0, 66, 44
2, 19254, Note_on_c, 0, 43, 0
2, 19259, Note_on_c, 0, 50, 0
2, 19272, Note_on_c, 0, 66, 0
2, 19274, Note_on_c, 0, 62, 47
2, 19278, Note_on_c, 0, 58, 0
2, 19285, Note_on_c, 0, 67, 47
2, 19327, Control_c, 0, 64, 0
2, 19333, Note_on_c, 0, 74, 49
2, 19340, Note_on_c, 0, 67, 0
2, 19358, Note_on_c, 0, 74, 0
2, 19375, Note_on_c, 0, 50, 52
2, 19390, Note_on_c, 0, 62, 0
2, 19390, Note_on_c, 0, 58, 53
2, 19402, Note_on_c, 0, 74, 77
2, 19434, Note_on_c, 0, 50, 0
2, 19436, Control_c, 0, 64, 127
2, 19437, Note_on_c, 0, 58, 0
2, 19466, Note_on_c, 0, 60, 57
2, 19466, Note_on_c, 0, 51, 57
2, 19497, Note_on_c, 0, 60, 0
2, 19523, Note_on_c, 0, 51, 0
2, 19523, Note_on_c, 0, 50, 60
2, 19536, Note_on_c, 0, 67, 79
2, 19537, Note_on_c, 0, 62, 60
2, 19539, Note_on_c, 0, 58, 61
2, 19560, Note_on_c, 0, 50, 0
2, 19587, Note_on_c, 0, 46, 63
2, 19591, Note_on_c, 0, 58, 0
2, 19593, Note_on_c, 0, 67, 0
2, 19598, Control_c, 0, 64, 0
2, 19624, Note_on_c, 0, 50, 65
2, 19648, Note_on_c, 0, 57, 66
2, 19655, Note_on_c, 0, 62, 0
2, 19672, Note_on_c, 0, 66, 81
2, 19695, Control_c, 0, 64, 127
2, 19730, Note_on_c, 0, 57, 0
2, 19732, Note_on_c, 0, 74, 0
2, 19739, Note_on_c, 0, 50, 0
2, 19743, Note_on_c, 0, 46, 0
2, 19807, Note_on_c, 0, 60, 43
2, 19807, Note_on_c, 0, 62, 43
2, 19856, Note_on_c, 0, 43, 42
2, 19862, Note_on_c, 0, 62, 0
2, 19862, Note_on_c, 0, 60, 0
2, 19872, Note_on_c, 0, 66, 0
2, 19884, Note_on_c, 0, 50, 43
2, 19884, Control_c, 0, 64, 0
2, 19915, Note_on_c, 0, 69, 63
2, 19926, Note_on_c, 0, 58, 46
2, 19930, Note_on_c, 0, 67, 63
2, 19973, Note_on_c, 0, 69, 0
2, 19989, Control_c, 0, 64, 127
2, 20001, Note_on_c, 0, 66, 49
2, 20010, Note_on_c, 0, 67, 0
2, 20014, Note_on_c, 0, 50, 0
2, 20017, Note_on_c, 0, 43, 0
2, 20041, Note_on_c, 0, 58, 0
2, 20054, Note_on_c, 0, 66, 0
2, 20056, Note_on_c, 0, 62, 52
2, 20092, Note_on_c, 0, 67, 72
2, 20111, Note_on_c, 0, 74, 73
2, 20131, Note_on_c, 0, 67, 0
2, 20131, Note_on_c, 0, 62, 0
2, 20140, Note_on_c, 0, 74, 0
2, 20164, Note_on_c, 0, 46, 58
2, 20169, Note_on_c, 0, 50, 58
2, 20179, Note_on_c, 0, 58, 59
2, 20197, Note_on_c, 0, 74, 93
2, 20328, Note_on_c, 0, 74, 0
2, 20345, Note_on_c, 0, 58, 0
2, 20351, Note_on_c, 0, 46, 0
2, 20352, Note_on_c, 0, 75, 87
2, 20356, Note_on_c, 0, 50, 0
2, 20417, Control_c, 0, 64, 0
2, 20425, Note_on_c, 0, 42, 53
2, 20446, Note_on_c, 0, 50, 54
2, 20461, Note_on_c, 0, 75, 0
2, 20490, Note_on_c, 0, 42, 0
2, 20490, Note_on_c, 0, 74, 93
2, 20494, Note_on_c, 0, 57, 57
2, 20499, Control_c, 0, 64, 127
2, 20508, Note_on_c, 0, 50, 0
2, 20594, Note_on_c, 0, 57, 0
2, 20640, Note_on_c, 0, 72, 88
2, 20667, Control_c, 0, 64, 0
2, 20671, Note_on_c, 0, 74, 0
2, 20677, Note_on_c, 0, 43, 49
2, 20697, Note_on_c, 0, 50, 48
2, 20699, Note_on_c, 0, 72, 0
2, 20734, Note_on_c, 0, 43, 0
2, 20746, Note_on_c, 0, 72, 83
2, 20752, Note_on_c, 0, 50, 0
2, 20752, Note_on_c, 0, 55, 46
2, 20776, Control_c, 0, 64, 127
2, 20796, Note_on_c, 0, 55, 0
2, 20801, Note_on_c, 0, 70, 85
2, 20841, Note_on_c, 0, 70, 0
2, 20881, Note_on_c, 0, 69, 90
2, 20913, Note_on_c, 0, 69, 0
2, 20913, Note_on_c, 0, 70, 91
2, 20931, Control_c, 0, 64, 0
2, 20938, Note_on_c, 0, 77, 93
2, 20942, Note_on_c, 0, 45, 56
2, 20946, Note_on_c, 0, 53, 56
2, 20953, Note_on_c, 0, 70, 0
2, 20974, Note_on_c, 0, 77, 0
2, 21008, Note_on_c, 0, 60, 59
2, 21010, Note_on_c, 0, 77, 96
2, 21014, Control_c, 0, 64, 127
2, 21043, Note_on_c, 0, 60, 0
2, 21048, Note_on_c, 0, 77, 0
2, 21093, Note_on_c, 0, 45, 0
2, 21101, Note_on_c, 0, 53, 0
2, 21121, Note_on_c, 0, 72, 0
2, 21131, Note_on_c, 0, 63, 55
2, 21151, Note_on_c, 0, 72, 104
2, 21164, Note_on_c, 0, 63, 0
2, 21173, Note_on_c, 0, 79, 105
2, 21194, Note_on_c, 0, 72, 0
2, 21216, Control_c, 0, 64, 0
2, 21235, Note_on_c, 0, 53, 61
2, 21263, Note_on_c, 0, 60, 60
2, 21315, Note_on_c, 0, 77, 104
2, 21325, Note_on_c, 0, 79, 0
2, 21376, Control_c, 0, 64, 127
2, 21389, Note_on_c, 0, 77, 0
2, 21468, Note_on_c, 0, 63, 55
2, 21470, Note_on_c, 0, 65, 55
2, 21470, Note_on_c, 0, 69, 97
2, 21503, Note_on_c, 0, 63, 0
2, 21508, Note_on_c, 0, 69, 0
2, 21511, Note_on_c, 0, 65, 0
2, 21527, Note_on_c, 0, 58, 58
2, 21552, Note_on_c, 0, 60, 0
2, 21561, Note_on_c, 0, 62, 60
2, 21574, Control_c, 0, 64, 0
2, 21609, Note_on_c, 0, 72, 103
2, 21625, Note_on_c, 0, 70, 104
2, 21654, Note_on_c, 0, 72, 0
2, 21672, Note_on_c, 0, 62, 0
2, 21676, Control_c, 0, 64, 127
2, 21682, Note_on_c, 0, 58, 0
2, 21686, Note_on_c, 0, 53, 0
2, 21686, Note_on_c, 0, 70, 0
2, 21704, Note_on_c, 0, 69, 108
2, 21753, Note_on_c, 0, 69, 0
2, 21757, Note_on_c, 0, 70, 110
2, 21767, Note_on_c, 0, 65, 70
2, 21817, Note_on_c, 0, 77, 114
2, 21819, Control_c, 0, 64, 0
2, 21826, Note_on_c, 0, 70, 0
2, 21854, Note_on_c, 0, 77, 0
2, 21876, Note_on_c, 0, 50, 76
2, 21886, Note_on_c, 0, 58, 77
2, 21896, Note_on_c, 0, 77, 127
2, 21904, Control_c, 0, 64, 127
2, 21918, Note_on_c, 0, 50, 0
2, 21924, Note_on_c, 0, 58, 0
2, 21938, Note_on_c, 0, 57, 79
2, 21938, Note_on_c, 0, 49, 79
2, 21975, Note_on_c, 0, 57, 0
2, 21981, Note_on_c, 0, 50, 82
2, 21995, Note_on_c, 0, 58, 82
2, 22008, Note_on_c, 0, 49, 0
2, 22011, Note_on_c, 0, 70, 40
2, 22019, Note_on_c, 0, 50, 0
2, 22032, Note_on_c, 0, 65, 0
2, 22035, Note_on_c, 0, 58, 0
2, 22066, Note_on_c, 0, 57, 86
2, 22068, Note_on_c, 0, 65, 86
2, 22096, Note_on_c, 0, 65, 0
2, 22102, Note_on_c, 0, 57, 0
2, 22110, Control_c, 0, 64, 0
2, 22125, Note_on_c, 0, 65, 89
2, 22128, Note_on_c, 0, 57, 89
2, 22142, Note_on_c, 0, 77, 0
2, 22147, Note_on_c, 0, 70, 0
2, 22152, Note_on_c, 0, 72, 47
2, 22255, Note_on_c, 0, 65, 0
2, 22262, Control_c, 0, 64, 127
2, 22290, Note_on_c, 0, 63, 82
2, 22292, Note_on_c, 0, 65, 82
2, 22318, Note_on_c, 0, 72, 0
2, 22320, Note_on_c, 0, 57, 0
2, 22320, Note_on_c, 0, 63, 0
2, 22328, Note_on_c, 0, 65, 0
2, 22381, Note_on_c, 0, 58, 78
2, 22381, Note_on_c, 0, 62, 78
2, 22403, Note_on_c, 0, 72, 60
2, 22413, Note_on_c, 0, 70, 60
2, 22431, Note_on_c, 0, 62, 0
2, 22440, Note_on_c, 0, 58, 0
2, 22447, Note_on_c, 0, 72, 0
2, 22475, Note_on_c, 0, 70, 0
2, 22475, Note_on_c, 0, 69, 64
2, 22512, Note_on_c, 0, 69, 0
2, 22536, Note_on_c, 0, 65, 83
2, 22537, Note_on_c, 0, 70, 67
2, 22581, Control_c, 0, 64, 0
2, 22590, Note_on_c, 0, 70, 0
2, 22590, Note_on_c, 0, 77, 70
2, 22608, Note_on_c, 0, 77, 0
2, 22619, Note_on_c, 0, 50, 88
2, 22631, Note_on_c, 0, 58, 88
2, 22653, Note_on_c, 0, 77, 95
2, 22667, Note_on_c, 0, 58, 0
2, 22676, Note_on_c, 0, 50, 0
2, 22676, Control_c, 0, 64, 127
2, 22691, Note_on_c, 0, 49, 90
2, 22695, Note_on_c, 0, 57, 90
2, 22726, Note_on_c, 0, 57, 0
2, 22744, Note_on_c, 0, 50, 90
2, 22744, Note_on_c, 0, 58, 90
2, 22748, Note_on_c, 0, 49, 0
2, 22764, Note_on_c, 0, 70, 40
2, 22770, Note_on_c, 0, 65, 0
2, 22775, Note_on_c, 0, 50, 0
2, 22780, Note_on_c, 0, 58, 0
2, 22808, Control_c, 0, 64, 0
2, 22814, Note_on_c, 0, 57, 90
2, 22815, Note_on_c, 0, 65, 90
2, 22834, Note_on_c, 0, 57, 0
2, 22837, Note_on_c, 0, 65, 0
2, 22848, Note_on_c, 0, 77, 0
2, 22855, Note_on_c, 0, 57, 90
2, 22873, Note_on_c, 0, 70, 0
2, 22873, Note_on_c, 0, 65, 90
2, 22879, Note_on_c, 0, 72, 46
2, 22951, Control_c, 0, 64, 127
2, 22969, Note_on_c, 0, 65, 0
2, 23002, Note_on_c, 0, 63, 85
2, 23012, Note_on_c, 0, 72, 0
2, 23015, Note_on_c, 0, 65, 84
2, 23039, Note_on_c, 0, 63, 0
2, 23061, Note_on_c, 0, 65, 0
2, 23063, Control_c, 0, 64, 0
2, 23087, Note_on_c, 0, 58, 81
2, 23091, Note_on_c, 0, 57, 0
2, 23091, Note_on_c, 0, 62, 81
2, 23111, Note_on_c, 0, 72, 58
2, 23130, Note_on_c, 0, 70, 59
2, 23145, Control_c, 0, 64, 127
2, 23170, Note_on_c, 0, 72, 0
2, 23194, Note_on_c, 0, 70, 0
2, 23204, Note_on_c, 0, 62, 0
2, 23204, Note_on_c, 0, 69, 63
2, 23238, Note_on_c, 0, 69, 0
2, 23244, Note_on_c, 0, 58, 0
2, 23262, Note_on_c, 0, 65, 73
2, 23282, Note_on_c, 0, 70, 67
2, 23307, Note_on_c, 0, 65, 0
2, 23328, Note_on_c, 0, 70, 0
2, 23329, Note_on_c, 0, 74, 69
2, 23335, Note_on_c, 0, 46, 87
2, 23343, Control_c, 0, 64, 0
2, 23370, Note_on_c, 0, 55, 90
2, 23394, Note_on_c, 0, 74, 0
2, 23398, Note_on_c, 0, 46, 0
2, 23424, Note_on_c, 0, 79, 97
2, 23425, Note_on_c, 0, 55, 0
2, 23434, Note_on_c, 0, 62, 90
2, 23464, Control_c, 0, 64, 127
2, 23565, Note_on_c, 0, 62, 0
2, 23608, Note_on_c, 0, 74, 40
2, 23614, Note_on_c, 0, 67, 40
2, 23617, Note_on_c, 0, 77, 40
2, 23632, Note_on_c, 0, 67, 0
2, 23641, Note_on_c, 0, 79, 0
2, 23644, Note_on_c, 0, 77, 0
2, 23646, Note_on_c, 0, 74, 0
2, 23703, Note_on_c, 0, 46, 58
2, 23720, Note_on_c, 0, 55, 59
2, 23753, Note_on_c, 0, 46, 0
2, 23771, Note_on_c, 0, 55, 0
2, 23773, Note_on_c, 0, 79, 78
2, 23785, Note_on_c, 0, 62, 40
2, 23819, Note_on_c, 0, 62, 0
2, 23954, Note_on_c, 0, 77, 40
2, 23956, Note_on_c, 0, 67, 40
2, 23956, Note_on_c, 0, 74, 40
2, 24001, Note_on_c, 0, 79, 0
2, 24015, Note_on_c, 0, 46, 55
2, 24046, Note_on_c, 0, 55, 56
2, 24073, Note_on_c, 0, 46, 0
2, 24082, Note_on_c, 0, 55, 0
2, 24118, Note_on_c, 0, 79, 81
2, 24119, Note_on_c, 0, 62, 60
2, 24157, Note_on_c, 0, 62, 0
2, 24302, Note_on_c, 0, 79, 0
2, 24315, Note_on_c, 0, 74, 0
2, 24320, Note_on_c, 0, 67, 0
2, 24344, Note_on_c, 0, 67, 76
2, 24344, Note_on_c, 0, 74, 76
2, 24348, Note_on_c, 0, 81, 76
2, 24375, Note_on_c, 0, 67, 0
2, 24384, Note_on_c, 0, 74, 0
2, 24498, Note_on_c, 0, 77, 0
2, 24560, Note_on_c, 0, 81, 0
2, 24578, Note_on_c, 0, 82, 78
2, 24578, Control_c, 0, 64, 0
2, 24694, Control_c, 0, 64, 127
2, 24808, Note_on_c, 0, 82, 0
2, 24844, Note_on_c, 0, 81, 68
2, 24939, Control_c, 0, 67, 127
2, 24976, Note_on_c, 0, 81, 0
2, 25073, Note_on_c, 0, 79, 58
2, 25280, Note_on_c, 0, 79, 0
2, 25289, Note_on_c, 0, 74, 49
2, 25329, Note_on_c, 0, 74, 0
2, 25432, Note_on_c, 0, 55, 40
2, 25456, Note_on_c, 0, 62, 40
2, 25461, Control_c, 0, 64, 0
2, 25472, Note_on_c, 0, 72, 41
2, 25496, Note_on_c, 0, 70, 42
2, 25527, Note_on_c, 0, 72, 0
2, 25557, Note_on_c, 0, 70, 0
2, 25559, Note_on_c, 0, 62, 0
2, 25579, Control_c, 0, 64, 127
2, 25593, Note_on_c, 0, 69, 47
2, 25599, Note_on_c, 0, 55, 0
2, 25635, Note_on_c, 0, 69, 0
2, 25666, Note_on_c, 0, 67, 51
2, 25682, Note_on_c, 0, 70, 52
2, 25701, Note_on_c, 0, 67, 0
2, 25737, Note_on_c, 0, 70, 0
2, 25773, Note_on_c, 0, 74, 56
2, 25775, Note_on_c, 0, 46, 40
2, 25789, Control_c, 0, 64, 0
2, 25801, Note_on_c, 0, 55, 40
2, 25829, Note_on_c, 0, 46, 0
2, 25860, Note_on_c, 0, 55, 0
2, 25873, Note_on_c, 0, 74, 0
2, 25890, Note_on_c, 0, 79, 78
2, 25892, Note_on_c, 0, 62, 40
2, 25904, Control_c, 0, 64, 127
2, 25922, Note_on_c, 0, 62, 0
2, 26045, Note_on_c, 0, 79, 0
2, 26108, Note_on_c, 0, 77, 40
2, 26110, Note_on_c, 0, 67, 40
2, 26110, Note_on_c, 0, 74, 40
2, 26164, Note_on_c, 0, 74, 0
2, 26166, Note_on_c, 0, 67, 0
2, 26173, Note_on_c, 0, 77, 0
2, 26183, Note_on_c, 0, 46, 40
2, 26247, Note_on_c, 0, 55, 40
2, 26278, Note_on_c, 0, 46, 0
2, 26292, Note_on_c, 0, 55, 0
2, 26309, Note_on_c, 0, 79, 63
2, 26314, Note_on_c, 0, 62, 40
2, 26351, Note_on_c, 0, 62, 0
2, 26514, Note_on_c, 0, 67, 40
2, 26514, Note_on_c, 0, 74, 40
2, 26518, Note_on_c, 0, 79, 0
2, 26518, Note_on_c, 0, 77, 40
2, 26566, Note_on_c, 0, 46, 42
2, 26570, Note_on_c, 0, 67, 0
2, 26602, Note_on_c, 0, 77, 0
2, 26607, Note_on_c, 0, 74, 0
2, 26616, Note_on_c, 0, 55, 45
2, 26637, Note_on_c, 0, 46, 0
2, 26679, Note_on_c, 0, 55, 0
2, 26697, Note_on_c, 0, 79, 68
2, 26703, Note_on_c, 0, 62, 49
2, 26737, Note_on_c, 0, 62, 0
2, 26926, Note_on_c, 0, 67, 45
2, 26953, Note_on_c, 0, 74, 47
2, 26974, Note_on_c, 0, 77, 52
2, 26979, Note_on_c, 0, 81, 56
2, 26984, Note_on_c, 0, 79, 0
2, 27175, Note_on_c, 0, 77, 0
2, 27222, Note_on_c, 0, 82, 66
2, 27232, Note_on_c, 0, 81, 0
2, 27464, Note_on_c, 0, 74, 0
2, 27480, Note_on_c, 0, 81, 55
2, 27495, Note_on_c, 0, 82, 0
2, 27607, Note_on_c, 0, 67, 0
2, 27624, Note_on_c, 0, 81, 0
2, 27730, Note_on_c, 0, 79, 44
2, 27928, Note_on_c, 0, 79, 0
2, 27991, Note_on_c, 0, 77, 40
2, 28166, Note_on_c, 0, 77, 0
2, 28224, Note_on_c, 0, 76, 50
2, 28519, Note_on_c, 0, 74, 40
2, 28616, Note_on_c, 0, 76, 0
2, 28663, Note_on_c, 0, 74, 0
2, 28728, Note_on_c, 0, 48, 40
2, 28753, Note_on_c, 0, 55, 40
2, 28780, Note_on_c, 0, 60, 40
2, 28780, Control_c, 0, 64, 0
2, 28796, Note_on_c, 0, 72, 50
2, 28812, Note_on_c, 0, 70, 51
2, 28816, Note_on_c, 0, 64, 40
2, 28927, Note_on_c, 0, 64, 0
2, 28929, Control_c, 0, 64, 127
2, 28962, Note_on_c, 0, 70, 0
2, 29022, Note_on_c, 0, 72, 0
2, 29092, Note_on_c, 0, 73, 40
2, 29310, Note_on_c, 0, 60, 0
2, 29335, Note_on_c, 0, 73, 0
2, 29401, Note_on_c, 0, 74, 40
2, 29688, Note_on_c, 0, 74, 0
2, 29764, Note_on_c, 0, 55, 0
2, 29791, Note_on_c, 0, 48, 0
2, 29793, Note_on_c, 0, 76, 40
2, 29808, Control_c, 0, 67, 0
2, 29989, Note_on_c, 0, 41, 40
2, 30000, Note_on_c, 0, 76, 0
2, 30033, Control_c, 0, 64, 0
2, 30053, Note_on_c, 0, 48, 40
2, 30101, Note_on_c, 0, 77, 55
2, 30126, Note_on_c, 0, 57, 40
2, 30167, Control_c, 0, 64, 127
2, 30229, Note_on_c, 0, 48, 0
2, 30229, Note_on_c, 0, 41, 0
2, 30308, Note_on_c, 0, 57, 0
2, 30410, Note_on_c, 0, 69, 40
2, 30410, Note_on_c, 0, 72, 40
2, 30416, Note_on_c, 0, 65, 40
2, 30451, Note_on_c, 0, 69, 0
2, 30456, Note_on_c, 0, 65, 0
2, 30469, Note_on_c, 0, 72, 0
2, 30533, Note_on_c, 0, 45, 40
2, 30546, Note_on_c, 0, 53, 40
2, 30582, Note_on_c, 0, 45, 0
2, 30594, Note_on_c, 0, 76, 49
2, 30597, Note_on_c, 0, 77, 0
2, 30604, Note_on_c, 0, 53, 0
2, 30610, Note_on_c, 0, 60, 40
2, 30636, Note_on_c, 0, 60, 0
2, 30784, Note_on_c, 0, 72, 40
2, 30790, Note_on_c, 0, 65, 40
2, 30790, Note_on_c, 0, 69, 40
2, 30820, Note_on_c, 0, 76, 0
2, 30830, Note_on_c, 0, 69, 0
2, 30848, Note_on_c, 0, 65, 0
2, 30861, Note_on_c, 0, 46, 40
2, 30866, Note_on_c, 0, 72, 0
2, 30875, Note_on_c, 0, 53, 40
2, 30893, Note_on_c, 0, 58, 40
2, 30912, Note_on_c, 0, 76, 40
2, 30934, Note_on_c, 0, 74, 41
2, 30969, Note_on_c, 0, 76, 0
2, 30996, Note_on_c, 0, 58, 0
2, 31012, Note_on_c, 0, 73, 45
2, 31014, Note_on_c, 0, 74, 0
2, 31058, Note_on_c, 0, 53, 0
2, 31075, Note_on_c, 0, 74, 48
2, 31084, Note_on_c, 0, 46, 0
2, 31084, Note_on_c, 0, 73, 0
2, 31086, Note_on_c, 0, 65, 40
2, 31131, Note_on_c, 0, 76, 51
2, 31152, Note_on_c, 0, 41, 43
2, 31165, Note_on_c, 0, 65, 0
2, 31192, Note_on_c, 0, 48, 46
2, 31203, Note_on_c, 0, 76, 0
2, 31210, Control_c, 0, 64, 0
2, 31244, Note_on_c, 0, 57, 48
2, 31248, Note_on_c, 0, 77, 57
2, 31300, Note_on_c, 0, 74, 0
2, 31311, Control_c, 0, 64, 127
2, 31393, Note_on_c, 0, 41, 0
2, 31403, Note_on_c, 0, 48, 0
2, 31407, Note_on_c, 0, 57, 0
2, 31454, Note_on_c, 0, 65, 41
2, 31472, Note_on_c, 0, 72, 40
2, 31476, Note_on_c, 0, 69, 40
2, 31535, Note_on_c, 0, 77, 0
2, 31560, Note_on_c, 0, 45, 40
2, 31567, Note_on_c, 0, 53, 40
2, 31604, Note_on_c, 0, 45, 0
2, 31621, Note_on_c, 0, 53, 0
2, 31623, Note_on_c, 0, 69, 0
2, 31623, Note_on_c, 0, 60, 40
2, 31626, Note_on_c, 0, 76, 48
2, 31637, Note_on_c, 0, 72, 0
2, 31659, Note_on_c, 0, 60, 0
2, 31668, Note_on_c, 0, 65, 0
2, 31763, Note_on_c, 0, 69, 40
2, 31773, Note_on_c, 0, 65, 40
2, 31807, Note_on_c, 0, 76, 0
2, 31825, Note_on_c, 0, 65, 0
2, 31849, Note_on_c, 0, 69, 0
2, 31859, Note_on_c, 0, 46, 40
2, 31877, Note_on_c, 0, 53, 40
2, 31880, Note_on_c, 0, 58, 40
2, 31882, Note_on_c, 0, 76, 40
2, 31902, Note_on_c, 0, 74, 41
2, 31930, Note_on_c, 0, 76, 0
2, 31960, Note_on_c, 0, 58, 0
2, 31963, Note_on_c, 0, 73, 44
2, 31968, Note_on_c, 0, 74, 0
2, 31979, Note_on_c, 0, 53, 0
2, 32013, Note_on_c, 0, 46, 0
2, 32016, Note_on_c, 0, 73, 0
2, 32016, Note_on_c, 0, 74, 47
2, 32021, Note_on_c, 0, 65, 42
2, 32078, Note_on_c, 0, 76, 50
2, 32098, Note_on_c, 0, 41, 46
2, 32100, Note_on_c, 0, 65, 0
2, 32118, Note_on_c, 0, 48, 47
2, 32130, Control_c, 0, 64, 0
2, 32132, Note_on_c, 0, 76, 0
2, 32168, Note_on_c, 0, 57, 50
2, 32179, Note_on_c, 0, 74, 0
2, 32183, Note_on_c, 0, 77, 67
2, 32223, Control_c, 0, 64, 127
2, 32318, Note_on_c, 0, 57, 0
2, 32324, Note_on_c, 0, 48, 0
2, 32324, Note_on_c, 0, 41, 0
2, 32370, Note_on_c, 0, 77, 0
2, 32372, Note_on_c, 0, 65, 40
2, 32372, Note_on_c, 0, 76, 60
2, 32463, Note_on_c, 0, 45, 45
2, 32479, Control_c, 0, 64, 0
2, 32491, Note_on_c, 0, 53, 46
2, 32532, Note_on_c, 0, 65, 0
2, 32547, Note_on_c, 0, 74, 68
2, 32554, Note_on_c, 0, 60, 40
2, 32562, Control_c, 0, 64, 127
2, 32571, Note_on_c, 0, 76, 0
2, 32608, Note_on_c, 0, 45, 0
2, 32633, Note_on_c, 0, 60, 0
2, 32642, Note_on_c, 0, 53, 0
2, 32739, Note_on_c, 0, 65, 40
2, 32739, Note_on_c, 0, 69, 62
2, 32741, Note_on_c, 0, 72, 62
2, 32778, Note_on_c, 0, 65, 0
2, 32784, Note_on_c, 0, 74, 0
2, 32812, Note_on_c, 0, 50, 44
2, 32849, Control_c, 0, 64, 0
2, 32873, Note_on_c, 0, 69, 0
2, 32907, Note_on_c, 0, 62, 49
2, 32929, Note_on_c, 0, 70, 71
2, 32948, Note_on_c, 0, 72, 0
2, 32987, Control_c, 0, 64, 127
2, 33104, Note_on_c, 0, 62, 0
2, 33153, Note_on_c, 0, 66, 40
2, 33206, Note_on_c, 0, 60, 43
2, 33210, Note_on_c, 0, 70, 0
2, 33238, Note_on_c, 0, 69, 67
2, 33241, Note_on_c, 0, 66, 0
2, 33243, Note_on_c, 0, 60, 0
2, 33276, Note_on_c, 0, 69, 0
2, 33280, Note_on_c, 0, 60, 47
2, 33283, Note_on_c, 0, 55, 47
2, 33287, Note_on_c, 0, 50, 0
2, 33287, Control_c, 0, 64, 0
2, 33311, Note_on_c, 0, 69, 91
2, 33424, Control_c, 0, 64, 127
2, 33528, Note_on_c, 0, 62, 40
2, 33540, Note_on_c, 0, 66, 40
2, 33609, Note_on_c, 0, 62, 0
2, 33675, Control_c, 0, 64, 0
2, 33698, Note_on_c, 0, 69, 0
2, 33698, Note_on_c, 0, 67, 47
2, 33698, Note_on_c, 0, 58, 40
2, 33710, Note_on_c, 0, 60, 0
2, 33730, Note_on_c, 0, 66, 0
2, 33781, Note_on_c, 0, 58, 0
2, 33801, Control_c, 0, 64, 127
2, 33817, Note_on_c, 0, 55, 0
2, 33864, Note_on_c, 0, 67, 0
2, 33896, Note_on_c, 0, 62, 40
2, 33935, Note_on_c, 0, 62, 0
2, 33972, Note_on_c, 0, 48, 40
2, 33999, Note_on_c, 0, 60, 40
2, 34041, Note_on_c, 0, 64, 48
2, 34049, Note_on_c, 0, 62, 53
2, 34057, Note_on_c, 0, 60, 0
2, 34093, Note_on_c, 0, 48, 0
2, 34102, Note_on_c, 0, 64, 0
2, 34140, Note_on_c, 0, 62, 0
2, 34140, Note_on_c, 0, 61, 43
2, 34180, Note_on_c, 0, 46, 46
2, 34190, Note_on_c, 0, 58, 46
2, 34202, Note_on_c, 0, 62, 47
2, 34206, Note_on_c, 0, 61, 0
2, 34247, Note_on_c, 0, 58, 0
2, 34255, Note_on_c, 0, 64, 50
2, 34259, Note_on_c, 0, 48, 50
2, 34269, Note_on_c, 0, 46, 0
2, 34273, Note_on_c, 0, 62, 0
2, 34273, Note_on_c, 0, 45, 50
2, 34285, Control_c, 0, 64, 0
2, 34299, Note_on_c, 0, 57, 61
2, 34320, Note_on_c, 0, 64, 0
2, 34320, Note_on_c, 0, 65, 72
2, 34418, Control_c, 0, 64, 127
2, 34487, Note_on_c, 0, 65, 0
2, 34493, Note_on_c, 0, 60, 40
2, 34519, Note_on_c, 0, 65, 40
2, 34523, Note_on_c, 0, 60, 0
2, 34547, Note_on_c, 0, 74, 60
2, 34552, Note_on_c, 0, 65, 0
2, 34590, Note_on_c, 0, 57, 0
2, 34602, Note_on_c, 0, 48, 0
2, 34602, Note_on_c, 0, 45, 0
2, 34618, Control_c, 0, 64, 0
2, 34658, Note_on_c, 0, 43, 48
2, 34684, Note_on_c, 0, 48, 49
2, 34711, Note_on_c, 0, 55, 50
2, 34739, Note_on_c, 0, 72, 70
2, 34759, Note_on_c, 0, 74, 0
2, 34794, Control_c, 0, 67, 127
2, 34800, Control_c, 0, 64, 127
2, 34880, Note_on_c, 0, 55, 0
2, 34893, Note_on_c, 0, 43, 0
2, 34902, Note_on_c, 0, 48, 0
2, 34937, Note_on_c, 0, 72, 0
2, 34975, Note_on_c, 0, 60, 40
2, 34984, Note_on_c, 0, 64, 40
2, 34984, Note_on_c, 0, 70, 40
2, 35019, Note_on_c, 0, 60, 0
2, 35028, Note_on_c, 0, 70, 0
2, 35061, Note_on_c, 0, 64, 0
2, 35155, Note_on_c, 0, 48, 40
2, 35167, Control_c, 0, 64, 0
2, 35185, Note_on_c, 0, 60, 40
2, 35217, Note_on_c, 0, 64, 42
2, 35238, Note_on_c, 0, 62, 54
2, 35257, Note_on_c, 0, 60, 0
2, 35278, Note_on_c, 0, 64, 0
2, 35282, Note_on_c, 0, 48, 0
2, 35288, Control_c, 0, 64, 127
2, 35349, Note_on_c, 0, 61, 45
2, 35363, Note_on_c, 0, 62, 0
2, 35409, Note_on_c, 0, 46, 47
2, 35415, Note_on_c, 0, 58, 47
2, 35433, Note_on_c, 0, 61, 0
2, 35438, Note_on_c, 0, 62, 46
2, 35466, Note_on_c, 0, 58, 0
2, 35514, Note_on_c, 0, 46, 0
2, 35514, Note_on_c, 0, 64, 42
2, 35515, Control_c, 0, 64, 0
2, 35519, Note_on_c, 0, 62, 0
2, 35548, Note_on_c, 0, 48, 41
2, 35552, Note_on_c, 0, 45, 41
2, 35572, Note_on_c, 0, 57, 40
2, 35583, Note_on_c, 0, 64, 0
2, 35597, Note_on_c, 0, 65, 51
2, 35651, Control_c, 0, 64, 127
2, 35779, Note_on_c, 0, 65, 0
2, 35788, Note_on_c, 0, 60, 40
2, 35815, Note_on_c, 0, 65, 40
2, 35833, Note_on_c, 0, 60, 0
2, 35843, Note_on_c, 0, 74, 65
2, 35851, Note_on_c, 0, 65, 0
2, 35890, Note_on_c, 0, 48, 0
2, 35898, Note_on_c, 0, 57, 0
2, 35924, Note_on_c, 0, 45, 0
2, 35980, Note_on_c, 0, 43, 40
2, 35999, Control_c, 0, 64, 0
2, 36004, Note_on_c, 0, 48, 40
2, 36008, Note_on_c, 0, 55, 40
2, 36051, Note_on_c, 0, 74, 0
2, 36051, Note_on_c, 0, 72, 76
2, 36107, Control_c, 0, 64, 127
2, 36211, Note_on_c, 0, 43, 0
2, 36220, Note_on_c, 0, 55, 0
2, 36220, Note_on_c, 0, 48, 0
2, 36253, Note_on_c, 0, 60, 40
2, 36257, Note_on_c, 0, 64, 40
2, 36263, Note_on_c, 0, 72, 0
2, 36271, Note_on_c, 0, 70, 40
2, 36283, Control_c, 0, 67, 0
2, 36310, Note_on_c, 0, 64, 0
2, 36328, Note_on_c, 0, 60, 0
2, 36360, Note_on_c, 0, 70, 0
2, 36364, Note_on_c, 0, 48, 40
2, 36394, Note_on_c, 0, 55, 40
2, 36407, Note_on_c, 0, 60, 40
2, 36469, Note_on_c, 0, 71, 62
2, 36557, Note_on_c, 0, 72, 66
2, 36561, Note_on_c, 0, 71, 0
2, 36643, Note_on_c, 0, 72, 0
2, 36643, Note_on_c, 0, 74, 71
2, 36645, Note_on_c, 0, 64, 40
2, 36648, Note_on_c, 0, 55, 0
2, 36667, Note_on_c, 0, 48, 0
2, 36667, Note_on_c, 0, 60, 0
2, 36687, Note_on_c, 0, 64, 0
2, 36725, Note_on_c, 0, 72, 75
2, 36727, Note_on_c, 0, 74, 0
2, 36747, Note_on_c, 0, 45, 45
2, 36804, Note_on_c, 0, 45, 0
2, 36808, Note_on_c, 0, 53, 48
2, 36864, Control_c, 0, 64, 0
2, 36876, Note_on_c, 0, 60, 52
2, 36894, Note_on_c, 0, 77, 84
2, 36899, Note_on_c, 0, 72, 0
2, 37002, Control_c, 0, 64, 127
2, 37157, Note_on_c, 0, 60, 0
2, 37185, Note_on_c, 0, 72, 40
2, 37194, Note_on_c, 0, 65, 40
2, 37258, Note_on_c, 0, 53, 0
2, 37288, Note_on_c, 0, 72, 0
2, 37304, Note_on_c, 0, 77, 0
2, 37326, Note_on_c, 0, 65, 0
2, 37458, Note_on_c, 0, 55, 50
2, 37462, Note_on_c, 0, 46, 50
2, 37472, Note_on_c, 0, 67, 54
2, 37498, Note_on_c, 0, 62, 40
2, 37571, Note_on_c, 0, 62, 0
2, 37595, Note_on_c, 0, 55, 0
2, 37685, Note_on_c, 0, 43, 40
2, 37716, Note_on_c, 0, 55, 40
2, 37728, Note_on_c, 0, 46, 0
2, 37736, Note_on_c, 0, 62, 40
2, 37767, Note_on_c, 0, 70, 44
2, 37778, Note_on_c, 0, 43, 0
2, 37800, Note_on_c, 0, 55, 0
2, 37879, Note_on_c, 0, 62, 0
2, 37921, Note_on_c, 0, 48, 47
2, 37926, Note_on_c, 0, 70, 0
2, 37989, Control_c, 0, 64, 0
2, 38025, Note_on_c, 0, 60, 53
2, 38035, Note_on_c, 0, 69, 57
2, 38053, Note_on_c, 0, 67, 0
2, 38117, Control_c, 0, 64, 127
2, 38355, Note_on_c, 0, 64, 40
2, 38432, Note_on_c, 0, 48, 0
2, 38481, Note_on_c, 0, 60, 0
2, 38537, Note_on_c, 0, 58, 43
2, 38542, Note_on_c, 0, 64, 0
2, 38545, Note_on_c, 0, 67, 50
2, 38558, Note_on_c, 0, 69, 0
2, 38571, Note_on_c, 0, 58, 0
2, 38580, Note_on_c, 0, 67, 0
2, 38586, Note_on_c, 0, 53, 46
2, 38637, Control_c, 0, 64, 0
2, 38639, Note_on_c, 0, 58, 48
2, 38661, Note_on_c, 0, 67, 56
2, 38774, Control_c, 0, 64, 127
2, 38877, Note_on_c, 0, 60, 40
2, 38888, Note_on_c, 0, 64, 40
2, 39018, Note_on_c, 0, 60, 0
2, 39034, Note_on_c, 0, 58, 0
2, 39036, Note_on_c, 0, 57, 48
2, 39038, Control_c, 0, 64, 0
2, 39066, Note_on_c, 0, 65, 60
2, 39086, Note_on_c, 0, 64, 0
2, 39117, Note_on_c, 0, 67, 0
2, 39151, Control_c, 0, 64, 127
2, 39177, Note_on_c, 0, 57, 0
2, 39210, Note_on_c, 0, 53, 0
2, 39270, Note_on_c, 0, 60, 40
2, 39387, Note_on_c, 0, 41, 40
2, 39443, Note_on_c, 0, 41, 0
2, 39445, Note_on_c, 0, 60, 0
2, 39558, Note_on_c, 0, 60, 40
2, 39589, Note_on_c, 0, 60, 0
2, 39593, Note_on_c, 0, 65, 0
2, 39659, Note_on_c, 0, 45, 107
2, 39663, Control_c, 0, 64, 0
2, 39699, Note_on_c, 0, 57, 127
2, 39724, Note_on_c, 0, 69, 59
2, 39774, Control_c, 0, 64, 127
2, 39871, Note_on_c, 0, 79, 67
2, 39871, Note_on_c, 0, 76, 67
2, 39871, Note_on_c, 0, 81, 67
2, 39879, Note_on_c, 0, 57, 0
2, 39893, Note_on_c, 0, 45, 0
2, 39900, Note_on_c, 0, 69, 0
2, 39998, Note_on_c, 0, 59, 114
2, 39999, Note_on_c, 0, 69, 74
2, 40003, Note_on_c, 0, 76, 0
2, 40032, Note_on_c, 0, 79, 0
2, 40049, Note_on_c, 0, 81, 0
2, 40115, Note_on_c, 0, 61, 120
2, 40129, Note_on_c, 0, 79, 80
2, 40135, Note_on_c, 0, 76, 81
2, 40135, Note_on_c, 0, 81, 81
2, 40157, Note_on_c, 0, 69, 0
2, 40164, Note_on_c, 0, 59, 0
2, 40216, Note_on_c, 0, 76, 0
2, 40219, Note_on_c, 0, 79, 0
2, 40226, Note_on_c, 0, 69, 78
2, 40228, Note_on_c, 0, 62, 126
2, 40232, Note_on_c, 0, 61, 0
2, 40239, Note_on_c, 0, 81, 0
2, 40340, Note_on_c, 0, 65, 127
2, 40347, Note_on_c, 0, 74, 73
2, 40356, Note_on_c, 0, 81, 73
2, 40356, Note_on_c, 0, 77, 73
2, 40380, Note_on_c, 0, 69, 0
2, 40392, Control_c, 0, 64, 0
2, 40393, Note_on_c, 0, 65, 0
2, 40410, Note_on_c, 0, 57, 127
2, 40414, Note_on_c, 0, 62, 0
2, 40463, Note_on_c, 0, 74, 0
2, 40466, Note_on_c, 0, 77, 0
2, 40468, Note_on_c, 0, 64, 127
2, 40472, Note_on_c, 0, 69, 103
2, 40503, Note_on_c, 0, 81, 0
2, 40511, Control_c, 0, 64, 127
2, 40630, Note_on_c, 0, 79, 90
2, 40630, Note_on_c, 0, 76, 90
2, 40630, Note_on_c, 0, 81, 90
2, 40644, Note_on_c, 0, 69, 0
2, 40664, Note_on_c, 0, 64, 0
2, 40697, Note_on_c, 0, 57, 0
2, 40697, Note_on_c, 0, 61, 127
2, 40717, Note_on_c, 0, 76, 0
2, 40729, Note_on_c, 0, 61, 0
2, 40737, Note_on_c, 0, 71, 124
2, 40745, Note_on_c, 0, 57, 127
2, 40792, Control_c, 0, 64, 0
2, 40809, Note_on_c, 0, 81, 0
2, 40816, Note_on_c, 0, 79, 0
2, 40840, Note_on_c, 0, 81, 95
2, 40846, Note_on_c, 0, 79, 95
2, 40868, Note_on_c, 0, 71, 0
2, 40868, Note_on_c, 0, 73, 107
2, 40878, Note_on_c, 0, 55, 123
2, 40893, Note_on_c, 0, 57, 0
2, 40895, Control_c, 0, 64, 127
2, 40975, Note_on_c, 0, 55, 0
2, 40977, Note_on_c, 0, 73, 0
2, 40979, Note_on_c, 0, 53, 119
2, 40985, Note_on_c, 0, 74, 124
2, 41012, Note_on_c, 0, 79, 0
2, 41062, Note_on_c, 0, 81, 0
2, 41087, Note_on_c, 0, 50, 114
2, 41094, Note_on_c, 0, 81, 127
2, 41096, Note_on_c, 0, 53, 0
2, 41100, Note_on_c, 0, 77, 127
2, 41109, Note_on_c, 0, 74, 0
2, 41127, Note_on_c, 0, 49, 112
2, 41142, Note_on_c, 0, 50, 0
2, 41142, Control_c, 0, 64, 0
2, 41183, Note_on_c, 0, 81, 0
2, 41191, Note_on_c, 0, 57, 127
2, 41201, Note_on_c, 0, 77, 0
2, 41201, Note_on_c, 0, 76, 127
2, 41232, Note_on_c, 0, 49, 0
2, 41274, Control_c, 0, 64, 127
2, 41302, Note_on_c, 0, 45, 94
2, 41322, Note_on_c, 0, 79, 90
2, 41327, Note_on_c, 0, 81, 90
2, 41342, Note_on_c, 0, 76, 0
2, 41345, Note_on_c, 0, 45, 0
2, 41362, Note_on_c, 0, 57, 0
2, 41401, Control_c, 0, 64, 0
2, 41411, Note_on_c, 0, 73, 103
2, 41417, Note_on_c, 0, 59, 103
2, 41433, Note_on_c, 0, 69, 104
2, 41457, Note_on_c, 0, 81, 0
2, 41457, Note_on_c, 0, 79, 0
2, 41461, Note_on_c, 0, 73, 0
2, 41468, Control_c, 0, 64, 127
2, 41534, Note_on_c, 0, 61, 118
2, 41550, Note_on_c, 0, 79, 90
2, 41550, Note_on_c, 0, 76, 90
2, 41550, Note_on_c, 0, 81, 90
2, 41570, Note_on_c, 0, 69, 0
2, 41574, Note_on_c, 0, 59, 0
2, 41625, Note_on_c, 0, 76, 0
2, 41639, Note_on_c, 0, 79, 0
2, 41653, Note_on_c, 0, 61, 0
2, 41653, Note_on_c, 0, 62, 124
2, 41653, Note_on_c, 0, 69, 90
2, 41675, Note_on_c, 0, 81, 0
2, 41748, Note_on_c, 0, 65, 127
2, 41750, Note_on_c, 0, 81, 90
2, 41752, Note_on_c, 0, 74, 90
2, 41756, Note_on_c, 0, 77, 90
2, 41770, Note_on_c, 0, 69, 0
2, 41776, Control_c, 0, 64, 0
2, 41796, Note_on_c, 0, 65, 0
2, 41823, Note_on_c, 0, 62, 0
2, 41853, Note_on_c, 0, 57, 127
2, 41857, Note_on_c, 0, 69, 127
2, 41859, Note_on_c, 0, 64, 127
2, 41883, Note_on_c, 0, 81, 0
2, 41883, Note_on_c, 0, 77, 0
2, 41885, Note_on_c, 0, 74, 0
2, 41895, Control_c, 0, 64, 127
2, 42010, Note_on_c, 0, 81, 90
2, 42014, Note_on_c, 0, 79, 90
2, 42015, Note_on_c, 0, 76, 90
2, 42024, Note_on_c, 0, 69, 0
2, 42039, Note_on_c, 0, 64, 0
2, 42065, Note_on_c, 0, 57, 0
2, 42065, Note_on_c, 0, 61, 127
2, 42094, Note_on_c, 0, 76, 0
2, 42096, Control_c, 0, 64, 0
2, 42097, Note_on_c, 0, 61, 0
2, 42109, Note_on_c, 0, 71, 123
2, 42114, Note_on_c, 0, 57, 125
2, 42192, Note_on_c, 0, 81, 0
2, 42198, Note_on_c, 0, 79, 0
2, 42224, Note_on_c, 0, 79, 102
2, 42224, Note_on_c, 0, 81, 102
2, 42230, Note_on_c, 0, 71, 0
2, 42233, Control_c, 0, 64, 127
2, 42242, Note_on_c, 0, 73, 115
2, 42268, Note_on_c, 0, 55, 119
2, 42275, Note_on_c, 0, 57, 0
2, 42349, Note_on_c, 0, 55, 0
2, 42360, Note_on_c, 0, 74, 123
2, 42363, Note_on_c, 0, 53, 115
2, 42374, Note_on_c, 0, 73, 0
2, 42389, Note_on_c, 0, 79, 0
2, 42493, Note_on_c, 0, 50, 109
2, 42493, Note_on_c, 0, 77, 127
2, 42495, Note_on_c, 0, 74, 0
2, 42528, Note_on_c, 0, 53, 0
2, 42545, Control_c, 0, 64, 0
2, 42552, Note_on_c, 0, 50, 0
2, 42552, Note_on_c, 0, 49, 108
2, 42592, Note_on_c, 0, 77, 0
2, 42598, Note_on_c, 0, 81, 0
2, 42600, Note_on_c, 0, 57, 111
2, 42616, Note_on_c, 0, 76, 127
2, 42620, Note_on_c, 0, 49, 0
2, 42674, Control_c, 0, 64, 127
2, 42739, Note_on_c, 0, 45, 117
2, 42741, Note_on_c, 0, 76, 0
2, 42744, Note_on_c, 0, 81, 90
2, 42747, Note_on_c, 0, 79, 90
2, 42768, Note_on_c, 0, 57, 0
2, 42773, Note_on_c, 0, 45, 0
2, 42841, Note_on_c, 0, 73, 113
2, 42846, Note_on_c, 0, 79, 0
2, 42852, Note_on_c, 0, 81, 0
2, 42864, Control_c, 0, 64, 0
2, 42878, Note_on_c, 0, 69, 117
2, 42909, Note_on_c, 0, 73, 0
2, 42989, Note_on_c, 0, 57, 108
2, 43002, Note_on_c, 0, 61, 109
2, 43002, Control_c, 0, 64, 127
2, 43035, Note_on_c, 0, 69, 0
2, 43125, Note_on_c, 0, 81, 120
2, 43127, Note_on_c, 0, 69, 120
2, 43176, Note_on_c, 0, 57, 0
2, 43179, Note_on_c, 0, 61, 0
2, 43227, Note_on_c, 0, 61, 120
2, 43244, Note_on_c, 0, 57, 121
2, 43314, Note_on_c, 0, 81, 0
2, 43316, Note_on_c, 0, 69, 0
2, 43338, Note_on_c, 0, 61, 0
2, 43346, Control_c, 0, 64, 0
2, 43359, Note_on_c, 0, 57, 0
2, 43368, Note_on_c, 0, 62, 127
2, 43376, Note_on_c, 0, 70, 127
2, 43383, Note_on_c, 0, 82, 127
2, 43458, Control_c, 0, 64, 127
2, 43496, Note_on_c, 0, 55, 90
2, 43496, Note_on_c, 0, 58, 90
2, 43605, Note_on_c, 0, 70, 0
2, 43645, Note_on_c, 0, 55, 0
2, 43645, Note_on_c, 0, 58, 0
2, 43659, Note_on_c, 0, 62, 0
2, 43673, Note_on_c, 0, 82, 0
2, 43702, Note_on_c, 0, 58, 90
2, 43720, Control_c, 0, 64, 0
2, 43726, Note_on_c, 0, 53, 90
2, 43742, Note_on_c, 0, 58, 0
2, 43772, Note_on_c, 0, 57, 90
2, 43786, Note_on_c, 0, 86, 101
2, 43797, Note_on_c, 0, 84, 101
2, 43811, Note_on_c, 0, 53, 0
2, 43813, Note_on_c, 0, 72, 102
2, 43821, Note_on_c, 0, 86, 0
2, 43824, Note_on_c, 0, 63, 92
2, 43830, Note_on_c, 0, 57, 0
2, 43841, Control_c, 0, 64, 127
2, 43850, Note_on_c, 0, 84, 0
2, 43855, Note_on_c, 0, 72, 0
2, 43936, Note_on_c, 0, 70, 108
2, 43938, Note_on_c, 0, 63, 0
2, 43938, Note_on_c, 0, 62, 98
2, 43944, Note_on_c, 0, 82, 109
2, 43969, Note_on_c, 0, 62, 0
2, 43978, Note_on_c, 0, 63, 100
2, 43980, Note_on_c, 0, 82, 0
2, 43986, Note_on_c, 0, 84, 117
2, 43988, Note_on_c, 0, 72, 118
2, 43992, Note_on_c, 0, 70, 0
2, 43992, Control_c, 0, 64, 0
2, 44015, Note_on_c, 0, 63, 0
2, 44028, Note_on_c, 0, 74, 127
2, 44029, Note_on_c, 0, 65, 127
2, 44031, Note_on_c, 0, 86, 127
2, 44042, Note_on_c, 0, 84, 0
2, 44048, Note_on_c, 0, 72, 0
2, 44089, Control_c, 0, 64, 127
2, 44161, Note_on_c, 0, 58, 90
2, 44161, Note_on_c, 0, 62, 90
2, 44307, Note_on_c, 0, 58, 0
2, 44313, Note_on_c, 0, 62, 0
2, 44319, Note_on_c, 0, 65, 0
2, 44319, Note_on_c, 0, 74, 0
2, 44337, Note_on_c, 0, 86, 0
2, 44345, Control_c, 0, 64, 0
2, 44348, Note_on_c, 0, 58, 90
2, 44348, Note_on_c, 0, 62, 90
2, 44381, Note_on_c, 0, 58, 0
2, 44381, Note_on_c, 0, 57, 90
2, 44384, Note_on_c, 0, 62, 0
2, 44403, Note_on_c, 0, 61, 90
2, 44432, Note_on_c, 0, 89, 123
2, 44440, Control_c, 0, 64, 127
2, 44442, Note_on_c, 0, 57, 0
2, 44447, Note_on_c, 0, 88, 124
2, 44450, Note_on_c, 0, 67, 124
2, 44454, Note_on_c, 0, 76, 124
2, 44463, Note_on_c, 0, 89, 0
2, 44463, Note_on_c, 0, 61, 0
2, 44489, Note_on_c, 0, 88, 0
2, 44495, Note_on_c, 0, 67, 0
2, 44495, Note_on_c, 0, 76, 0
2, 44559, Note_on_c, 0, 65, 97
2, 44562, Note_on_c, 0, 74, 127
2, 44566, Note_on_c, 0, 86, 127
2, 44577, Control_c, 0, 64, 0
2, 44621, Note_on_c, 0, 88, 127
2, 44622, Note_on_c, 0, 76, 127
2, 44626, Note_on_c, 0, 86, 0
2, 44628, Note_on_c, 0, 74, 0
2, 44628, Note_on_c, 0, 67, 127
2, 44652, Note_on_c, 0, 65, 0
2, 44664, Note_on_c, 0, 69, 127
2, 44678, Note_on_c, 0, 77, 127
2, 44678, Note_on_c, 0, 89, 127
2, 44683, Note_on_c, 0, 88, 0
2, 44683, Note_on_c, 0, 76, 0
2, 44692, Note_on_c, 0, 67, 0
2, 44700, Note_on_c, 0, 69, 0
2, 44701, Control_c, 0, 64, 127
2, 44703, Note_on_c, 0, 89, 0
2, 44709, Note_on_c, 0, 77, 0
2, 44723, Note_on_c, 0, 74, 127
2, 44729, Note_on_c, 0, 65, 106
2, 44731, Note_on_c, 0, 86, 127
2, 44751, Note_on_c, 0, 86, 0
2, 44751, Note_on_c, 0, 74, 0
2, 44771, Note_on_c, 0, 65, 0
2, 44771, Note_on_c, 0, 70, 127
2, 44793, Note_on_c, 0, 79, 127
2, 44797, Note_on_c, 0, 91, 127
2, 44808, Note_on_c, 0, 70, 0
2, 44822, Note_on_c, 0, 79, 0
2, 44826, Note_on_c, 0, 91, 0
2, 44833, Note_on_c, 0, 67, 127
2, 44842, Note_on_c, 0, 76, 127
2, 44852, Note_on_c, 0, 88, 127
2, 44868, Note_on_c, 0, 88, 0
2, 44868, Note_on_c, 0, 76, 0
2, 44874, Note_on_c, 0, 72, 127
2, 44876, Note_on_c, 0, 67, 0
2, 44906, Note_on_c, 0, 93, 127
2, 44912, Note_on_c, 0, 72, 0
2, 44912, Note_on_c, 0, 81, 127
2, 44957, Control_c, 0, 64, 0
2, 44976, Note_on_c, 0, 53, 102
2, 44977, Note_on_c, 0, 60, 102
2, 45024, Note_on_c, 0, 69, 127
2, 45033, Note_on_c, 0, 53, 0
2, 45078, Note_on_c, 0, 69, 0
2, 45104, Control_c, 0, 64, 127
2, 45110, Note_on_c, 0, 55, 109
2, 45144, Note_on_c, 0, 55, 0
2, 45144, Note_on_c, 0, 70, 127
2, 45177, Note_on_c, 0, 70, 0
2, 45216, Note_on_c, 0, 60, 0
2, 45227, Note_on_c, 0, 57, 115
2, 45265, Note_on_c, 0, 57, 0
2, 45267, Note_on_c, 0, 72, 127
2, 45298, Note_on_c, 0, 72, 0
2, 45314, Control_c, 0, 64, 0
2, 45318, Note_on_c, 0, 58, 120
2, 45350, Note_on_c, 0, 81, 0
2, 45350, Note_on_c, 0, 93, 0
2, 45373, Note_on_c, 0, 58, 0
2, 45384, Note_on_c, 0, 74, 127
2, 45405, Note_on_c, 0, 79, 127
2, 45408, Note_on_c, 0, 91, 127
2, 45507, Control_c, 0, 64, 127
2, 45544, Note_on_c, 0, 91, 0
2, 45546, Note_on_c, 0, 79, 0
2, 45554, Note_on_c, 0, 74, 0
2, 45560, Note_on_c, 0, 64, 127
2, 45571, Note_on_c, 0, 67, 127
2, 45588, Note_on_c, 0, 94, 127
2, 45593, Note_on_c, 0, 82, 127
2, 45701, Note_on_c, 0, 94, 0
2, 45707, Note_on_c, 0, 82, 0
2, 45708, Note_on_c, 0, 67, 0
2, 45716, Note_on_c, 0, 69, 127
2, 45718, Note_on_c, 0, 66, 127
2, 45744, Note_on_c, 0, 81, 127
2, 45744, Note_on_c, 0, 93, 127
2, 45813, Note_on_c, 0, 64, 0
2, 45833, Note_on_c, 0, 93, 0
2, 45839, Note_on_c, 0, 81, 0
2, 45840, Control_c, 0, 64, 0
2, 45871, Note_on_c, 0, 66, 0
2, 45871, Note_on_c, 0, 69, 0
2, 45875, Note_on_c, 0, 79, 124
2, 45877, Note_on_c, 0, 67, 124
2, 45877, Note_on_c, 0, 70, 124
2, 45879, Note_on_c, 0, 91, 124
2, 45961, Note_on_c, 0, 70, 0
2, 45980, Note_on_c, 0, 67, 0
2, 45992, Note_on_c, 0, 79, 0
2, 45992, Note_on_c, 0, 91, 0
2, 46002, Note_on_c, 0, 69, 118
2, 46002, Note_on_c, 0, 72, 118
2, 46014, Control_c, 0, 64, 127
2, 46020, Note_on_c, 0, 78, 118
2, 46024, Note_on_c, 0, 90, 118
2, 46079, Note_on_c, 0, 72, 0
2, 46135, Note_on_c, 0, 90, 0
2, 46135, Note_on_c, 0, 78, 0
2, 46144, Note_on_c, 0, 70, 112
2, 46153, Note_on_c, 0, 74, 112
2, 46159, Note_on_c, 0, 69, 0
2, 46166, Note_on_c, 0, 79, 111
2, 46176, Note_on_c, 0, 91, 111
2, 46196, Note_on_c, 0, 74, 0
2, 46196, Note_on_c, 0, 70, 0
2, 46210, Note_on_c, 0, 91, 0
2, 46220, Note_on_c, 0, 79, 0
2, 46276, Note_on_c, 0, 60, 122
2, 46285, Control_c, 0, 64, 0
2, 46309, Note_on_c, 0, 69, 123
2, 46321, Note_on_c, 0, 84, 122
2, 46323, Note_on_c, 0, 72, 122
2, 46393, Note_on_c, 0, 72, 0
2, 46417, Note_on_c, 0, 69, 0
2, 46424, Control_c, 0, 64, 127
2, 46501, Note_on_c, 0, 68, 115
2, 46511, Note_on_c, 0, 71, 114
2, 46516, Note_on_c, 0, 84, 0
2, 46521, Note_on_c, 0, 74, 114
2, 46531, Note_on_c, 0, 86, 113
2, 46567, Note_on_c, 0, 71, 0
2, 46567, Note_on_c, 0, 68, 0
2, 46638, Note_on_c, 0, 74, 0
2, 46658, Note_on_c, 0, 67, 108
2, 46666, Control_c, 0, 64, 0
2, 46682, Note_on_c, 0, 70, 107
2, 46704, Note_on_c, 0, 76, 106
2, 46715, Note_on_c, 0, 86, 0
2, 46715, Note_on_c, 0, 88, 105
2, 46741, Note_on_c, 0, 60, 0
2, 46783, Note_on_c, 0, 70, 0
2, 46800, Control_c, 0, 64, 127
2, 46873, Note_on_c, 0, 67, 0
2, 46900, Note_on_c, 0, 60, 109
2, 46959, Note_on_c, 0, 76, 0
2, 47082, Note_on_c, 0, 69, 89
2, 47086, Note_on_c, 0, 65, 101
2, 47088, Note_on_c, 0, 89, 89
2, 47090, Note_on_c, 0, 77, 89
2, 47092, Note_on_c, 0, 88, 0
2, 47124, Note_on_c, 0, 60, 0
2, 47130, Note_on_c, 0, 77, 0
2, 47142, Note_on_c, 0, 89, 0
2, 47199, Note_on_c, 0, 69, 0
2, 47199, Note_on_c, 0, 65, 0
2, 47268, Note_on_c, 0, 60, 93
2, 47305, Note_on_c, 0, 60, 0
2, 47426, Note_on_c, 0, 48, 87
2, 47437, Control_c, 0, 64, 0
2, 47488, Note_on_c, 0, 58, 84
2, 47510, Note_on_c, 0, 62, 83
2, 47516, Note_on_c, 0, 67, 71
2, 47520, Note_on_c, 0, 79, 70
2, 47560, Control_c, 0, 64, 127
2, 47669, Note_on_c, 0, 67, 0
2, 47675, Note_on_c, 0, 79, 0
2, 47689, Note_on_c, 0, 48, 0
2, 47774, Note_on_c, 0, 70, 59
2, 47774, Note_on_c, 0, 82, 59
2, 47875, Note_on_c, 0, 82, 0
2, 47883, Note_on_c, 0, 70, 0
2, 47977, Note_on_c, 0, 69, 50
2, 47982, Note_on_c, 0, 81, 50
2, 48171, Note_on_c, 0, 62, 0
2, 48208, Note_on_c, 0, 63, 53
2, 48230, Note_on_c, 0, 58, 0
2, 48290, Note_on_c, 0, 81, 0
2, 48315, Note_on_c, 0, 69, 0
2, 48353, Note_on_c, 0, 60, 46
2, 48358, Note_on_c, 0, 63, 0
2, 48367, Note_on_c, 0, 64, 46
2, 48416, Note_on_c, 0, 67, 47
2, 48424, Note_on_c, 0, 79, 47
2, 48543, Note_on_c, 0, 64, 0
2, 48576, Note_on_c, 0, 60, 0
2, 48592, Note_on_c, 0, 58, 40
2, 48627, Note_on_c, 0, 58, 0
2, 48706, Note_on_c, 0, 67, 0
2, 48775, Note_on_c, 0, 45, 127
2, 48775, Control_c, 0, 64, 0
2, 48799, Note_on_c, 0, 57, 127
2, 48856, Note_on_c, 0, 79, 0
2, 48860, Note_on_c, 0, 69, 127
2, 48906, Control_c, 0, 64, 127
2, 48991, Note_on_c, 0, 45, 0
2, 49008, Note_on_c, 0, 79, 90
2, 49008, Note_on_c, 0, 76, 90
2, 49008, Note_on_c, 0, 81, 90
2, 49032, Note_on_c, 0, 57, 0
2, 49066, Note_on_c, 0, 69, 0
2, 49127, Note_on_c, 0, 59, 121
2, 49130, Note_on_c, 0, 69, 90
2, 49165, Note_on_c, 0, 76, 0
2, 49165, Note_on_c, 0, 79, 0
2, 49202, Note_on_c, 0, 81, 0
2, 49261, Note_on_c, 0, 61, 95
2, 49283, Note_on_c, 0, 79, 97
2, 49288, Note_on_c, 0, 76, 98
2, 49288, Note_on_c, 0, 81, 98
2, 49301, Note_on_c, 0, 59, 0
2, 49326, Note_on_c, 0, 69, 0
2, 49374, Note_on_c, 0, 79, 0
2, 49385, Note_on_c, 0, 76, 0
2, 49398, Note_on_c, 0, 62, 102
2, 49398, Note_on_c, 0, 69, 96
2, 49403, Note_on_c, 0, 61, 0
2, 49440, Note_on_c, 0, 81, 0
2, 49508, Note_on_c, 0, 65, 108
2, 49517, Note_on_c, 0, 74, 91
2, 49517, Note_on_c, 0, 77, 91
2, 49519, Note_on_c, 0, 81, 91
2, 49530, Note_on_c, 0, 69, 0
2, 49568, Control_c, 0, 64, 0
2, 49576, Note_on_c, 0, 65, 0
2, 49605, Note_on_c, 0, 62, 0
2, 49623, Note_on_c, 0, 74, 0
2, 49623, Note_on_c, 0, 77, 0
2, 49632, Note_on_c, 0, 69, 127
2, 49638, Note_on_c, 0, 57, 115
2, 49647, Note_on_c, 0, 64, 115
2, 49693, Control_c, 0, 64, 127
2, 49758, Note_on_c, 0, 81, 0
2, 49788, Note_on_c, 0, 81, 95
2, 49797, Note_on_c, 0, 76, 95
2, 49797, Note_on_c, 0, 79, 95
2, 49800, Note_on_c, 0, 64, 0
2, 49804, Note_on_c, 0, 69, 0
2, 49823, Note_on_c, 0, 57, 0
2, 49837, Note_on_c, 0, 61, 109
2, 49869, Note_on_c, 0, 76, 0
2, 49871, Note_on_c, 0, 61, 0
2, 49871, Note_on_c, 0, 57, 107
2, 49889, Note_on_c, 0, 71, 127
2, 49944, Note_on_c, 0, 79, 0
2, 49953, Note_on_c, 0, 81, 0
2, 49992, Note_on_c, 0, 79, 94
2, 49992, Note_on_c, 0, 81, 94
2, 49996, Note_on_c, 0, 71, 0
2, 50004, Note_on_c, 0, 73, 99
2, 50010, Note_on_c, 0, 55, 101
2, 50026, Note_on_c, 0, 57, 0
2, 50087, Note_on_c, 0, 55, 0
2, 50112, Note_on_c, 0, 74, 123
2, 50113, Note_on_c, 0, 53, 97
2, 50121, Note_on_c, 0, 73, 0
2, 50141, Note_on_c, 0, 79, 0
2, 50204, Note_on_c, 0, 81, 0
2, 50208, Note_on_c, 0, 50, 92
2, 50222, Note_on_c, 0, 74, 0
2, 50222, Note_on_c, 0, 77, 127
2, 50236, Note_on_c, 0, 53, 0
2, 50236, Note_on_c, 0, 81, 127
2, 50246, Note_on_c, 0, 50, 0
2, 50248, Control_c, 0, 64, 0
2, 50256, Note_on_c, 0, 49, 94
2, 50328, Note_on_c, 0, 57, 118
2, 50335, Note_on_c, 0, 76, 127
2, 50341, Note_on_c, 0, 49, 0
2, 50347, Note_on_c, 0, 77, 0
2, 50381, Control_c, 0, 64, 127
2, 50438, Note_on_c, 0, 81, 0
2, 50448, Note_on_c, 0, 45, 95
2, 50464, Note_on_c, 0, 79, 95
2, 50474, Note_on_c, 0, 57, 0
2, 50482, Note_on_c, 0, 45, 0
2, 50489, Note_on_c, 0, 81, 96
2, 50498, Note_on_c, 0, 76, 0
2, 50535, Note_on_c, 0, 73, 110
2, 50543, Note_on_c, 0, 59, 102
2, 50546, Control_c, 0, 64, 0
2, 50565, Note_on_c, 0, 69, 124
2, 50593, Note_on_c, 0, 73, 0
2, 50599, Note_on_c, 0, 79, 0
2, 50599, Note_on_c, 0, 81, 0
2, 50610, Control_c, 0, 64, 127
2, 50674, Note_on_c, 0, 61, 123
2, 50687, Note_on_c, 0, 76, 90
2, 50687, Note_on_c, 0, 79, 90
2, 50692, Note_on_c, 0, 81, 90
2, 50705, Note_on_c, 0, 69, 0
2, 50709, Note_on_c, 0, 59, 0
2, 50769, Note_on_c, 0, 61, 0
2, 50773, Note_on_c, 0, 76, 0
2, 50773, Note_on_c, 0, 62, 127
2, 50785, Note_on_c, 0, 79, 0
2, 50785, Note_on_c, 0, 69, 90
2, 50823, Note_on_c, 0, 81, 0
2, 50880, Note_on_c, 0, 65, 127
2, 50884, Note_on_c, 0, 77, 90
2, 50890, Note_on_c, 0, 74, 90
2, 50890, Note_on_c, 0, 81, 90
2, 50903, Note_on_c, 0, 69, 0
2, 50925, Note_on_c, 0, 65, 0
2, 50930, Control_c, 0, 64, 0
2, 50965, Note_on_c, 0, 62, 0
2, 50983, Note_on_c, 0, 74, 0
2, 50997, Note_on_c, 0, 57, 127
2, 50997, Note_on_c, 0, 64, 127
2, 50999, Note_on_c, 0, 77, 0
2, 51007, Note_on_c, 0, 69, 127
2, 51021, Note_on_c, 0, 81, 0
2, 51035, Control_c, 0, 64, 127
2, 51126, Note_on_c, 0, 69, 0
2, 51143, Note_on_c, 0, 76, 90
2, 51143, Note_on_c, 0, 81, 90
2, 51148, Note_on_c, 0, 79, 90
2, 51161, Note_on_c, 0, 64, 0
2, 51181, Note_on_c, 0, 57, 0
2, 51181, Note_on_c, 0, 61, 127
2, 51207, Note_on_c, 0, 76, 0
2, 51218, Note_on_c, 0, 61, 0
2, 51225, Note_on_c, 0, 71, 113
2, 51233, Note_on_c, 0, 57, 127
2, 51282, Control_c, 0, 64, 0
2, 51298, Note_on_c, 0, 79, 0
2, 51308, Note_on_c, 0, 81, 0
2, 51332, Note_on_c, 0, 79, 94
2, 51337, Note_on_c, 0, 81, 94
2, 51344, Note_on_c, 0, 71, 0
2, 51362, Note_on_c, 0, 73, 109
2, 51368, Note_on_c, 0, 55, 125
2, 51397, Note_on_c, 0, 57, 0
2, 51412, Control_c, 0, 64, 127
2, 51471, Note_on_c, 0, 55, 0
2, 51480, Note_on_c, 0, 74, 123
2, 51481, Note_on_c, 0, 73, 0
2, 51485, Note_on_c, 0, 53, 120
2, 51529, Note_on_c, 0, 79, 0
2, 51560, Note_on_c, 0, 74, 0
2, 51575, Note_on_c, 0, 81, 0
2, 51575, Note_on_c, 0, 53, 0
2, 51584, Note_on_c, 0, 50, 125
2, 51597, Note_on_c, 0, 77, 127
2, 51602, Note_on_c, 0, 81, 127
2, 51619, Control_c, 0, 64, 0
2, 51685, Note_on_c, 0, 81, 0
2, 51699, Note_on_c, 0, 77, 0
2, 51701, Note_on_c, 0, 49, 127
2, 51705, Note_on_c, 0, 50, 0
2, 51705, Note_on_c, 0, 57, 127
2, 51707, Control_c, 0, 64, 127
2, 51714, Note_on_c, 0, 76, 127
2, 51758, Note_on_c, 0, 49, 0
2, 51806, Control_c, 0, 64, 0
2, 51855, Note_on_c, 0, 45, 90
2, 51866, Note_on_c, 0, 81, 90
2, 51870, Note_on_c, 0, 79, 90
2, 51885, Note_on_c, 0, 76, 0
2, 51954, Note_on_c, 0, 45, 0
2, 51965, Control_c, 0, 64, 127
2, 51978, Note_on_c, 0, 57, 0
2, 51982, Note_on_c, 0, 73, 115
2, 52006, Note_on_c, 0, 69, 118
2, 52038, Note_on_c, 0, 73, 0
2, 52038, Note_on_c, 0, 81, 0
2, 52071, Control_c, 0, 64, 0
2, 52080, Note_on_c, 0, 79, 0
2, 52123, Note_on_c, 0, 61, 90
2, 52137, Note_on_c, 0, 57, 90
2, 52170, Control_c, 0, 64, 127
2, 52187, Note_on_c, 0, 69, 0
2, 52260, Note_on_c, 0, 69, 101
2, 52266, Note_on_c, 0, 81, 102
2, 52293, Note_on_c, 0, 57, 0
2, 52327, Note_on_c, 0, 61, 0
2, 52333, Note_on_c, 0, 69, 0
2, 52365, Note_on_c, 0, 61, 102
2, 52369, Note_on_c, 0, 57, 102
2, 52472, Note_on_c, 0, 81, 0
2, 52494, Note_on_c, 0, 61, 0
2, 52518, Note_on_c, 0, 62, 110
2, 52529, Note_on_c, 0, 70, 116
2, 52533, Note_on_c, 0, 57, 0
2, 52533, Note_on_c, 0, 82, 116
2, 52542, Control_c, 0, 64, 0
2, 52680, Note_on_c, 0, 58, 104
2, 52684, Note_on_c, 0, 55, 104
2, 52696, Control_c, 0, 64, 127
2, 52833, Note_on_c, 0, 58, 0
2, 52872, Note_on_c, 0, 62, 0
2, 52886, Note_on_c, 0, 70, 0
2, 52890, Note_on_c, 0, 82, 0
2, 52898, Note_on_c, 0, 58, 94
2, 52910, Control_c, 0, 64, 0
2, 52918, Note_on_c, 0, 55, 0
2, 52936, Note_on_c, 0, 53, 93
2, 52948, Note_on_c, 0, 58, 0
2, 52976, Note_on_c, 0, 57, 91
2, 52989, Note_on_c, 0, 86, 98
2, 52997, Control_c, 0, 64, 127
2, 53005, Note_on_c, 0, 84, 99
2, 53009, Note_on_c, 0, 53, 0
2, 53021, Note_on_c, 0, 63, 93
2, 53025, Note_on_c, 0, 72, 100
2, 53027, Note_on_c, 0, 57, 0
2, 53027, Note_on_c, 0, 86, 0
2, 53060, Note_on_c, 0, 72, 0
2, 53065, Note_on_c, 0, 84, 0
2, 53095, Note_on_c, 0, 63, 0
2, 53132, Note_on_c, 0, 62, 99
2, 53134, Note_on_c, 0, 70, 105
2, 53136, Note_on_c, 0, 82, 105
2, 53164, Note_on_c, 0, 62, 0
2, 53166, Note_on_c, 0, 82, 0
2, 53166, Note_on_c, 0, 70, 0
2, 53177, Note_on_c, 0, 63, 105
2, 53181, Note_on_c, 0, 84, 108
2, 53181, Control_c, 0, 64, 0
2, 53184, Note_on_c, 0, 72, 108
2, 53214, Note_on_c, 0, 63, 0
2, 53215, Note_on_c, 0, 72, 0
2, 53215, Note_on_c, 0, 84, 0
2, 53221, Note_on_c, 0, 65, 127
2, 53231, Note_on_c, 0, 74, 110
2, 53241, Note_on_c, 0, 86, 111
2, 53324, Control_c, 0, 64, 127
2, 53368, Note_on_c, 0, 58, 90
2, 53373, Note_on_c, 0, 62, 90
2, 53514, Note_on_c, 0, 65, 0
2, 53516, Note_on_c, 0, 58, 0
2, 53516, Note_on_c, 0, 62, 0
2, 53545, Note_on_c, 0, 74, 0
2, 53550, Note_on_c, 0, 86, 0
2, 53564, Note_on_c, 0, 58, 95
2, 53564, Note_on_c, 0, 62, 95
2, 53580, Control_c, 0, 64, 0
2, 53604, Note_on_c, 0, 58, 0
2, 53608, Note_on_c, 0, 57, 97
2, 53616, Note_on_c, 0, 62, 0
2, 53628, Note_on_c, 0, 61, 98
2, 53648, Note_on_c, 0, 89, 96
2, 53671, Note_on_c, 0, 67, 97
2, 53671, Note_on_c, 0, 88, 97
2, 53675, Note_on_c, 0, 57, 0
2, 53675, Note_on_c, 0, 76, 98
2, 53687, Note_on_c, 0, 89, 0
2, 53688, Note_on_c, 0, 61, 0
2, 53707, Control_c, 0, 64, 127
2, 53737, Note_on_c, 0, 88, 0
2, 53741, Note_on_c, 0, 76, 0
2, 53754, Note_on_c, 0, 67, 0
2, 53796, Note_on_c, 0, 65, 107
2, 53800, Note_on_c, 0, 74, 104
2, 53810, Note_on_c, 0, 86, 105
2, 53831, Note_on_c, 0, 74, 0
2, 53842, Note_on_c, 0, 86, 0
2, 53847, Control_c, 0, 64, 0
2, 53853, Note_on_c, 0, 88, 107
2, 53860, Note_on_c, 0, 67, 107
2, 53860, Note_on_c, 0, 76, 107
2, 53895, Note_on_c, 0, 76, 0
2, 53897, Note_on_c, 0, 88, 0
2, 53904, Note_on_c, 0, 65, 0
2, 53905, Note_on_c, 0, 69, 110
2, 53913, Note_on_c, 0, 77, 110
2, 53915, Control_c, 0, 64, 127
2, 53919, Note_on_c, 0, 89, 110
2, 53925, Note_on_c, 0, 67, 0
2, 53935, Note_on_c, 0, 77, 0
2, 53941, Note_on_c, 0, 69, 0
2, 53946, Note_on_c, 0, 89, 0
2, 53970, Note_on_c, 0, 65, 116
2, 53979, Note_on_c, 0, 74, 113
2, 53983, Note_on_c, 0, 86, 114
2, 54004, Note_on_c, 0, 74, 0
2, 54004, Note_on_c, 0, 65, 0
2, 54006, Note_on_c, 0, 86, 0
2, 54022, Note_on_c, 0, 70, 116
2, 54024, Note_on_c, 0, 79, 116
2, 54042, Note_on_c, 0, 91, 117
2, 54056, Note_on_c, 0, 70, 0
2, 54060, Note_on_c, 0, 79, 0
2, 54065, Note_on_c, 0, 91, 0
2, 54087, Note_on_c, 0, 67, 119
2, 54087, Note_on_c, 0, 88, 119
2, 54091, Note_on_c, 0, 76, 119
2, 54105, Note_on_c, 0, 88, 0
2, 54115, Note_on_c, 0, 76, 0
2, 54119, Note_on_c, 0, 67, 0
2, 54119, Note_on_c, 0, 72, 127
2, 54133, Note_on_c, 0, 81, 127
2, 54143, Note_on_c, 0, 93, 127
2, 54155, Note_on_c, 0, 72, 0
2, 54210, Control_c, 0, 64, 0
2, 54219, Note_on_c, 0, 53, 127
2, 54228, Note_on_c, 0, 60, 127
2, 54260, Note_on_c, 0, 53, 0
2, 54276, Note_on_c, 0, 69, 127
2, 54336, Note_on_c, 0, 69, 0
2, 54353, Note_on_c, 0, 55, 127
2, 54384, Control_c, 0, 64, 127
2, 54389, Note_on_c, 0, 55, 0
2, 54397, Note_on_c, 0, 70, 127
2, 54437, Note_on_c, 0, 70, 0
2, 54494, Note_on_c, 0, 60, 0
2, 54499, Note_on_c, 0, 57, 127
2, 54525, Note_on_c, 0, 57, 0
2, 54532, Note_on_c, 0, 72, 127
2, 54571, Note_on_c, 0, 72, 0
2, 54591, Control_c, 0, 64, 0
2, 54601, Note_on_c, 0, 58, 125
2, 54636, Note_on_c, 0, 81, 0
2, 54640, Note_on_c, 0, 93, 0
2, 54646, Note_on_c, 0, 58, 0
2, 54682, Note_on_c, 0, 74, 127
2, 54692, Note_on_c, 0, 79, 127
2, 54692, Control_c, 0, 64, 127
2, 54696, Note_on_c, 0, 91, 127
2, 54783, Note_on_c, 0, 79, 0
2, 54829, Note_on_c, 0, 91, 0
2, 54858, Note_on_c, 0, 67, 90
2, 54862, Control_c, 0, 64, 0
2, 54864, Note_on_c, 0, 64, 127
2, 54871, Note_on_c, 0, 94, 90
2, 54873, Note_on_c, 0, 74, 0
2, 54876, Note_on_c, 0, 82, 90
2, 54920, Control_c, 0, 64, 127
2, 54993, Note_on_c, 0, 94, 0
2, 54995, Note_on_c, 0, 67, 0
2, 54995, Note_on_c, 0, 82, 0
2, 55005, Note_on_c, 0, 69, 90
2, 55010, Note_on_c, 0, 66, 127
2, 55032, Note_on_c, 0, 93, 90
2, 55033, Note_on_c, 0, 81, 90
2, 55146, Note_on_c, 0, 81, 0
2, 55152, Note_on_c, 0, 93, 0
2, 55154, Note_on_c, 0, 70, 90
2, 55156, Control_c, 0, 64, 0
2, 55164, Note_on_c, 0, 67, 90
2, 55168, Note_on_c, 0, 66, 0
2, 55168, Note_on_c, 0, 69, 0
2, 55178, Note_on_c, 0, 91, 90
2, 55184, Note_on_c, 0, 79, 90
2, 55257, Note_on_c, 0, 79, 0
2, 55269, Note_on_c, 0, 70, 0
2, 55310, Note_on_c, 0, 67, 0
2, 55314, Note_on_c, 0, 91, 0
2, 55327, Control_c, 0, 64, 127
2, 55328, Note_on_c, 0, 69, 90
2, 55328, Note_on_c, 0, 72, 90
2, 55332, Note_on_c, 0, 78, 90
2, 55340, Note_on_c, 0, 90, 90
2, 55347, Note_on_c, 0, 64, 0
2, 55411, Note_on_c, 0, 72, 0
2, 55415, Note_on_c, 0, 78, 0
2, 55459, Note_on_c, 0, 90, 0
2, 55465, Note_on_c, 0, 70, 90
2, 55469, Note_on_c, 0, 69, 0
2, 55479, Note_on_c, 0, 74, 90
2, 55489, Note_on_c, 0, 79, 90
2, 55493, Note_on_c, 0, 91, 90
2, 55508, Note_on_c, 0, 70, 0
2, 55512, Note_on_c, 0, 74, 0
2, 55543, Note_on_c, 0, 79, 0
2, 55558, Note_on_c, 0, 91, 0
2, 55584, Note_on_c, 0, 60, 111
2, 55604, Control_c, 0, 64, 0
2, 55647, Note_on_c, 0, 69, 95
2, 55655, Note_on_c, 0, 72, 95
2, 55658, Note_on_c, 0, 84, 96
2, 55721, Control_c, 0, 64, 127
2, 55733, Note_on_c, 0, 69, 0
2, 55818, Note_on_c, 0, 68, 92
2, 55832, Note_on_c, 0, 71, 92
2, 55836, Note_on_c, 0, 84, 0
2, 55840, Note_on_c, 0, 74, 91
2, 55843, Note_on_c, 0, 86, 91
2, 55845, Note_on_c, 0, 72, 0
2, 55880, Note_on_c, 0, 68, 0
2, 55907, Note_on_c, 0, 71, 0
2, 55971, Note_on_c, 0, 67, 93
2, 55986, Note_on_c, 0, 70, 94
2, 56014, Control_c, 0, 64, 0
2, 56026, Note_on_c, 0, 76, 96
2, 56039, Note_on_c, 0, 60, 0
2, 56044, Note_on_c, 0, 88, 97
2, 56063, Note_on_c, 0, 86, 0
2, 56078, Note_on_c, 0, 74, 0
2, 56133, Note_on_c, 0, 70, 0
2, 56153, Control_c, 0, 64, 127
2, 56206, Note_on_c, 0, 67, 0
2, 56270, Note_on_c, 0, 60, 93
2, 56371, Note_on_c, 0, 76, 0
2, 56442, Control_c, 0, 64, 0
2, 56454, Note_on_c, 0, 69, 88
2, 56460, Note_on_c, 0, 65, 84
2, 56500, Note_on_c, 0, 77, 91
2, 56504, Note_on_c, 0, 89, 91
2, 56510, Note_on_c, 0, 88, 0
2, 56533, Note_on_c, 0, 60, 0
2, 56550, Control_c, 0, 64, 127
2, 56597, Note_on_c, 0, 69, 0
2, 56605, Note_on_c, 0, 77, 0
2, 56609, Note_on_c, 0, 89, 0
2, 56649, Note_on_c, 0, 65, 0
2, 56682, Note_on_c, 0, 60, 75
2, 56730, Note_on_c, 0, 60, 0
2, 56850, Note_on_c, 0, 48, 67
2, 56863, Control_c, 0, 64, 0
2, 56930, Note_on_c, 0, 58, 64
2, 56958, Note_on_c, 0, 62, 63
2, 56960, Note_on_c, 0, 67, 85
2, 56964, Note_on_c, 0, 79, 85
2, 56993, Control_c, 0, 64, 127
2, 57051, Note_on_c, 0, 48, 0
2, 57136, Note_on_c, 0, 67, 0
2, 57140, Note_on_c, 0, 79, 0
2, 57239, Note_on_c, 0, 70, 80
2, 57243, Note_on_c, 0, 82, 80
2, 57368, Note_on_c, 0, 82, 0
2, 57368, Note_on_c, 0, 70, 0
2, 57458, Note_on_c, 0, 69, 91
2, 57460, Note_on_c, 0, 81, 92
2, 57671, Note_on_c, 0, 62, 0
2, 57713, Note_on_c, 0, 58, 0
2, 57740, Note_on_c, 0, 63, 40
2, 57899, Note_on_c, 0, 69, 0
2, 57899, Note_on_c, 0, 81, 0
2, 57921, Note_on_c, 0, 60, 40
2, 57929, Note_on_c, 0, 63, 0
2, 57956, Note_on_c, 0, 64, 40
2, 58000, Note_on_c, 0, 79, 85
2, 58008, Note_on_c, 0, 67, 85
2, 58271, Note_on_c, 0, 64, 0
2, 58313, Note_on_c, 0, 60, 0
2, 58346, Note_on_c, 0, 58, 40
2, 58392, Note_on_c, 0, 58, 0
2, 58506, Note_on_c, 0, 79, 0
2, 58547, Note_on_c, 0, 67, 0
2, 58559, Note_on_c, 0, 41, 42
2, 58619, Control_c, 0, 64, 0
2, 58633, Note_on_c, 0, 48, 46
2, 58704, Note_on_c, 0, 77, 82
2, 58708, Note_on_c, 0, 57, 50
2, 58714, Note_on_c, 0, 65, 50
2, 58751, Control_c, 0, 64, 127
2, 58821, Note_on_c, 0, 57, 0
2, 58823, Note_on_c, 0, 48, 0
2, 58831, Note_on_c, 0, 41, 0
2, 59018, Note_on_c, 0, 69, 40
2, 59018, Note_on_c, 0, 72, 40
2, 59079, Note_on_c, 0, 77, 0
2, 59086, Note_on_c, 0, 65, 0
2, 59126, Note_on_c, 0, 45, 41
2, 59178, Note_on_c, 0, 53, 44
2, 59203, Control_c, 0, 64, 0
2, 59241, Note_on_c, 0, 76, 51
2, 59243, Note_on_c, 0, 69, 0
2, 59243, Note_on_c, 0, 72, 0
2, 59245, Note_on_c, 0, 64, 48
2, 59251, Note_on_c, 0, 60, 48
2, 59313, Control_c, 0, 64, 127
2, 59392, Note_on_c, 0, 45, 0
2, 59424, Note_on_c, 0, 60, 0
2, 59439, Note_on_c, 0, 53, 0
2, 59452, Note_on_c, 0, 69, 40
2, 59457, Note_on_c, 0, 72, 40
2, 59509, Note_on_c, 0, 69, 0
2, 59511, Note_on_c, 0, 64, 0
2, 59513, Note_on_c, 0, 76, 0
2, 59535, Note_on_c, 0, 72, 0
2, 59549, Note_on_c, 0, 46, 40
2, 59573, Note_on_c, 0, 53, 40
2, 59594, Note_on_c, 0, 76, 40
2, 59602, Note_on_c, 0, 58, 40
2, 59616, Note_on_c, 0, 74, 41
2, 59622, Note_on_c, 0, 70, 41
2, 59634, Note_on_c, 0, 62, 40
2, 59640, Note_on_c, 0, 76, 0
2, 59666, Note_on_c, 0, 62, 0
2, 59668, Note_on_c, 0, 70, 0
2, 59677, Note_on_c, 0, 74, 0
2, 59707, Note_on_c, 0, 73, 46
2, 59713, Note_on_c, 0, 61, 40
2, 59741, Note_on_c, 0, 58, 0
2, 59749, Note_on_c, 0, 61, 0
2, 59778, Note_on_c, 0, 73, 0
2, 59778, Note_on_c, 0, 74, 49
2, 59784, Note_on_c, 0, 53, 0
2, 59787, Note_on_c, 0, 62, 40
2, 59792, Note_on_c, 0, 46, 0
2, 59818, Note_on_c, 0, 62, 0
2, 59846, Note_on_c, 0, 64, 41
2, 59853, Note_on_c, 0, 76, 53
2, 59879, Note_on_c, 0, 41, 43
2, 59886, Note_on_c, 0, 64, 0
2, 59895, Control_c, 0, 64, 0
2, 59911, Note_on_c, 0, 48, 44
2, 59913, Note_on_c, 0, 76, 0
2, 59977, Note_on_c, 0, 77, 60
2, 59979, Note_on_c, 0, 65, 48
2, 59985, Note_on_c, 0, 57, 48
2, 60027, Control_c, 0, 64, 127
2, 60042, Note_on_c, 0, 74, 0
2, 60089, Note_on_c, 0, 57, 0
2, 60091, Note_on_c, 0, 41, 0
2, 60109, Note_on_c, 0, 48, 0
2, 60214, Note_on_c, 0, 69, 40
2, 60214, Note_on_c, 0, 72, 40
2, 60272, Note_on_c, 0, 77, 0
2, 60286, Note_on_c, 0, 45, 40
2, 60294, Note_on_c, 0, 65, 0
2, 60316, Note_on_c, 0, 53, 40
2, 60353, Control_c, 0, 64, 0
2, 60383, Note_on_c, 0, 76, 48
2, 60384, Note_on_c, 0, 64, 40
2, 60387, Note_on_c, 0, 69, 0
2, 60397, Note_on_c, 0, 60, 40
2, 60408, Note_on_c, 0, 72, 0
2, 60463, Control_c, 0, 64, 127
2, 60530, Note_on_c, 0, 60, 0
2, 60563, Note_on_c, 0, 45, 0
2, 60567, Note_on_c, 0, 53, 0
2, 60578, Note_on_c, 0, 69, 41
2, 60578, Note_on_c, 0, 72, 41
2, 60619, Note_on_c, 0, 53, 40
2, 60637, Note_on_c, 0, 46, 40
2, 60644, Note_on_c, 0, 76, 0
2, 60653, Note_on_c, 0, 64, 0
2, 60662, Note_on_c, 0, 69, 0
2, 60672, Note_on_c, 0, 72, 0
2, 60682, Note_on_c, 0, 58, 40
2, 60704, Note_on_c, 0, 76, 40
2, 60708, Note_on_c, 0, 74, 40
2, 60724, Note_on_c, 0, 62, 40
2, 60726, Note_on_c, 0, 70, 41
2, 60744, Note_on_c, 0, 76, 0
2, 60760, Note_on_c, 0, 62, 0
2, 60770, Note_on_c, 0, 74, 0
2, 60779, Note_on_c, 0, 70, 0
2, 60803, Note_on_c, 0, 73, 45
2, 60811, Note_on_c, 0, 58, 0
2, 60811, Note_on_c, 0, 61, 40
2, 60849, Note_on_c, 0, 61, 0
2, 60864, Note_on_c, 0, 74, 48
2, 60869, Note_on_c, 0, 73, 0
2, 60871, Note_on_c, 0, 53, 0
2, 60873, Note_on_c, 0, 46, 0
2, 60877, Note_on_c, 0, 62, 41
2, 60915, Note_on_c, 0, 62, 0
2, 60928, Note_on_c, 0, 64, 44
2, 60930, Note_on_c, 0, 76, 52
2, 60974, Note_on_c, 0, 76, 0
2, 60979, Note_on_c, 0, 41, 47
2, 60983, Note_on_c, 0, 64, 0
2, 60997, Note_on_c, 0, 53, 48
2, 60999, Control_c, 0, 64, 0
2, 61053, Note_on_c, 0, 74, 0
2, 61053, Note_on_c, 0, 77, 58
2, 61059, Note_on_c, 0, 65, 46
2, 61135, Control_c, 0, 64, 127
2, 61261, Note_on_c, 0, 69, 40
2, 61261, Note_on_c, 0, 72, 40
2, 61311, Note_on_c, 0, 77, 0
2, 61313, Note_on_c, 0, 65, 0
2, 61380, Note_on_c, 0, 43, 43
2, 61410, Control_c, 0, 64, 0
2, 61435, Note_on_c, 0, 41, 0
2, 61437, Note_on_c, 0, 69, 0
2, 61437, Note_on_c, 0, 64, 46
2, 61450, Note_on_c, 0, 76, 49
2, 61461, Note_on_c, 0, 72, 0
2, 61488, Control_c, 0, 64, 127
2, 61602, Note_on_c, 0, 64, 0
2, 61606, Note_on_c, 0, 76, 0
2, 61620, Note_on_c, 0, 65, 40
2, 61626, Note_on_c, 0, 72, 40
2, 61765, Note_on_c, 0, 45, 45
2, 61806, Note_on_c, 0, 65, 0
2, 61820, Control_c, 0, 64, 0
2, 61828, Note_on_c, 0, 72, 0
2, 61836, Note_on_c, 0, 43, 0
2, 61836, Note_on_c, 0, 63, 49
2, 61846, Note_on_c, 0, 75, 51
2, 61963, Control_c, 0, 64, 127
2, 62023, Note_on_c, 0, 72, 40
2, 62032, Note_on_c, 0, 65, 40
2, 62056, Note_on_c, 0, 63, 0
2, 62064, Note_on_c, 0, 75, 0
2, 62116, Note_on_c, 0, 72, 0
2, 62133, Note_on_c, 0, 46, 43
2, 62136, Note_on_c, 0, 45, 0
2, 62215, Control_c, 0, 64, 0
2, 62219, Note_on_c, 0, 61, 47
2, 62235, Note_on_c, 0, 73, 51
2, 62268, Note_on_c, 0, 65, 0
2, 62323, Control_c, 0, 64, 127
2, 62442, Note_on_c, 0, 65, 40
2, 62462, Note_on_c, 0, 70, 40
2, 62490, Note_on_c, 0, 70, 0
2, 62497, Note_on_c, 0, 65, 0
2, 62512, Note_on_c, 0, 73, 0
2, 62512, Note_on_c, 0, 61, 0
2, 62607, Note_on_c, 0, 49, 44
2, 62671, Note_on_c, 0, 55, 47
2, 62673, Control_c, 0, 64, 0
2, 62689, Note_on_c, 0, 67, 51
2, 62803, Control_c, 0, 64, 127
2, 62891, Note_on_c, 0, 58, 40
2, 62900, Note_on_c, 0, 53, 0
2, 62922, Note_on_c, 0, 55, 0
2, 62922, Note_on_c, 0, 64, 40
2, 62928, Note_on_c, 0, 67, 0
2, 62944, Note_on_c, 0, 49, 0
2, 63006, Note_on_c, 0, 58, 0
2, 63047, Note_on_c, 0, 48, 44
2, 63107, Control_c, 0, 64, 0
2, 63109, Note_on_c, 0, 57, 48
2, 63127, Note_on_c, 0, 69, 51
2, 63170, Note_on_c, 0, 64, 0
2, 63202, Note_on_c, 0, 46, 0
2, 63244, Control_c, 0, 64, 127
2, 63406, Note_on_c, 0, 58, 40
2, 63424, Note_on_c, 0, 57, 0
2, 63427, Note_on_c, 0, 69, 0
2, 63427, Note_on_c, 0, 64, 40
2, 63553, Note_on_c, 0, 41, 46
2, 63584, Note_on_c, 0, 48, 0
2, 63638, Control_c, 0, 64, 0
2, 63689, Note_on_c, 0, 58, 0
2, 63695, Note_on_c, 0, 53, 54
2, 63698, Note_on_c, 0, 64, 0
2, 63792, Control_c, 0, 64, 127
2, 63980, Note_on_c, 0, 57, 41
2, 63984, Note_on_c, 0, 65, 41
2, 63985, Note_on_c, 0, 60, 41
2, 64072, Note_on_c, 0, 53, 0
2, 64157, Note_on_c, 0, 51, 50
2, 64193, Note_on_c, 0, 60, 0
2, 64198, Note_on_c, 0, 57, 0
2, 64205, Note_on_c, 0, 65, 0
2, 64352, Note_on_c, 0, 51, 0
2, 64361, Note_on_c, 0, 60, 44
2, 64365, Note_on_c, 0, 57, 44
2, 64367, Note_on_c, 0, 65, 44
2, 64488, Note_on_c, 0, 51, 44
2, 64520, Note_on_c, 0, 49, 46
2, 64542, Note_on_c, 0, 51, 0
2, 64566, Note_on_c, 0, 57, 0
2, 64590, Note_on_c, 0, 60, 0
2, 64593, Note_on_c, 0, 65, 0
2, 64610, Note_on_c, 0, 49, 0
2, 64610, Note_on_c, 0, 48, 50
2, 64671, Note_on_c, 0, 48, 0
2, 64678, Note_on_c, 0, 49, 40
2, 64690, Note_on_c, 0, 61, 41
2, 64702, Note_on_c, 0, 56, 41
2, 64702, Note_on_c, 0, 65, 41
2, 64709, Control_c, 0, 64, 0
2, 64750, Note_on_c, 0, 52, 62
2, 64780, Note_on_c, 0, 49, 0
2, 64819, Note_on_c, 0, 53, 68
2, 64828, Note_on_c, 0, 52, 0
2, 64869, Note_on_c, 0, 56, 0
2, 64870, Note_on_c, 0, 61, 0
2, 64881, Note_on_c, 0, 65, 0
2, 65027, Control_c, 0, 64, 127
2, 65035, Note_on_c, 0, 57, 40
2, 65039, Note_on_c, 0, 60, 40
2, 65049, Note_on_c, 0, 65, 41
2, 65212, Note_on_c, 0, 51, 40
2, 65234, Note_on_c, 0, 53, 0
2, 65273, Note_on_c, 0, 60, 0
2, 65277, Note_on_c, 0, 65, 0
2, 65279, Note_on_c, 0, 57, 0
2, 65377, Note_on_c, 0, 57, 40
2, 65381, Note_on_c, 0, 60, 40
2, 65381, Note_on_c, 0, 65, 40
2, 65386, Note_on_c, 0, 51, 0
2, 65495, Note_on_c, 0, 51, 42
2, 65513, Note_on_c, 0, 49, 43
2, 65535, Note_on_c, 0, 51, 0
2, 65573, Note_on_c, 0, 57, 0
2, 65582, Note_on_c, 0, 49, 0
2, 65582, Note_on_c, 0, 48, 46
2, 65586, Note_on_c, 0, 65, 0
2, 65602, Note_on_c, 0, 60, 0
2, 65636, Note_on_c, 0, 48, 0
2, 65644, Note_on_c, 0, 49, 49
2, 65701, Note_on_c, 0, 52, 52
2, 65753, Control_c, 0, 64, 0
2, 65760, Note_on_c, 0, 49, 0
2, 65763, Note_on_c, 0, 53, 56
2, 65767, Note_on_c, 0, 52, 0
2, 65912, Control_c, 0, 64, 127
2, 65969, Note_on_c, 0, 57, 40
2, 65981, Note_on_c, 0, 60, 40
2, 65981, Note_on_c, 0, 65, 40
2, 66104, Note_on_c, 0, 52, 47
2, 66110, Note_on_c, 0, 53, 0
2, 66128, Note_on_c, 0, 65, 0
2, 66135, Note_on_c, 0, 57, 0
2, 66139, Note_on_c, 0, 60, 0
2, 66216, Control_c, 0, 64, 0
2, 66300, Note_on_c, 0, 58, 40
2, 66304, Note_on_c, 0, 61, 41
2, 66304, Note_on_c, 0, 67, 40
2, 66314, Control_c, 0, 64, 127
2, 66429, Note_on_c, 0, 52, 0
2, 66432, Note_on_c, 0, 51, 47
2, 66443, Control_c, 0, 64, 0
2, 66457, Note_on_c, 0, 58, 0
2, 66463, Note_on_c, 0, 67, 0
2, 66467, Note_on_c, 0, 61, 0
2, 66591, Control_c, 0, 64, 127
2, 66643, Note_on_c, 0, 60, 40
2, 66646, Note_on_c, 0, 65, 41
2, 66646, Note_on_c, 0, 69, 40
2, 66802, Control_c, 0, 64, 0
2, 66825, Note_on_c, 0, 49, 50
2, 66835, Note_on_c, 0, 60, 0
2, 66835, Note_on_c, 0, 51, 0
2, 66837, Note_on_c, 0, 65, 0
2, 66837, Note_on_c, 0, 69, 0
2, 66954, Control_c, 0, 64, 127
2, 67049, Note_on_c, 0, 61, 40
2, 67056, Note_on_c, 0, 70, 40
2, 67075, Note_on_c, 0, 65, 40
2, 67261, Control_c, 0, 64, 0
2, 67263, Note_on_c, 0, 49, 0
2, 67269, Note_on_c, 0, 43, 50
2, 67296, Note_on_c, 0, 61, 0
2, 67297, Note_on_c, 0, 65, 0
2, 67301, Note_on_c, 0, 70, 0
2, 67412, Control_c, 0, 64, 127
2, 67553, Note_on_c, 0, 73, 40
2, 67558, Note_on_c, 0, 65, 40
2, 67563, Note_on_c, 0, 70, 40
2, 67811, Control_c, 0, 64, 0
2, 67836, Note_on_c, 0, 48, 50
2, 67840, Note_on_c, 0, 43, 0
2, 67904, Control_c, 0, 67, 127
2, 67911, Note_on_c, 0, 70, 0
2, 67911, Note_on_c, 0, 65, 0
2, 67930, Note_on_c, 0, 73, 0
2, 67948, Control_c, 0, 64, 127
2, 68135, Note_on_c, 0, 64, 40
2, 68135, Note_on_c, 0, 72, 40
2, 68136, Note_on_c, 0, 70, 40
2, 68171, Note_on_c, 0, 41, 0
2, 68197, Note_on_c, 0, 48, 0
2, 68389, Note_on_c, 0, 72, 0
2, 68389, Note_on_c, 0, 64, 0
2, 68393, Note_on_c, 0, 70, 0
2, 68475, Note_on_c, 0, 41, 45
2, 68490, Note_on_c, 0, 53, 46
2, 68496, Note_on_c, 0, 48, 46
2, 68516, Control_c, 0, 64, 0
2, 68682, Control_c, 0, 64, 127
2, 68752, Note_on_c, 0, 65, 40
2, 68752, Note_on_c, 0, 72, 40
2, 68760, Note_on_c, 0, 69, 40
2, 68774, Note_on_c, 0, 41, 0
2, 68836, Note_on_c, 0, 72, 0
2, 68836, Note_on_c, 0, 65, 0
2, 68836, Note_on_c, 0, 69, 0
2, 68917, Note_on_c, 0, 48, 0
2, 69034, Note_on_c, 0, 53, 0
2, 69206, Note_on_c, 0, 65, 40
2, 69215, Note_on_c, 0, 60, 40
2, 69218, Note_on_c, 0, 69, 40
2, 69273, Note_on_c, 0, 69, 0
2, 69273, Note_on_c, 0, 60, 0
2, 69283, Note_on_c, 0, 65, 0
2, 69660, Note_on_c, 0, 65, 40
2, 69664, Note_on_c, 0, 57, 40
2, 69672, Note_on_c, 0, 60, 40
2, 69749, Note_on_c, 0, 60, 0
2, 69749, Note_on_c, 0, 57, 0
2, 69751, Note_on_c, 0, 65, 0
2, 70142, Note_on_c, 0, 53, 40
2, 70162, Note_on_c, 0, 57, 40
2, 70162, Note_on_c, 0, 62, 40
2, 70227, Note_on_c, 0, 53, 0
2, 70233, Note_on_c, 0, 62, 0
2, 70233, Note_on_c, 0, 57, 0
2, 70693, Note_on_c, 0, 53, 40
2, 70696, Note_on_c, 0, 57, 40
2, 70696, Note_on_c, 0, 60, 40
2, 70784, Note_on_c, 0, 57, 0
2, 70788, Note_on_c, 0, 60, 0
2, 70788, Note_on_c, 0, 53, 0
2, 71192, Note_on_c, 0, 53, 40
2, 71206, Note_on_c, 0, 57, 40
2, 71299, Note_on_c, 0, 53, 0
2, 71303, Note_on_c, 0, 57, 0
2, 71718, Note_on_c, 0, 45, 40
2, 71720, Note_on_c, 0, 41, 40
2, 71943, Note_on_c, 0, 53, 40
2, 71954, Note_on_c, 0, 48, 40
2, 72009, Note_on_c, 0, 41, 0
2, 72022, Note_on_c, 0, 45, 0
2, 72201, Note_on_c, 0, 48, 0
2, 72215, Note_on_c, 0, 53, 0
2, 72217, Note_on_c, 0, 41, 40
2, 72225, Note_on_c, 0, 45, 40
2, 72489, Note_on_c, 0, 53, 40
2, 72502, Note_on_c, 0, 48, 40
2, 72554, Note_on_c, 0, 45, 0
2, 72560, Note_on_c, 0, 41, 0
2, 72794, Note_on_c, 0, 41, 40
2, 72808, Note_on_c, 0, 45, 40
2, 72818, Note_on_c, 0, 48, 0
2, 72853, Note_on_c, 0, 53, 0
2, 73129, Note_on_c, 0, 53, 40
2, 73155, Note_on_c, 0, 48, 40
2, 73232, Note_on_c, 0, 41, 0
2, 73236, Note_on_c, 0, 45, 0
2, 73567, Note_on_c, 0, 41, 40
2, 73571, Note_on_c, 0, 45, 40
2, 73608, Note_on_c, 0, 48, 0
2, 73644, Note_on_c, 0, 53, 0
2, 74040, Note_on_c, 0, 53, 40
2, 74054, Note_on_c, 0, 48, 40
2, 74120, Note_on_c, 0, 41, 0
2, 74257, Note_on_c, 0, 45, 0
2, 74368, Control_c, 0, 67, 0
2, 74389, Note_on_c, 0, 48, 0
2, 74525, Note_on_c, 0, 53, 0
2, 75817, Control_c, 0, 64, 0
2, 75817, End_track
3, 0, Start_track
3, 0, Title_t, "Scan of a player piano roll"
3, 0, End_track
4, 0, Start_track
4, 0, Title_t, "by Terry Smythe, Winnipeg, Canada"
4, 0, End_track
0, 0, End_of_file
