0, 0, Header, 0, 1, 384
1, 0, Start_track
1, 0, Tempo, 512820
1, 0, Title_t, "Kobold Op 71, No. 3"
1, 0, Program_c, 0, 0
1, 0, Control_c, 0, 7, 100
1, 3, Control_c, 0, 10, 64
1, 3, Control_c, 0, 91, 127
1, 3, Control_c, 0, 91, 127
1, 6, Program_c, 0, 0
1, 6, Control_c, 0, 7, 100
1, 6, Control_c, 0, 10, 64
1, 9, Control_c, 0, 91, 127
1, 9, Control_c, 0, 64, 0
1, 748, Note_on_c, 0, 39, 45
1, 806, Note_on_c, 0, 39, 0
1, 864, Note_on_c, 0, 46, 41
1, 922, Note_on_c, 0, 46, 0
1, 981, Note_on_c, 0, 39, 41
1, 1039, Note_on_c, 0, 39, 0
1, 1097, Note_on_c, 0, 34, 41
1, 1155, Note_on_c, 0, 34, 0
1, 1213, Note_on_c, 0, 39, 45
1, 1271, Note_on_c, 0, 39, 0
1, 1328, Note_on_c, 0, 46, 41
1, 1386, Note_on_c, 0, 46, 0
1, 1443, Note_on_c, 0, 39, 41
1, 1501, Note_on_c, 0, 39, 0
1, 1558, Note_on_c, 0, 63, 45
1, 1558, Note_on_c, 0, 34, 41
1, 1617, Note_on_c, 0, 63, 0
1, 1617, Note_on_c, 0, 65, 45
1, 1617, Note_on_c, 0, 34, 0
1, 1675, Note_on_c, 0, 65, 0
1, 1675, Note_on_c, 0, 66, 49
1, 1675, Note_on_c, 0, 70, 49
1, 1678, Note_on_c, 0, 39, 45
1, 1733, Note_on_c, 0, 70, 0
1, 1733, Note_on_c, 0, 66, 0
1, 1733, Note_on_c, 0, 65, 45
1, 1736, Note_on_c, 0, 39, 0
1, 1791, Note_on_c, 0, 65, 0
1, 1791, Note_on_c, 0, 63, 45
1, 1791, Note_on_c, 0, 46, 42
1, 1849, Note_on_c, 0, 63, 0
1, 1849, Note_on_c, 0, 65, 45
1, 1849, Note_on_c, 0, 46, 0
1, 1907, Note_on_c, 0, 65, 0
1, 1907, Note_on_c, 0, 66, 47
1, 1907, Note_on_c, 0, 70, 47
1, 1910, Note_on_c, 0, 39, 42
1, 1964, Note_on_c, 0, 70, 0
1, 1964, Note_on_c, 0, 66, 0
1, 1964, Note_on_c, 0, 65, 45
1, 1967, Note_on_c, 0, 39, 0
1, 2021, Note_on_c, 0, 65, 0
1, 2021, Note_on_c, 0, 63, 45
1, 2021, Note_on_c, 0, 34, 42
1, 2080, Note_on_c, 0, 63, 0
1, 2080, Note_on_c, 0, 65, 45
1, 2080, Note_on_c, 0, 34, 0
1, 2138, Note_on_c, 0, 65, 0
1, 2138, Note_on_c, 0, 70, 49
1, 2138, Note_on_c, 0, 66, 49
1, 2141, Note_on_c, 0, 39, 45
1, 2197, Note_on_c, 0, 66, 0
1, 2197, Note_on_c, 0, 70, 0
1, 2197, Note_on_c, 0, 39, 0
1, 2255, Note_on_c, 0, 66, 45
1, 2255, Note_on_c, 0, 63, 45
1, 2255, Note_on_c, 0, 46, 42
1, 2313, Note_on_c, 0, 63, 0
1, 2313, Note_on_c, 0, 66, 0
1, 2313, Note_on_c, 0, 46, 0
1, 2371, Note_on_c, 0, 66, 46
1, 2371, Note_on_c, 0, 63, 46
1, 2371, Note_on_c, 0, 39, 42
1, 2430, Note_on_c, 0, 63, 0
1, 2430, Note_on_c, 0, 66, 0
1, 2430, Note_on_c, 0, 39, 0
1, 2489, Note_on_c, 0, 66, 45
1, 2489, Note_on_c, 0, 70, 45
1, 2489, Note_on_c, 0, 34, 42
1, 2548, Note_on_c, 0, 70, 0
1, 2548, Note_on_c, 0, 66, 0
1, 2548, Note_on_c, 0, 34, 0
1, 2606, Note_on_c, 0, 65, 50
1, 2606, Note_on_c, 0, 69, 50
1, 2606, Note_on_c, 0, 39, 45
1, 2664, Note_on_c, 0, 69, 0
1, 2664, Note_on_c, 0, 65, 0
1, 2664, Note_on_c, 0, 39, 0
1, 2722, Note_on_c, 0, 60, 45
1, 2722, Note_on_c, 0, 65, 45
1, 2722, Note_on_c, 0, 46, 42
1, 2780, Note_on_c, 0, 65, 0
1, 2780, Note_on_c, 0, 60, 0
1, 2780, Note_on_c, 0, 46, 0
1, 2838, Note_on_c, 0, 65, 46
1, 2838, Note_on_c, 0, 60, 46
1, 2838, Note_on_c, 0, 39, 42
1, 2897, Note_on_c, 0, 60, 0
1, 2897, Note_on_c, 0, 65, 0
1, 2897, Note_on_c, 0, 39, 0
1, 2957, Note_on_c, 0, 65, 45
1, 2957, Note_on_c, 0, 69, 45
1, 2957, Note_on_c, 0, 34, 42
1, 3015, Note_on_c, 0, 69, 0
1, 3015, Note_on_c, 0, 65, 0
1, 3015, Note_on_c, 0, 34, 0
1, 3073, Note_on_c, 0, 69, 54
1, 3073, Note_on_c, 0, 65, 54
1, 3073, Note_on_c, 0, 39, 45
1, 3131, Note_on_c, 0, 39, 0
1, 3188, Note_on_c, 0, 46, 41
1, 3245, Note_on_c, 0, 46, 0
1, 3303, Note_on_c, 0, 39, 41
1, 3360, Note_on_c, 0, 39, 0
1, 3417, Note_on_c, 0, 65, 0
1, 3417, Note_on_c, 0, 69, 0
1, 3417, Note_on_c, 0, 68, 46
1, 3420, Note_on_c, 0, 34, 41
1, 3476, Note_on_c, 0, 68, 0
1, 3476, Note_on_c, 0, 70, 49
1, 3476, Note_on_c, 0, 34, 0
1, 3535, Note_on_c, 0, 70, 0
1, 3535, Note_on_c, 0, 71, 54
1, 3535, Note_on_c, 0, 75, 54
1, 3538, Note_on_c, 0, 39, 49
1, 3593, Note_on_c, 0, 75, 0
1, 3593, Note_on_c, 0, 71, 0
1, 3593, Note_on_c, 0, 70, 51
1, 3596, Note_on_c, 0, 39, 0
1, 3651, Note_on_c, 0, 70, 0
1, 3651, Note_on_c, 0, 68, 51
1, 3651, Note_on_c, 0, 46, 45
1, 3709, Note_on_c, 0, 68, 0
1, 3709, Note_on_c, 0, 70, 51
1, 3709, Note_on_c, 0, 46, 0
1, 3767, Note_on_c, 0, 70, 0
1, 3767, Note_on_c, 0, 75, 54
1, 3767, Note_on_c, 0, 71, 54
1, 3770, Note_on_c, 0, 39, 45
1, 3824, Note_on_c, 0, 71, 0
1, 3824, Note_on_c, 0, 75, 0
1, 3824, Note_on_c, 0, 70, 50
1, 3827, Note_on_c, 0, 39, 0
1, 3881, Note_on_c, 0, 70, 0
1, 3881, Note_on_c, 0, 68, 50
1, 3881, Note_on_c, 0, 34, 45
1, 3940, Note_on_c, 0, 68, 0
1, 3940, Note_on_c, 0, 70, 50
1, 3940, Note_on_c, 0, 34, 0
1, 3999, Note_on_c, 0, 70, 0
1, 3999, Note_on_c, 0, 71, 54
1, 3999, Note_on_c, 0, 75, 54
1, 4002, Note_on_c, 0, 39, 49
1, 4057, Note_on_c, 0, 75, 0
1, 4057, Note_on_c, 0, 71, 0
1, 4057, Note_on_c, 0, 39, 0
1, 4115, Note_on_c, 0, 71, 50
1, 4115, Note_on_c, 0, 68, 50
1, 4115, Note_on_c, 0, 46, 45
1, 4173, Note_on_c, 0, 68, 0
1, 4173, Note_on_c, 0, 71, 0
1, 4173, Note_on_c, 0, 46, 0
1, 4232, Note_on_c, 0, 68, 50
1, 4232, Note_on_c, 0, 71, 50
1, 4232, Note_on_c, 0, 39, 45
1, 4291, Note_on_c, 0, 71, 0
1, 4291, Note_on_c, 0, 68, 0
1, 4291, Note_on_c, 0, 39, 0
1, 4351, Note_on_c, 0, 75, 50
1, 4351, Note_on_c, 0, 71, 50
1, 4351, Note_on_c, 0, 34, 45
1, 4410, Note_on_c, 0, 71, 0
1, 4410, Note_on_c, 0, 75, 0
1, 4410, Note_on_c, 0, 34, 0
1, 4468, Note_on_c, 0, 70, 54
1, 4468, Note_on_c, 0, 74, 54
1, 4468, Note_on_c, 0, 39, 49
1, 4526, Note_on_c, 0, 74, 0
1, 4526, Note_on_c, 0, 70, 0
1, 4526, Note_on_c, 0, 39, 0
1, 4585, Note_on_c, 0, 70, 50
1, 4585, Note_on_c, 0, 65, 50
1, 4585, Note_on_c, 0, 46, 45
1, 4643, Note_on_c, 0, 65, 0
1, 4643, Note_on_c, 0, 70, 0
1, 4643, Note_on_c, 0, 46, 0
1, 4701, Note_on_c, 0, 70, 50
1, 4701, Note_on_c, 0, 65, 50
1, 4701, Note_on_c, 0, 39, 45
1, 4760, Note_on_c, 0, 65, 0
1, 4760, Note_on_c, 0, 70, 0
1, 4760, Note_on_c, 0, 39, 0
1, 4819, Note_on_c, 0, 74, 50
1, 4819, Note_on_c, 0, 70, 50
1, 4819, Note_on_c, 0, 34, 45
1, 4878, Note_on_c, 0, 70, 0
1, 4878, Note_on_c, 0, 74, 0
1, 4878, Note_on_c, 0, 34, 0
1, 4936, Note_on_c, 0, 70, 58
1, 4936, Note_on_c, 0, 74, 58
1, 4936, Note_on_c, 0, 39, 49
1, 4993, Note_on_c, 0, 39, 0
1, 5050, Note_on_c, 0, 46, 45
1, 5107, Note_on_c, 0, 74, 0
1, 5107, Note_on_c, 0, 70, 0
1, 5107, Note_on_c, 0, 46, 0
1, 5164, Note_on_c, 0, 39, 45
1, 5222, Note_on_c, 0, 39, 0
1, 5280, Note_on_c, 0, 78, 74
1, 5339, Note_on_c, 0, 78, 0
1, 5339, Note_on_c, 0, 80, 74
1, 5398, Note_on_c, 0, 80, 0
1, 5398, Note_on_c, 0, 82, 86
1, 5398, Note_on_c, 0, 85, 86
1, 5401, Note_on_c, 0, 66, 67
1, 5401, Note_on_c, 0, 73, 67
1, 5456, Note_on_c, 0, 85, 0
1, 5456, Note_on_c, 0, 82, 0
1, 5456, Note_on_c, 0, 80, 73
1, 5513, Note_on_c, 0, 80, 0
1, 5513, Note_on_c, 0, 78, 73
1, 5570, Note_on_c, 0, 78, 0
1, 5570, Note_on_c, 0, 80, 73
1, 5628, Note_on_c, 0, 80, 0
1, 5628, Note_on_c, 0, 85, 79
1, 5628, Note_on_c, 0, 82, 79
1, 5736, Note_on_c, 0, 82, 0
1, 5736, Note_on_c, 0, 85, 0
1, 5746, Note_on_c, 0, 73, 73
1, 5746, Note_on_c, 0, 73, 0
1, 5746, Note_on_c, 0, 66, 0
1, 5805, Note_on_c, 0, 73, 0
1, 5805, Note_on_c, 0, 75, 73
1, 5864, Note_on_c, 0, 75, 0
1, 5864, Note_on_c, 0, 77, 85
1, 5864, Note_on_c, 0, 80, 85
1, 5867, Note_on_c, 0, 68, 67
1, 5867, Note_on_c, 0, 61, 67
1, 5922, Note_on_c, 0, 80, 0
1, 5922, Note_on_c, 0, 77, 0
1, 5922, Note_on_c, 0, 75, 73
1, 5979, Note_on_c, 0, 75, 0
1, 5979, Note_on_c, 0, 73, 71
1, 6037, Note_on_c, 0, 73, 0
1, 6037, Note_on_c, 0, 75, 71
1, 6094, Note_on_c, 0, 75, 0
1, 6094, Note_on_c, 0, 77, 80
1, 6094, Note_on_c, 0, 80, 80
1, 6202, Note_on_c, 0, 80, 0
1, 6202, Note_on_c, 0, 77, 0
1, 6212, Note_on_c, 0, 71, 73
1, 6212, Note_on_c, 0, 61, 0
1, 6212, Note_on_c, 0, 68, 0
1, 6271, Note_on_c, 0, 71, 0
1, 6271, Note_on_c, 0, 73, 73
1, 6330, Note_on_c, 0, 73, 0
1, 6330, Note_on_c, 0, 78, 86
1, 6330, Note_on_c, 0, 75, 86
1, 6333, Note_on_c, 0, 66, 67
1, 6333, Note_on_c, 0, 59, 67
1, 6387, Note_on_c, 0, 75, 0
1, 6387, Note_on_c, 0, 78, 0
1, 6387, Note_on_c, 0, 73, 71
1, 6445, Note_on_c, 0, 73, 0
1, 6445, Note_on_c, 0, 71, 71
1, 6502, Note_on_c, 0, 71, 0
1, 6502, Note_on_c, 0, 73, 71
1, 6560, Note_on_c, 0, 73, 0
1, 6560, Note_on_c, 0, 78, 80
1, 6560, Note_on_c, 0, 75, 80
1, 6668, Note_on_c, 0, 75, 0
1, 6668, Note_on_c, 0, 78, 0
1, 6678, Note_on_c, 0, 66, 74
1, 6678, Note_on_c, 0, 59, 0
1, 6678, Note_on_c, 0, 66, 0
1, 6737, Note_on_c, 0, 66, 0
1, 6737, Note_on_c, 0, 68, 74
1, 6796, Note_on_c, 0, 68, 0
1, 6796, Note_on_c, 0, 73, 89
1, 6796, Note_on_c, 0, 70, 89
1, 6799, Note_on_c, 0, 61, 67
1, 6799, Note_on_c, 0, 54, 67
1, 6853, Note_on_c, 0, 70, 0
1, 6853, Note_on_c, 0, 73, 0
1, 6853, Note_on_c, 0, 68, 71
1, 6911, Note_on_c, 0, 68, 0
1, 6911, Note_on_c, 0, 66, 71
1, 6968, Note_on_c, 0, 66, 0
1, 6968, Note_on_c, 0, 68, 71
1, 7025, Note_on_c, 0, 68, 0
1, 7025, Note_on_c, 0, 73, 79
1, 7025, Note_on_c, 0, 70, 79
1, 7131, Note_on_c, 0, 70, 0
1, 7131, Note_on_c, 0, 73, 0
1, 7140, Note_on_c, 0, 53, 69
1, 7140, Note_on_c, 0, 54, 0
1, 7140, Note_on_c, 0, 61, 0
1, 7143, Note_on_c, 0, 41, 67
1, 7199, Note_on_c, 0, 53, 0
1, 7199, Note_on_c, 0, 54, 69
1, 7199, Note_on_c, 0, 41, 0
1, 7202, Note_on_c, 0, 42, 67
1, 7258, Note_on_c, 0, 54, 0
1, 7258, Note_on_c, 0, 56, 79
1, 7258, Note_on_c, 0, 42, 0
1, 7261, Note_on_c, 0, 44, 79
1, 7316, Note_on_c, 0, 56, 0
1, 7316, Note_on_c, 0, 54, 67
1, 7316, Note_on_c, 0, 44, 0
1, 7319, Note_on_c, 0, 42, 67
1, 7373, Note_on_c, 0, 54, 0
1, 7373, Note_on_c, 0, 53, 67
1, 7373, Note_on_c, 0, 42, 0
1, 7376, Note_on_c, 0, 41, 67
1, 7432, Note_on_c, 0, 53, 0
1, 7432, Note_on_c, 0, 41, 0
1, 7490, Note_on_c, 0, 54, 73
1, 7490, Note_on_c, 0, 42, 70
1, 7548, Note_on_c, 0, 54, 0
1, 7548, Note_on_c, 0, 53, 63
1, 7548, Note_on_c, 0, 42, 0
1, 7551, Note_on_c, 0, 41, 64
1, 7605, Note_on_c, 0, 53, 0
1, 7605, Note_on_c, 0, 51, 63
1, 7605, Note_on_c, 0, 41, 0
1, 7608, Note_on_c, 0, 39, 64
1, 7664, Note_on_c, 0, 51, 0
1, 7664, Note_on_c, 0, 39, 0
1, 7723, Note_on_c, 0, 53, 69
1, 7723, Note_on_c, 0, 41, 69
1, 7780, Note_on_c, 0, 53, 0
1, 7780, Note_on_c, 0, 51, 61
1, 7780, Note_on_c, 0, 41, 0
1, 7783, Note_on_c, 0, 39, 60
1, 7838, Note_on_c, 0, 51, 0
1, 7838, Note_on_c, 0, 49, 61
1, 7838, Note_on_c, 0, 39, 0
1, 7841, Note_on_c, 0, 37, 60
1, 7896, Note_on_c, 0, 49, 0
1, 7896, Note_on_c, 0, 37, 0
1, 7955, Note_on_c, 0, 51, 66
1, 7955, Note_on_c, 0, 39, 67
1, 8012, Note_on_c, 0, 51, 0
1, 8012, Note_on_c, 0, 49, 59
1, 8012, Note_on_c, 0, 39, 0
1, 8015, Note_on_c, 0, 37, 59
1, 8070, Note_on_c, 0, 49, 0
1, 8070, Note_on_c, 0, 48, 59
1, 8070, Note_on_c, 0, 37, 0
1, 8073, Note_on_c, 0, 36, 59
1, 8127, Note_on_c, 0, 48, 0
1, 8127, Note_on_c, 0, 36, 0
1, 8643, Note_on_c, 0, 51, 45
1, 8643, Note_on_c, 0, 39, 45
1, 8700, Note_on_c, 0, 51, 0
1, 8700, Note_on_c, 0, 49, 40
1, 8700, Note_on_c, 0, 39, 0
1, 8703, Note_on_c, 0, 37, 41
1, 8757, Note_on_c, 0, 49, 0
1, 8757, Note_on_c, 0, 47, 40
1, 8757, Note_on_c, 0, 37, 0
1, 8760, Note_on_c, 0, 35, 41
1, 8815, Note_on_c, 0, 47, 0
1, 8815, Note_on_c, 0, 35, 0
1, 9106, Note_on_c, 0, 46, 73
1, 9106, Note_on_c, 0, 34, 67
1, 9106, Note_on_c, 0, 41, 67
1, 9109, Control_c, 0, 64, 127
1, 9163, Note_on_c, 0, 46, 0
1, 9163, Note_on_c, 0, 53, 67
1, 9221, Note_on_c, 0, 53, 0
1, 9221, Note_on_c, 0, 58, 67
1, 9278, Note_on_c, 0, 58, 0
1, 9278, Note_on_c, 0, 58, 67
1, 9336, Note_on_c, 0, 58, 0
1, 9336, Note_on_c, 0, 65, 72
1, 9394, Note_on_c, 0, 65, 0
1, 9394, Note_on_c, 0, 70, 74
1, 9453, Note_on_c, 0, 70, 0
1, 9453, Note_on_c, 0, 70, 78
1, 9511, Note_on_c, 0, 70, 0
1, 9511, Note_on_c, 0, 77, 81
1, 9570, Note_on_c, 0, 77, 0
1, 9570, Note_on_c, 0, 77, 85
1, 9570, Note_on_c, 0, 70, 85
1, 9573, Note_on_c, 0, 82, 85
1, 9573, Note_on_c, 0, 41, 0
1, 9573, Note_on_c, 0, 34, 0
1, 9576, Note_on_c, 0, 65, 81
1, 9576, Note_on_c, 0, 58, 81
1, 9688, Note_on_c, 0, 82, 0
1, 9688, Note_on_c, 0, 70, 0
1, 9688, Note_on_c, 0, 77, 0
1, 9691, Note_on_c, 0, 58, 0
1, 9691, Note_on_c, 0, 65, 0
1, 9716, Control_c, 0, 64, 0
1, 9924, Note_on_c, 0, 32, 61
1, 9983, Note_on_c, 0, 32, 0
1, 9983, Note_on_c, 0, 34, 61
1, 10042, Note_on_c, 0, 47, 45
1, 10042, Note_on_c, 0, 50, 45
1, 10042, Note_on_c, 0, 53, 45
1, 10045, Note_on_c, 0, 34, 0
1, 10045, Note_on_c, 0, 35, 68
1, 10100, Note_on_c, 0, 35, 0
1, 10100, Note_on_c, 0, 34, 61
1, 10158, Note_on_c, 0, 34, 0
1, 10158, Note_on_c, 0, 32, 61
1, 10216, Note_on_c, 0, 32, 0
1, 10216, Note_on_c, 0, 34, 61
1, 10274, Note_on_c, 0, 34, 0
1, 10274, Note_on_c, 0, 35, 64
1, 10332, Note_on_c, 0, 35, 0
1, 10332, Note_on_c, 0, 34, 61
1, 10390, Note_on_c, 0, 34, 0
1, 10390, Note_on_c, 0, 32, 61
1, 10449, Note_on_c, 0, 32, 0
1, 10449, Note_on_c, 0, 34, 61
1, 10507, Note_on_c, 0, 34, 0
1, 10507, Note_on_c, 0, 35, 73
1, 10565, Note_on_c, 0, 35, 0
1, 10623, Note_on_c, 0, 53, 0
1, 10623, Note_on_c, 0, 50, 0
1, 10623, Note_on_c, 0, 47, 0
1, 10626, Note_on_c, 0, 32, 67
1, 10681, Note_on_c, 0, 32, 0
1, 10740, Note_on_c, 0, 32, 67
1, 10797, Note_on_c, 0, 32, 0
1, 10855, Note_on_c, 0, 50, 42
1, 10855, Note_on_c, 0, 53, 42
1, 10855, Note_on_c, 0, 59, 51
1, 10912, Note_on_c, 0, 59, 0
1, 10912, Note_on_c, 0, 53, 0
1, 10912, Note_on_c, 0, 50, 0
1, 10968, Note_on_c, 0, 50, 46
1, 10968, Note_on_c, 0, 53, 46
1, 10968, Note_on_c, 0, 59, 55
1, 11026, Note_on_c, 0, 59, 0
1, 11026, Note_on_c, 0, 53, 0
1, 11026, Note_on_c, 0, 50, 0
1, 11084, Note_on_c, 0, 50, 42
1, 11084, Note_on_c, 0, 53, 42
1, 11084, Note_on_c, 0, 58, 51
1, 11087, Note_on_c, 0, 46, 52
1, 11141, Note_on_c, 0, 58, 0
1, 11141, Note_on_c, 0, 53, 0
1, 11141, Note_on_c, 0, 50, 0
1, 11144, Note_on_c, 0, 46, 0
1, 11199, Note_on_c, 0, 50, 42
1, 11199, Note_on_c, 0, 53, 42
1, 11199, Note_on_c, 0, 58, 51
1, 11202, Note_on_c, 0, 46, 52
1, 11257, Note_on_c, 0, 58, 0
1, 11257, Note_on_c, 0, 53, 0
1, 11257, Note_on_c, 0, 50, 0
1, 11260, Note_on_c, 0, 46, 0
1, 11315, Note_on_c, 0, 50, 46
1, 11315, Note_on_c, 0, 53, 46
1, 11315, Note_on_c, 0, 57, 55
1, 11318, Note_on_c, 0, 47, 54
1, 11373, Note_on_c, 0, 57, 0
1, 11373, Note_on_c, 0, 53, 0
1, 11373, Note_on_c, 0, 50, 0
1, 11376, Note_on_c, 0, 47, 0
1, 11431, Note_on_c, 0, 50, 49
1, 11431, Note_on_c, 0, 53, 49
1, 11431, Note_on_c, 0, 57, 59
1, 11434, Note_on_c, 0, 47, 56
1, 11490, Note_on_c, 0, 57, 0
1, 11490, Note_on_c, 0, 53, 0
1, 11490, Note_on_c, 0, 50, 0
1, 11493, Note_on_c, 0, 47, 0
1, 11549, Note_on_c, 0, 50, 48
1, 11549, Note_on_c, 0, 53, 48
1, 11549, Note_on_c, 0, 56, 57
1, 11607, Note_on_c, 0, 56, 0
1, 11607, Note_on_c, 0, 53, 0
1, 11607, Note_on_c, 0, 50, 0
1, 11666, Note_on_c, 0, 50, 46
1, 11666, Note_on_c, 0, 53, 46
1, 11666, Note_on_c, 0, 56, 55
1, 11727, Note_on_c, 0, 56, 0
1, 11727, Note_on_c, 0, 53, 0
1, 11727, Note_on_c, 0, 50, 0
1, 11788, Note_on_c, 0, 35, 61
1, 11847, Note_on_c, 0, 35, 0
1, 11847, Note_on_c, 0, 37, 61
1, 11906, Note_on_c, 0, 50, 46
1, 11906, Note_on_c, 0, 53, 46
1, 11906, Note_on_c, 0, 56, 46
1, 11909, Note_on_c, 0, 37, 0
1, 11909, Note_on_c, 0, 38, 68
1, 11963, Note_on_c, 0, 38, 0
1, 11963, Note_on_c, 0, 37, 61
1, 12021, Note_on_c, 0, 37, 0
1, 12021, Note_on_c, 0, 35, 61
1, 12079, Note_on_c, 0, 35, 0
1, 12079, Note_on_c, 0, 37, 61
1, 12137, Note_on_c, 0, 37, 0
1, 12137, Note_on_c, 0, 38, 64
1, 12194, Note_on_c, 0, 38, 0
1, 12194, Note_on_c, 0, 37, 61
1, 12252, Note_on_c, 0, 37, 0
1, 12252, Note_on_c, 0, 35, 61
1, 12311, Note_on_c, 0, 35, 0
1, 12311, Note_on_c, 0, 37, 61
1, 12369, Note_on_c, 0, 37, 0
1, 12369, Note_on_c, 0, 38, 73
1, 12427, Note_on_c, 0, 38, 0
1, 12485, Note_on_c, 0, 56, 0
1, 12485, Note_on_c, 0, 53, 0
1, 12485, Note_on_c, 0, 50, 0
1, 12488, Note_on_c, 0, 35, 67
1, 12542, Note_on_c, 0, 35, 0
1, 12600, Note_on_c, 0, 35, 67
1, 12658, Note_on_c, 0, 35, 0
1, 12716, Note_on_c, 0, 53, 35
1, 12716, Note_on_c, 0, 56, 35
1, 12716, Note_on_c, 0, 62, 59
1, 12772, Note_on_c, 0, 62, 0
1, 12772, Note_on_c, 0, 56, 0
1, 12772, Note_on_c, 0, 53, 0
1, 12829, Note_on_c, 0, 53, 36
1, 12829, Note_on_c, 0, 56, 36
1, 12829, Note_on_c, 0, 62, 60
1, 12886, Note_on_c, 0, 62, 0
1, 12886, Note_on_c, 0, 56, 0
1, 12886, Note_on_c, 0, 53, 0
1, 12943, Note_on_c, 0, 53, 35
1, 12943, Note_on_c, 0, 56, 35
1, 12943, Note_on_c, 0, 61, 59
1, 12946, Note_on_c, 0, 49, 54
1, 13001, Note_on_c, 0, 61, 0
1, 13001, Note_on_c, 0, 56, 0
1, 13001, Note_on_c, 0, 53, 0
1, 13004, Note_on_c, 0, 49, 0
1, 13058, Note_on_c, 0, 53, 35
1, 13058, Note_on_c, 0, 56, 35
1, 13058, Note_on_c, 0, 61, 59
1, 13061, Note_on_c, 0, 49, 54
1, 13115, Note_on_c, 0, 61, 0
1, 13115, Note_on_c, 0, 56, 0
1, 13115, Note_on_c, 0, 53, 0
1, 13118, Note_on_c, 0, 49, 0
1, 13172, Note_on_c, 0, 53, 37
1, 13172, Note_on_c, 0, 56, 37
1, 13172, Note_on_c, 0, 60, 63
1, 13175, Note_on_c, 0, 50, 56
1, 13230, Note_on_c, 0, 60, 0
1, 13230, Note_on_c, 0, 56, 0
1, 13230, Note_on_c, 0, 53, 0
1, 13233, Note_on_c, 0, 50, 0
1, 13288, Note_on_c, 0, 53, 41
1, 13288, Note_on_c, 0, 56, 41
1, 13288, Note_on_c, 0, 60, 70
1, 13291, Note_on_c, 0, 50, 61
1, 13347, Note_on_c, 0, 60, 0
1, 13347, Note_on_c, 0, 56, 0
1, 13347, Note_on_c, 0, 53, 0
1, 13350, Note_on_c, 0, 50, 0
1, 13406, Note_on_c, 0, 53, 39
1, 13406, Note_on_c, 0, 56, 39
1, 13406, Note_on_c, 0, 59, 67
1, 13465, Note_on_c, 0, 59, 0
1, 13465, Note_on_c, 0, 56, 0
1, 13465, Note_on_c, 0, 53, 0
1, 13523, Note_on_c, 0, 53, 38
1, 13523, Note_on_c, 0, 56, 38
1, 13523, Note_on_c, 0, 59, 64
1, 13581, Note_on_c, 0, 59, 0
1, 13581, Note_on_c, 0, 56, 0
1, 13581, Note_on_c, 0, 53, 0
1, 13639, Note_on_c, 0, 56, 35
1, 13639, Note_on_c, 0, 59, 35
1, 13639, Note_on_c, 0, 65, 60
1, 13696, Note_on_c, 0, 65, 0
1, 13696, Note_on_c, 0, 59, 0
1, 13696, Note_on_c, 0, 56, 0
1, 13753, Note_on_c, 0, 56, 37
1, 13753, Note_on_c, 0, 59, 37
1, 13753, Note_on_c, 0, 65, 64
1, 13810, Note_on_c, 0, 65, 0
1, 13810, Note_on_c, 0, 59, 0
1, 13810, Note_on_c, 0, 56, 0
1, 13868, Note_on_c, 0, 56, 35
1, 13868, Note_on_c, 0, 59, 35
1, 13868, Note_on_c, 0, 64, 60
1, 13871, Note_on_c, 0, 52, 58
1, 13926, Note_on_c, 0, 64, 0
1, 13926, Note_on_c, 0, 59, 0
1, 13926, Note_on_c, 0, 56, 0
1, 13929, Note_on_c, 0, 52, 0
1, 13984, Note_on_c, 0, 56, 35
1, 13984, Note_on_c, 0, 59, 35
1, 13984, Note_on_c, 0, 64, 60
1, 13987, Note_on_c, 0, 52, 58
1, 14042, Note_on_c, 0, 64, 0
1, 14042, Note_on_c, 0, 59, 0
1, 14042, Note_on_c, 0, 56, 0
1, 14045, Note_on_c, 0, 52, 0
1, 14100, Note_on_c, 0, 56, 39
1, 14100, Note_on_c, 0, 60, 39
1, 14100, Note_on_c, 0, 63, 66
1, 14103, Note_on_c, 0, 53, 63
1, 14157, Note_on_c, 0, 63, 0
1, 14157, Note_on_c, 0, 60, 0
1, 14157, Note_on_c, 0, 56, 0
1, 14160, Note_on_c, 0, 53, 0
1, 14213, Note_on_c, 0, 56, 44
1, 14213, Note_on_c, 0, 59, 44
1, 14213, Note_on_c, 0, 63, 73
1, 14216, Note_on_c, 0, 53, 67
1, 14271, Note_on_c, 0, 63, 0
1, 14271, Note_on_c, 0, 59, 0
1, 14271, Note_on_c, 0, 56, 0
1, 14274, Note_on_c, 0, 53, 0
1, 14328, Note_on_c, 0, 56, 40
1, 14328, Note_on_c, 0, 59, 40
1, 14328, Note_on_c, 0, 62, 70
1, 14386, Note_on_c, 0, 62, 0
1, 14386, Note_on_c, 0, 59, 0
1, 14386, Note_on_c, 0, 56, 0
1, 14443, Note_on_c, 0, 56, 39
1, 14443, Note_on_c, 0, 59, 39
1, 14443, Note_on_c, 0, 62, 67
1, 14501, Note_on_c, 0, 62, 0
1, 14501, Note_on_c, 0, 59, 0
1, 14501, Note_on_c, 0, 56, 0
1, 14560, Note_on_c, 0, 59, 47
1, 14560, Note_on_c, 0, 62, 47
1, 14560, Note_on_c, 0, 68, 66
1, 14617, Note_on_c, 0, 68, 0
1, 14617, Note_on_c, 0, 62, 0
1, 14617, Note_on_c, 0, 59, 0
1, 14674, Note_on_c, 0, 59, 49
1, 14674, Note_on_c, 0, 62, 49
1, 14674, Note_on_c, 0, 68, 70
1, 14732, Note_on_c, 0, 68, 0
1, 14732, Note_on_c, 0, 62, 0
1, 14732, Note_on_c, 0, 59, 0
1, 14789, Note_on_c, 0, 59, 47
1, 14789, Note_on_c, 0, 62, 47
1, 14789, Note_on_c, 0, 67, 66
1, 14792, Note_on_c, 0, 55, 63
1, 14847, Note_on_c, 0, 67, 0
1, 14847, Note_on_c, 0, 62, 0
1, 14847, Note_on_c, 0, 59, 0
1, 14850, Note_on_c, 0, 55, 0
1, 14905, Note_on_c, 0, 59, 47
1, 14905, Note_on_c, 0, 62, 47
1, 14905, Note_on_c, 0, 67, 66
1, 14908, Note_on_c, 0, 55, 63
1, 14963, Note_on_c, 0, 67, 0
1, 14963, Note_on_c, 0, 62, 0
1, 14963, Note_on_c, 0, 59, 0
1, 14966, Note_on_c, 0, 55, 0
1, 15021, Note_on_c, 0, 59, 51
1, 15021, Note_on_c, 0, 62, 51
1, 15021, Note_on_c, 0, 66, 72
1, 15024, Note_on_c, 0, 56, 68
1, 15077, Note_on_c, 0, 66, 0
1, 15077, Note_on_c, 0, 62, 0
1, 15077, Note_on_c, 0, 59, 0
1, 15080, Note_on_c, 0, 56, 0
1, 15134, Note_on_c, 0, 59, 54
1, 15134, Note_on_c, 0, 62, 54
1, 15134, Note_on_c, 0, 66, 76
1, 15137, Note_on_c, 0, 56, 69
1, 15192, Note_on_c, 0, 66, 0
1, 15192, Note_on_c, 0, 62, 0
1, 15192, Note_on_c, 0, 59, 0
1, 15195, Note_on_c, 0, 56, 0
1, 15249, Note_on_c, 0, 59, 51
1, 15249, Note_on_c, 0, 62, 51
1, 15249, Note_on_c, 0, 65, 72
1, 15306, Note_on_c, 0, 65, 0
1, 15306, Note_on_c, 0, 62, 0
1, 15306, Note_on_c, 0, 59, 0
1, 15363, Note_on_c, 0, 59, 49
1, 15363, Note_on_c, 0, 62, 49
1, 15363, Note_on_c, 0, 65, 69
1, 15421, Note_on_c, 0, 65, 0
1, 15421, Note_on_c, 0, 62, 0
1, 15421, Note_on_c, 0, 59, 0
1, 15480, Note_on_c, 0, 62, 53
1, 15480, Note_on_c, 0, 65, 53
1, 15480, Note_on_c, 0, 71, 75
1, 15537, Note_on_c, 0, 71, 0
1, 15537, Note_on_c, 0, 65, 0
1, 15537, Note_on_c, 0, 62, 0
1, 15594, Note_on_c, 0, 62, 58
1, 15594, Note_on_c, 0, 65, 58
1, 15594, Note_on_c, 0, 71, 81
1, 15651, Note_on_c, 0, 71, 0
1, 15651, Note_on_c, 0, 65, 0
1, 15651, Note_on_c, 0, 62, 0
1, 15708, Note_on_c, 0, 62, 56
1, 15708, Note_on_c, 0, 65, 56
1, 15708, Note_on_c, 0, 70, 79
1, 15711, Note_on_c, 0, 58, 70
1, 15765, Note_on_c, 0, 70, 0
1, 15765, Note_on_c, 0, 65, 0
1, 15765, Note_on_c, 0, 62, 0
1, 15768, Note_on_c, 0, 58, 0
1, 15823, Note_on_c, 0, 62, 54
1, 15823, Note_on_c, 0, 65, 54
1, 15823, Note_on_c, 0, 70, 76
1, 15826, Note_on_c, 0, 58, 76
1, 15881, Note_on_c, 0, 70, 0
1, 15881, Note_on_c, 0, 65, 0
1, 15881, Note_on_c, 0, 62, 0
1, 15884, Note_on_c, 0, 58, 0
1, 15939, Note_on_c, 0, 65, 55
1, 15939, Note_on_c, 0, 68, 55
1, 15939, Note_on_c, 0, 74, 78
1, 15995, Note_on_c, 0, 74, 0
1, 15995, Note_on_c, 0, 68, 0
1, 15995, Note_on_c, 0, 65, 0
1, 16052, Note_on_c, 0, 65, 60
1, 16052, Note_on_c, 0, 68, 60
1, 16052, Note_on_c, 0, 74, 86
1, 16109, Note_on_c, 0, 74, 0
1, 16109, Note_on_c, 0, 68, 0
1, 16109, Note_on_c, 0, 65, 0
1, 16167, Note_on_c, 0, 65, 58
1, 16167, Note_on_c, 0, 68, 58
1, 16167, Note_on_c, 0, 73, 81
1, 16170, Note_on_c, 0, 61, 74
1, 16224, Note_on_c, 0, 73, 0
1, 16224, Note_on_c, 0, 68, 0
1, 16224, Note_on_c, 0, 65, 0
1, 16227, Note_on_c, 0, 61, 0
1, 16281, Note_on_c, 0, 65, 56
1, 16281, Note_on_c, 0, 68, 56
1, 16281, Note_on_c, 0, 73, 79
1, 16284, Note_on_c, 0, 61, 78
1, 16339, Note_on_c, 0, 73, 0
1, 16339, Note_on_c, 0, 68, 0
1, 16339, Note_on_c, 0, 65, 0
1, 16342, Note_on_c, 0, 61, 0
1, 16397, Note_on_c, 0, 68, 57
1, 16397, Note_on_c, 0, 71, 57
1, 16397, Note_on_c, 0, 77, 80
1, 16454, Note_on_c, 0, 77, 0
1, 16454, Note_on_c, 0, 71, 0
1, 16454, Note_on_c, 0, 68, 0
1, 16511, Note_on_c, 0, 68, 62
1, 16511, Note_on_c, 0, 71, 86
1, 16511, Note_on_c, 0, 77, 86
1, 16568, Note_on_c, 0, 77, 0
1, 16568, Note_on_c, 0, 71, 0
1, 16568, Note_on_c, 0, 68, 0
1, 16625, Note_on_c, 0, 68, 60
1, 16625, Note_on_c, 0, 71, 60
1, 16625, Note_on_c, 0, 76, 86
1, 16628, Note_on_c, 0, 64, 76
1, 16683, Note_on_c, 0, 76, 0
1, 16683, Note_on_c, 0, 71, 0
1, 16683, Note_on_c, 0, 68, 0
1, 16686, Note_on_c, 0, 64, 0
1, 16740, Note_on_c, 0, 68, 58
1, 16740, Note_on_c, 0, 71, 58
1, 16740, Note_on_c, 0, 76, 81
1, 16743, Note_on_c, 0, 64, 82
1, 16798, Note_on_c, 0, 76, 0
1, 16798, Note_on_c, 0, 71, 0
1, 16798, Note_on_c, 0, 68, 0
1, 16801, Note_on_c, 0, 64, 0
1, 16856, Note_on_c, 0, 71, 71
1, 16856, Note_on_c, 0, 74, 71
1, 16856, Note_on_c, 0, 80, 85
1, 16916, Note_on_c, 0, 80, 0
1, 16916, Note_on_c, 0, 74, 0
1, 16916, Note_on_c, 0, 71, 0
1, 16976, Note_on_c, 0, 71, 79
1, 16976, Note_on_c, 0, 74, 79
1, 16976, Note_on_c, 0, 80, 94
1, 17034, Note_on_c, 0, 80, 0
1, 17034, Note_on_c, 0, 74, 0
1, 17034, Note_on_c, 0, 71, 0
1, 17093, Note_on_c, 0, 71, 75
1, 17093, Note_on_c, 0, 74, 75
1, 17093, Note_on_c, 0, 79, 89
1, 17096, Note_on_c, 0, 67, 80
1, 17151, Note_on_c, 0, 79, 0
1, 17151, Note_on_c, 0, 74, 0
1, 17151, Note_on_c, 0, 71, 0
1, 17154, Note_on_c, 0, 67, 0
1, 17210, Note_on_c, 0, 71, 72
1, 17210, Note_on_c, 0, 74, 72
1, 17210, Note_on_c, 0, 79, 86
1, 17213, Note_on_c, 0, 67, 85
1, 17272, Note_on_c, 0, 79, 0
1, 17272, Note_on_c, 0, 74, 0
1, 17272, Note_on_c, 0, 71, 0
1, 17275, Note_on_c, 0, 67, 0
1, 17334, Note_on_c, 0, 72, 47
1, 17392, Note_on_c, 0, 72, 0
1, 17392, Note_on_c, 0, 74, 45
1, 17451, Note_on_c, 0, 74, 0
1, 17451, Note_on_c, 0, 79, 49
1, 17451, Note_on_c, 0, 76, 49
1, 17454, Note_on_c, 0, 67, 45
1, 17454, Note_on_c, 0, 60, 45
1, 17509, Note_on_c, 0, 76, 0
1, 17509, Note_on_c, 0, 79, 0
1, 17509, Note_on_c, 0, 74, 45
1, 17512, Note_on_c, 0, 60, 0
1, 17512, Note_on_c, 0, 67, 0
1, 17567, Note_on_c, 0, 74, 0
1, 17567, Note_on_c, 0, 72, 45
1, 17567, Note_on_c, 0, 67, 41
1, 17570, Note_on_c, 0, 60, 41
1, 17625, Note_on_c, 0, 72, 0
1, 17625, Note_on_c, 0, 74, 45
1, 17625, Note_on_c, 0, 60, 0
1, 17628, Note_on_c, 0, 67, 0
1, 17683, Note_on_c, 0, 74, 0
1, 17683, Note_on_c, 0, 76, 47
1, 17683, Note_on_c, 0, 79, 47
1, 17686, Note_on_c, 0, 67, 41
1, 17686, Note_on_c, 0, 60, 41
1, 17740, Note_on_c, 0, 79, 0
1, 17740, Note_on_c, 0, 76, 0
1, 17740, Note_on_c, 0, 74, 45
1, 17743, Note_on_c, 0, 60, 0
1, 17743, Note_on_c, 0, 67, 0
1, 17797, Note_on_c, 0, 74, 0
1, 17797, Note_on_c, 0, 72, 45
1, 17797, Note_on_c, 0, 67, 41
1, 17800, Note_on_c, 0, 60, 41
1, 17855, Note_on_c, 0, 72, 0
1, 17855, Note_on_c, 0, 74, 45
1, 17855, Note_on_c, 0, 60, 0
1, 17858, Note_on_c, 0, 67, 0
1, 17914, Note_on_c, 0, 74, 0
1, 17914, Note_on_c, 0, 79, 49
1, 17914, Note_on_c, 0, 76, 49
1, 17917, Note_on_c, 0, 67, 45
1, 17917, Note_on_c, 0, 60, 45
1, 17972, Note_on_c, 0, 76, 0
1, 17972, Note_on_c, 0, 79, 0
1, 17972, Note_on_c, 0, 60, 0
1, 17975, Note_on_c, 0, 67, 0
1, 18030, Note_on_c, 0, 76, 45
1, 18030, Note_on_c, 0, 72, 45
1, 18030, Note_on_c, 0, 67, 41
1, 18033, Note_on_c, 0, 60, 41
1, 18088, Note_on_c, 0, 72, 0
1, 18088, Note_on_c, 0, 76, 0
1, 18088, Note_on_c, 0, 60, 0
1, 18091, Note_on_c, 0, 67, 0
1, 18146, Note_on_c, 0, 76, 46
1, 18146, Note_on_c, 0, 72, 46
1, 18146, Note_on_c, 0, 67, 41
1, 18149, Note_on_c, 0, 60, 41
1, 18206, Note_on_c, 0, 72, 0
1, 18206, Note_on_c, 0, 76, 0
1, 18206, Note_on_c, 0, 60, 0
1, 18209, Note_on_c, 0, 67, 0
1, 18265, Note_on_c, 0, 79, 45
1, 18265, Note_on_c, 0, 76, 45
1, 18265, Note_on_c, 0, 67, 41
1, 18268, Note_on_c, 0, 60, 41
1, 18324, Note_on_c, 0, 76, 0
1, 18324, Note_on_c, 0, 79, 0
1, 18324, Note_on_c, 0, 60, 0
1, 18327, Note_on_c, 0, 67, 0
1, 18382, Note_on_c, 0, 77, 50
1, 18382, Note_on_c, 0, 81, 50
1, 18382, Note_on_c, 0, 67, 45
1, 18385, Note_on_c, 0, 60, 45
1, 18440, Note_on_c, 0, 81, 0
1, 18440, Note_on_c, 0, 77, 0
1, 18440, Note_on_c, 0, 60, 0
1, 18443, Note_on_c, 0, 67, 0
1, 18498, Note_on_c, 0, 71, 45
1, 18498, Note_on_c, 0, 74, 45
1, 18498, Note_on_c, 0, 67, 40
1, 18501, Note_on_c, 0, 60, 40
1, 18556, Note_on_c, 0, 74, 0
1, 18556, Note_on_c, 0, 71, 0
1, 18556, Note_on_c, 0, 60, 0
1, 18559, Note_on_c, 0, 67, 0
1, 18614, Note_on_c, 0, 71, 46
1, 18614, Note_on_c, 0, 74, 46
1, 18614, Note_on_c, 0, 67, 40
1, 18617, Note_on_c, 0, 60, 40
1, 18673, Note_on_c, 0, 74, 0
1, 18673, Note_on_c, 0, 71, 0
1, 18673, Note_on_c, 0, 60, 0
1, 18676, Note_on_c, 0, 67, 0
1, 18732, Note_on_c, 0, 77, 51
1, 18732, Note_on_c, 0, 81, 51
1, 18732, Note_on_c, 0, 67, 40
1, 18735, Note_on_c, 0, 60, 40
1, 18791, Note_on_c, 0, 81, 0
1, 18791, Note_on_c, 0, 77, 0
1, 18791, Note_on_c, 0, 60, 0
1, 18794, Note_on_c, 0, 67, 0
1, 18849, Note_on_c, 0, 77, 55
1, 18849, Note_on_c, 0, 81, 55
1, 18849, Note_on_c, 0, 67, 45
1, 18852, Note_on_c, 0, 60, 45
1, 18906, Note_on_c, 0, 60, 0
1, 18906, Note_on_c, 0, 67, 0
1, 18964, Note_on_c, 0, 67, 40
1, 18964, Note_on_c, 0, 60, 40
1, 19021, Note_on_c, 0, 60, 0
1, 19021, Note_on_c, 0, 67, 0
1, 19078, Note_on_c, 0, 67, 40
1, 19078, Note_on_c, 0, 60, 40
1, 19135, Note_on_c, 0, 60, 0
1, 19135, Note_on_c, 0, 67, 0
1, 19193, Note_on_c, 0, 81, 0
1, 19193, Note_on_c, 0, 77, 0
1, 19193, Note_on_c, 0, 72, 45
1, 19196, Note_on_c, 0, 60, 40
1, 19196, Note_on_c, 0, 67, 40
1, 19251, Note_on_c, 0, 72, 0
1, 19251, Note_on_c, 0, 74, 45
1, 19251, Note_on_c, 0, 67, 0
1, 19254, Note_on_c, 0, 60, 0
1, 19310, Note_on_c, 0, 74, 0
1, 19310, Note_on_c, 0, 79, 49
1, 19310, Note_on_c, 0, 76, 49
1, 19313, Note_on_c, 0, 67, 45
1, 19313, Note_on_c, 0, 60, 45
1, 19368, Note_on_c, 0, 76, 0
1, 19368, Note_on_c, 0, 79, 0
1, 19368, Note_on_c, 0, 60, 0
1, 19371, Note_on_c, 0, 67, 0
1, 19426, Note_on_c, 0, 76, 45
1, 19426, Note_on_c, 0, 72, 45
1, 19426, Note_on_c, 0, 67, 41
1, 19429, Note_on_c, 0, 60, 41
1, 19484, Note_on_c, 0, 72, 0
1, 19484, Note_on_c, 0, 76, 0
1, 19484, Note_on_c, 0, 60, 0
1, 19487, Note_on_c, 0, 67, 0
1, 19542, Note_on_c, 0, 76, 46
1, 19542, Note_on_c, 0, 72, 46
1, 19542, Note_on_c, 0, 60, 41
1, 19545, Note_on_c, 0, 67, 41
1, 19601, Note_on_c, 0, 72, 0
1, 19601, Note_on_c, 0, 76, 0
1, 19601, Note_on_c, 0, 67, 0
1, 19604, Note_on_c, 0, 60, 0
1, 19661, Note_on_c, 0, 79, 45
1, 19661, Note_on_c, 0, 76, 45
1, 19661, Note_on_c, 0, 67, 41
1, 19664, Note_on_c, 0, 60, 41
1, 19719, Note_on_c, 0, 76, 0
1, 19719, Note_on_c, 0, 79, 0
1, 19719, Note_on_c, 0, 60, 0
1, 19722, Note_on_c, 0, 67, 0
1, 19778, Note_on_c, 0, 77, 50
1, 19778, Note_on_c, 0, 81, 50
1, 19778, Note_on_c, 0, 60, 45
1, 19781, Note_on_c, 0, 67, 45
1, 19836, Note_on_c, 0, 81, 0
1, 19836, Note_on_c, 0, 77, 0
1, 19836, Note_on_c, 0, 67, 0
1, 19839, Note_on_c, 0, 60, 0
1, 19893, Note_on_c, 0, 71, 45
1, 19893, Note_on_c, 0, 74, 45
1, 19893, Note_on_c, 0, 67, 40
1, 19896, Note_on_c, 0, 60, 40
1, 19951, Note_on_c, 0, 74, 0
1, 19951, Note_on_c, 0, 71, 0
1, 19951, Note_on_c, 0, 60, 0
1, 19954, Note_on_c, 0, 67, 0
1, 20009, Note_on_c, 0, 71, 46
1, 20009, Note_on_c, 0, 74, 46
1, 20009, Note_on_c, 0, 67, 40
1, 20012, Note_on_c, 0, 60, 40
1, 20069, Note_on_c, 0, 74, 0
1, 20069, Note_on_c, 0, 71, 0
1, 20069, Note_on_c, 0, 60, 0
1, 20072, Note_on_c, 0, 67, 0
1, 20128, Note_on_c, 0, 77, 51
1, 20128, Note_on_c, 0, 81, 51
1, 20128, Note_on_c, 0, 60, 40
1, 20131, Note_on_c, 0, 67, 40
1, 20186, Note_on_c, 0, 81, 0
1, 20186, Note_on_c, 0, 77, 0
1, 20186, Note_on_c, 0, 67, 0
1, 20189, Note_on_c, 0, 60, 0
1, 20244, Note_on_c, 0, 76, 55
1, 20244, Note_on_c, 0, 79, 55
1, 20244, Note_on_c, 0, 67, 45
1, 20247, Note_on_c, 0, 60, 45
1, 20302, Note_on_c, 0, 79, 0
1, 20302, Note_on_c, 0, 76, 0
1, 20302, Note_on_c, 0, 60, 0
1, 20305, Note_on_c, 0, 67, 0
1, 20359, Note_on_c, 0, 72, 50
1, 20359, Note_on_c, 0, 76, 50
1, 20359, Note_on_c, 0, 67, 40
1, 20362, Note_on_c, 0, 60, 40
1, 20416, Note_on_c, 0, 76, 0
1, 20416, Note_on_c, 0, 72, 0
1, 20416, Note_on_c, 0, 60, 0
1, 20419, Note_on_c, 0, 67, 0
1, 20473, Note_on_c, 0, 77, 58
1, 20473, Note_on_c, 0, 81, 58
1, 20473, Note_on_c, 0, 60, 41
1, 20476, Note_on_c, 0, 67, 41
1, 20530, Note_on_c, 0, 81, 0
1, 20530, Note_on_c, 0, 77, 0
1, 20530, Note_on_c, 0, 67, 0
1, 20533, Note_on_c, 0, 60, 0
1, 20587, Note_on_c, 0, 71, 52
1, 20587, Note_on_c, 0, 74, 52
1, 20587, Note_on_c, 0, 67, 42
1, 20590, Note_on_c, 0, 60, 42
1, 20644, Note_on_c, 0, 74, 0
1, 20644, Note_on_c, 0, 71, 0
1, 20644, Note_on_c, 0, 60, 0
1, 20647, Note_on_c, 0, 67, 0
1, 20701, Note_on_c, 0, 76, 60
1, 20701, Note_on_c, 0, 79, 60
1, 20701, Note_on_c, 0, 67, 47
1, 20704, Note_on_c, 0, 60, 47
1, 20758, Note_on_c, 0, 79, 0
1, 20758, Note_on_c, 0, 76, 0
1, 20758, Note_on_c, 0, 60, 0
1, 20761, Note_on_c, 0, 67, 0
1, 20814, Note_on_c, 0, 72, 54
1, 20814, Note_on_c, 0, 76, 54
1, 20814, Note_on_c, 0, 67, 43
1, 20817, Note_on_c, 0, 60, 43
1, 20871, Note_on_c, 0, 76, 0
1, 20871, Note_on_c, 0, 72, 0
1, 20871, Note_on_c, 0, 60, 0
1, 20874, Note_on_c, 0, 67, 0
1, 20928, Note_on_c, 0, 77, 63
1, 20928, Note_on_c, 0, 81, 63
1, 20928, Note_on_c, 0, 60, 45
1, 20931, Note_on_c, 0, 67, 45
1, 20984, Note_on_c, 0, 81, 0
1, 20984, Note_on_c, 0, 77, 0
1, 20984, Note_on_c, 0, 67, 0
1, 20987, Note_on_c, 0, 60, 0
1, 21041, Note_on_c, 0, 71, 56
1, 21041, Note_on_c, 0, 74, 56
1, 21041, Note_on_c, 0, 67, 45
1, 21044, Note_on_c, 0, 60, 45
1, 21098, Note_on_c, 0, 74, 0
1, 21098, Note_on_c, 0, 71, 0
1, 21098, Note_on_c, 0, 60, 0
1, 21101, Note_on_c, 0, 67, 0
1, 21156, Note_on_c, 0, 76, 64
1, 21156, Note_on_c, 0, 79, 64
1, 21156, Note_on_c, 0, 67, 51
1, 21159, Note_on_c, 0, 60, 51
1, 21213, Note_on_c, 0, 79, 0
1, 21213, Note_on_c, 0, 76, 0
1, 21213, Note_on_c, 0, 60, 0
1, 21216, Note_on_c, 0, 67, 0
1, 21269, Note_on_c, 0, 72, 59
1, 21269, Note_on_c, 0, 76, 59
1, 21269, Note_on_c, 0, 67, 46
1, 21272, Note_on_c, 0, 60, 46
1, 21325, Note_on_c, 0, 76, 0
1, 21325, Note_on_c, 0, 72, 0
1, 21325, Note_on_c, 0, 60, 0
1, 21328, Note_on_c, 0, 67, 0
1, 21381, Note_on_c, 0, 85, 78
1, 21381, Note_on_c, 0, 81, 78
1, 21381, Note_on_c, 0, 71, 63
1, 21384, Note_on_c, 0, 64, 63
1, 21438, Note_on_c, 0, 81, 0
1, 21438, Note_on_c, 0, 85, 0
1, 21438, Note_on_c, 0, 64, 0
1, 21441, Note_on_c, 0, 71, 0
1, 21494, Note_on_c, 0, 75, 72
1, 21494, Note_on_c, 0, 78, 72
1, 21494, Note_on_c, 0, 71, 58
1, 21497, Note_on_c, 0, 64, 58
1, 21550, Note_on_c, 0, 78, 0
1, 21550, Note_on_c, 0, 75, 0
1, 21550, Note_on_c, 0, 64, 0
1, 21553, Note_on_c, 0, 71, 0
1, 21606, Note_on_c, 0, 83, 79
1, 21606, Note_on_c, 0, 80, 79
1, 21606, Note_on_c, 0, 64, 63
1, 21609, Note_on_c, 0, 71, 63
1, 21662, Note_on_c, 0, 80, 0
1, 21662, Note_on_c, 0, 83, 0
1, 21662, Note_on_c, 0, 71, 0
1, 21665, Note_on_c, 0, 64, 0
1, 21718, Note_on_c, 0, 76, 73
1, 21718, Note_on_c, 0, 80, 73
1, 21718, Note_on_c, 0, 64, 58
1, 21721, Note_on_c, 0, 71, 58
1, 21775, Note_on_c, 0, 80, 0
1, 21775, Note_on_c, 0, 76, 0
1, 21775, Note_on_c, 0, 71, 0
1, 21778, Note_on_c, 0, 64, 0
1, 21831, Note_on_c, 0, 85, 79
1, 21831, Note_on_c, 0, 81, 79
1, 21831, Note_on_c, 0, 64, 63
1, 21834, Note_on_c, 0, 71, 63
1, 21887, Note_on_c, 0, 81, 0
1, 21887, Note_on_c, 0, 85, 0
1, 21887, Note_on_c, 0, 71, 0
1, 21890, Note_on_c, 0, 64, 0
1, 21943, Note_on_c, 0, 75, 72
1, 21943, Note_on_c, 0, 78, 72
1, 21943, Note_on_c, 0, 64, 58
1, 21946, Note_on_c, 0, 71, 58
1, 21999, Note_on_c, 0, 78, 0
1, 21999, Note_on_c, 0, 75, 0
1, 21999, Note_on_c, 0, 71, 0
1, 22002, Note_on_c, 0, 64, 0
1, 22055, Note_on_c, 0, 83, 79
1, 22055, Note_on_c, 0, 80, 79
1, 22055, Note_on_c, 0, 64, 63
1, 22058, Note_on_c, 0, 71, 63
1, 22111, Note_on_c, 0, 80, 0
1, 22111, Note_on_c, 0, 83, 0
1, 22111, Note_on_c, 0, 71, 0
1, 22114, Note_on_c, 0, 64, 0
1, 22166, Note_on_c, 0, 76, 76
1, 22166, Note_on_c, 0, 80, 76
1, 22166, Note_on_c, 0, 64, 59
1, 22169, Note_on_c, 0, 71, 59
1, 22222, Note_on_c, 0, 80, 0
1, 22222, Note_on_c, 0, 76, 0
1, 22222, Note_on_c, 0, 71, 0
1, 22225, Note_on_c, 0, 64, 0
1, 22277, Note_on_c, 0, 80, 82
1, 22277, Note_on_c, 0, 83, 82
1, 22277, Note_on_c, 0, 64, 64
1, 22280, Note_on_c, 0, 71, 64
1, 22333, Note_on_c, 0, 83, 0
1, 22333, Note_on_c, 0, 80, 0
1, 22333, Note_on_c, 0, 71, 0
1, 22336, Note_on_c, 0, 64, 0
1, 22388, Note_on_c, 0, 76, 79
1, 22388, Note_on_c, 0, 80, 79
1, 22388, Note_on_c, 0, 64, 61
1, 22391, Note_on_c, 0, 71, 61
1, 22444, Note_on_c, 0, 80, 0
1, 22444, Note_on_c, 0, 76, 0
1, 22444, Note_on_c, 0, 71, 0
1, 22447, Note_on_c, 0, 64, 0
1, 22499, Note_on_c, 0, 83, 87
1, 22499, Note_on_c, 0, 80, 87
1, 22499, Note_on_c, 0, 64, 68
1, 22502, Note_on_c, 0, 71, 68
1, 22554, Note_on_c, 0, 80, 0
1, 22554, Note_on_c, 0, 83, 0
1, 22554, Note_on_c, 0, 71, 0
1, 22557, Note_on_c, 0, 64, 0
1, 22608, Note_on_c, 0, 76, 83
1, 22608, Note_on_c, 0, 80, 83
1, 22608, Note_on_c, 0, 64, 64
1, 22611, Note_on_c, 0, 71, 64
1, 22663, Note_on_c, 0, 80, 0
1, 22663, Note_on_c, 0, 76, 0
1, 22663, Note_on_c, 0, 71, 0
1, 22666, Note_on_c, 0, 64, 0
1, 22717, Note_on_c, 0, 80, 90
1, 22717, Note_on_c, 0, 83, 90
1, 22717, Note_on_c, 0, 64, 72
1, 22720, Note_on_c, 0, 71, 72
1, 22772, Note_on_c, 0, 83, 0
1, 22772, Note_on_c, 0, 80, 0
1, 22772, Note_on_c, 0, 71, 0
1, 22775, Note_on_c, 0, 64, 0
1, 22826, Note_on_c, 0, 76, 87
1, 22826, Note_on_c, 0, 80, 87
1, 22826, Note_on_c, 0, 64, 67
1, 22829, Note_on_c, 0, 71, 67
1, 22884, Note_on_c, 0, 80, 0
1, 22884, Note_on_c, 0, 76, 0
1, 22884, Note_on_c, 0, 71, 0
1, 22887, Note_on_c, 0, 64, 0
1, 22941, Note_on_c, 0, 58, 79
1, 23379, Note_on_c, 0, 58, 0
1, 23379, Note_on_c, 0, 83, 87
1, 23379, Note_on_c, 0, 80, 87
1, 23382, Note_on_c, 0, 64, 68
1, 23382, Note_on_c, 0, 71, 68
1, 23434, Note_on_c, 0, 80, 0
1, 23434, Note_on_c, 0, 83, 0
1, 23434, Note_on_c, 0, 71, 0
1, 23437, Note_on_c, 0, 64, 0
1, 23488, Note_on_c, 0, 76, 83
1, 23488, Note_on_c, 0, 80, 83
1, 23488, Note_on_c, 0, 64, 64
1, 23491, Note_on_c, 0, 71, 64
1, 23543, Note_on_c, 0, 80, 0
1, 23543, Note_on_c, 0, 76, 0
1, 23543, Note_on_c, 0, 71, 0
1, 23546, Note_on_c, 0, 64, 0
1, 23597, Note_on_c, 0, 80, 90
1, 23597, Note_on_c, 0, 83, 90
1, 23597, Note_on_c, 0, 64, 72
1, 23600, Note_on_c, 0, 71, 72
1, 23652, Note_on_c, 0, 83, 0
1, 23652, Note_on_c, 0, 80, 0
1, 23652, Note_on_c, 0, 71, 0
1, 23655, Note_on_c, 0, 64, 0
1, 23706, Note_on_c, 0, 76, 87
1, 23706, Note_on_c, 0, 80, 87
1, 23706, Note_on_c, 0, 64, 67
1, 23709, Note_on_c, 0, 71, 67
1, 23764, Note_on_c, 0, 80, 0
1, 23764, Note_on_c, 0, 76, 0
1, 23764, Note_on_c, 0, 71, 0
1, 23767, Note_on_c, 0, 64, 0
1, 23821, Note_on_c, 0, 58, 76
1, 24259, Note_on_c, 0, 58, 0
1, 24259, Note_on_c, 0, 83, 85
1, 24259, Note_on_c, 0, 80, 85
1, 24262, Note_on_c, 0, 64, 64
1, 24262, Note_on_c, 0, 71, 64
1, 24314, Note_on_c, 0, 80, 0
1, 24314, Note_on_c, 0, 83, 0
1, 24314, Note_on_c, 0, 71, 0
1, 24317, Note_on_c, 0, 64, 0
1, 24368, Note_on_c, 0, 76, 79
1, 24368, Note_on_c, 0, 80, 79
1, 24368, Note_on_c, 0, 64, 61
1, 24371, Note_on_c, 0, 71, 61
1, 24423, Note_on_c, 0, 80, 0
1, 24423, Note_on_c, 0, 76, 0
1, 24423, Note_on_c, 0, 71, 0
1, 24426, Note_on_c, 0, 64, 0
1, 24477, Note_on_c, 0, 80, 85
1, 24477, Note_on_c, 0, 83, 85
1, 24477, Note_on_c, 0, 64, 64
1, 24480, Note_on_c, 0, 71, 64
1, 24532, Note_on_c, 0, 83, 0
1, 24532, Note_on_c, 0, 80, 0
1, 24532, Note_on_c, 0, 71, 0
1, 24535, Note_on_c, 0, 64, 0
1, 24586, Note_on_c, 0, 76, 81
1, 24586, Note_on_c, 0, 80, 81
1, 24586, Note_on_c, 0, 64, 59
1, 24589, Note_on_c, 0, 71, 59
1, 24644, Note_on_c, 0, 80, 0
1, 24644, Note_on_c, 0, 76, 0
1, 24644, Note_on_c, 0, 71, 0
1, 24647, Note_on_c, 0, 64, 0
1, 24701, Note_on_c, 0, 58, 72
1, 24811, Note_on_c, 0, 57, 45
1, 24865, Note_on_c, 0, 57, 0
1, 24920, Note_on_c, 0, 56, 45
1, 24975, Note_on_c, 0, 56, 0
1, 25030, Note_on_c, 0, 55, 45
1, 25085, Note_on_c, 0, 55, 0
1, 25139, Note_on_c, 0, 54, 45
1, 25194, Note_on_c, 0, 54, 0
1, 25249, Note_on_c, 0, 53, 45
1, 25304, Note_on_c, 0, 53, 0
1, 25358, Note_on_c, 0, 52, 45
1, 25413, Note_on_c, 0, 52, 0
1, 25468, Note_on_c, 0, 51, 45
1, 25523, Note_on_c, 0, 51, 0
1, 25687, Note_on_c, 0, 50, 45
1, 25742, Note_on_c, 0, 50, 0
1, 25797, Note_on_c, 0, 49, 45
1, 25852, Note_on_c, 0, 49, 0
1, 25906, Note_on_c, 0, 48, 45
1, 25961, Note_on_c, 0, 48, 0
1, 26016, Note_on_c, 0, 47, 45
1, 26071, Note_on_c, 0, 47, 0
1, 26125, Note_on_c, 0, 46, 45
1, 26180, Note_on_c, 0, 46, 0
1, 26235, Note_on_c, 0, 45, 45
1, 26290, Note_on_c, 0, 45, 0
1, 26345, Note_on_c, 0, 44, 45
1, 26400, Note_on_c, 0, 44, 0
1, 26678, Note_on_c, 0, 43, 41
1, 26789, Note_on_c, 0, 43, 0
1, 27128, Note_on_c, 0, 42, 40
1, 27242, Note_on_c, 0, 42, 0
1, 27591, Note_on_c, 0, 41, 37
1, 27709, Note_on_c, 0, 41, 0
1, 28072, Note_on_c, 0, 40, 36
1, 28194, Note_on_c, 0, 40, 0
1, 28562, Note_on_c, 0, 58, 0
1, 28680, Note_on_c, 0, 63, 45
1, 28738, Note_on_c, 0, 63, 0
1, 28738, Note_on_c, 0, 65, 45
1, 28796, Note_on_c, 0, 65, 0
1, 28796, Note_on_c, 0, 70, 49
1, 28796, Note_on_c, 0, 66, 49
1, 28799, Note_on_c, 0, 39, 45
1, 28855, Note_on_c, 0, 66, 0
1, 28855, Note_on_c, 0, 70, 0
1, 28855, Note_on_c, 0, 65, 45
1, 28858, Note_on_c, 0, 39, 0
1, 28913, Note_on_c, 0, 65, 0
1, 28913, Note_on_c, 0, 63, 45
1, 28913, Note_on_c, 0, 46, 42
1, 28971, Note_on_c, 0, 63, 0
1, 28971, Note_on_c, 0, 65, 45
1, 28971, Note_on_c, 0, 46, 0
1, 29029, Note_on_c, 0, 65, 0
1, 29029, Note_on_c, 0, 66, 47
1, 29029, Note_on_c, 0, 70, 47
1, 29032, Note_on_c, 0, 39, 42
1, 29086, Note_on_c, 0, 70, 0
1, 29086, Note_on_c, 0, 66, 0
1, 29086, Note_on_c, 0, 65, 45
1, 29089, Note_on_c, 0, 39, 0
1, 29143, Note_on_c, 0, 65, 0
1, 29143, Note_on_c, 0, 63, 45
1, 29143, Note_on_c, 0, 34, 42
1, 29201, Note_on_c, 0, 63, 0
1, 29201, Note_on_c, 0, 65, 45
1, 29201, Note_on_c, 0, 34, 0
1, 29260, Note_on_c, 0, 65, 0
1, 29260, Note_on_c, 0, 70, 49
1, 29260, Note_on_c, 0, 66, 49
1, 29263, Note_on_c, 0, 39, 45
1, 29318, Note_on_c, 0, 66, 0
1, 29318, Note_on_c, 0, 70, 0
1, 29318, Note_on_c, 0, 39, 0
1, 29376, Note_on_c, 0, 66, 45
1, 29376, Note_on_c, 0, 63, 45
1, 29376, Note_on_c, 0, 46, 42
1, 29434, Note_on_c, 0, 63, 0
1, 29434, Note_on_c, 0, 66, 0
1, 29434, Note_on_c, 0, 46, 0
1, 29492, Note_on_c, 0, 66, 46
1, 29492, Note_on_c, 0, 63, 46
1, 29492, Note_on_c, 0, 39, 42
1, 29552, Note_on_c, 0, 63, 0
1, 29552, Note_on_c, 0, 66, 0
1, 29552, Note_on_c, 0, 39, 0
1, 29611, Note_on_c, 0, 70, 45
1, 29611, Note_on_c, 0, 66, 45
1, 29611, Note_on_c, 0, 34, 42
1, 29670, Note_on_c, 0, 66, 0
1, 29670, Note_on_c, 0, 70, 0
1, 29670, Note_on_c, 0, 34, 0
1, 29728, Note_on_c, 0, 65, 50
1, 29728, Note_on_c, 0, 69, 50
1, 29728, Note_on_c, 0, 39, 45
1, 29786, Note_on_c, 0, 69, 0
1, 29786, Note_on_c, 0, 65, 0
1, 29786, Note_on_c, 0, 39, 0
1, 29844, Note_on_c, 0, 60, 45
1, 29844, Note_on_c, 0, 65, 45
1, 29844, Note_on_c, 0, 46, 42
1, 29902, Note_on_c, 0, 65, 0
1, 29902, Note_on_c, 0, 60, 0
1, 29902, Note_on_c, 0, 46, 0
1, 29960, Note_on_c, 0, 60, 46
1, 29960, Note_on_c, 0, 65, 46
1, 29960, Note_on_c, 0, 39, 42
1, 30019, Note_on_c, 0, 65, 0
1, 30019, Note_on_c, 0, 60, 0
1, 30019, Note_on_c, 0, 39, 0
1, 30078, Note_on_c, 0, 65, 45
1, 30078, Note_on_c, 0, 69, 45
1, 30078, Note_on_c, 0, 34, 42
1, 30137, Note_on_c, 0, 69, 0
1, 30137, Note_on_c, 0, 65, 0
1, 30137, Note_on_c, 0, 34, 0
1, 30195, Note_on_c, 0, 65, 54
1, 30195, Note_on_c, 0, 69, 54
1, 30195, Note_on_c, 0, 39, 45
1, 30252, Note_on_c, 0, 39, 0
1, 30309, Note_on_c, 0, 46, 41
1, 30367, Note_on_c, 0, 46, 0
1, 30424, Note_on_c, 0, 39, 41
1, 30481, Note_on_c, 0, 39, 0
1, 30539, Note_on_c, 0, 69, 0
1, 30539, Note_on_c, 0, 65, 0
1, 30539, Note_on_c, 0, 68, 46
1, 30542, Note_on_c, 0, 34, 41
1, 30598, Note_on_c, 0, 68, 0
1, 30598, Note_on_c, 0, 70, 49
1, 30598, Note_on_c, 0, 34, 0
1, 30656, Note_on_c, 0, 70, 0
1, 30656, Note_on_c, 0, 71, 54
1, 30656, Note_on_c, 0, 75, 54
1, 30659, Note_on_c, 0, 39, 49
1, 30714, Note_on_c, 0, 75, 0
1, 30714, Note_on_c, 0, 71, 0
1, 30714, Note_on_c, 0, 70, 51
1, 30717, Note_on_c, 0, 39, 0
1, 30772, Note_on_c, 0, 70, 0
1, 30772, Note_on_c, 0, 68, 51
1, 30772, Note_on_c, 0, 46, 45
1, 30830, Note_on_c, 0, 68, 0
1, 30830, Note_on_c, 0, 70, 51
1, 30830, Note_on_c, 0, 46, 0
1, 30888, Note_on_c, 0, 70, 0
1, 30888, Note_on_c, 0, 71, 54
1, 30888, Note_on_c, 0, 75, 54
1, 30891, Note_on_c, 0, 39, 45
1, 30946, Note_on_c, 0, 75, 0
1, 30946, Note_on_c, 0, 71, 0
1, 30946, Note_on_c, 0, 70, 50
1, 30949, Note_on_c, 0, 39, 0
1, 31003, Note_on_c, 0, 70, 0
1, 31003, Note_on_c, 0, 68, 50
1, 31003, Note_on_c, 0, 34, 45
1, 31062, Note_on_c, 0, 68, 0
1, 31062, Note_on_c, 0, 70, 50
1, 31062, Note_on_c, 0, 34, 0
1, 31120, Note_on_c, 0, 70, 0
1, 31120, Note_on_c, 0, 71, 54
1, 31120, Note_on_c, 0, 75, 54
1, 31123, Note_on_c, 0, 39, 49
1, 31179, Note_on_c, 0, 75, 0
1, 31179, Note_on_c, 0, 71, 0
1, 31179, Note_on_c, 0, 39, 0
1, 31237, Note_on_c, 0, 68, 50
1, 31237, Note_on_c, 0, 71, 50
1, 31237, Note_on_c, 0, 46, 45
1, 31295, Note_on_c, 0, 71, 0
1, 31295, Note_on_c, 0, 68, 0
1, 31295, Note_on_c, 0, 46, 0
1, 31353, Note_on_c, 0, 71, 50
1, 31353, Note_on_c, 0, 68, 50
1, 31353, Note_on_c, 0, 39, 45
1, 31413, Note_on_c, 0, 68, 0
1, 31413, Note_on_c, 0, 71, 0
1, 31413, Note_on_c, 0, 39, 0
1, 31473, Note_on_c, 0, 71, 50
1, 31473, Note_on_c, 0, 75, 50
1, 31473, Note_on_c, 0, 34, 45
1, 31531, Note_on_c, 0, 75, 0
1, 31531, Note_on_c, 0, 71, 0
1, 31531, Note_on_c, 0, 34, 0
1, 31590, Note_on_c, 0, 70, 54
1, 31590, Note_on_c, 0, 74, 54
1, 31590, Note_on_c, 0, 39, 49
1, 31648, Note_on_c, 0, 74, 0
1, 31648, Note_on_c, 0, 70, 0
1, 31648, Note_on_c, 0, 39, 0
1, 31706, Note_on_c, 0, 65, 50
1, 31706, Note_on_c, 0, 70, 50
1, 31706, Note_on_c, 0, 46, 45
1, 31764, Note_on_c, 0, 70, 0
1, 31764, Note_on_c, 0, 65, 0
1, 31764, Note_on_c, 0, 46, 0
1, 31822, Note_on_c, 0, 65, 50
1, 31822, Note_on_c, 0, 70, 50
1, 31822, Note_on_c, 0, 39, 45
1, 31882, Note_on_c, 0, 70, 0
1, 31882, Note_on_c, 0, 65, 0
1, 31882, Note_on_c, 0, 39, 0
1, 31941, Note_on_c, 0, 70, 50
1, 31941, Note_on_c, 0, 74, 50
1, 31941, Note_on_c, 0, 34, 45
1, 32000, Note_on_c, 0, 74, 0
1, 32000, Note_on_c, 0, 70, 0
1, 32000, Note_on_c, 0, 34, 0
1, 32058, Note_on_c, 0, 70, 58
1, 32058, Note_on_c, 0, 74, 58
1, 32058, Note_on_c, 0, 39, 49
1, 32115, Note_on_c, 0, 39, 0
1, 32172, Note_on_c, 0, 46, 45
1, 32229, Note_on_c, 0, 74, 0
1, 32229, Note_on_c, 0, 70, 0
1, 32229, Note_on_c, 0, 46, 0
1, 32286, Note_on_c, 0, 39, 45
1, 32342, Note_on_c, 0, 39, 0
1, 32399, Note_on_c, 0, 83, 78
1, 32459, Note_on_c, 0, 83, 0
1, 32459, Note_on_c, 0, 85, 78
1, 32518, Note_on_c, 0, 85, 0
1, 32518, Note_on_c, 0, 87, 90
1, 32518, Note_on_c, 0, 90, 90
1, 32521, Note_on_c, 0, 78, 70
1, 32521, Note_on_c, 0, 71, 70
1, 32575, Note_on_c, 0, 90, 0
1, 32575, Note_on_c, 0, 87, 0
1, 32575, Note_on_c, 0, 85, 77
1, 32632, Note_on_c, 0, 85, 0
1, 32632, Note_on_c, 0, 83, 77
1, 32690, Note_on_c, 0, 83, 0
1, 32690, Note_on_c, 0, 85, 77
1, 32747, Note_on_c, 0, 85, 0
1, 32747, Note_on_c, 0, 90, 81
1, 32747, Note_on_c, 0, 87, 81
1, 32856, Note_on_c, 0, 87, 0
1, 32856, Note_on_c, 0, 90, 0
1, 32866, Note_on_c, 0, 78, 77
1, 32866, Note_on_c, 0, 71, 0
1, 32866, Note_on_c, 0, 78, 0
1, 32925, Note_on_c, 0, 78, 0
1, 32925, Note_on_c, 0, 80, 77
1, 32984, Note_on_c, 0, 80, 0
1, 32984, Note_on_c, 0, 85, 90
1, 32984, Note_on_c, 0, 82, 90
1, 32987, Note_on_c, 0, 66, 70
1, 32987, Note_on_c, 0, 73, 70
1, 33041, Note_on_c, 0, 82, 0
1, 33041, Note_on_c, 0, 85, 0
1, 33041, Note_on_c, 0, 80, 77
1, 33099, Note_on_c, 0, 80, 0
1, 33099, Note_on_c, 0, 78, 74
1, 33156, Note_on_c, 0, 78, 0
1, 33156, Note_on_c, 0, 80, 74
1, 33214, Note_on_c, 0, 80, 0
1, 33214, Note_on_c, 0, 85, 83
1, 33214, Note_on_c, 0, 82, 83
1, 33322, Note_on_c, 0, 82, 0
1, 33322, Note_on_c, 0, 85, 0
1, 33332, Note_on_c, 0, 76, 77
1, 33332, Note_on_c, 0, 73, 0
1, 33332, Note_on_c, 0, 66, 0
1, 33391, Note_on_c, 0, 76, 0
1, 33391, Note_on_c, 0, 78, 77
1, 33449, Note_on_c, 0, 78, 0
1, 33449, Note_on_c, 0, 80, 90
1, 33449, Note_on_c, 0, 83, 90
1, 33452, Note_on_c, 0, 64, 70
1, 33452, Note_on_c, 0, 71, 70
1, 33507, Note_on_c, 0, 83, 0
1, 33507, Note_on_c, 0, 80, 0
1, 33507, Note_on_c, 0, 78, 74
1, 33564, Note_on_c, 0, 78, 0
1, 33564, Note_on_c, 0, 76, 74
1, 33622, Note_on_c, 0, 76, 0
1, 33622, Note_on_c, 0, 78, 74
1, 33679, Note_on_c, 0, 78, 0
1, 33679, Note_on_c, 0, 83, 83
1, 33679, Note_on_c, 0, 80, 83
1, 33788, Note_on_c, 0, 80, 0
1, 33788, Note_on_c, 0, 83, 0
1, 33797, Note_on_c, 0, 71, 78
1, 33797, Note_on_c, 0, 71, 0
1, 33797, Note_on_c, 0, 64, 0
1, 33856, Note_on_c, 0, 71, 0
1, 33856, Note_on_c, 0, 73, 78
1, 33915, Note_on_c, 0, 73, 0
1, 33915, Note_on_c, 0, 78, 91
1, 33915, Note_on_c, 0, 75, 91
1, 33918, Note_on_c, 0, 59, 70
1, 33918, Note_on_c, 0, 66, 70
1, 33973, Note_on_c, 0, 75, 0
1, 33973, Note_on_c, 0, 78, 0
1, 33973, Note_on_c, 0, 73, 74
1, 34030, Note_on_c, 0, 73, 0
1, 34030, Note_on_c, 0, 71, 74
1, 34087, Note_on_c, 0, 71, 0
1, 34087, Note_on_c, 0, 73, 74
1, 34145, Note_on_c, 0, 73, 0
1, 34145, Note_on_c, 0, 78, 81
1, 34145, Note_on_c, 0, 75, 81
1, 34250, Note_on_c, 0, 75, 0
1, 34250, Note_on_c, 0, 78, 0
1, 34260, Note_on_c, 0, 58, 72
1, 34260, Note_on_c, 0, 66, 0
1, 34260, Note_on_c, 0, 59, 0
1, 34263, Note_on_c, 0, 46, 70
1, 34319, Note_on_c, 0, 58, 0
1, 34319, Note_on_c, 0, 59, 72
1, 34319, Note_on_c, 0, 46, 0
1, 34322, Note_on_c, 0, 47, 70
1, 34378, Note_on_c, 0, 59, 0
1, 34378, Note_on_c, 0, 61, 81
1, 34378, Note_on_c, 0, 47, 0
1, 34381, Note_on_c, 0, 49, 81
1, 34435, Note_on_c, 0, 61, 0
1, 34435, Note_on_c, 0, 59, 70
1, 34435, Note_on_c, 0, 49, 0
1, 34438, Note_on_c, 0, 47, 70
1, 34492, Note_on_c, 0, 59, 0
1, 34492, Note_on_c, 0, 58, 70
1, 34492, Note_on_c, 0, 47, 0
1, 34495, Note_on_c, 0, 46, 70
1, 34551, Note_on_c, 0, 58, 0
1, 34551, Note_on_c, 0, 46, 0
1, 34610, Note_on_c, 0, 59, 77
1, 34610, Note_on_c, 0, 47, 73
1, 34667, Note_on_c, 0, 59, 0
1, 34667, Note_on_c, 0, 58, 65
1, 34667, Note_on_c, 0, 47, 0
1, 34670, Note_on_c, 0, 46, 67
1, 34725, Note_on_c, 0, 58, 0
1, 34725, Note_on_c, 0, 56, 65
1, 34725, Note_on_c, 0, 46, 0
1, 34728, Note_on_c, 0, 44, 67
1, 34784, Note_on_c, 0, 56, 0
1, 34784, Note_on_c, 0, 44, 0
1, 34843, Note_on_c, 0, 58, 72
1, 34843, Note_on_c, 0, 46, 72
1, 34900, Note_on_c, 0, 58, 0
1, 34900, Note_on_c, 0, 56, 64
1, 34900, Note_on_c, 0, 46, 0
1, 34903, Note_on_c, 0, 44, 63
1, 34957, Note_on_c, 0, 56, 0
1, 34957, Note_on_c, 0, 54, 64
1, 34957, Note_on_c, 0, 44, 0
1, 34960, Note_on_c, 0, 42, 63
1, 35016, Note_on_c, 0, 54, 0
1, 35016, Note_on_c, 0, 42, 0
1, 35074, Note_on_c, 0, 56, 69
1, 35074, Note_on_c, 0, 44, 70
1, 35132, Note_on_c, 0, 56, 0
1, 35132, Note_on_c, 0, 54, 63
1, 35132, Note_on_c, 0, 44, 0
1, 35135, Note_on_c, 0, 42, 63
1, 35189, Note_on_c, 0, 54, 0
1, 35189, Note_on_c, 0, 53, 63
1, 35189, Note_on_c, 0, 42, 0
1, 35192, Note_on_c, 0, 41, 63
1, 35246, Note_on_c, 0, 53, 0
1, 35246, Note_on_c, 0, 41, 0
1, 35762, Note_on_c, 0, 56, 45
1, 35762, Note_on_c, 0, 44, 45
1, 35820, Note_on_c, 0, 56, 0
1, 35820, Note_on_c, 0, 54, 42
1, 35820, Note_on_c, 0, 44, 0
1, 35823, Note_on_c, 0, 42, 41
1, 35878, Note_on_c, 0, 54, 0
1, 35878, Note_on_c, 0, 52, 42
1, 35878, Note_on_c, 0, 42, 0
1, 35881, Note_on_c, 0, 40, 41
1, 35937, Note_on_c, 0, 52, 0
1, 35937, Note_on_c, 0, 40, 0
1, 36237, Note_on_c, 0, 51, 78
1, 36237, Control_c, 0, 64, 127
1, 36237, Note_on_c, 0, 39, 77
1, 36240, Note_on_c, 0, 46, 77
1, 36294, Note_on_c, 0, 51, 0
1, 36294, Note_on_c, 0, 58, 73
1, 36352, Note_on_c, 0, 58, 0
1, 36352, Note_on_c, 0, 63, 73
1, 36410, Note_on_c, 0, 63, 0
1, 36410, Note_on_c, 0, 63, 73
1, 36468, Note_on_c, 0, 63, 0
1, 36468, Note_on_c, 0, 70, 76
1, 36526, Note_on_c, 0, 70, 0
1, 36526, Note_on_c, 0, 75, 81
1, 36584, Note_on_c, 0, 75, 0
1, 36584, Note_on_c, 0, 75, 85
1, 36643, Note_on_c, 0, 75, 0
1, 36643, Note_on_c, 0, 82, 87
1, 36701, Note_on_c, 0, 82, 0
1, 36701, Note_on_c, 0, 75, 92
1, 36701, Note_on_c, 0, 87, 92
1, 36704, Note_on_c, 0, 82, 92
1, 36704, Note_on_c, 0, 46, 0
1, 36704, Note_on_c, 0, 39, 0
1, 36707, Note_on_c, 0, 70, 92
1, 36707, Note_on_c, 0, 63, 92
1, 36821, Note_on_c, 0, 82, 0
1, 36821, Note_on_c, 0, 87, 0
1, 36821, Note_on_c, 0, 75, 0
1, 36824, Note_on_c, 0, 63, 0
1, 36824, Note_on_c, 0, 70, 0
1, 36849, Control_c, 0, 64, 0
1, 37060, Note_on_c, 0, 32, 61
1, 37119, Note_on_c, 0, 32, 0
1, 37119, Note_on_c, 0, 34, 61
1, 37178, Note_on_c, 0, 47, 45
1, 37178, Note_on_c, 0, 50, 45
1, 37178, Note_on_c, 0, 53, 45
1, 37181, Note_on_c, 0, 34, 0
1, 37181, Note_on_c, 0, 35, 68
1, 37236, Note_on_c, 0, 35, 0
1, 37236, Note_on_c, 0, 34, 61
1, 37294, Note_on_c, 0, 34, 0
1, 37294, Note_on_c, 0, 32, 61
1, 37352, Note_on_c, 0, 32, 0
1, 37352, Note_on_c, 0, 34, 61
1, 37410, Note_on_c, 0, 34, 0
1, 37410, Note_on_c, 0, 35, 64
1, 37468, Note_on_c, 0, 35, 0
1, 37468, Note_on_c, 0, 34, 61
1, 37526, Note_on_c, 0, 34, 0
1, 37526, Note_on_c, 0, 32, 61
1, 37585, Note_on_c, 0, 32, 0
1, 37585, Note_on_c, 0, 34, 61
1, 37643, Note_on_c, 0, 34, 0
1, 37643, Note_on_c, 0, 35, 73
1, 37701, Note_on_c, 0, 35, 0
1, 37759, Note_on_c, 0, 53, 0
1, 37759, Note_on_c, 0, 50, 0
1, 37759, Note_on_c, 0, 47, 0
1, 37762, Note_on_c, 0, 32, 67
1, 37817, Note_on_c, 0, 32, 0
1, 37876, Note_on_c, 0, 32, 67
1, 37934, Note_on_c, 0, 32, 0
1, 37992, Note_on_c, 0, 50, 36
1, 37992, Note_on_c, 0, 53, 36
1, 37992, Note_on_c, 0, 59, 51
1, 38048, Note_on_c, 0, 59, 0
1, 38048, Note_on_c, 0, 53, 0
1, 38048, Note_on_c, 0, 50, 0
1, 38105, Note_on_c, 0, 50, 38
1, 38105, Note_on_c, 0, 53, 38
1, 38105, Note_on_c, 0, 59, 55
1, 38163, Note_on_c, 0, 59, 0
1, 38163, Note_on_c, 0, 53, 0
1, 38163, Note_on_c, 0, 50, 0
1, 38220, Note_on_c, 0, 50, 36
1, 38220, Note_on_c, 0, 53, 36
1, 38220, Note_on_c, 0, 58, 51
1, 38223, Note_on_c, 0, 46, 52
1, 38278, Note_on_c, 0, 58, 0
1, 38278, Note_on_c, 0, 53, 0
1, 38278, Note_on_c, 0, 50, 0
1, 38281, Note_on_c, 0, 46, 0
1, 38336, Note_on_c, 0, 50, 36
1, 38336, Note_on_c, 0, 53, 36
1, 38336, Note_on_c, 0, 58, 51
1, 38339, Note_on_c, 0, 46, 52
1, 38394, Note_on_c, 0, 58, 0
1, 38394, Note_on_c, 0, 53, 0
1, 38394, Note_on_c, 0, 50, 0
1, 38397, Note_on_c, 0, 46, 0
1, 38451, Note_on_c, 0, 50, 38
1, 38451, Note_on_c, 0, 53, 38
1, 38451, Note_on_c, 0, 57, 55
1, 38454, Note_on_c, 0, 47, 54
1, 38509, Note_on_c, 0, 57, 0
1, 38509, Note_on_c, 0, 53, 0
1, 38509, Note_on_c, 0, 50, 0
1, 38512, Note_on_c, 0, 47, 0
1, 38568, Note_on_c, 0, 50, 41
1, 38568, Note_on_c, 0, 53, 41
1, 38568, Note_on_c, 0, 57, 59
1, 38571, Note_on_c, 0, 47, 56
1, 38626, Note_on_c, 0, 57, 0
1, 38626, Note_on_c, 0, 53, 0
1, 38626, Note_on_c, 0, 50, 0
1, 38629, Note_on_c, 0, 47, 0
1, 38685, Note_on_c, 0, 50, 40
1, 38685, Note_on_c, 0, 53, 40
1, 38685, Note_on_c, 0, 56, 57
1, 38744, Note_on_c, 0, 56, 0
1, 38744, Note_on_c, 0, 53, 0
1, 38744, Note_on_c, 0, 50, 0
1, 38803, Note_on_c, 0, 50, 38
1, 38803, Note_on_c, 0, 53, 38
1, 38803, Note_on_c, 0, 56, 55
1, 38864, Note_on_c, 0, 56, 0
1, 38864, Note_on_c, 0, 53, 0
1, 38864, Note_on_c, 0, 50, 0
1, 38925, Note_on_c, 0, 35, 61
1, 38983, Note_on_c, 0, 35, 0
1, 38983, Note_on_c, 0, 37, 61
1, 39042, Note_on_c, 0, 50, 46
1, 39042, Note_on_c, 0, 53, 46
1, 39042, Note_on_c, 0, 56, 46
1, 39045, Note_on_c, 0, 37, 0
1, 39045, Note_on_c, 0, 38, 68
1, 39100, Note_on_c, 0, 38, 0
1, 39100, Note_on_c, 0, 37, 61
1, 39158, Note_on_c, 0, 37, 0
1, 39158, Note_on_c, 0, 35, 61
1, 39216, Note_on_c, 0, 35, 0
1, 39216, Note_on_c, 0, 37, 61
1, 39273, Note_on_c, 0, 37, 0
1, 39273, Note_on_c, 0, 38, 64
1, 39331, Note_on_c, 0, 38, 0
1, 39331, Note_on_c, 0, 37, 61
1, 39389, Note_on_c, 0, 37, 0
1, 39389, Note_on_c, 0, 35, 61
1, 39447, Note_on_c, 0, 35, 0
1, 39447, Note_on_c, 0, 37, 61
1, 39506, Note_on_c, 0, 37, 0
1, 39506, Note_on_c, 0, 38, 73
1, 39563, Note_on_c, 0, 38, 0
1, 39621, Note_on_c, 0, 56, 0
1, 39621, Note_on_c, 0, 53, 0
1, 39621, Note_on_c, 0, 50, 0
1, 39624, Note_on_c, 0, 35, 67
1, 39679, Note_on_c, 0, 35, 0
1, 39737, Note_on_c, 0, 35, 67
1, 39794, Note_on_c, 0, 35, 0
1, 39852, Note_on_c, 0, 53, 49
1, 39852, Note_on_c, 0, 56, 49
1, 39852, Note_on_c, 0, 62, 59
1, 39909, Note_on_c, 0, 62, 0
1, 39909, Note_on_c, 0, 56, 0
1, 39909, Note_on_c, 0, 53, 0
1, 39966, Note_on_c, 0, 53, 50
1, 39966, Note_on_c, 0, 56, 50
1, 39966, Note_on_c, 0, 62, 60
1, 40023, Note_on_c, 0, 62, 0
1, 40023, Note_on_c, 0, 56, 0
1, 40023, Note_on_c, 0, 53, 0
1, 40080, Note_on_c, 0, 53, 49
1, 40080, Note_on_c, 0, 56, 49
1, 40080, Note_on_c, 0, 61, 59
1, 40083, Note_on_c, 0, 49, 54
1, 40137, Note_on_c, 0, 61, 0
1, 40137, Note_on_c, 0, 56, 0
1, 40137, Note_on_c, 0, 53, 0
1, 40140, Note_on_c, 0, 49, 0
1, 40194, Note_on_c, 0, 53, 49
1, 40194, Note_on_c, 0, 56, 49
1, 40194, Note_on_c, 0, 61, 59
1, 40197, Note_on_c, 0, 49, 54
1, 40251, Note_on_c, 0, 61, 0
1, 40251, Note_on_c, 0, 56, 0
1, 40251, Note_on_c, 0, 53, 0
1, 40254, Note_on_c, 0, 49, 0
1, 40309, Note_on_c, 0, 53, 53
1, 40309, Note_on_c, 0, 56, 53
1, 40309, Note_on_c, 0, 60, 63
1, 40312, Note_on_c, 0, 50, 56
1, 40367, Note_on_c, 0, 60, 0
1, 40367, Note_on_c, 0, 56, 0
1, 40367, Note_on_c, 0, 53, 0
1, 40370, Note_on_c, 0, 50, 0
1, 40425, Note_on_c, 0, 53, 59
1, 40425, Note_on_c, 0, 56, 59
1, 40425, Note_on_c, 0, 60, 70
1, 40428, Note_on_c, 0, 50, 61
1, 40484, Note_on_c, 0, 60, 0
1, 40484, Note_on_c, 0, 56, 0
1, 40484, Note_on_c, 0, 53, 0
1, 40487, Note_on_c, 0, 50, 0
1, 40542, Note_on_c, 0, 53, 56
1, 40542, Note_on_c, 0, 56, 56
1, 40542, Note_on_c, 0, 59, 67
1, 40601, Note_on_c, 0, 59, 0
1, 40601, Note_on_c, 0, 56, 0
1, 40601, Note_on_c, 0, 53, 0
1, 40660, Note_on_c, 0, 53, 55
1, 40660, Note_on_c, 0, 56, 55
1, 40660, Note_on_c, 0, 59, 64
1, 40718, Note_on_c, 0, 59, 0
1, 40718, Note_on_c, 0, 56, 0
1, 40718, Note_on_c, 0, 53, 0
1, 40775, Note_on_c, 0, 56, 51
1, 40775, Note_on_c, 0, 59, 51
1, 40775, Note_on_c, 0, 65, 60
1, 40832, Note_on_c, 0, 65, 0
1, 40832, Note_on_c, 0, 59, 0
1, 40832, Note_on_c, 0, 56, 0
1, 40889, Note_on_c, 0, 56, 53
1, 40889, Note_on_c, 0, 59, 53
1, 40889, Note_on_c, 0, 65, 64
1, 40947, Note_on_c, 0, 65, 0
1, 40947, Note_on_c, 0, 59, 0
1, 40947, Note_on_c, 0, 56, 0
1, 41005, Note_on_c, 0, 56, 51
1, 41005, Note_on_c, 0, 59, 51
1, 41005, Note_on_c, 0, 64, 60
1, 41008, Note_on_c, 0, 52, 58
1, 41063, Note_on_c, 0, 64, 0
1, 41063, Note_on_c, 0, 59, 0
1, 41063, Note_on_c, 0, 56, 0
1, 41066, Note_on_c, 0, 52, 0
1, 41121, Note_on_c, 0, 56, 51
1, 41121, Note_on_c, 0, 59, 51
1, 41121, Note_on_c, 0, 64, 60
1, 41124, Note_on_c, 0, 52, 58
1, 41179, Note_on_c, 0, 64, 0
1, 41179, Note_on_c, 0, 59, 0
1, 41179, Note_on_c, 0, 56, 0
1, 41182, Note_on_c, 0, 52, 0
1, 41237, Note_on_c, 0, 56, 55
1, 41237, Note_on_c, 0, 60, 55
1, 41237, Note_on_c, 0, 63, 66
1, 41240, Note_on_c, 0, 53, 63
1, 41293, Note_on_c, 0, 63, 0
1, 41293, Note_on_c, 0, 60, 0
1, 41293, Note_on_c, 0, 56, 0
1, 41296, Note_on_c, 0, 53, 0
1, 41350, Note_on_c, 0, 56, 61
1, 41350, Note_on_c, 0, 59, 61
1, 41350, Note_on_c, 0, 63, 73
1, 41353, Note_on_c, 0, 53, 67
1, 41407, Note_on_c, 0, 63, 0
1, 41407, Note_on_c, 0, 59, 0
1, 41407, Note_on_c, 0, 56, 0
1, 41410, Note_on_c, 0, 53, 0
1, 41465, Note_on_c, 0, 56, 58
1, 41465, Note_on_c, 0, 59, 58
1, 41465, Note_on_c, 0, 62, 70
1, 41522, Note_on_c, 0, 62, 0
1, 41522, Note_on_c, 0, 59, 0
1, 41522, Note_on_c, 0, 56, 0
1, 41580, Note_on_c, 0, 56, 56
1, 41580, Note_on_c, 0, 59, 56
1, 41580, Note_on_c, 0, 62, 67
1, 41638, Note_on_c, 0, 62, 0
1, 41638, Note_on_c, 0, 59, 0
1, 41638, Note_on_c, 0, 56, 0
1, 41696, Note_on_c, 0, 59, 55
1, 41696, Note_on_c, 0, 62, 66
1, 41696, Note_on_c, 0, 68, 66
1, 41754, Note_on_c, 0, 68, 0
1, 41754, Note_on_c, 0, 62, 0
1, 41754, Note_on_c, 0, 59, 0
1, 41811, Note_on_c, 0, 59, 58
1, 41811, Note_on_c, 0, 62, 58
1, 41811, Note_on_c, 0, 68, 70
1, 41868, Note_on_c, 0, 68, 0
1, 41868, Note_on_c, 0, 62, 0
1, 41868, Note_on_c, 0, 59, 0
1, 41926, Note_on_c, 0, 59, 55
1, 41926, Note_on_c, 0, 62, 55
1, 41926, Note_on_c, 0, 67, 66
1, 41929, Note_on_c, 0, 55, 63
1, 41984, Note_on_c, 0, 67, 0
1, 41984, Note_on_c, 0, 62, 0
1, 41984, Note_on_c, 0, 59, 0
1, 41987, Note_on_c, 0, 55, 0
1, 42041, Note_on_c, 0, 59, 55
1, 42041, Note_on_c, 0, 62, 55
1, 42041, Note_on_c, 0, 67, 66
1, 42044, Note_on_c, 0, 55, 63
1, 42099, Note_on_c, 0, 67, 0
1, 42099, Note_on_c, 0, 62, 0
1, 42099, Note_on_c, 0, 59, 0
1, 42102, Note_on_c, 0, 55, 0
1, 42157, Note_on_c, 0, 59, 60
1, 42157, Note_on_c, 0, 62, 60
1, 42157, Note_on_c, 0, 66, 72
1, 42160, Note_on_c, 0, 56, 68
1, 42214, Note_on_c, 0, 66, 0
1, 42214, Note_on_c, 0, 62, 0
1, 42214, Note_on_c, 0, 59, 0
1, 42217, Note_on_c, 0, 56, 0
1, 42271, Note_on_c, 0, 59, 65
1, 42271, Note_on_c, 0, 62, 65
1, 42271, Note_on_c, 0, 66, 76
1, 42274, Note_on_c, 0, 56, 69
1, 42328, Note_on_c, 0, 66, 0
1, 42328, Note_on_c, 0, 62, 0
1, 42328, Note_on_c, 0, 59, 0
1, 42331, Note_on_c, 0, 56, 0
1, 42385, Note_on_c, 0, 59, 60
1, 42385, Note_on_c, 0, 62, 60
1, 42385, Note_on_c, 0, 65, 72
1, 42443, Note_on_c, 0, 65, 0
1, 42443, Note_on_c, 0, 62, 0
1, 42443, Note_on_c, 0, 59, 0
1, 42500, Note_on_c, 0, 59, 58
1, 42500, Note_on_c, 0, 62, 58
1, 42500, Note_on_c, 0, 65, 69
1, 42558, Note_on_c, 0, 65, 0
1, 42558, Note_on_c, 0, 62, 0
1, 42558, Note_on_c, 0, 59, 0
1, 42616, Note_on_c, 0, 62, 53
1, 42616, Note_on_c, 0, 65, 53
1, 42616, Note_on_c, 0, 71, 75
1, 42673, Note_on_c, 0, 71, 0
1, 42673, Note_on_c, 0, 65, 0
1, 42673, Note_on_c, 0, 62, 0
1, 42730, Note_on_c, 0, 62, 58
1, 42730, Note_on_c, 0, 65, 58
1, 42730, Note_on_c, 0, 71, 81
1, 42787, Note_on_c, 0, 71, 0
1, 42787, Note_on_c, 0, 65, 0
1, 42787, Note_on_c, 0, 62, 0
1, 42845, Note_on_c, 0, 62, 56
1, 42845, Note_on_c, 0, 65, 56
1, 42845, Note_on_c, 0, 70, 79
1, 42848, Note_on_c, 0, 58, 70
1, 42902, Note_on_c, 0, 70, 0
1, 42902, Note_on_c, 0, 65, 0
1, 42902, Note_on_c, 0, 62, 0
1, 42905, Note_on_c, 0, 58, 0
1, 42959, Note_on_c, 0, 62, 54
1, 42959, Note_on_c, 0, 65, 54
1, 42959, Note_on_c, 0, 70, 76
1, 42962, Note_on_c, 0, 58, 76
1, 43017, Note_on_c, 0, 70, 0
1, 43017, Note_on_c, 0, 65, 0
1, 43017, Note_on_c, 0, 62, 0
1, 43020, Note_on_c, 0, 58, 0
1, 43075, Note_on_c, 0, 65, 55
1, 43075, Note_on_c, 0, 68, 55
1, 43075, Note_on_c, 0, 74, 78
1, 43132, Note_on_c, 0, 74, 0
1, 43132, Note_on_c, 0, 68, 0
1, 43132, Note_on_c, 0, 65, 0
1, 43189, Note_on_c, 0, 65, 60
1, 43189, Note_on_c, 0, 68, 60
1, 43189, Note_on_c, 0, 74, 86
1, 43246, Note_on_c, 0, 74, 0
1, 43246, Note_on_c, 0, 68, 0
1, 43246, Note_on_c, 0, 65, 0
1, 43303, Note_on_c, 0, 65, 58
1, 43303, Note_on_c, 0, 68, 58
1, 43303, Note_on_c, 0, 73, 81
1, 43306, Note_on_c, 0, 61, 74
1, 43361, Note_on_c, 0, 73, 0
1, 43361, Note_on_c, 0, 68, 0
1, 43361, Note_on_c, 0, 65, 0
1, 43364, Note_on_c, 0, 61, 0
1, 43418, Note_on_c, 0, 65, 56
1, 43418, Note_on_c, 0, 68, 56
1, 43418, Note_on_c, 0, 73, 79
1, 43421, Note_on_c, 0, 61, 78
1, 43476, Note_on_c, 0, 73, 0
1, 43476, Note_on_c, 0, 68, 0
1, 43476, Note_on_c, 0, 65, 0
1, 43479, Note_on_c, 0, 61, 0
1, 43534, Note_on_c, 0, 68, 57
1, 43534, Note_on_c, 0, 71, 57
1, 43534, Note_on_c, 0, 77, 80
1, 43591, Note_on_c, 0, 77, 0
1, 43591, Note_on_c, 0, 71, 0
1, 43591, Note_on_c, 0, 68, 0
1, 43647, Note_on_c, 0, 68, 62
1, 43647, Note_on_c, 0, 71, 62
1, 43647, Note_on_c, 0, 77, 86
1, 43705, Note_on_c, 0, 77, 0
1, 43705, Note_on_c, 0, 71, 0
1, 43705, Note_on_c, 0, 68, 0
1, 43762, Note_on_c, 0, 68, 60
1, 43762, Note_on_c, 0, 71, 60
1, 43762, Note_on_c, 0, 76, 86
1, 43765, Note_on_c, 0, 64, 76
1, 43819, Note_on_c, 0, 76, 0
1, 43819, Note_on_c, 0, 71, 0
1, 43819, Note_on_c, 0, 68, 0
1, 43822, Note_on_c, 0, 64, 0
1, 43877, Note_on_c, 0, 68, 58
1, 43877, Note_on_c, 0, 71, 58
1, 43877, Note_on_c, 0, 76, 81
1, 43880, Note_on_c, 0, 64, 82
1, 43935, Note_on_c, 0, 76, 0
1, 43935, Note_on_c, 0, 71, 0
1, 43935, Note_on_c, 0, 68, 0
1, 43938, Note_on_c, 0, 64, 0
1, 43992, Note_on_c, 0, 71, 71
1, 43992, Note_on_c, 0, 74, 71
1, 43992, Note_on_c, 0, 80, 85
1, 44052, Note_on_c, 0, 80, 0
1, 44052, Note_on_c, 0, 74, 0
1, 44052, Note_on_c, 0, 71, 0
1, 44112, Note_on_c, 0, 71, 79
1, 44112, Note_on_c, 0, 74, 79
1, 44112, Note_on_c, 0, 80, 94
1, 44171, Note_on_c, 0, 80, 0
1, 44171, Note_on_c, 0, 74, 0
1, 44171, Note_on_c, 0, 71, 0
1, 44229, Note_on_c, 0, 71, 75
1, 44229, Note_on_c, 0, 74, 75
1, 44229, Note_on_c, 0, 79, 89
1, 44232, Note_on_c, 0, 67, 80
1, 44288, Note_on_c, 0, 79, 0
1, 44288, Note_on_c, 0, 74, 0
1, 44288, Note_on_c, 0, 71, 0
1, 44291, Note_on_c, 0, 67, 0
1, 44346, Note_on_c, 0, 71, 72
1, 44346, Note_on_c, 0, 74, 72
1, 44346, Note_on_c, 0, 79, 86
1, 44349, Note_on_c, 0, 67, 85
1, 44408, Note_on_c, 0, 79, 0
1, 44408, Note_on_c, 0, 74, 0
1, 44408, Note_on_c, 0, 71, 0
1, 44411, Note_on_c, 0, 67, 0
1, 44470, Note_on_c, 0, 72, 45
1, 44529, Note_on_c, 0, 72, 0
1, 44529, Note_on_c, 0, 74, 45
1, 44587, Note_on_c, 0, 74, 0
1, 44587, Note_on_c, 0, 79, 49
1, 44587, Note_on_c, 0, 76, 49
1, 44590, Note_on_c, 0, 67, 45
1, 44590, Note_on_c, 0, 60, 45
1, 44645, Note_on_c, 0, 76, 0
1, 44645, Note_on_c, 0, 79, 0
1, 44645, Note_on_c, 0, 74, 45
1, 44648, Note_on_c, 0, 60, 0
1, 44648, Note_on_c, 0, 67, 0
1, 44703, Note_on_c, 0, 74, 0
1, 44703, Note_on_c, 0, 72, 45
1, 44703, Note_on_c, 0, 67, 41
1, 44706, Note_on_c, 0, 60, 41
1, 44761, Note_on_c, 0, 72, 0
1, 44761, Note_on_c, 0, 74, 45
1, 44761, Note_on_c, 0, 60, 0
1, 44764, Note_on_c, 0, 67, 0
1, 44819, Note_on_c, 0, 74, 0
1, 44819, Note_on_c, 0, 76, 47
1, 44819, Note_on_c, 0, 79, 47
1, 44822, Note_on_c, 0, 67, 41
1, 44822, Note_on_c, 0, 60, 41
1, 44876, Note_on_c, 0, 79, 0
1, 44876, Note_on_c, 0, 76, 0
1, 44876, Note_on_c, 0, 74, 45
1, 44879, Note_on_c, 0, 60, 0
1, 44879, Note_on_c, 0, 67, 0
1, 44933, Note_on_c, 0, 74, 0
1, 44933, Note_on_c, 0, 72, 45
1, 44933, Note_on_c, 0, 67, 41
1, 44936, Note_on_c, 0, 60, 41
1, 44992, Note_on_c, 0, 72, 0
1, 44992, Note_on_c, 0, 74, 45
1, 44992, Note_on_c, 0, 60, 0
1, 44995, Note_on_c, 0, 67, 0
1, 45051, Note_on_c, 0, 74, 0
1, 45051, Note_on_c, 0, 79, 49
1, 45051, Note_on_c, 0, 76, 49
1, 45054, Note_on_c, 0, 67, 45
1, 45054, Note_on_c, 0, 60, 45
1, 45109, Note_on_c, 0, 76, 0
1, 45109, Note_on_c, 0, 79, 0
1, 45109, Note_on_c, 0, 60, 0
1, 45112, Note_on_c, 0, 67, 0
1, 45167, Note_on_c, 0, 76, 45
1, 45167, Note_on_c, 0, 72, 45
1, 45167, Note_on_c, 0, 67, 41
1, 45170, Note_on_c, 0, 60, 41
1, 45225, Note_on_c, 0, 72, 0
1, 45225, Note_on_c, 0, 76, 0
1, 45225, Note_on_c, 0, 60, 0
1, 45228, Note_on_c, 0, 67, 0
1, 45283, Note_on_c, 0, 76, 46
1, 45283, Note_on_c, 0, 72, 46
1, 45283, Note_on_c, 0, 67, 41
1, 45286, Note_on_c, 0, 60, 41
1, 45342, Note_on_c, 0, 72, 0
1, 45342, Note_on_c, 0, 76, 0
1, 45342, Note_on_c, 0, 60, 0
1, 45345, Note_on_c, 0, 67, 0
1, 45402, Note_on_c, 0, 79, 45
1, 45402, Note_on_c, 0, 76, 45
1, 45402, Note_on_c, 0, 67, 41
1, 45405, Note_on_c, 0, 60, 41
1, 45460, Note_on_c, 0, 76, 0
1, 45460, Note_on_c, 0, 79, 0
1, 45460, Note_on_c, 0, 60, 0
1, 45463, Note_on_c, 0, 67, 0
1, 45519, Note_on_c, 0, 77, 50
1, 45519, Note_on_c, 0, 81, 50
1, 45519, Note_on_c, 0, 67, 45
1, 45522, Note_on_c, 0, 60, 45
1, 45577, Note_on_c, 0, 81, 0
1, 45577, Note_on_c, 0, 77, 0
1, 45577, Note_on_c, 0, 60, 0
1, 45580, Note_on_c, 0, 67, 0
1, 45635, Note_on_c, 0, 71, 45
1, 45635, Note_on_c, 0, 74, 45
1, 45635, Note_on_c, 0, 67, 40
1, 45638, Note_on_c, 0, 60, 40
1, 45692, Note_on_c, 0, 74, 0
1, 45692, Note_on_c, 0, 71, 0
1, 45692, Note_on_c, 0, 60, 0
1, 45695, Note_on_c, 0, 67, 0
1, 45750, Note_on_c, 0, 71, 46
1, 45750, Note_on_c, 0, 74, 46
1, 45750, Note_on_c, 0, 67, 40
1, 45753, Note_on_c, 0, 60, 40
1, 45810, Note_on_c, 0, 74, 0
1, 45810, Note_on_c, 0, 71, 0
1, 45810, Note_on_c, 0, 60, 0
1, 45813, Note_on_c, 0, 67, 0
1, 45869, Note_on_c, 0, 77, 51
1, 45869, Note_on_c, 0, 81, 51
1, 45869, Note_on_c, 0, 67, 40
1, 45872, Note_on_c, 0, 60, 40
1, 45927, Note_on_c, 0, 81, 0
1, 45927, Note_on_c, 0, 77, 0
1, 45927, Note_on_c, 0, 60, 0
1, 45930, Note_on_c, 0, 67, 0
1, 45986, Note_on_c, 0, 77, 55
1, 45986, Note_on_c, 0, 81, 55
1, 45986, Note_on_c, 0, 67, 45
1, 45989, Note_on_c, 0, 60, 45
1, 46043, Note_on_c, 0, 60, 0
1, 46043, Note_on_c, 0, 67, 0
1, 46100, Note_on_c, 0, 67, 40
1, 46100, Note_on_c, 0, 60, 40
1, 46157, Note_on_c, 0, 60, 0
1, 46157, Note_on_c, 0, 67, 0
1, 46215, Note_on_c, 0, 67, 40
1, 46215, Note_on_c, 0, 60, 40
1, 46272, Note_on_c, 0, 60, 0
1, 46272, Note_on_c, 0, 67, 0
1, 46329, Note_on_c, 0, 81, 0
1, 46329, Note_on_c, 0, 77, 0
1, 46329, Note_on_c, 0, 72, 45
1, 46332, Note_on_c, 0, 60, 40
1, 46332, Note_on_c, 0, 67, 40
1, 46388, Note_on_c, 0, 72, 0
1, 46388, Note_on_c, 0, 74, 45
1, 46388, Note_on_c, 0, 67, 0
1, 46391, Note_on_c, 0, 60, 0
1, 46446, Note_on_c, 0, 74, 0
1, 46446, Note_on_c, 0, 79, 49
1, 46446, Note_on_c, 0, 76, 49
1, 46449, Note_on_c, 0, 67, 45
1, 46449, Note_on_c, 0, 60, 45
1, 46504, Note_on_c, 0, 76, 0
1, 46504, Note_on_c, 0, 79, 0
1, 46504, Note_on_c, 0, 60, 0
1, 46507, Note_on_c, 0, 67, 0
1, 46562, Note_on_c, 0, 76, 45
1, 46562, Note_on_c, 0, 72, 45
1, 46562, Note_on_c, 0, 67, 41
1, 46565, Note_on_c, 0, 60, 41
1, 46620, Note_on_c, 0, 72, 0
1, 46620, Note_on_c, 0, 76, 0
1, 46620, Note_on_c, 0, 60, 0
1, 46623, Note_on_c, 0, 67, 0
1, 46678, Note_on_c, 0, 76, 46
1, 46678, Note_on_c, 0, 72, 46
1, 46678, Note_on_c, 0, 60, 41
1, 46681, Note_on_c, 0, 67, 41
1, 46738, Note_on_c, 0, 72, 0
1, 46738, Note_on_c, 0, 76, 0
1, 46738, Note_on_c, 0, 67, 0
1, 46741, Note_on_c, 0, 60, 0
1, 46797, Note_on_c, 0, 79, 45
1, 46797, Note_on_c, 0, 76, 45
1, 46797, Note_on_c, 0, 67, 41
1, 46800, Note_on_c, 0, 60, 41
1, 46856, Note_on_c, 0, 76, 0
1, 46856, Note_on_c, 0, 79, 0
1, 46856, Note_on_c, 0, 60, 0
1, 46859, Note_on_c, 0, 67, 0
1, 46914, Note_on_c, 0, 77, 50
1, 46914, Note_on_c, 0, 81, 50
1, 46914, Note_on_c, 0, 60, 45
1, 46917, Note_on_c, 0, 67, 45
1, 46972, Note_on_c, 0, 81, 0
1, 46972, Note_on_c, 0, 77, 0
1, 46972, Note_on_c, 0, 67, 0
1, 46975, Note_on_c, 0, 60, 0
1, 47030, Note_on_c, 0, 71, 45
1, 47030, Note_on_c, 0, 74, 45
1, 47030, Note_on_c, 0, 67, 40
1, 47033, Note_on_c, 0, 60, 40
1, 47088, Note_on_c, 0, 74, 0
1, 47088, Note_on_c, 0, 71, 0
1, 47088, Note_on_c, 0, 60, 0
1, 47091, Note_on_c, 0, 67, 0
1, 47146, Note_on_c, 0, 71, 46
1, 47146, Note_on_c, 0, 74, 46
1, 47146, Note_on_c, 0, 67, 40
1, 47149, Note_on_c, 0, 60, 40
1, 47205, Note_on_c, 0, 74, 0
1, 47205, Note_on_c, 0, 71, 0
1, 47205, Note_on_c, 0, 60, 0
1, 47208, Note_on_c, 0, 67, 0
1, 47264, Note_on_c, 0, 77, 51
1, 47264, Note_on_c, 0, 81, 51
1, 47264, Note_on_c, 0, 60, 40
1, 47267, Note_on_c, 0, 67, 40
1, 47323, Note_on_c, 0, 81, 0
1, 47323, Note_on_c, 0, 77, 0
1, 47323, Note_on_c, 0, 67, 0
1, 47326, Note_on_c, 0, 60, 0
1, 47381, Note_on_c, 0, 76, 55
1, 47381, Note_on_c, 0, 79, 55
1, 47381, Note_on_c, 0, 67, 45
1, 47384, Note_on_c, 0, 60, 45
1, 47438, Note_on_c, 0, 79, 0
1, 47438, Note_on_c, 0, 76, 0
1, 47438, Note_on_c, 0, 60, 0
1, 47441, Note_on_c, 0, 67, 0
1, 47495, Note_on_c, 0, 72, 50
1, 47495, Note_on_c, 0, 76, 50
1, 47495, Note_on_c, 0, 67, 40
1, 47498, Note_on_c, 0, 60, 40
1, 47553, Note_on_c, 0, 76, 0
1, 47553, Note_on_c, 0, 72, 0
1, 47553, Note_on_c, 0, 60, 0
1, 47556, Note_on_c, 0, 67, 0
1, 47610, Note_on_c, 0, 77, 58
1, 47610, Note_on_c, 0, 81, 58
1, 47610, Note_on_c, 0, 60, 41
1, 47613, Note_on_c, 0, 67, 41
1, 47667, Note_on_c, 0, 81, 0
1, 47667, Note_on_c, 0, 77, 0
1, 47667, Note_on_c, 0, 67, 0
1, 47670, Note_on_c, 0, 60, 0
1, 47724, Note_on_c, 0, 71, 52
1, 47724, Note_on_c, 0, 74, 52
1, 47724, Note_on_c, 0, 67, 42
1, 47727, Note_on_c, 0, 60, 42
1, 47780, Note_on_c, 0, 74, 0
1, 47780, Note_on_c, 0, 71, 0
1, 47780, Note_on_c, 0, 60, 0
1, 47783, Note_on_c, 0, 67, 0
1, 47837, Note_on_c, 0, 76, 60
1, 47837, Note_on_c, 0, 79, 60
1, 47837, Note_on_c, 0, 67, 47
1, 47840, Note_on_c, 0, 60, 47
1, 47894, Note_on_c, 0, 79, 0
1, 47894, Note_on_c, 0, 76, 0
1, 47894, Note_on_c, 0, 60, 0
1, 47897, Note_on_c, 0, 67, 0
1, 47951, Note_on_c, 0, 72, 54
1, 47951, Note_on_c, 0, 76, 54
1, 47951, Note_on_c, 0, 67, 43
1, 47954, Note_on_c, 0, 60, 43
1, 48008, Note_on_c, 0, 76, 0
1, 48008, Note_on_c, 0, 72, 0
1, 48008, Note_on_c, 0, 60, 0
1, 48011, Note_on_c, 0, 67, 0
1, 48064, Note_on_c, 0, 77, 63
1, 48064, Note_on_c, 0, 81, 63
1, 48064, Note_on_c, 0, 60, 45
1, 48067, Note_on_c, 0, 67, 45
1, 48121, Note_on_c, 0, 81, 0
1, 48121, Note_on_c, 0, 77, 0
1, 48121, Note_on_c, 0, 67, 0
1, 48124, Note_on_c, 0, 60, 0
1, 48177, Note_on_c, 0, 71, 56
1, 48177, Note_on_c, 0, 74, 56
1, 48177, Note_on_c, 0, 67, 45
1, 48180, Note_on_c, 0, 60, 45
1, 48235, Note_on_c, 0, 74, 0
1, 48235, Note_on_c, 0, 71, 0
1, 48235, Note_on_c, 0, 60, 0
1, 48238, Note_on_c, 0, 67, 0
1, 48293, Note_on_c, 0, 76, 64
1, 48293, Note_on_c, 0, 79, 64
1, 48293, Note_on_c, 0, 67, 51
1, 48296, Note_on_c, 0, 60, 51
1, 48349, Note_on_c, 0, 79, 0
1, 48349, Note_on_c, 0, 76, 0
1, 48349, Note_on_c, 0, 60, 0
1, 48352, Note_on_c, 0, 67, 0
1, 48405, Note_on_c, 0, 72, 59
1, 48405, Note_on_c, 0, 76, 59
1, 48405, Note_on_c, 0, 67, 46
1, 48408, Note_on_c, 0, 60, 46
1, 48462, Note_on_c, 0, 76, 0
1, 48462, Note_on_c, 0, 72, 0
1, 48462, Note_on_c, 0, 60, 0
1, 48465, Note_on_c, 0, 67, 0
1, 48518, Note_on_c, 0, 85, 78
1, 48518, Note_on_c, 0, 81, 78
1, 48518, Note_on_c, 0, 71, 63
1, 48521, Note_on_c, 0, 64, 63
1, 48574, Note_on_c, 0, 81, 0
1, 48574, Note_on_c, 0, 85, 0
1, 48574, Note_on_c, 0, 64, 0
1, 48577, Note_on_c, 0, 71, 0
1, 48630, Note_on_c, 0, 75, 72
1, 48630, Note_on_c, 0, 78, 72
1, 48630, Note_on_c, 0, 71, 58
1, 48633, Note_on_c, 0, 64, 58
1, 48687, Note_on_c, 0, 78, 0
1, 48687, Note_on_c, 0, 75, 0
1, 48687, Note_on_c, 0, 64, 0
1, 48690, Note_on_c, 0, 71, 0
1, 48743, Note_on_c, 0, 83, 79
1, 48743, Note_on_c, 0, 80, 79
1, 48743, Note_on_c, 0, 64, 63
1, 48746, Note_on_c, 0, 71, 63
1, 48799, Note_on_c, 0, 80, 0
1, 48799, Note_on_c, 0, 83, 0
1, 48799, Note_on_c, 0, 71, 0
1, 48802, Note_on_c, 0, 64, 0
1, 48855, Note_on_c, 0, 76, 73
1, 48855, Note_on_c, 0, 80, 73
1, 48855, Note_on_c, 0, 64, 58
1, 48858, Note_on_c, 0, 71, 58
1, 48911, Note_on_c, 0, 80, 0
1, 48911, Note_on_c, 0, 76, 0
1, 48911, Note_on_c, 0, 71, 0
1, 48914, Note_on_c, 0, 64, 0
1, 48967, Note_on_c, 0, 85, 79
1, 48967, Note_on_c, 0, 81, 79
1, 48967, Note_on_c, 0, 64, 63
1, 48970, Note_on_c, 0, 71, 63
1, 49023, Note_on_c, 0, 81, 0
1, 49023, Note_on_c, 0, 85, 0
1, 49023, Note_on_c, 0, 71, 0
1, 49026, Note_on_c, 0, 64, 0
1, 49080, Note_on_c, 0, 75, 72
1, 49080, Note_on_c, 0, 78, 72
1, 49080, Note_on_c, 0, 64, 58
1, 49083, Note_on_c, 0, 71, 58
1, 49136, Note_on_c, 0, 78, 0
1, 49136, Note_on_c, 0, 75, 0
1, 49136, Note_on_c, 0, 71, 0
1, 49139, Note_on_c, 0, 64, 0
1, 49192, Note_on_c, 0, 83, 79
1, 49192, Note_on_c, 0, 80, 79
1, 49192, Note_on_c, 0, 64, 63
1, 49195, Note_on_c, 0, 71, 63
1, 49247, Note_on_c, 0, 80, 0
1, 49247, Note_on_c, 0, 83, 0
1, 49247, Note_on_c, 0, 71, 0
1, 49250, Note_on_c, 0, 64, 0
1, 49303, Note_on_c, 0, 76, 76
1, 49303, Note_on_c, 0, 80, 76
1, 49303, Note_on_c, 0, 64, 59
1, 49306, Note_on_c, 0, 71, 59
1, 49358, Note_on_c, 0, 80, 0
1, 49358, Note_on_c, 0, 76, 0
1, 49358, Note_on_c, 0, 71, 0
1, 49361, Note_on_c, 0, 64, 0
1, 49414, Note_on_c, 0, 80, 82
1, 49414, Note_on_c, 0, 83, 82
1, 49414, Note_on_c, 0, 64, 64
1, 49417, Note_on_c, 0, 71, 64
1, 49469, Note_on_c, 0, 83, 0
1, 49469, Note_on_c, 0, 80, 0
1, 49469, Note_on_c, 0, 71, 0
1, 49472, Note_on_c, 0, 64, 0
1, 49525, Note_on_c, 0, 76, 79
1, 49525, Note_on_c, 0, 80, 79
1, 49525, Note_on_c, 0, 64, 61
1, 49528, Note_on_c, 0, 71, 61
1, 49580, Note_on_c, 0, 80, 0
1, 49580, Note_on_c, 0, 76, 0
1, 49580, Note_on_c, 0, 71, 0
1, 49583, Note_on_c, 0, 64, 0
1, 49636, Note_on_c, 0, 83, 87
1, 49636, Note_on_c, 0, 80, 87
1, 49636, Note_on_c, 0, 64, 68
1, 49639, Note_on_c, 0, 71, 68
1, 49690, Note_on_c, 0, 80, 0
1, 49690, Note_on_c, 0, 83, 0
1, 49690, Note_on_c, 0, 71, 0
1, 49693, Note_on_c, 0, 64, 0
1, 49745, Note_on_c, 0, 76, 83
1, 49745, Note_on_c, 0, 80, 83
1, 49745, Note_on_c, 0, 64, 64
1, 49748, Note_on_c, 0, 71, 64
1, 49799, Note_on_c, 0, 80, 0
1, 49799, Note_on_c, 0, 76, 0
1, 49799, Note_on_c, 0, 71, 0
1, 49802, Note_on_c, 0, 64, 0
1, 49854, Note_on_c, 0, 80, 90
1, 49854, Note_on_c, 0, 83, 90
1, 49854, Note_on_c, 0, 64, 72
1, 49857, Note_on_c, 0, 71, 72
1, 49908, Note_on_c, 0, 83, 0
1, 49908, Note_on_c, 0, 80, 0
1, 49908, Note_on_c, 0, 71, 0
1, 49911, Note_on_c, 0, 64, 0
1, 49963, Note_on_c, 0, 76, 87
1, 49963, Note_on_c, 0, 80, 87
1, 49963, Note_on_c, 0, 64, 67
1, 49966, Note_on_c, 0, 71, 67
1, 50020, Note_on_c, 0, 80, 0
1, 50020, Note_on_c, 0, 76, 0
1, 50020, Note_on_c, 0, 71, 0
1, 50023, Note_on_c, 0, 64, 0
1, 50077, Note_on_c, 0, 58, 79
1, 50516, Note_on_c, 0, 58, 0
1, 50516, Note_on_c, 0, 83, 87
1, 50516, Note_on_c, 0, 80, 87
1, 50519, Note_on_c, 0, 64, 68
1, 50519, Note_on_c, 0, 71, 68
1, 50570, Note_on_c, 0, 80, 0
1, 50570, Note_on_c, 0, 83, 0
1, 50570, Note_on_c, 0, 71, 0
1, 50573, Note_on_c, 0, 64, 0
1, 50625, Note_on_c, 0, 76, 83
1, 50625, Note_on_c, 0, 80, 83
1, 50625, Note_on_c, 0, 64, 64
1, 50628, Note_on_c, 0, 71, 64
1, 50679, Note_on_c, 0, 80, 0
1, 50679, Note_on_c, 0, 76, 0
1, 50679, Note_on_c, 0, 71, 0
1, 50682, Note_on_c, 0, 64, 0
1, 50734, Note_on_c, 0, 80, 90
1, 50734, Note_on_c, 0, 83, 90
1, 50734, Note_on_c, 0, 64, 72
1, 50737, Note_on_c, 0, 71, 72
1, 50788, Note_on_c, 0, 83, 0
1, 50788, Note_on_c, 0, 80, 0
1, 50788, Note_on_c, 0, 71, 0
1, 50791, Note_on_c, 0, 64, 0
1, 50843, Note_on_c, 0, 76, 87
1, 50843, Note_on_c, 0, 80, 87
1, 50843, Note_on_c, 0, 64, 67
1, 50846, Note_on_c, 0, 71, 67
1, 50900, Note_on_c, 0, 80, 0
1, 50900, Note_on_c, 0, 76, 0
1, 50900, Note_on_c, 0, 71, 0
1, 50903, Note_on_c, 0, 64, 0
1, 50958, Note_on_c, 0, 58, 76
1, 51396, Note_on_c, 0, 58, 0
1, 51396, Note_on_c, 0, 83, 85
1, 51396, Note_on_c, 0, 80, 85
1, 51399, Note_on_c, 0, 64, 64
1, 51399, Note_on_c, 0, 71, 64
1, 51450, Note_on_c, 0, 80, 0
1, 51450, Note_on_c, 0, 83, 0
1, 51450, Note_on_c, 0, 71, 0
1, 51453, Note_on_c, 0, 64, 0
1, 51505, Note_on_c, 0, 76, 79
1, 51505, Note_on_c, 0, 80, 79
1, 51505, Note_on_c, 0, 64, 61
1, 51508, Note_on_c, 0, 71, 61
1, 51559, Note_on_c, 0, 80, 0
1, 51559, Note_on_c, 0, 76, 0
1, 51559, Note_on_c, 0, 71, 0
1, 51562, Note_on_c, 0, 64, 0
1, 51614, Note_on_c, 0, 80, 85
1, 51614, Note_on_c, 0, 83, 85
1, 51614, Note_on_c, 0, 64, 64
1, 51617, Note_on_c, 0, 71, 64
1, 51668, Note_on_c, 0, 83, 0
1, 51668, Note_on_c, 0, 80, 0
1, 51668, Note_on_c, 0, 71, 0
1, 51671, Note_on_c, 0, 64, 0
1, 51723, Note_on_c, 0, 76, 81
1, 51723, Note_on_c, 0, 80, 81
1, 51723, Note_on_c, 0, 64, 59
1, 51726, Note_on_c, 0, 71, 59
1, 51780, Note_on_c, 0, 80, 0
1, 51780, Note_on_c, 0, 76, 0
1, 51780, Note_on_c, 0, 71, 0
1, 51783, Note_on_c, 0, 64, 0
1, 51838, Note_on_c, 0, 58, 72
1, 51947, Note_on_c, 0, 57, 45
1, 52002, Note_on_c, 0, 57, 0
1, 52057, Note_on_c, 0, 56, 45
1, 52112, Note_on_c, 0, 56, 0
1, 52166, Note_on_c, 0, 55, 45
1, 52221, Note_on_c, 0, 55, 0
1, 52276, Note_on_c, 0, 54, 45
1, 52331, Note_on_c, 0, 54, 0
1, 52386, Note_on_c, 0, 53, 45
1, 52440, Note_on_c, 0, 53, 0
1, 52495, Note_on_c, 0, 52, 45
1, 52550, Note_on_c, 0, 52, 0
1, 52605, Note_on_c, 0, 51, 45
1, 52659, Note_on_c, 0, 51, 0
1, 52824, Note_on_c, 0, 50, 45
1, 52879, Note_on_c, 0, 50, 0
1, 52933, Note_on_c, 0, 49, 45
1, 52988, Note_on_c, 0, 49, 0
1, 53043, Note_on_c, 0, 48, 45
1, 53098, Note_on_c, 0, 48, 0
1, 53153, Note_on_c, 0, 47, 45
1, 53207, Note_on_c, 0, 47, 0
1, 53262, Note_on_c, 0, 46, 45
1, 53317, Note_on_c, 0, 46, 0
1, 53372, Note_on_c, 0, 45, 45
1, 53427, Note_on_c, 0, 45, 0
1, 53482, Note_on_c, 0, 44, 45
1, 53537, Note_on_c, 0, 44, 0
1, 53814, Note_on_c, 0, 43, 41
1, 53926, Note_on_c, 0, 43, 0
1, 54264, Note_on_c, 0, 42, 40
1, 54379, Note_on_c, 0, 42, 0
1, 54727, Note_on_c, 0, 41, 37
1, 54845, Note_on_c, 0, 41, 0
1, 55209, Note_on_c, 0, 40, 36
1, 55331, Note_on_c, 0, 40, 0
1, 55698, Note_on_c, 0, 58, 0
1, 55816, Note_on_c, 0, 63, 45
1, 55875, Note_on_c, 0, 63, 0
1, 55875, Note_on_c, 0, 65, 45
1, 55933, Note_on_c, 0, 65, 0
1, 55933, Note_on_c, 0, 70, 49
1, 55933, Note_on_c, 0, 66, 49
1, 55936, Note_on_c, 0, 39, 45
1, 55991, Note_on_c, 0, 66, 0
1, 55991, Note_on_c, 0, 70, 0
1, 55991, Note_on_c, 0, 65, 45
1, 55994, Note_on_c, 0, 39, 0
1, 56049, Note_on_c, 0, 65, 0
1, 56049, Note_on_c, 0, 63, 45
1, 56049, Note_on_c, 0, 46, 42
1, 56107, Note_on_c, 0, 63, 0
1, 56107, Note_on_c, 0, 65, 45
1, 56107, Note_on_c, 0, 46, 0
1, 56165, Note_on_c, 0, 65, 0
1, 56165, Note_on_c, 0, 66, 47
1, 56165, Note_on_c, 0, 70, 47
1, 56168, Note_on_c, 0, 39, 42
1, 56222, Note_on_c, 0, 70, 0
1, 56222, Note_on_c, 0, 66, 0
1, 56222, Note_on_c, 0, 65, 45
1, 56225, Note_on_c, 0, 39, 0
1, 56279, Note_on_c, 0, 65, 0
1, 56279, Note_on_c, 0, 63, 45
1, 56279, Note_on_c, 0, 34, 42
1, 56338, Note_on_c, 0, 63, 0
1, 56338, Note_on_c, 0, 65, 45
1, 56338, Note_on_c, 0, 34, 0
1, 56397, Note_on_c, 0, 65, 0
1, 56397, Note_on_c, 0, 70, 49
1, 56397, Note_on_c, 0, 66, 49
1, 56400, Note_on_c, 0, 39, 45
1, 56455, Note_on_c, 0, 66, 0
1, 56455, Note_on_c, 0, 70, 0
1, 56455, Note_on_c, 0, 39, 0
1, 56513, Note_on_c, 0, 66, 45
1, 56513, Note_on_c, 0, 63, 45
1, 56513, Note_on_c, 0, 46, 42
1, 56571, Note_on_c, 0, 63, 0
1, 56571, Note_on_c, 0, 66, 0
1, 56571, Note_on_c, 0, 46, 0
1, 56629, Note_on_c, 0, 66, 46
1, 56629, Note_on_c, 0, 63, 46
1, 56629, Note_on_c, 0, 39, 42
1, 56688, Note_on_c, 0, 63, 0
1, 56688, Note_on_c, 0, 66, 0
1, 56688, Note_on_c, 0, 39, 0
1, 56748, Note_on_c, 0, 70, 45
1, 56748, Note_on_c, 0, 66, 45
1, 56748, Note_on_c, 0, 34, 42
1, 56806, Note_on_c, 0, 66, 0
1, 56806, Note_on_c, 0, 70, 0
1, 56806, Note_on_c, 0, 34, 0
1, 56865, Note_on_c, 0, 65, 50
1, 56865, Note_on_c, 0, 69, 50
1, 56865, Note_on_c, 0, 39, 45
1, 56923, Note_on_c, 0, 69, 0
1, 56923, Note_on_c, 0, 65, 0
1, 56923, Note_on_c, 0, 39, 0
1, 56980, Note_on_c, 0, 60, 45
1, 56980, Note_on_c, 0, 65, 45
1, 56980, Note_on_c, 0, 46, 42
1, 57038, Note_on_c, 0, 65, 0
1, 57038, Note_on_c, 0, 60, 0
1, 57038, Note_on_c, 0, 46, 0
1, 57096, Note_on_c, 0, 60, 46
1, 57096, Note_on_c, 0, 65, 46
1, 57096, Note_on_c, 0, 39, 42
1, 57156, Note_on_c, 0, 65, 0
1, 57156, Note_on_c, 0, 60, 0
1, 57156, Note_on_c, 0, 39, 0
1, 57215, Note_on_c, 0, 65, 45
1, 57215, Note_on_c, 0, 69, 45
1, 57215, Note_on_c, 0, 34, 42
1, 57273, Note_on_c, 0, 69, 0
1, 57273, Note_on_c, 0, 65, 0
1, 57273, Note_on_c, 0, 34, 0
1, 57331, Note_on_c, 0, 65, 54
1, 57331, Note_on_c, 0, 69, 54
1, 57331, Note_on_c, 0, 39, 45
1, 57389, Note_on_c, 0, 39, 0
1, 57446, Note_on_c, 0, 46, 41
1, 57503, Note_on_c, 0, 46, 0
1, 57561, Note_on_c, 0, 39, 41
1, 57618, Note_on_c, 0, 39, 0
1, 57675, Note_on_c, 0, 69, 0
1, 57675, Note_on_c, 0, 65, 0
1, 57675, Note_on_c, 0, 68, 46
1, 57678, Note_on_c, 0, 34, 41
1, 57734, Note_on_c, 0, 68, 0
1, 57734, Note_on_c, 0, 70, 49
1, 57734, Note_on_c, 0, 34, 0
1, 57793, Note_on_c, 0, 70, 0
1, 57793, Note_on_c, 0, 71, 54
1, 57793, Note_on_c, 0, 75, 54
1, 57796, Note_on_c, 0, 39, 49
1, 57851, Note_on_c, 0, 75, 0
1, 57851, Note_on_c, 0, 71, 0
1, 57851, Note_on_c, 0, 70, 51
1, 57854, Note_on_c, 0, 39, 0
1, 57909, Note_on_c, 0, 70, 0
1, 57909, Note_on_c, 0, 68, 51
1, 57909, Note_on_c, 0, 46, 45
1, 57967, Note_on_c, 0, 68, 0
1, 57967, Note_on_c, 0, 70, 51
1, 57967, Note_on_c, 0, 46, 0
1, 58025, Note_on_c, 0, 70, 0
1, 58025, Note_on_c, 0, 71, 54
1, 58025, Note_on_c, 0, 75, 54
1, 58028, Note_on_c, 0, 39, 45
1, 58082, Note_on_c, 0, 75, 0
1, 58082, Note_on_c, 0, 71, 0
1, 58082, Note_on_c, 0, 70, 50
1, 58085, Note_on_c, 0, 39, 0
1, 58139, Note_on_c, 0, 70, 0
1, 58139, Note_on_c, 0, 68, 50
1, 58139, Note_on_c, 0, 34, 45
1, 58198, Note_on_c, 0, 68, 0
1, 58198, Note_on_c, 0, 70, 50
1, 58198, Note_on_c, 0, 34, 0
1, 58257, Note_on_c, 0, 70, 0
1, 58257, Note_on_c, 0, 71, 54
1, 58257, Note_on_c, 0, 75, 54
1, 58260, Note_on_c, 0, 39, 49
1, 58315, Note_on_c, 0, 75, 0
1, 58315, Note_on_c, 0, 71, 0
1, 58315, Note_on_c, 0, 39, 0
1, 58373, Note_on_c, 0, 68, 50
1, 58373, Note_on_c, 0, 71, 50
1, 58373, Note_on_c, 0, 46, 45
1, 58432, Note_on_c, 0, 71, 0
1, 58432, Note_on_c, 0, 68, 0
1, 58432, Note_on_c, 0, 46, 0
1, 58490, Note_on_c, 0, 71, 50
1, 58490, Note_on_c, 0, 68, 50
1, 58490, Note_on_c, 0, 39, 45
1, 58550, Note_on_c, 0, 68, 0
1, 58550, Note_on_c, 0, 71, 0
1, 58550, Note_on_c, 0, 39, 0
1, 58609, Note_on_c, 0, 71, 50
1, 58609, Note_on_c, 0, 75, 50
1, 58609, Note_on_c, 0, 34, 45
1, 58668, Note_on_c, 0, 75, 0
1, 58668, Note_on_c, 0, 71, 0
1, 58668, Note_on_c, 0, 34, 0
1, 58727, Note_on_c, 0, 70, 54
1, 58727, Note_on_c, 0, 74, 54
1, 58727, Note_on_c, 0, 39, 49
1, 58785, Note_on_c, 0, 74, 0
1, 58785, Note_on_c, 0, 70, 0
1, 58785, Note_on_c, 0, 39, 0
1, 58843, Note_on_c, 0, 65, 50
1, 58843, Note_on_c, 0, 70, 50
1, 58843, Note_on_c, 0, 46, 45
1, 58901, Note_on_c, 0, 70, 0
1, 58901, Note_on_c, 0, 65, 0
1, 58901, Note_on_c, 0, 46, 0
1, 58959, Note_on_c, 0, 65, 50
1, 58959, Note_on_c, 0, 70, 50
1, 58959, Note_on_c, 0, 39, 45
1, 59018, Note_on_c, 0, 70, 0
1, 59018, Note_on_c, 0, 65, 0
1, 59018, Note_on_c, 0, 39, 0
1, 59078, Note_on_c, 0, 70, 50
1, 59078, Note_on_c, 0, 74, 50
1, 59078, Note_on_c, 0, 34, 45
1, 59136, Note_on_c, 0, 74, 0
1, 59136, Note_on_c, 0, 70, 0
1, 59136, Note_on_c, 0, 34, 0
1, 59195, Note_on_c, 0, 70, 58
1, 59195, Note_on_c, 0, 74, 58
1, 59195, Note_on_c, 0, 39, 49
1, 59252, Note_on_c, 0, 39, 0
1, 59308, Note_on_c, 0, 46, 45
1, 59365, Note_on_c, 0, 74, 0
1, 59365, Note_on_c, 0, 70, 0
1, 59365, Note_on_c, 0, 46, 0
1, 59422, Note_on_c, 0, 39, 45
1, 59479, Note_on_c, 0, 39, 0
1, 59536, Note_on_c, 0, 83, 78
1, 59595, Note_on_c, 0, 83, 0
1, 59595, Note_on_c, 0, 85, 78
1, 59654, Note_on_c, 0, 85, 0
1, 59654, Note_on_c, 0, 87, 90
1, 59654, Note_on_c, 0, 90, 90
1, 59657, Note_on_c, 0, 78, 70
1, 59657, Note_on_c, 0, 71, 70
1, 59712, Note_on_c, 0, 90, 0
1, 59712, Note_on_c, 0, 87, 0
1, 59712, Note_on_c, 0, 85, 77
1, 59769, Note_on_c, 0, 85, 0
1, 59769, Note_on_c, 0, 83, 77
1, 59826, Note_on_c, 0, 83, 0
1, 59826, Note_on_c, 0, 85, 77
1, 59884, Note_on_c, 0, 85, 0
1, 59884, Note_on_c, 0, 90, 81
1, 59884, Note_on_c, 0, 87, 81
1, 59992, Note_on_c, 0, 87, 0
1, 59992, Note_on_c, 0, 90, 0
1, 60002, Note_on_c, 0, 78, 77
1, 60002, Note_on_c, 0, 71, 0
1, 60002, Note_on_c, 0, 78, 0
1, 60061, Note_on_c, 0, 78, 0
1, 60061, Note_on_c, 0, 80, 77
1, 60120, Note_on_c, 0, 80, 0
1, 60120, Note_on_c, 0, 85, 90
1, 60120, Note_on_c, 0, 82, 90
1, 60123, Note_on_c, 0, 66, 70
1, 60123, Note_on_c, 0, 73, 70
1, 60178, Note_on_c, 0, 82, 0
1, 60178, Note_on_c, 0, 85, 0
1, 60178, Note_on_c, 0, 80, 77
1, 60235, Note_on_c, 0, 80, 0
1, 60235, Note_on_c, 0, 78, 74
1, 60293, Note_on_c, 0, 78, 0
1, 60293, Note_on_c, 0, 80, 74
1, 60350, Note_on_c, 0, 80, 0
1, 60350, Note_on_c, 0, 85, 83
1, 60350, Note_on_c, 0, 82, 83
1, 60459, Note_on_c, 0, 82, 0
1, 60459, Note_on_c, 0, 85, 0
1, 60468, Note_on_c, 0, 76, 77
1, 60468, Note_on_c, 0, 73, 0
1, 60468, Note_on_c, 0, 66, 0
1, 60527, Note_on_c, 0, 76, 0
1, 60527, Note_on_c, 0, 78, 77
1, 60586, Note_on_c, 0, 78, 0
1, 60586, Note_on_c, 0, 80, 90
1, 60586, Note_on_c, 0, 83, 90
1, 60589, Note_on_c, 0, 64, 70
1, 60589, Note_on_c, 0, 71, 70
1, 60644, Note_on_c, 0, 83, 0
1, 60644, Note_on_c, 0, 80, 0
1, 60644, Note_on_c, 0, 78, 74
1, 60701, Note_on_c, 0, 78, 0
1, 60701, Note_on_c, 0, 76, 74
1, 60758, Note_on_c, 0, 76, 0
1, 60758, Note_on_c, 0, 78, 74
1, 60816, Note_on_c, 0, 78, 0
1, 60816, Note_on_c, 0, 83, 83
1, 60816, Note_on_c, 0, 80, 83
1, 60924, Note_on_c, 0, 80, 0
1, 60924, Note_on_c, 0, 83, 0
1, 60934, Note_on_c, 0, 71, 78
1, 60934, Note_on_c, 0, 71, 0
1, 60934, Note_on_c, 0, 64, 0
1, 60993, Note_on_c, 0, 71, 0
1, 60993, Note_on_c, 0, 73, 78
1, 61052, Note_on_c, 0, 73, 0
1, 61052, Note_on_c, 0, 78, 91
1, 61052, Note_on_c, 0, 75, 91
1, 61055, Note_on_c, 0, 59, 70
1, 61055, Note_on_c, 0, 66, 70
1, 61109, Note_on_c, 0, 75, 0
1, 61109, Note_on_c, 0, 78, 0
1, 61109, Note_on_c, 0, 73, 74
1, 61167, Note_on_c, 0, 73, 0
1, 61167, Note_on_c, 0, 71, 74
1, 61224, Note_on_c, 0, 71, 0
1, 61224, Note_on_c, 0, 73, 74
1, 61282, Note_on_c, 0, 73, 0
1, 61282, Note_on_c, 0, 78, 81
1, 61282, Note_on_c, 0, 75, 81
1, 61387, Note_on_c, 0, 75, 0
1, 61387, Note_on_c, 0, 78, 0
1, 61396, Note_on_c, 0, 58, 72
1, 61396, Note_on_c, 0, 66, 0
1, 61396, Note_on_c, 0, 59, 0
1, 61399, Note_on_c, 0, 46, 70
1, 61455, Note_on_c, 0, 58, 0
1, 61455, Note_on_c, 0, 59, 72
1, 61455, Note_on_c, 0, 46, 0
1, 61458, Note_on_c, 0, 47, 70
1, 61514, Note_on_c, 0, 59, 0
1, 61514, Note_on_c, 0, 61, 81
1, 61514, Note_on_c, 0, 47, 0
1, 61517, Note_on_c, 0, 49, 81
1, 61572, Note_on_c, 0, 61, 0
1, 61572, Note_on_c, 0, 59, 70
1, 61572, Note_on_c, 0, 49, 0
1, 61575, Note_on_c, 0, 47, 70
1, 61629, Note_on_c, 0, 59, 0
1, 61629, Note_on_c, 0, 58, 70
1, 61629, Note_on_c, 0, 47, 0
1, 61632, Note_on_c, 0, 46, 70
1, 61688, Note_on_c, 0, 58, 0
1, 61688, Note_on_c, 0, 46, 0
1, 61747, Note_on_c, 0, 59, 77
1, 61747, Note_on_c, 0, 47, 73
1, 61804, Note_on_c, 0, 59, 0
1, 61804, Note_on_c, 0, 58, 65
1, 61804, Note_on_c, 0, 47, 0
1, 61807, Note_on_c, 0, 46, 67
1, 61861, Note_on_c, 0, 58, 0
1, 61861, Note_on_c, 0, 56, 65
1, 61861, Note_on_c, 0, 46, 0
1, 61864, Note_on_c, 0, 44, 67
1, 61920, Note_on_c, 0, 56, 0
1, 61920, Note_on_c, 0, 44, 0
1, 61979, Note_on_c, 0, 58, 72
1, 61979, Note_on_c, 0, 46, 72
1, 62036, Note_on_c, 0, 58, 0
1, 62036, Note_on_c, 0, 56, 64
1, 62036, Note_on_c, 0, 46, 0
1, 62039, Note_on_c, 0, 44, 63
1, 62094, Note_on_c, 0, 56, 0
1, 62094, Note_on_c, 0, 54, 64
1, 62094, Note_on_c, 0, 44, 0
1, 62097, Note_on_c, 0, 42, 63
1, 62152, Note_on_c, 0, 54, 0
1, 62152, Note_on_c, 0, 42, 0
1, 62211, Note_on_c, 0, 56, 69
1, 62211, Note_on_c, 0, 44, 70
1, 62268, Note_on_c, 0, 56, 0
1, 62268, Note_on_c, 0, 54, 63
1, 62268, Note_on_c, 0, 44, 0
1, 62271, Note_on_c, 0, 42, 63
1, 62326, Note_on_c, 0, 54, 0
1, 62326, Note_on_c, 0, 53, 63
1, 62326, Note_on_c, 0, 42, 0
1, 62329, Note_on_c, 0, 41, 63
1, 62383, Note_on_c, 0, 53, 0
1, 62383, Note_on_c, 0, 41, 0
1, 62899, Note_on_c, 0, 56, 45
1, 62899, Note_on_c, 0, 44, 45
1, 62957, Note_on_c, 0, 56, 0
1, 62957, Note_on_c, 0, 54, 42
1, 62957, Note_on_c, 0, 44, 0
1, 62960, Note_on_c, 0, 42, 41
1, 63015, Note_on_c, 0, 54, 0
1, 63015, Note_on_c, 0, 52, 42
1, 63015, Note_on_c, 0, 42, 0
1, 63018, Note_on_c, 0, 40, 41
1, 63074, Note_on_c, 0, 52, 0
1, 63074, Note_on_c, 0, 40, 0
1, 63375, Note_on_c, 0, 51, 82
1, 63375, Control_c, 0, 64, 127
1, 63375, Note_on_c, 0, 39, 81
1, 63378, Note_on_c, 0, 46, 81
1, 63432, Note_on_c, 0, 51, 0
1, 63432, Note_on_c, 0, 58, 76
1, 63490, Note_on_c, 0, 58, 0
1, 63490, Note_on_c, 0, 63, 76
1, 63548, Note_on_c, 0, 63, 0
1, 63548, Note_on_c, 0, 63, 76
1, 63606, Note_on_c, 0, 63, 0
1, 63606, Note_on_c, 0, 70, 80
1, 63664, Note_on_c, 0, 70, 0
1, 63664, Note_on_c, 0, 75, 85
1, 63722, Note_on_c, 0, 75, 0
1, 63722, Note_on_c, 0, 75, 89
1, 63781, Note_on_c, 0, 75, 0
1, 63781, Note_on_c, 0, 82, 92
1, 63839, Note_on_c, 0, 82, 0
1, 63839, Note_on_c, 0, 75, 95
1, 63839, Note_on_c, 0, 87, 95
1, 63842, Note_on_c, 0, 82, 95
1, 63842, Note_on_c, 0, 46, 0
1, 63842, Note_on_c, 0, 39, 0
1, 63845, Note_on_c, 0, 70, 97
1, 63845, Note_on_c, 0, 63, 97
1, 63957, Note_on_c, 0, 82, 0
1, 63957, Note_on_c, 0, 87, 0
1, 63957, Note_on_c, 0, 75, 0
1, 63960, Note_on_c, 0, 63, 0
1, 63960, Note_on_c, 0, 70, 0
1, 63985, Control_c, 0, 64, 0
1, 65483, End_track
0, 0, End_of_file
