0, 0, Header, 1, 4, 384
1, 0, Start_track
1, 0, Title_t, "Opus 94 Danse Creole"
1, 0, Text_t, "Cecile Chaminade "
1, 0, Text_t, "\012"
1, 0, Time_signature, 4, 2, 24, 8
1, 0, Key_signature, 0, "major"
1, 0, Tempo, 606061
1, 30720, Time_signature, 6, 2, 24, 8
1, 33024, Time_signature, 4, 2, 24, 8
1, 37632, Time_signature, 5, 2, 24, 8
1, 39552, Time_signature, 4, 2, 24, 8
1, 52224, Tempo, 705882
1, 53376, Tempo, 606061
1, 53376, End_track
2, 0, Start_track
2, 0, Title_t, "Piano"
2, 0, Program_c, 0, 0
2, 0, Control_c, 0, 7, 110
2, 0, Control_c, 0, 10, 77
2, 0, Control_c, 0, 91, 72
2, 0, Program_c, 0, 0
2, 0, Control_c, 0, 7, 127
2, 0, Control_c, 0, 10, 100
2, 28, Control_c, 0, 121, 0
2, 1056, Note_on_c, 0, 70, 65
2, 1152, Note_on_c, 0, 70, 0
2, 1152, Note_on_c, 0, 73, 78
2, 1284, Note_on_c, 0, 73, 0
2, 1344, Note_on_c, 0, 68, 74
2, 1476, Note_on_c, 0, 68, 0
2, 1536, Note_on_c, 0, 71, 74
2, 1860, Note_on_c, 0, 71, 0
2, 1920, Note_on_c, 0, 70, 78
2, 2496, Note_on_c, 0, 68, 73
2, 2568, Note_on_c, 0, 70, 0
2, 2640, Note_on_c, 0, 70, 68
2, 2688, Note_on_c, 0, 70, 0
2, 2688, Note_on_c, 0, 68, 0
2, 2688, Note_on_c, 0, 68, 67
2, 2816, Note_on_c, 0, 66, 74
2, 2856, Note_on_c, 0, 68, 0
2, 2944, Note_on_c, 0, 65, 80
2, 3000, Note_on_c, 0, 66, 0
2, 3072, Note_on_c, 0, 65, 0
2, 3072, Note_on_c, 0, 68, 70
2, 3456, Note_on_c, 0, 68, 0
2, 3456, Note_on_c, 0, 66, 78
2, 4128, Note_on_c, 0, 66, 0
2, 4128, Note_on_c, 0, 61, 58
2, 4128, Note_on_c, 0, 70, 69
2, 4224, Note_on_c, 0, 66, 61
2, 4224, Note_on_c, 0, 73, 73
2, 4272, Note_on_c, 0, 70, 0
2, 4272, Note_on_c, 0, 61, 0
2, 4356, Note_on_c, 0, 66, 0
2, 4356, Note_on_c, 0, 73, 0
2, 4416, Note_on_c, 0, 70, 60
2, 4416, Note_on_c, 0, 75, 75
2, 4548, Note_on_c, 0, 75, 0
2, 4548, Note_on_c, 0, 70, 0
2, 4608, Note_on_c, 0, 73, 65
2, 4608, Note_on_c, 0, 78, 79
2, 4836, Note_on_c, 0, 78, 0
2, 4836, Note_on_c, 0, 73, 0
2, 4896, Note_on_c, 0, 70, 58
2, 4896, Note_on_c, 0, 75, 75
2, 4992, Note_on_c, 0, 66, 57
2, 4992, Note_on_c, 0, 73, 72
2, 5064, Note_on_c, 0, 75, 0
2, 5064, Note_on_c, 0, 70, 0
2, 5124, Note_on_c, 0, 66, 0
2, 5124, Note_on_c, 0, 73, 0
2, 5184, Note_on_c, 0, 61, 60
2, 5184, Note_on_c, 0, 70, 68
2, 5316, Note_on_c, 0, 70, 0
2, 5316, Note_on_c, 0, 61, 0
2, 5376, Note_on_c, 0, 77, 84
2, 5604, Note_on_c, 0, 77, 0
2, 5664, Note_on_c, 0, 68, 61
2, 5664, Note_on_c, 0, 72, 77
2, 5760, Note_on_c, 0, 66, 61
2, 5760, Note_on_c, 0, 70, 73
2, 5808, Note_on_c, 0, 72, 0
2, 5808, Note_on_c, 0, 68, 0
2, 5892, Note_on_c, 0, 66, 0
2, 5892, Note_on_c, 0, 70, 0
2, 5952, Note_on_c, 0, 60, 73
2, 6084, Note_on_c, 0, 60, 0
2, 6144, Note_on_c, 0, 75, 85
2, 6468, Note_on_c, 0, 75, 0
2, 6528, Note_on_c, 0, 68, 64
2, 6528, Note_on_c, 0, 73, 76
2, 7200, Note_on_c, 0, 73, 0
2, 7200, Note_on_c, 0, 68, 0
2, 7200, Note_on_c, 0, 71, 77
2, 7296, Note_on_c, 0, 75, 85
2, 7344, Note_on_c, 0, 71, 0
2, 7428, Note_on_c, 0, 75, 0
2, 7488, Note_on_c, 0, 70, 79
2, 7620, Note_on_c, 0, 70, 0
2, 7680, Note_on_c, 0, 73, 85
2, 8004, Note_on_c, 0, 73, 0
2, 8064, Note_on_c, 0, 71, 70
2, 8640, Note_on_c, 0, 71, 0
2, 8640, Note_on_c, 0, 70, 77
2, 8800, Note_on_c, 0, 71, 72
2, 8832, Note_on_c, 0, 70, 0
2, 8832, Note_on_c, 0, 70, 70
2, 8864, Note_on_c, 0, 71, 0
2, 8960, Note_on_c, 0, 68, 76
2, 9000, Note_on_c, 0, 70, 0
2, 9088, Note_on_c, 0, 67, 87
2, 9144, Note_on_c, 0, 68, 0
2, 9216, Note_on_c, 0, 67, 0
2, 9216, Note_on_c, 0, 64, 62
2, 9216, Note_on_c, 0, 70, 72
2, 9600, Note_on_c, 0, 70, 0
2, 9600, Note_on_c, 0, 64, 0
2, 9600, Note_on_c, 0, 63, 66
2, 9600, Note_on_c, 0, 68, 73
2, 10272, Note_on_c, 0, 68, 0
2, 10272, Note_on_c, 0, 63, 0
2, 10272, Note_on_c, 0, 66, 68
2, 10272, Note_on_c, 0, 75, 73
2, 10308, Note_on_c, 0, 75, 0
2, 10308, Note_on_c, 0, 66, 0
2, 10368, Note_on_c, 0, 71, 70
2, 10368, Note_on_c, 0, 78, 75
2, 10500, Note_on_c, 0, 78, 0
2, 10500, Note_on_c, 0, 71, 0
2, 10560, Note_on_c, 0, 65, 68
2, 10560, Note_on_c, 0, 75, 72
2, 10692, Note_on_c, 0, 75, 0
2, 10692, Note_on_c, 0, 65, 0
2, 10752, Note_on_c, 0, 66, 58
2, 10752, Note_on_c, 0, 73, 69
2, 11040, Note_on_c, 0, 73, 0
2, 11040, Note_on_c, 0, 66, 0
2, 11040, Note_on_c, 0, 61, 58
2, 11040, Note_on_c, 0, 70, 65
2, 11136, Note_on_c, 0, 58, 60
2, 11136, Note_on_c, 0, 66, 63
2, 11184, Note_on_c, 0, 70, 0
2, 11184, Note_on_c, 0, 61, 0
2, 11328, Note_on_c, 0, 58, 0
2, 11328, Note_on_c, 0, 66, 0
2, 11328, Note_on_c, 0, 63, 68
2, 11520, Note_on_c, 0, 63, 0
2, 11520, Note_on_c, 0, 68, 72
2, 11904, Note_on_c, 0, 68, 0
2, 11904, Note_on_c, 0, 70, 74
2, 12192, Note_on_c, 0, 70, 0
2, 12192, Note_on_c, 0, 70, 69
2, 12240, Note_on_c, 0, 70, 0
2, 12240, Note_on_c, 0, 68, 75
2, 12288, Note_on_c, 0, 68, 0
2, 12288, Note_on_c, 0, 58, 74
2, 12288, Note_on_c, 0, 66, 74
2, 12552, Note_on_c, 0, 58, 0
2, 12844, Note_on_c, 0, 66, 0
2, 13344, Note_on_c, 0, 73, 84
2, 13344, Note_on_c, 0, 82, 87
2, 13440, Note_on_c, 0, 78, 88
2, 13440, Note_on_c, 0, 85, 93
2, 13452, Note_on_c, 0, 82, 0
2, 13452, Note_on_c, 0, 73, 0
2, 13572, Note_on_c, 0, 78, 0
2, 13572, Note_on_c, 0, 85, 0
2, 13632, Note_on_c, 0, 73, 83
2, 13632, Note_on_c, 0, 80, 90
2, 13764, Note_on_c, 0, 80, 0
2, 13764, Note_on_c, 0, 73, 0
2, 13824, Note_on_c, 0, 78, 77
2, 13824, Note_on_c, 0, 83, 87
2, 14208, Note_on_c, 0, 83, 0
2, 14208, Note_on_c, 0, 78, 0
2, 14208, Note_on_c, 0, 73, 83
2, 14208, Note_on_c, 0, 78, 82
2, 14208, Note_on_c, 0, 82, 85
2, 14784, Note_on_c, 0, 82, 0
2, 14784, Note_on_c, 0, 78, 0
2, 14784, Note_on_c, 0, 73, 0
2, 14784, Note_on_c, 0, 80, 76
2, 14944, Note_on_c, 0, 82, 76
2, 14976, Note_on_c, 0, 80, 0
2, 14976, Note_on_c, 0, 80, 73
2, 15008, Note_on_c, 0, 82, 0
2, 15104, Note_on_c, 0, 78, 86
2, 15152, Note_on_c, 0, 80, 0
2, 15232, Note_on_c, 0, 77, 93
2, 15312, Note_on_c, 0, 78, 0
2, 15360, Note_on_c, 0, 77, 0
2, 15360, Note_on_c, 0, 80, 85
2, 15744, Note_on_c, 0, 80, 0
2, 15744, Note_on_c, 0, 70, 79
2, 15744, Note_on_c, 0, 78, 83
2, 16096, Note_on_c, 0, 70, 0
2, 16416, Note_on_c, 0, 78, 0
2, 16416, Note_on_c, 0, 73, 80
2, 16416, Note_on_c, 0, 82, 89
2, 16512, Note_on_c, 0, 82, 0
2, 16512, Note_on_c, 0, 73, 0
2, 16512, Note_on_c, 0, 78, 82
2, 16512, Note_on_c, 0, 85, 89
2, 16644, Note_on_c, 0, 85, 0
2, 16644, Note_on_c, 0, 78, 0
2, 16704, Note_on_c, 0, 82, 78
2, 16704, Note_on_c, 0, 87, 94
2, 16836, Note_on_c, 0, 87, 0
2, 16836, Note_on_c, 0, 82, 0
2, 16896, Note_on_c, 0, 85, 89
2, 16896, Note_on_c, 0, 90, 94
2, 17124, Note_on_c, 0, 90, 0
2, 17124, Note_on_c, 0, 85, 0
2, 17184, Note_on_c, 0, 82, 82
2, 17184, Note_on_c, 0, 87, 92
2, 17280, Note_on_c, 0, 87, 0
2, 17280, Note_on_c, 0, 82, 0
2, 17280, Note_on_c, 0, 78, 76
2, 17280, Note_on_c, 0, 85, 84
2, 17412, Note_on_c, 0, 85, 0
2, 17412, Note_on_c, 0, 78, 0
2, 17472, Note_on_c, 0, 73, 77
2, 17472, Note_on_c, 0, 82, 86
2, 17604, Note_on_c, 0, 82, 0
2, 17604, Note_on_c, 0, 73, 0
2, 17664, Note_on_c, 0, 84, 80
2, 17664, Note_on_c, 0, 89, 87
2, 17892, Note_on_c, 0, 89, 0
2, 17892, Note_on_c, 0, 84, 0
2, 17952, Note_on_c, 0, 80, 83
2, 17952, Note_on_c, 0, 84, 84
2, 18048, Note_on_c, 0, 84, 0
2, 18048, Note_on_c, 0, 80, 0
2, 18048, Note_on_c, 0, 78, 73
2, 18048, Note_on_c, 0, 82, 83
2, 18180, Note_on_c, 0, 82, 0
2, 18180, Note_on_c, 0, 78, 0
2, 18240, Note_on_c, 0, 72, 77
2, 18372, Note_on_c, 0, 72, 0
2, 18432, Note_on_c, 0, 87, 89
2, 18756, Note_on_c, 0, 87, 0
2, 18816, Note_on_c, 0, 73, 92
2, 18816, Note_on_c, 0, 85, 104
2, 19488, Note_on_c, 0, 85, 0
2, 19488, Note_on_c, 0, 73, 0
2, 19488, Note_on_c, 0, 71, 60
2, 19488, Note_on_c, 0, 83, 95
2, 19584, Note_on_c, 0, 83, 0
2, 19584, Note_on_c, 0, 71, 0
2, 19584, Note_on_c, 0, 75, 84
2, 19584, Note_on_c, 0, 87, 87
2, 19716, Note_on_c, 0, 87, 0
2, 19716, Note_on_c, 0, 75, 0
2, 19776, Note_on_c, 0, 70, 85
2, 19776, Note_on_c, 0, 82, 93
2, 19908, Note_on_c, 0, 82, 0
2, 19908, Note_on_c, 0, 70, 0
2, 19968, Note_on_c, 0, 73, 87
2, 19968, Note_on_c, 0, 85, 93
2, 20352, Note_on_c, 0, 85, 0
2, 20352, Note_on_c, 0, 73, 0
2, 20352, Note_on_c, 0, 71, 102
2, 20352, Note_on_c, 0, 83, 102
2, 20928, Note_on_c, 0, 83, 0
2, 20928, Note_on_c, 0, 71, 0
2, 20928, Note_on_c, 0, 70, 82
2, 20928, Note_on_c, 0, 82, 91
2, 21120, Note_on_c, 0, 82, 0
2, 21120, Note_on_c, 0, 70, 0
2, 21120, Note_on_c, 0, 70, 82
2, 21120, Note_on_c, 0, 82, 87
2, 21248, Note_on_c, 0, 82, 0
2, 21248, Note_on_c, 0, 70, 0
2, 21248, Note_on_c, 0, 68, 78
2, 21248, Note_on_c, 0, 80, 85
2, 21376, Note_on_c, 0, 80, 0
2, 21376, Note_on_c, 0, 68, 0
2, 21376, Note_on_c, 0, 67, 77
2, 21376, Note_on_c, 0, 79, 88
2, 21504, Note_on_c, 0, 79, 0
2, 21504, Note_on_c, 0, 67, 0
2, 21504, Note_on_c, 0, 70, 80
2, 21504, Note_on_c, 0, 82, 92
2, 21888, Note_on_c, 0, 82, 0
2, 21888, Note_on_c, 0, 70, 0
2, 21888, Note_on_c, 0, 68, 84
2, 21888, Note_on_c, 0, 75, 79
2, 21888, Note_on_c, 0, 80, 87
2, 22560, Note_on_c, 0, 80, 0
2, 22560, Note_on_c, 0, 75, 0
2, 22560, Note_on_c, 0, 68, 0
2, 22560, Note_on_c, 0, 66, 62
2, 22560, Note_on_c, 0, 75, 72
2, 22656, Note_on_c, 0, 75, 0
2, 22656, Note_on_c, 0, 66, 0
2, 22656, Note_on_c, 0, 71, 76
2, 22656, Note_on_c, 0, 78, 82
2, 22788, Note_on_c, 0, 78, 0
2, 22788, Note_on_c, 0, 71, 0
2, 22848, Note_on_c, 0, 65, 68
2, 22848, Note_on_c, 0, 75, 73
2, 22980, Note_on_c, 0, 75, 0
2, 22980, Note_on_c, 0, 65, 0
2, 23040, Note_on_c, 0, 66, 69
2, 23040, Note_on_c, 0, 73, 62
2, 23328, Note_on_c, 0, 73, 0
2, 23328, Note_on_c, 0, 66, 0
2, 23328, Note_on_c, 0, 61, 69
2, 23328, Note_on_c, 0, 70, 62
2, 23424, Note_on_c, 0, 70, 0
2, 23424, Note_on_c, 0, 61, 0
2, 23424, Note_on_c, 0, 58, 70
2, 23424, Note_on_c, 0, 66, 71
2, 23568, Note_on_c, 0, 66, 0
2, 23568, Note_on_c, 0, 58, 0
2, 23616, Note_on_c, 0, 63, 77
2, 23760, Note_on_c, 0, 63, 0
2, 23808, Note_on_c, 0, 68, 79
2, 24192, Note_on_c, 0, 68, 0
2, 24192, Note_on_c, 0, 70, 75
2, 24480, Note_on_c, 0, 70, 0
2, 24480, Note_on_c, 0, 70, 71
2, 24528, Note_on_c, 0, 70, 0
2, 24528, Note_on_c, 0, 68, 74
2, 24576, Note_on_c, 0, 68, 0
2, 24576, Note_on_c, 0, 58, 77
2, 24576, Note_on_c, 0, 66, 77
2, 25632, Note_on_c, 0, 66, 0
2, 25632, Note_on_c, 0, 58, 0
2, 25632, Note_on_c, 0, 70, 86
2, 25728, Note_on_c, 0, 70, 0
2, 25728, Note_on_c, 0, 70, 75
2, 25728, Note_on_c, 0, 73, 80
2, 25872, Note_on_c, 0, 73, 0
2, 25872, Note_on_c, 0, 70, 0
2, 25920, Note_on_c, 0, 72, 81
2, 25920, Note_on_c, 0, 75, 84
2, 26064, Note_on_c, 0, 75, 0
2, 26064, Note_on_c, 0, 72, 0
2, 26112, Note_on_c, 0, 73, 81
2, 26112, Note_on_c, 0, 77, 91
2, 26400, Note_on_c, 0, 77, 0
2, 26400, Note_on_c, 0, 73, 0
2, 26400, Note_on_c, 0, 82, 91
2, 26496, Note_on_c, 0, 82, 0
2, 26496, Note_on_c, 0, 73, 75
2, 26496, Note_on_c, 0, 77, 86
2, 26640, Note_on_c, 0, 77, 0
2, 26640, Note_on_c, 0, 73, 0
2, 26688, Note_on_c, 0, 72, 75
2, 26688, Note_on_c, 0, 75, 78
2, 26832, Note_on_c, 0, 75, 0
2, 26832, Note_on_c, 0, 72, 0
2, 26880, Note_on_c, 0, 73, 79
2, 26880, Note_on_c, 0, 77, 87
2, 27168, Note_on_c, 0, 77, 0
2, 27168, Note_on_c, 0, 73, 0
2, 27168, Note_on_c, 0, 82, 89
2, 27264, Note_on_c, 0, 82, 0
2, 27264, Note_on_c, 0, 73, 77
2, 27264, Note_on_c, 0, 77, 84
2, 27408, Note_on_c, 0, 77, 0
2, 27408, Note_on_c, 0, 73, 0
2, 27456, Note_on_c, 0, 72, 79
2, 27456, Note_on_c, 0, 75, 82
2, 27600, Note_on_c, 0, 75, 0
2, 27600, Note_on_c, 0, 72, 0
2, 27648, Note_on_c, 0, 73, 87
2, 27744, Note_on_c, 0, 73, 0
2, 27744, Note_on_c, 0, 75, 90
2, 27840, Note_on_c, 0, 75, 0
2, 27840, Note_on_c, 0, 72, 82
2, 27936, Note_on_c, 0, 72, 0
2, 27936, Note_on_c, 0, 73, 85
2, 28032, Note_on_c, 0, 73, 0
2, 28032, Note_on_c, 0, 70, 78
2, 28512, Note_on_c, 0, 70, 0
2, 28512, Note_on_c, 0, 72, 77
2, 28608, Note_on_c, 0, 72, 0
2, 28608, Note_on_c, 0, 68, 67
2, 28704, Note_on_c, 0, 68, 0
2, 28704, Note_on_c, 0, 70, 75
2, 28800, Note_on_c, 0, 70, 0
2, 28800, Note_on_c, 0, 66, 62
2, 28896, Note_on_c, 0, 66, 0
2, 28896, Note_on_c, 0, 68, 70
2, 28992, Note_on_c, 0, 68, 0
2, 28992, Note_on_c, 0, 65, 78
2, 29088, Note_on_c, 0, 65, 0
2, 29088, Note_on_c, 0, 66, 74
2, 29184, Note_on_c, 0, 66, 0
2, 29184, Note_on_c, 0, 63, 78
2, 29472, Note_on_c, 0, 66, 70
2, 29472, Note_on_c, 0, 70, 70
2, 29520, Note_on_c, 0, 63, 0
2, 29568, Note_on_c, 0, 70, 0
2, 29568, Note_on_c, 0, 66, 0
2, 29568, Note_on_c, 0, 63, 73
2, 29712, Note_on_c, 0, 63, 0
2, 29760, Note_on_c, 0, 61, 73
2, 29904, Note_on_c, 0, 61, 0
2, 29952, Note_on_c, 0, 63, 76
2, 30240, Note_on_c, 0, 66, 75
2, 30240, Note_on_c, 0, 70, 68
2, 30288, Note_on_c, 0, 63, 0
2, 30336, Note_on_c, 0, 70, 0
2, 30336, Note_on_c, 0, 66, 0
2, 30336, Note_on_c, 0, 63, 72
2, 30480, Note_on_c, 0, 63, 0
2, 30528, Note_on_c, 0, 61, 77
2, 30672, Note_on_c, 0, 61, 0
2, 30720, Note_on_c, 0, 63, 70
2, 30816, Note_on_c, 0, 63, 0
2, 30816, Note_on_c, 0, 65, 75
2, 30912, Note_on_c, 0, 65, 0
2, 30912, Note_on_c, 0, 61, 66
2, 31008, Note_on_c, 0, 61, 0
2, 31008, Note_on_c, 0, 63, 71
2, 31104, Note_on_c, 0, 63, 0
2, 31104, Note_on_c, 0, 65, 83
2, 32544, Note_on_c, 0, 65, 0
2, 32544, Note_on_c, 0, 77, 75
2, 32640, Note_on_c, 0, 80, 82
2, 32653, Note_on_c, 0, 77, 0
2, 32748, Note_on_c, 0, 80, 0
2, 32832, Note_on_c, 0, 75, 70
2, 32940, Note_on_c, 0, 75, 0
2, 33024, Note_on_c, 0, 78, 78
2, 33408, Note_on_c, 0, 78, 0
2, 33408, Note_on_c, 0, 77, 80
2, 33984, Note_on_c, 0, 75, 73
2, 34032, Note_on_c, 0, 77, 0
2, 34128, Note_on_c, 0, 77, 81
2, 34176, Note_on_c, 0, 75, 0
2, 34176, Note_on_c, 0, 75, 76
2, 34200, Note_on_c, 0, 77, 0
2, 34304, Note_on_c, 0, 73, 70
2, 34368, Note_on_c, 0, 75, 0
2, 34432, Note_on_c, 0, 72, 65
2, 34488, Note_on_c, 0, 73, 0
2, 34560, Note_on_c, 0, 72, 0
2, 34560, Note_on_c, 0, 75, 76
2, 34944, Note_on_c, 0, 75, 0
2, 34944, Note_on_c, 0, 73, 72
2, 35616, Note_on_c, 0, 73, 0
2, 35616, Note_on_c, 0, 61, 79
2, 35712, Note_on_c, 0, 65, 84
2, 35808, Note_on_c, 0, 61, 0
2, 35904, Note_on_c, 0, 65, 0
2, 35904, Note_on_c, 0, 55, 87
2, 35904, Note_on_c, 0, 64, 87
2, 35904, Note_on_c, 0, 67, 95
2, 36096, Note_on_c, 0, 67, 0
2, 36096, Note_on_c, 0, 64, 0
2, 36096, Note_on_c, 0, 55, 0
2, 36096, Note_on_c, 0, 56, 87
2, 36096, Note_on_c, 0, 65, 87
2, 36096, Note_on_c, 0, 68, 95
2, 36384, Note_on_c, 0, 65, 0
2, 36384, Note_on_c, 0, 56, 0
2, 36384, Note_on_c, 0, 65, 82
2, 36432, Note_on_c, 0, 68, 0
2, 36480, Note_on_c, 0, 68, 87
2, 36528, Note_on_c, 0, 68, 0
2, 36552, Note_on_c, 0, 65, 0
2, 36672, Note_on_c, 0, 58, 82
2, 36672, Note_on_c, 0, 67, 82
2, 36672, Note_on_c, 0, 70, 90
2, 36864, Note_on_c, 0, 70, 0
2, 36864, Note_on_c, 0, 67, 0
2, 36864, Note_on_c, 0, 58, 0
2, 36864, Note_on_c, 0, 60, 88
2, 36864, Note_on_c, 0, 68, 88
2, 36864, Note_on_c, 0, 72, 96
2, 37152, Note_on_c, 0, 68, 0
2, 37152, Note_on_c, 0, 60, 0
2, 37152, Note_on_c, 0, 68, 76
2, 37200, Note_on_c, 0, 72, 0
2, 37248, Note_on_c, 0, 72, 76
2, 37296, Note_on_c, 0, 72, 0
2, 37344, Note_on_c, 0, 68, 0
2, 37440, Note_on_c, 0, 62, 89
2, 37440, Note_on_c, 0, 71, 89
2, 37440, Note_on_c, 0, 74, 89
2, 37632, Note_on_c, 0, 74, 0
2, 37632, Note_on_c, 0, 71, 0
2, 37632, Note_on_c, 0, 62, 0
2, 37632, Note_on_c, 0, 64, 92
2, 37632, Note_on_c, 0, 67, 84
2, 37632, Note_on_c, 0, 72, 84
2, 37632, Note_on_c, 0, 76, 92
2, 37920, Note_on_c, 0, 76, 0
2, 37920, Note_on_c, 0, 64, 0
2, 37920, Note_on_c, 0, 67, 0
2, 37920, Note_on_c, 0, 72, 0
2, 37920, Note_on_c, 0, 65, 93
2, 37920, Note_on_c, 0, 69, 85
2, 37920, Note_on_c, 0, 72, 85
2, 37920, Note_on_c, 0, 77, 93
2, 39072, Note_on_c, 0, 77, 0
2, 39072, Note_on_c, 0, 65, 0
2, 39072, Note_on_c, 0, 69, 0
2, 39072, Note_on_c, 0, 72, 0
2, 39072, Note_on_c, 0, 70, 89
2, 39072, Note_on_c, 0, 82, 85
2, 39168, Note_on_c, 0, 82, 0
2, 39168, Note_on_c, 0, 70, 0
2, 39168, Note_on_c, 0, 73, 91
2, 39168, Note_on_c, 0, 85, 86
2, 39360, Note_on_c, 0, 85, 0
2, 39360, Note_on_c, 0, 73, 0
2, 39360, Note_on_c, 0, 75, 84
2, 39360, Note_on_c, 0, 84, 94
2, 39360, Note_on_c, 0, 87, 79
2, 39552, Note_on_c, 0, 87, 0
2, 39552, Note_on_c, 0, 84, 0
2, 39552, Note_on_c, 0, 75, 0
2, 39552, Note_on_c, 0, 77, 101
2, 39552, Note_on_c, 0, 85, 88
2, 39552, Note_on_c, 0, 89, 94
2, 39840, Note_on_c, 0, 89, 0
2, 39840, Note_on_c, 0, 85, 0
2, 39840, Note_on_c, 0, 77, 0
2, 39840, Note_on_c, 0, 82, 86
2, 39840, Note_on_c, 0, 94, 90
2, 39936, Note_on_c, 0, 94, 0
2, 39936, Note_on_c, 0, 82, 0
2, 39936, Note_on_c, 0, 89, 86
2, 40128, Note_on_c, 0, 89, 0
2, 40128, Note_on_c, 0, 75, 81
2, 40128, Note_on_c, 0, 84, 91
2, 40128, Note_on_c, 0, 87, 72
2, 40320, Note_on_c, 0, 87, 0
2, 40320, Note_on_c, 0, 84, 0
2, 40320, Note_on_c, 0, 75, 0
2, 40320, Note_on_c, 0, 77, 98
2, 40320, Note_on_c, 0, 85, 85
2, 40320, Note_on_c, 0, 89, 89
2, 40608, Note_on_c, 0, 89, 0
2, 40608, Note_on_c, 0, 85, 0
2, 40608, Note_on_c, 0, 77, 0
2, 40608, Note_on_c, 0, 82, 89
2, 40608, Note_on_c, 0, 94, 96
2, 40704, Note_on_c, 0, 94, 0
2, 40704, Note_on_c, 0, 82, 0
2, 40704, Note_on_c, 0, 89, 96
2, 40896, Note_on_c, 0, 89, 0
2, 40896, Note_on_c, 0, 72, 88
2, 40896, Note_on_c, 0, 75, 94
2, 41088, Note_on_c, 0, 75, 0
2, 41088, Note_on_c, 0, 72, 0
2, 41088, Note_on_c, 0, 70, 85
2, 41088, Note_on_c, 0, 73, 84
2, 41184, Note_on_c, 0, 70, 0
2, 41184, Note_on_c, 0, 75, 79
2, 41232, Note_on_c, 0, 73, 0
2, 41280, Note_on_c, 0, 65, 87
2, 41280, Note_on_c, 0, 72, 93
2, 41328, Note_on_c, 0, 75, 0
2, 41376, Note_on_c, 0, 65, 0
2, 41376, Note_on_c, 0, 73, 80
2, 41400, Note_on_c, 0, 72, 0
2, 41472, Note_on_c, 0, 65, 87
2, 41472, Note_on_c, 0, 70, 89
2, 41496, Note_on_c, 0, 73, 0
2, 41952, Note_on_c, 0, 70, 0
2, 41952, Note_on_c, 0, 65, 0
2, 41952, Note_on_c, 0, 84, 83
2, 42048, Note_on_c, 0, 84, 0
2, 42048, Note_on_c, 0, 80, 74
2, 42144, Note_on_c, 0, 80, 0
2, 42144, Note_on_c, 0, 82, 82
2, 42240, Note_on_c, 0, 82, 0
2, 42240, Note_on_c, 0, 78, 72
2, 42336, Note_on_c, 0, 78, 0
2, 42336, Note_on_c, 0, 80, 77
2, 42432, Note_on_c, 0, 80, 0
2, 42432, Note_on_c, 0, 77, 67
2, 42528, Note_on_c, 0, 77, 0
2, 42528, Note_on_c, 0, 78, 72
2, 42624, Note_on_c, 0, 78, 0
2, 42624, Note_on_c, 0, 63, 80
2, 42912, Note_on_c, 0, 66, 74
2, 42912, Note_on_c, 0, 70, 64
2, 42960, Note_on_c, 0, 63, 0
2, 43008, Note_on_c, 0, 63, 72
2, 43056, Note_on_c, 0, 70, 0
2, 43056, Note_on_c, 0, 66, 0
2, 43092, Note_on_c, 0, 63, 0
2, 43200, Note_on_c, 0, 61, 69
2, 43284, Note_on_c, 0, 61, 0
2, 43392, Note_on_c, 0, 63, 76
2, 43680, Note_on_c, 0, 66, 74
2, 43680, Note_on_c, 0, 70, 66
2, 43728, Note_on_c, 0, 63, 0
2, 43776, Note_on_c, 0, 63, 73
2, 43824, Note_on_c, 0, 70, 0
2, 43824, Note_on_c, 0, 66, 0
2, 43860, Note_on_c, 0, 63, 0
2, 43968, Note_on_c, 0, 61, 78
2, 44052, Note_on_c, 0, 61, 0
2, 44160, Note_on_c, 0, 63, 79
2, 44256, Note_on_c, 0, 63, 0
2, 44256, Note_on_c, 0, 65, 76
2, 44352, Note_on_c, 0, 65, 0
2, 44352, Note_on_c, 0, 61, 76
2, 44448, Note_on_c, 0, 61, 0
2, 44448, Note_on_c, 0, 63, 80
2, 44544, Note_on_c, 0, 63, 0
2, 44544, Note_on_c, 0, 65, 84
2, 45888, Note_on_c, 0, 65, 0
2, 45888, Control_c, 0, 64, 127
2, 45888, Note_on_c, 0, 61, 77
2, 45888, Note_on_c, 0, 64, 74
2, 45888, Note_on_c, 0, 70, 72
2, 46080, Control_c, 0, 64, 0
2, 46656, Note_on_c, 0, 70, 0
2, 46656, Note_on_c, 0, 64, 0
2, 46656, Note_on_c, 0, 61, 0
2, 46656, Control_c, 0, 64, 127
2, 46656, Note_on_c, 0, 57, 72
2, 46656, Note_on_c, 0, 63, 70
2, 46656, Note_on_c, 0, 65, 76
2, 46944, Control_c, 0, 64, 0
2, 47424, Note_on_c, 0, 65, 0
2, 47424, Note_on_c, 0, 63, 0
2, 47424, Note_on_c, 0, 57, 0
2, 47424, Control_c, 0, 64, 127
2, 47424, Note_on_c, 0, 70, 82
2, 47424, Note_on_c, 0, 73, 74
2, 47424, Note_on_c, 0, 76, 74
2, 47424, Note_on_c, 0, 82, 82
2, 47712, Control_c, 0, 64, 0
2, 48192, Note_on_c, 0, 82, 0
2, 48192, Note_on_c, 0, 70, 0
2, 48192, Note_on_c, 0, 73, 0
2, 48192, Note_on_c, 0, 76, 0
2, 48192, Control_c, 0, 64, 127
2, 48192, Note_on_c, 0, 77, 85
2, 48192, Note_on_c, 0, 81, 77
2, 48192, Note_on_c, 0, 87, 77
2, 48192, Note_on_c, 0, 89, 85
2, 48480, Control_c, 0, 64, 0
2, 48864, Note_on_c, 0, 89, 0
2, 48864, Note_on_c, 0, 77, 0
2, 48864, Note_on_c, 0, 81, 0
2, 48864, Note_on_c, 0, 87, 0
2, 48864, Note_on_c, 0, 48, 78
2, 49056, Note_on_c, 0, 48, 0
2, 49056, Note_on_c, 0, 46, 72
2, 49248, Note_on_c, 0, 46, 0
2, 49248, Note_on_c, 0, 44, 67
2, 49440, Note_on_c, 0, 44, 0
2, 49440, Note_on_c, 0, 42, 65
2, 49728, Note_on_c, 0, 42, 0
2, 49728, Note_on_c, 0, 49, 75
2, 49728, Note_on_c, 0, 54, 67
2, 49728, Note_on_c, 0, 58, 75
2, 50112, Note_on_c, 0, 58, 0
2, 50112, Note_on_c, 0, 54, 0
2, 50112, Note_on_c, 0, 49, 0
2, 50112, Note_on_c, 0, 48, 68
2, 50112, Note_on_c, 0, 53, 60
2, 50112, Note_on_c, 0, 57, 68
2, 50592, Note_on_c, 0, 57, 0
2, 50592, Note_on_c, 0, 53, 0
2, 50592, Note_on_c, 0, 48, 0
2, 50592, Note_on_c, 0, 73, 79
2, 50688, Note_on_c, 0, 77, 82
2, 50736, Note_on_c, 0, 73, 0
2, 50868, Note_on_c, 0, 77, 0
2, 50880, Note_on_c, 0, 72, 79
2, 51012, Note_on_c, 0, 72, 0
2, 51072, Note_on_c, 0, 75, 75
2, 51360, Note_on_c, 0, 73, 76
2, 51408, Note_on_c, 0, 75, 0
2, 51456, Note_on_c, 0, 77, 84
2, 51504, Note_on_c, 0, 73, 0
2, 51588, Note_on_c, 0, 77, 0
2, 51648, Note_on_c, 0, 72, 77
2, 51780, Note_on_c, 0, 72, 0
2, 51840, Note_on_c, 0, 75, 76
2, 52128, Note_on_c, 0, 75, 0
2, 52128, Note_on_c, 0, 73, 77
2, 52224, Note_on_c, 0, 73, 0
2, 52224, Note_on_c, 0, 77, 84
2, 52416, Note_on_c, 0, 77, 0
2, 52416, Note_on_c, 0, 71, 82
2, 52608, Note_on_c, 0, 71, 0
2, 52608, Note_on_c, 0, 75, 82
2, 52896, Note_on_c, 0, 75, 0
2, 52896, Note_on_c, 0, 70, 74
2, 52992, Note_on_c, 0, 70, 0
2, 52992, Note_on_c, 0, 73, 77
2, 53124, Note_on_c, 0, 73, 0
2, 53184, Note_on_c, 0, 68, 73
2, 53316, Note_on_c, 0, 68, 0
2, 53376, Note_on_c, 0, 71, 82
2, 53760, Note_on_c, 0, 71, 0
2, 53760, Note_on_c, 0, 70, 77
2, 54336, Note_on_c, 0, 70, 0
2, 54336, Note_on_c, 0, 68, 76
2, 54498, Note_on_c, 0, 70, 71
2, 54528, Note_on_c, 0, 68, 0
2, 54528, Note_on_c, 0, 68, 80
2, 54626, Note_on_c, 0, 70, 0
2, 54656, Note_on_c, 0, 68, 0
2, 54656, Note_on_c, 0, 66, 84
2, 54784, Note_on_c, 0, 66, 0
2, 54784, Note_on_c, 0, 65, 88
2, 54912, Note_on_c, 0, 65, 0
2, 54912, Note_on_c, 0, 68, 71
2, 55296, Note_on_c, 0, 68, 0
2, 55296, Note_on_c, 0, 58, 68
2, 55296, Note_on_c, 0, 66, 74
2, 55968, Note_on_c, 0, 66, 0
2, 55968, Note_on_c, 0, 58, 0
2, 55968, Note_on_c, 0, 61, 65
2, 55968, Note_on_c, 0, 70, 68
2, 56064, Note_on_c, 0, 70, 0
2, 56064, Note_on_c, 0, 61, 0
2, 56064, Note_on_c, 0, 66, 67
2, 56064, Note_on_c, 0, 73, 71
2, 56196, Note_on_c, 0, 73, 0
2, 56196, Note_on_c, 0, 66, 0
2, 56256, Note_on_c, 0, 70, 68
2, 56256, Note_on_c, 0, 75, 73
2, 56388, Note_on_c, 0, 75, 0
2, 56388, Note_on_c, 0, 70, 0
2, 56448, Note_on_c, 0, 73, 70
2, 56448, Note_on_c, 0, 78, 76
2, 56640, Note_on_c, 0, 78, 0
2, 56640, Note_on_c, 0, 73, 0
2, 56736, Note_on_c, 0, 70, 66
2, 56736, Note_on_c, 0, 75, 77
2, 56832, Note_on_c, 0, 75, 0
2, 56832, Note_on_c, 0, 70, 0
2, 56832, Note_on_c, 0, 66, 70
2, 56832, Note_on_c, 0, 73, 71
2, 56928, Note_on_c, 0, 73, 0
2, 56928, Note_on_c, 0, 66, 0
2, 57024, Note_on_c, 0, 61, 74
2, 57024, Note_on_c, 0, 70, 74
2, 57120, Note_on_c, 0, 70, 0
2, 57120, Note_on_c, 0, 61, 0
2, 57216, Note_on_c, 0, 77, 88
2, 57504, Note_on_c, 0, 77, 0
2, 57504, Note_on_c, 0, 68, 71
2, 57504, Note_on_c, 0, 72, 70
2, 57600, Note_on_c, 0, 72, 0
2, 57600, Note_on_c, 0, 68, 0
2, 57600, Note_on_c, 0, 66, 76
2, 57600, Note_on_c, 0, 70, 69
2, 57696, Note_on_c, 0, 70, 0
2, 57696, Note_on_c, 0, 66, 0
2, 57792, Note_on_c, 0, 60, 81
2, 57888, Note_on_c, 0, 60, 0
2, 57984, Note_on_c, 0, 75, 82
2, 58272, Note_on_c, 0, 75, 0
2, 58368, Note_on_c, 0, 68, 72
2, 58368, Note_on_c, 0, 73, 78
2, 59040, Note_on_c, 0, 73, 0
2, 59040, Note_on_c, 0, 68, 0
2, 59040, Note_on_c, 0, 71, 78
2, 59136, Note_on_c, 0, 71, 0
2, 59136, Note_on_c, 0, 75, 74
2, 59292, Note_on_c, 0, 75, 0
2, 59328, Note_on_c, 0, 70, 72
2, 59472, Note_on_c, 0, 70, 0
2, 59520, Note_on_c, 0, 73, 79
2, 59904, Note_on_c, 0, 73, 0
2, 59904, Note_on_c, 0, 68, 69
2, 59904, Note_on_c, 0, 71, 74
2, 60288, Note_on_c, 0, 68, 0
2, 60288, Note_on_c, 0, 64, 70
2, 60288, Note_on_c, 0, 67, 70
2, 60480, Note_on_c, 0, 70, 77
2, 60576, Note_on_c, 0, 71, 0
2, 60640, Note_on_c, 0, 71, 76
2, 60648, Note_on_c, 0, 64, 0
2, 60672, Note_on_c, 0, 70, 0
2, 60672, Note_on_c, 0, 67, 0
2, 60672, Note_on_c, 0, 64, 80
2, 60672, Note_on_c, 0, 70, 80
2, 60704, Note_on_c, 0, 71, 0
2, 60800, Note_on_c, 0, 68, 73
2, 60848, Note_on_c, 0, 70, 0
2, 60928, Note_on_c, 0, 67, 69
2, 60976, Note_on_c, 0, 68, 0
2, 61032, Note_on_c, 0, 64, 0
2, 61056, Note_on_c, 0, 67, 0
2, 61056, Note_on_c, 0, 64, 76
2, 61056, Note_on_c, 0, 70, 72
2, 61440, Note_on_c, 0, 70, 0
2, 61440, Note_on_c, 0, 64, 0
2, 61440, Note_on_c, 0, 63, 67
2, 61440, Note_on_c, 0, 68, 74
2, 62112, Note_on_c, 0, 68, 0
2, 62112, Note_on_c, 0, 63, 0
2, 62112, Note_on_c, 0, 66, 65
2, 62112, Note_on_c, 0, 75, 66
2, 62208, Note_on_c, 0, 75, 0
2, 62208, Note_on_c, 0, 66, 0
2, 62208, Note_on_c, 0, 71, 71
2, 62208, Note_on_c, 0, 78, 78
2, 62352, Note_on_c, 0, 78, 0
2, 62352, Note_on_c, 0, 71, 0
2, 62400, Note_on_c, 0, 65, 75
2, 62400, Note_on_c, 0, 75, 82
2, 62544, Note_on_c, 0, 75, 0
2, 62544, Note_on_c, 0, 65, 0
2, 62592, Note_on_c, 0, 66, 48
2, 62592, Note_on_c, 0, 73, 77
2, 62880, Note_on_c, 0, 73, 0
2, 62880, Note_on_c, 0, 66, 0
2, 62880, Note_on_c, 0, 61, 61
2, 62880, Note_on_c, 0, 70, 84
2, 62976, Note_on_c, 0, 58, 65
2, 62976, Note_on_c, 0, 66, 81
2, 63024, Note_on_c, 0, 70, 0
2, 63024, Note_on_c, 0, 61, 0
2, 63120, Note_on_c, 0, 58, 0
2, 63120, Note_on_c, 0, 66, 0
2, 63168, Note_on_c, 0, 63, 73
2, 63312, Note_on_c, 0, 63, 0
2, 63360, Note_on_c, 0, 59, 73
2, 63360, Note_on_c, 0, 63, 65
2, 63360, Note_on_c, 0, 68, 80
2, 63744, Note_on_c, 0, 68, 0
2, 63744, Note_on_c, 0, 63, 0
2, 63744, Note_on_c, 0, 65, 73
2, 63744, Note_on_c, 0, 70, 77
2, 64032, Note_on_c, 0, 70, 0
2, 64032, Note_on_c, 0, 70, 78
2, 64080, Note_on_c, 0, 70, 0
2, 64080, Note_on_c, 0, 68, 72
2, 64128, Note_on_c, 0, 68, 0
2, 64128, Note_on_c, 0, 65, 0
2, 64128, Note_on_c, 0, 59, 0
2, 64128, Note_on_c, 0, 58, 66
2, 64128, Note_on_c, 0, 66, 70
2, 64404, Note_on_c, 0, 58, 0
2, 64684, Note_on_c, 0, 66, 0
2, 65184, Note_on_c, 0, 73, 84
2, 65184, Note_on_c, 0, 82, 89
2, 65280, Note_on_c, 0, 82, 0
2, 65280, Note_on_c, 0, 73, 0
2, 65280, Note_on_c, 0, 78, 83
2, 65280, Note_on_c, 0, 85, 90
2, 65412, Note_on_c, 0, 85, 0
2, 65412, Note_on_c, 0, 78, 0
2, 65472, Note_on_c, 0, 73, 86
2, 65472, Note_on_c, 0, 80, 91
2, 65604, Note_on_c, 0, 80, 0
2, 65604, Note_on_c, 0, 73, 0
2, 65664, Note_on_c, 0, 78, 77
2, 65664, Note_on_c, 0, 83, 93
2, 66024, Note_on_c, 0, 78, 0
2, 66048, Note_on_c, 0, 83, 0
2, 66048, Note_on_c, 0, 73, 99
2, 66048, Note_on_c, 0, 78, 99
2, 66048, Note_on_c, 0, 82, 99
2, 66408, Note_on_c, 0, 73, 0
2, 66432, Note_on_c, 0, 78, 0
2, 66432, Note_on_c, 0, 71, 77
2, 66432, Note_on_c, 0, 77, 87
2, 66624, Note_on_c, 0, 82, 0
2, 66624, Note_on_c, 0, 80, 80
2, 66768, Note_on_c, 0, 82, 74
2, 66792, Note_on_c, 0, 80, 0
2, 66792, Note_on_c, 0, 71, 0
2, 66816, Note_on_c, 0, 77, 0
2, 66816, Note_on_c, 0, 71, 67
2, 66816, Note_on_c, 0, 80, 71
2, 66840, Note_on_c, 0, 82, 0
2, 66944, Note_on_c, 0, 78, 78
2, 66984, Note_on_c, 0, 80, 0
2, 67072, Note_on_c, 0, 77, 94
2, 67152, Note_on_c, 0, 78, 0
2, 67200, Note_on_c, 0, 77, 0
2, 67200, Note_on_c, 0, 80, 76
2, 67392, Note_on_c, 0, 71, 0
2, 67584, Note_on_c, 0, 80, 0
2, 67584, Note_on_c, 0, 70, 77
2, 67584, Note_on_c, 0, 78, 80
2, 67936, Note_on_c, 0, 70, 0
2, 68256, Note_on_c, 0, 78, 0
2, 68256, Note_on_c, 0, 73, 89
2, 68256, Note_on_c, 0, 82, 95
2, 68352, Note_on_c, 0, 82, 0
2, 68352, Note_on_c, 0, 73, 0
2, 68352, Note_on_c, 0, 78, 91
2, 68352, Note_on_c, 0, 85, 96
2, 68484, Note_on_c, 0, 85, 0
2, 68484, Note_on_c, 0, 78, 0
2, 68544, Note_on_c, 0, 82, 92
2, 68544, Note_on_c, 0, 87, 98
2, 68676, Note_on_c, 0, 87, 0
2, 68676, Note_on_c, 0, 82, 0
2, 68736, Note_on_c, 0, 85, 85
2, 68736, Note_on_c, 0, 90, 100
2, 68964, Note_on_c, 0, 90, 0
2, 68964, Note_on_c, 0, 85, 0
2, 69024, Note_on_c, 0, 82, 76
2, 69024, Note_on_c, 0, 87, 97
2, 69120, Note_on_c, 0, 87, 0
2, 69120, Note_on_c, 0, 82, 0
2, 69120, Note_on_c, 0, 78, 83
2, 69120, Note_on_c, 0, 85, 95
2, 69252, Note_on_c, 0, 85, 0
2, 69252, Note_on_c, 0, 78, 0
2, 69312, Note_on_c, 0, 73, 86
2, 69312, Note_on_c, 0, 82, 92
2, 69444, Note_on_c, 0, 82, 0
2, 69444, Note_on_c, 0, 73, 0
2, 69504, Note_on_c, 0, 84, 93
2, 69504, Note_on_c, 0, 89, 100
2, 69732, Note_on_c, 0, 89, 0
2, 69732, Note_on_c, 0, 84, 0
2, 69792, Note_on_c, 0, 80, 82
2, 69792, Note_on_c, 0, 84, 93
2, 69888, Note_on_c, 0, 84, 0
2, 69888, Note_on_c, 0, 80, 0
2, 69888, Note_on_c, 0, 78, 86
2, 69888, Note_on_c, 0, 82, 86
2, 70020, Note_on_c, 0, 82, 0
2, 70020, Note_on_c, 0, 78, 0
2, 70080, Note_on_c, 0, 72, 86
2, 70212, Note_on_c, 0, 72, 0
2, 70272, Note_on_c, 0, 87, 97
2, 70596, Note_on_c, 0, 87, 0
2, 70656, Note_on_c, 0, 73, 83
2, 70656, Note_on_c, 0, 80, 91
2, 70656, Note_on_c, 0, 85, 102
2, 71040, Note_on_c, 0, 80, 0
2, 71040, Note_on_c, 0, 78, 81
2, 71304, Note_on_c, 0, 85, 0
2, 71304, Note_on_c, 0, 73, 0
2, 71328, Note_on_c, 0, 71, 79
2, 71328, Note_on_c, 0, 83, 90
2, 71424, Note_on_c, 0, 83, 0
2, 71424, Note_on_c, 0, 71, 0
2, 71424, Note_on_c, 0, 78, 0
2, 71424, Note_on_c, 0, 75, 76
2, 71424, Note_on_c, 0, 87, 89
2, 71556, Note_on_c, 0, 87, 0
2, 71556, Note_on_c, 0, 75, 0
2, 71616, Note_on_c, 0, 70, 72
2, 71616, Note_on_c, 0, 82, 85
2, 71748, Note_on_c, 0, 82, 0
2, 71748, Note_on_c, 0, 70, 0
2, 71808, Note_on_c, 0, 73, 68
2, 71808, Note_on_c, 0, 85, 77
2, 72192, Note_on_c, 0, 85, 0
2, 72192, Note_on_c, 0, 73, 0
2, 72192, Note_on_c, 0, 71, 88
2, 72192, Note_on_c, 0, 75, 83
2, 72192, Note_on_c, 0, 83, 102
2, 72576, Note_on_c, 0, 75, 0
2, 72576, Note_on_c, 0, 76, 86
2, 72768, Note_on_c, 0, 83, 0
2, 72768, Note_on_c, 0, 71, 0
2, 72768, Note_on_c, 0, 70, 69
2, 72768, Note_on_c, 0, 82, 76
2, 72956, Note_on_c, 0, 70, 0
2, 72957, Note_on_c, 0, 82, 0
2, 72960, Note_on_c, 0, 76, 0
2, 72960, Note_on_c, 0, 70, 69
2, 72960, Note_on_c, 0, 82, 75
2, 73088, Note_on_c, 0, 70, 0
2, 73088, Note_on_c, 0, 68, 70
2, 73088, Note_on_c, 0, 80, 80
2, 73152, Note_on_c, 0, 82, 0
2, 73216, Note_on_c, 0, 68, 0
2, 73216, Note_on_c, 0, 67, 75
2, 73216, Note_on_c, 0, 79, 91
2, 73272, Note_on_c, 0, 80, 0
2, 73344, Note_on_c, 0, 79, 0
2, 73344, Note_on_c, 0, 67, 0
2, 73344, Note_on_c, 0, 70, 73
2, 73344, Note_on_c, 0, 82, 82
2, 73728, Note_on_c, 0, 82, 0
2, 73728, Note_on_c, 0, 70, 0
2, 73728, Note_on_c, 0, 68, 77
2, 73728, Note_on_c, 0, 75, 75
2, 73728, Note_on_c, 0, 80, 79
2, 74400, Note_on_c, 0, 80, 0
2, 74400, Note_on_c, 0, 75, 0
2, 74400, Note_on_c, 0, 68, 0
2, 74400, Note_on_c, 0, 66, 71
2, 74400, Note_on_c, 0, 75, 73
2, 74496, Note_on_c, 0, 75, 0
2, 74496, Note_on_c, 0, 66, 0
2, 74496, Note_on_c, 0, 71, 72
2, 74496, Note_on_c, 0, 78, 82
2, 74628, Note_on_c, 0, 78, 0
2, 74628, Note_on_c, 0, 71, 0
2, 74688, Note_on_c, 0, 65, 77
2, 74688, Note_on_c, 0, 75, 86
2, 74820, Note_on_c, 0, 75, 0
2, 74820, Note_on_c, 0, 65, 0
2, 74880, Note_on_c, 0, 66, 63
2, 74880, Note_on_c, 0, 73, 79
2, 75168, Note_on_c, 0, 73, 0
2, 75168, Note_on_c, 0, 66, 0
2, 75168, Note_on_c, 0, 61, 65
2, 75168, Note_on_c, 0, 70, 77
2, 75264, Note_on_c, 0, 70, 0
2, 75264, Note_on_c, 0, 61, 0
2, 75264, Note_on_c, 0, 58, 65
2, 75264, Note_on_c, 0, 66, 76
2, 75396, Note_on_c, 0, 66, 0
2, 75396, Note_on_c, 0, 58, 0
2, 75456, Note_on_c, 0, 63, 70
2, 75588, Note_on_c, 0, 63, 0
2, 75648, Note_on_c, 0, 68, 68
2, 76032, Note_on_c, 0, 68, 0
2, 76032, Note_on_c, 0, 70, 67
2, 76316, Note_on_c, 0, 70, 0
2, 76320, Note_on_c, 0, 70, 68
2, 76368, Note_on_c, 0, 70, 0
2, 76368, Note_on_c, 0, 68, 65
2, 76416, Note_on_c, 0, 68, 0
2, 76416, Note_on_c, 0, 58, 49
2, 76416, Note_on_c, 0, 66, 61
2, 76680, Note_on_c, 0, 66, 0
2, 76692, Note_on_c, 0, 58, 0
2, 76692, End_track
3, 0, Start_track
3, 0, Title_t, "Piano"
3, 0, Control_c, 0, 7, 110
3, 0, Control_c, 0, 91, 100
3, 1564, Control_c, 0, 121, 0
3, 1920, Note_on_c, 0, 66, 69
3, 2304, Note_on_c, 0, 66, 0
3, 2304, Note_on_c, 0, 59, 62
3, 2304, Note_on_c, 0, 65, 62
3, 2688, Note_on_c, 0, 65, 0
3, 3264, Note_on_c, 0, 59, 0
3, 3456, Note_on_c, 0, 58, 53
3, 4128, Note_on_c, 0, 58, 0
3, 6144, Control_c, 0, 10, 64
3, 6144, Control_c, 0, 7, 127
3, 6144, Program_c, 0, 0
3, 6144, Control_c, 0, 7, 127
3, 6144, Program_c, 0, 0
3, 6912, Note_on_c, 0, 67, 60
3, 7680, Note_on_c, 0, 67, 0
3, 8064, Note_on_c, 0, 68, 65
3, 8448, Note_on_c, 0, 68, 0
3, 8448, Note_on_c, 0, 64, 57
3, 8448, Note_on_c, 0, 67, 62
3, 8784, Note_on_c, 0, 64, 0
3, 8832, Note_on_c, 0, 67, 0
3, 8832, Note_on_c, 0, 64, 56
3, 9216, Note_on_c, 0, 64, 0
3, 10752, Control_c, 0, 7, 127
3, 11520, Note_on_c, 0, 59, 53
3, 11520, Note_on_c, 0, 63, 48
3, 11904, Note_on_c, 0, 63, 0
3, 11904, Note_on_c, 0, 65, 58
3, 12288, Note_on_c, 0, 65, 0
3, 12288, Note_on_c, 0, 59, 0
3, 13824, Control_c, 0, 7, 127
3, 14592, Note_on_c, 0, 71, 71
3, 14592, Note_on_c, 0, 77, 74
3, 14976, Note_on_c, 0, 77, 0
3, 14976, Note_on_c, 0, 71, 0
3, 14976, Note_on_c, 0, 71, 60
3, 15552, Note_on_c, 0, 71, 0
3, 18432, Control_c, 0, 7, 127
3, 18816, Note_on_c, 0, 80, 63
3, 19200, Note_on_c, 0, 80, 0
3, 19200, Note_on_c, 0, 78, 61
3, 19584, Note_on_c, 0, 78, 0
3, 20352, Note_on_c, 0, 75, 63
3, 20736, Note_on_c, 0, 75, 0
3, 20736, Note_on_c, 0, 76, 69
3, 21120, Note_on_c, 0, 76, 0
3, 23040, Control_c, 0, 7, 127
3, 23808, Note_on_c, 0, 59, 60
3, 23808, Note_on_c, 0, 63, 61
3, 24192, Note_on_c, 0, 63, 0
3, 24192, Note_on_c, 0, 65, 67
3, 24576, Note_on_c, 0, 65, 0
3, 24576, Note_on_c, 0, 59, 0
3, 24864, Note_on_c, 0, 54, 60
3, 24864, Note_on_c, 0, 61, 60
3, 24960, Note_on_c, 0, 61, 0
3, 24960, Note_on_c, 0, 54, 0
3, 24960, Note_on_c, 0, 58, 64
3, 24960, Note_on_c, 0, 66, 64
3, 25142, Note_on_c, 0, 66, 0
3, 25152, Note_on_c, 0, 66, 72
3, 25152, Note_on_c, 0, 73, 72
3, 25248, Note_on_c, 0, 58, 0
3, 25344, Note_on_c, 0, 70, 80
3, 25344, Note_on_c, 0, 78, 80
3, 25440, Note_on_c, 0, 73, 0
3, 25440, Note_on_c, 0, 66, 0
3, 25632, Note_on_c, 0, 70, 0
3, 25632, Note_on_c, 0, 78, 0
3, 33024, Control_c, 0, 7, 127
3, 33408, Note_on_c, 0, 73, 55
3, 33792, Note_on_c, 0, 73, 0
3, 33792, Note_on_c, 0, 72, 59
3, 34368, Note_on_c, 0, 72, 0
3, 34944, Note_on_c, 0, 68, 55
3, 35520, Note_on_c, 0, 68, 0
3, 50304, Control_c, 0, 7, 127
3, 51264, Note_on_c, 0, 65, 58
3, 52008, Note_on_c, 0, 65, 0
3, 52032, Note_on_c, 0, 65, 62
3, 52776, Note_on_c, 0, 65, 0
3, 52800, Note_on_c, 0, 65, 59
3, 53376, Note_on_c, 0, 65, 0
3, 53760, Note_on_c, 0, 66, 69
3, 54144, Note_on_c, 0, 66, 0
3, 54144, Note_on_c, 0, 59, 62
3, 54144, Note_on_c, 0, 65, 62
3, 54528, Note_on_c, 0, 65, 0
3, 55104, Note_on_c, 0, 59, 0
3, 57984, Control_c, 0, 7, 127
3, 58752, Note_on_c, 0, 67, 69
3, 59520, Note_on_c, 0, 67, 0
3, 59520, End_track
4, 0, Start_track
4, 0, Title_t, "Piano"
4, 0, Program_c, 0, 0
4, 0, Control_c, 0, 7, 110
4, 0, Control_c, 0, 10, 51
4, 0, Control_c, 0, 91, 100
4, 1536, Control_c, 0, 64, 127
4, 1536, Note_on_c, 0, 30, 64
4, 1536, Note_on_c, 0, 42, 64
4, 1564, Control_c, 0, 121, 0
4, 1824, Note_on_c, 0, 42, 0
4, 1824, Note_on_c, 0, 30, 0
4, 1824, Note_on_c, 0, 49, 56
4, 1920, Note_on_c, 0, 49, 0
4, 1920, Note_on_c, 0, 61, 58
4, 2016, Note_on_c, 0, 61, 0
4, 2112, Note_on_c, 0, 49, 59
4, 2208, Note_on_c, 0, 49, 0
4, 2304, Note_on_c, 0, 61, 58
4, 2688, Note_on_c, 0, 61, 0
4, 2688, Note_on_c, 0, 37, 60
4, 3000, Control_c, 0, 64, 0
4, 3072, Note_on_c, 0, 37, 0
4, 3072, Note_on_c, 0, 30, 57
4, 3072, Note_on_c, 0, 42, 57
4, 3096, Control_c, 0, 64, 127
4, 3360, Note_on_c, 0, 42, 0
4, 3360, Note_on_c, 0, 30, 0
4, 3360, Note_on_c, 0, 49, 56
4, 3456, Note_on_c, 0, 49, 0
4, 3456, Note_on_c, 0, 61, 56
4, 3552, Note_on_c, 0, 61, 0
4, 3648, Note_on_c, 0, 49, 58
4, 3744, Note_on_c, 0, 49, 0
4, 3840, Note_on_c, 0, 42, 60
4, 4224, Note_on_c, 0, 42, 0
4, 4512, Control_c, 0, 64, 0
4, 4608, Note_on_c, 0, 27, 68
4, 4608, Note_on_c, 0, 39, 68
4, 4632, Control_c, 0, 64, 127
4, 4896, Note_on_c, 0, 39, 0
4, 4896, Note_on_c, 0, 27, 0
4, 4896, Note_on_c, 0, 51, 53
4, 4896, Note_on_c, 0, 58, 47
4, 4992, Note_on_c, 0, 58, 0
4, 4992, Note_on_c, 0, 51, 0
4, 4992, Note_on_c, 0, 54, 61
4, 4992, Note_on_c, 0, 61, 52
4, 5184, Note_on_c, 0, 61, 0
4, 5184, Note_on_c, 0, 54, 0
4, 5280, Control_c, 0, 64, 0
4, 5376, Note_on_c, 0, 32, 68
4, 5376, Note_on_c, 0, 44, 68
4, 5400, Control_c, 0, 64, 127
4, 5664, Note_on_c, 0, 44, 0
4, 5664, Note_on_c, 0, 32, 0
4, 5664, Note_on_c, 0, 51, 58
4, 5664, Note_on_c, 0, 60, 53
4, 5760, Note_on_c, 0, 60, 0
4, 5760, Note_on_c, 0, 51, 0
4, 5760, Note_on_c, 0, 56, 58
4, 5760, Note_on_c, 0, 63, 53
4, 5952, Note_on_c, 0, 63, 0
4, 5952, Note_on_c, 0, 56, 0
4, 6072, Control_c, 0, 64, 0
4, 6144, Note_on_c, 0, 37, 71
4, 6168, Control_c, 0, 64, 127
4, 6432, Note_on_c, 0, 37, 0
4, 6432, Note_on_c, 0, 54, 59
4, 6432, Note_on_c, 0, 61, 53
4, 6528, Note_on_c, 0, 61, 0
4, 6528, Note_on_c, 0, 54, 0
4, 6528, Control_c, 0, 64, 0
4, 6528, Note_on_c, 0, 56, 54
4, 6528, Note_on_c, 0, 65, 51
4, 6624, Note_on_c, 0, 65, 0
4, 6624, Note_on_c, 0, 56, 0
4, 6720, Note_on_c, 0, 53, 62
4, 6720, Note_on_c, 0, 61, 47
4, 6816, Note_on_c, 0, 61, 0
4, 6816, Note_on_c, 0, 53, 0
4, 6912, Note_on_c, 0, 63, 69
4, 7296, Note_on_c, 0, 63, 0
4, 7296, Note_on_c, 0, 51, 69
4, 7680, Note_on_c, 0, 51, 0
4, 7680, Note_on_c, 0, 32, 77
4, 7680, Note_on_c, 0, 44, 77
4, 7704, Control_c, 0, 64, 127
4, 7968, Note_on_c, 0, 44, 0
4, 7968, Note_on_c, 0, 32, 0
4, 7968, Note_on_c, 0, 51, 62
4, 8064, Note_on_c, 0, 51, 0
4, 8064, Note_on_c, 0, 63, 56
4, 8160, Note_on_c, 0, 63, 0
4, 8256, Note_on_c, 0, 51, 62
4, 8352, Note_on_c, 0, 51, 0
4, 8448, Note_on_c, 0, 61, 59
4, 8832, Note_on_c, 0, 61, 0
4, 8832, Note_on_c, 0, 61, 53
4, 8960, Note_on_c, 0, 61, 0
4, 8960, Note_on_c, 0, 59, 61
4, 9088, Note_on_c, 0, 59, 0
4, 9088, Note_on_c, 0, 58, 61
4, 9120, Control_c, 0, 64, 0
4, 9216, Note_on_c, 0, 58, 0
4, 9216, Note_on_c, 0, 56, 52
4, 9216, Note_on_c, 0, 61, 50
4, 9240, Control_c, 0, 64, 127
4, 9408, Note_on_c, 0, 61, 0
4, 9408, Note_on_c, 0, 56, 0
4, 9576, Control_c, 0, 64, 0
4, 9600, Note_on_c, 0, 59, 58
4, 10176, Note_on_c, 0, 59, 0
4, 10272, Note_on_c, 0, 59, 61
4, 10368, Note_on_c, 0, 59, 0
4, 10368, Note_on_c, 0, 63, 54
4, 10536, Note_on_c, 0, 63, 0
4, 10560, Note_on_c, 0, 59, 56
4, 10704, Note_on_c, 0, 59, 0
4, 10752, Note_on_c, 0, 58, 57
4, 11040, Note_on_c, 0, 58, 0
4, 11040, Note_on_c, 0, 54, 56
4, 11136, Note_on_c, 0, 51, 53
4, 11208, Note_on_c, 0, 54, 0
4, 11304, Note_on_c, 0, 51, 0
4, 11328, Note_on_c, 0, 47, 56
4, 11496, Note_on_c, 0, 47, 0
4, 11520, Note_on_c, 0, 49, 62
4, 11712, Note_on_c, 0, 37, 49
4, 11808, Note_on_c, 0, 49, 0
4, 11904, Note_on_c, 0, 61, 54
4, 11928, Note_on_c, 0, 37, 0
4, 12288, Note_on_c, 0, 61, 0
4, 12288, Note_on_c, 0, 30, 48
4, 12288, Note_on_c, 0, 42, 49
4, 12336, Control_c, 0, 64, 127
4, 12576, Note_on_c, 0, 49, 61
4, 12576, Note_on_c, 0, 58, 44
4, 12672, Note_on_c, 0, 58, 0
4, 12672, Note_on_c, 0, 49, 0
4, 12672, Note_on_c, 0, 54, 56
4, 12672, Note_on_c, 0, 61, 62
4, 12864, Note_on_c, 0, 61, 0
4, 12864, Note_on_c, 0, 54, 0
4, 12864, Note_on_c, 0, 58, 61
4, 12864, Note_on_c, 0, 66, 67
4, 13056, Note_on_c, 0, 66, 0
4, 13056, Note_on_c, 0, 58, 0
4, 13056, Note_on_c, 0, 61, 64
4, 13056, Note_on_c, 0, 70, 70
4, 13248, Note_on_c, 0, 70, 0
4, 13248, Note_on_c, 0, 61, 0
4, 13368, Control_c, 0, 64, 0
4, 13440, Note_on_c, 0, 37, 77
4, 13440, Note_on_c, 0, 49, 77
4, 13464, Control_c, 0, 64, 127
4, 13776, Control_c, 0, 64, 0
4, 13824, Note_on_c, 0, 49, 0
4, 13824, Note_on_c, 0, 30, 0
4, 13824, Note_on_c, 0, 42, 0
4, 13824, Note_on_c, 0, 37, 0
4, 13824, Control_c, 0, 64, 127
4, 13824, Note_on_c, 0, 30, 75
4, 13824, Note_on_c, 0, 42, 75
4, 14112, Note_on_c, 0, 49, 66
4, 14208, Note_on_c, 0, 49, 0
4, 14208, Note_on_c, 0, 61, 53
4, 14400, Note_on_c, 0, 61, 0
4, 14400, Note_on_c, 0, 61, 58
4, 14592, Note_on_c, 0, 61, 0
4, 14592, Control_c, 0, 64, 0
4, 14592, Note_on_c, 0, 73, 62
4, 14976, Note_on_c, 0, 73, 0
4, 14976, Note_on_c, 0, 37, 61
4, 14976, Note_on_c, 0, 49, 64
4, 15360, Note_on_c, 0, 49, 0
4, 15360, Note_on_c, 0, 30, 0
4, 15360, Note_on_c, 0, 42, 0
4, 15360, Note_on_c, 0, 37, 0
4, 15360, Control_c, 0, 64, 127
4, 15360, Note_on_c, 0, 30, 77
4, 15360, Note_on_c, 0, 42, 77
4, 15648, Note_on_c, 0, 49, 57
4, 15648, Note_on_c, 0, 58, 63
4, 15744, Note_on_c, 0, 58, 0
4, 15744, Note_on_c, 0, 49, 0
4, 15744, Note_on_c, 0, 54, 60
4, 15744, Note_on_c, 0, 61, 66
4, 15936, Note_on_c, 0, 61, 0
4, 15936, Note_on_c, 0, 54, 0
4, 15936, Note_on_c, 0, 58, 66
4, 15936, Note_on_c, 0, 66, 72
4, 16128, Note_on_c, 0, 66, 0
4, 16128, Note_on_c, 0, 58, 0
4, 16128, Note_on_c, 0, 61, 72
4, 16128, Note_on_c, 0, 70, 78
4, 16440, Control_c, 0, 64, 0
4, 16512, Note_on_c, 0, 70, 0
4, 16512, Note_on_c, 0, 61, 0
4, 16512, Note_on_c, 0, 58, 67
4, 16512, Note_on_c, 0, 66, 66
4, 16896, Note_on_c, 0, 66, 0
4, 16896, Note_on_c, 0, 30, 0
4, 16896, Note_on_c, 0, 42, 0
4, 16896, Note_on_c, 0, 58, 0
4, 16896, Note_on_c, 0, 27, 82
4, 16896, Note_on_c, 0, 39, 82
4, 16944, Control_c, 0, 64, 127
4, 17184, Note_on_c, 0, 54, 64
4, 17184, Note_on_c, 0, 61, 64
4, 17280, Note_on_c, 0, 61, 0
4, 17280, Note_on_c, 0, 54, 0
4, 17280, Note_on_c, 0, 58, 56
4, 17280, Note_on_c, 0, 66, 56
4, 17472, Note_on_c, 0, 66, 0
4, 17472, Note_on_c, 0, 58, 0
4, 17568, Control_c, 0, 64, 0
4, 17664, Note_on_c, 0, 39, 0
4, 17664, Note_on_c, 0, 27, 0
4, 17664, Note_on_c, 0, 32, 82
4, 17664, Note_on_c, 0, 44, 82
4, 17712, Control_c, 0, 64, 127
4, 17952, Note_on_c, 0, 51, 63
4, 17952, Note_on_c, 0, 60, 56
4, 18048, Note_on_c, 0, 60, 0
4, 18048, Note_on_c, 0, 51, 0
4, 18048, Note_on_c, 0, 56, 64
4, 18048, Note_on_c, 0, 66, 63
4, 18240, Note_on_c, 0, 66, 0
4, 18240, Note_on_c, 0, 56, 0
4, 18336, Control_c, 0, 64, 0
4, 18432, Note_on_c, 0, 44, 0
4, 18432, Note_on_c, 0, 32, 0
4, 18432, Note_on_c, 0, 25, 77
4, 18432, Note_on_c, 0, 37, 77
4, 18480, Control_c, 0, 64, 127
4, 18720, Note_on_c, 0, 53, 59
4, 18720, Note_on_c, 0, 61, 40
4, 18816, Note_on_c, 0, 61, 0
4, 18816, Note_on_c, 0, 53, 0
4, 18816, Note_on_c, 0, 56, 60
4, 18816, Note_on_c, 0, 65, 60
4, 19008, Note_on_c, 0, 65, 0
4, 19008, Note_on_c, 0, 56, 0
4, 19008, Note_on_c, 0, 53, 67
4, 19008, Note_on_c, 0, 61, 58
4, 19128, Control_c, 0, 64, 0
4, 19200, Note_on_c, 0, 61, 0
4, 19200, Note_on_c, 0, 25, 0
4, 19200, Note_on_c, 0, 37, 0
4, 19200, Note_on_c, 0, 53, 0
4, 19200, Note_on_c, 0, 27, 71
4, 19200, Note_on_c, 0, 39, 71
4, 19224, Control_c, 0, 64, 127
4, 19584, Note_on_c, 0, 61, 49
4, 19584, Note_on_c, 0, 63, 55
4, 19584, Note_on_c, 0, 67, 66
4, 19872, Control_c, 0, 64, 0
4, 19968, Note_on_c, 0, 67, 0
4, 19968, Note_on_c, 0, 61, 0
4, 19968, Note_on_c, 0, 27, 0
4, 19968, Note_on_c, 0, 39, 0
4, 19968, Note_on_c, 0, 63, 0
4, 19968, Note_on_c, 0, 32, 62
4, 19968, Note_on_c, 0, 44, 59
4, 20160, Note_on_c, 0, 51, 64
4, 20352, Note_on_c, 0, 51, 0
4, 20352, Note_on_c, 0, 63, 60
4, 20544, Note_on_c, 0, 63, 0
4, 20544, Note_on_c, 0, 51, 61
4, 20736, Note_on_c, 0, 51, 0
4, 20736, Note_on_c, 0, 44, 0
4, 20736, Note_on_c, 0, 32, 0
4, 20736, Note_on_c, 0, 61, 55
4, 20736, Note_on_c, 0, 64, 49
4, 20928, Note_on_c, 0, 51, 63
4, 21120, Note_on_c, 0, 51, 0
4, 21120, Note_on_c, 0, 64, 0
4, 21120, Note_on_c, 0, 61, 0
4, 21120, Note_on_c, 0, 61, 56
4, 21120, Note_on_c, 0, 64, 56
4, 21248, Note_on_c, 0, 59, 60
4, 21288, Note_on_c, 0, 61, 0
4, 21376, Note_on_c, 0, 58, 59
4, 21432, Note_on_c, 0, 59, 0
4, 21504, Note_on_c, 0, 58, 0
4, 21504, Note_on_c, 0, 64, 0
4, 21504, Note_on_c, 0, 61, 53
4, 21504, Note_on_c, 0, 64, 53
4, 21696, Note_on_c, 0, 64, 0
4, 21696, Note_on_c, 0, 61, 0
4, 21888, Note_on_c, 0, 59, 63
4, 21888, Note_on_c, 0, 63, 62
4, 22464, Note_on_c, 0, 63, 0
4, 22464, Note_on_c, 0, 59, 0
4, 22560, Note_on_c, 0, 59, 57
4, 22656, Note_on_c, 0, 59, 0
4, 22656, Note_on_c, 0, 63, 44
4, 22800, Note_on_c, 0, 63, 0
4, 22848, Note_on_c, 0, 59, 47
4, 22992, Note_on_c, 0, 59, 0
4, 23040, Note_on_c, 0, 58, 49
4, 23328, Note_on_c, 0, 58, 0
4, 23328, Note_on_c, 0, 54, 56
4, 23424, Note_on_c, 0, 54, 0
4, 23424, Note_on_c, 0, 51, 53
4, 23568, Note_on_c, 0, 51, 0
4, 23616, Note_on_c, 0, 47, 54
4, 23760, Note_on_c, 0, 47, 0
4, 23808, Note_on_c, 0, 49, 60
4, 24000, Note_on_c, 0, 49, 0
4, 24000, Note_on_c, 0, 37, 53
4, 24192, Note_on_c, 0, 37, 0
4, 24192, Note_on_c, 0, 61, 60
4, 24576, Note_on_c, 0, 61, 0
4, 24576, Note_on_c, 0, 30, 58
4, 24576, Note_on_c, 0, 42, 59
4, 24624, Control_c, 0, 64, 127
4, 25536, Note_on_c, 0, 42, 0
4, 25536, Note_on_c, 0, 30, 0
4, 25584, Control_c, 0, 64, 0
4, 26112, Note_on_c, 0, 58, 75
4, 26112, Note_on_c, 0, 65, 75
4, 26112, Note_on_c, 0, 70, 75
4, 26136, Control_c, 0, 64, 127
4, 26688, Note_on_c, 0, 70, 0
4, 26688, Note_on_c, 0, 65, 0
4, 26688, Note_on_c, 0, 58, 0
4, 26688, Note_on_c, 0, 66, 59
4, 26688, Note_on_c, 0, 70, 53
4, 26808, Control_c, 0, 64, 0
4, 26880, Note_on_c, 0, 70, 0
4, 26880, Note_on_c, 0, 66, 0
4, 26880, Note_on_c, 0, 58, 77
4, 26880, Note_on_c, 0, 65, 77
4, 26880, Note_on_c, 0, 70, 77
4, 26904, Control_c, 0, 64, 127
4, 27456, Note_on_c, 0, 70, 0
4, 27456, Note_on_c, 0, 65, 0
4, 27456, Note_on_c, 0, 58, 0
4, 27456, Note_on_c, 0, 66, 63
4, 27552, Control_c, 0, 64, 0
4, 27648, Note_on_c, 0, 66, 0
4, 27648, Note_on_c, 0, 58, 76
4, 27648, Note_on_c, 0, 65, 75
4, 27672, Control_c, 0, 64, 127
4, 27840, Note_on_c, 0, 65, 0
4, 27840, Note_on_c, 0, 63, 60
4, 28008, Control_c, 0, 64, 0
4, 28032, Note_on_c, 0, 63, 0
4, 28032, Note_on_c, 0, 58, 0
4, 28032, Note_on_c, 0, 58, 50
4, 28032, Note_on_c, 0, 61, 56
4, 28416, Note_on_c, 0, 61, 0
4, 28416, Note_on_c, 0, 58, 0
4, 28608, Note_on_c, 0, 56, 48
4, 28800, Note_on_c, 0, 56, 0
4, 28800, Note_on_c, 0, 54, 53
4, 28992, Note_on_c, 0, 54, 0
4, 28992, Note_on_c, 0, 53, 56
4, 29184, Note_on_c, 0, 53, 0
4, 29184, Note_on_c, 0, 39, 58
4, 29184, Note_on_c, 0, 51, 60
4, 29208, Control_c, 0, 64, 127
4, 29280, Note_on_c, 0, 51, 0
4, 29280, Note_on_c, 0, 39, 0
4, 29376, Note_on_c, 0, 51, 50
4, 29376, Note_on_c, 0, 54, 57
4, 29376, Note_on_c, 0, 58, 43
4, 29472, Note_on_c, 0, 58, 0
4, 29472, Note_on_c, 0, 54, 0
4, 29472, Note_on_c, 0, 51, 0
4, 29760, Note_on_c, 0, 37, 48
4, 29760, Note_on_c, 0, 49, 51
4, 29832, Control_c, 0, 64, 0
4, 29856, Note_on_c, 0, 49, 0
4, 29856, Note_on_c, 0, 37, 0
4, 29952, Note_on_c, 0, 39, 52
4, 29952, Note_on_c, 0, 51, 60
4, 29976, Control_c, 0, 64, 127
4, 30048, Note_on_c, 0, 51, 0
4, 30048, Note_on_c, 0, 39, 0
4, 30144, Note_on_c, 0, 51, 54
4, 30144, Note_on_c, 0, 54, 56
4, 30144, Note_on_c, 0, 58, 49
4, 30240, Note_on_c, 0, 58, 0
4, 30240, Note_on_c, 0, 54, 0
4, 30240, Note_on_c, 0, 51, 0
4, 30528, Note_on_c, 0, 37, 49
4, 30528, Note_on_c, 0, 49, 57
4, 30624, Note_on_c, 0, 49, 0
4, 30624, Note_on_c, 0, 37, 0
4, 30648, Control_c, 0, 64, 0
4, 30720, Note_on_c, 0, 39, 45
4, 30720, Note_on_c, 0, 51, 39
4, 30816, Note_on_c, 0, 51, 0
4, 30816, Note_on_c, 0, 39, 0
4, 30912, Note_on_c, 0, 37, 47
4, 30912, Note_on_c, 0, 49, 51
4, 31008, Note_on_c, 0, 49, 0
4, 31008, Note_on_c, 0, 37, 0
4, 31104, Control_c, 0, 64, 127
4, 31104, Note_on_c, 0, 41, 50
4, 31104, Note_on_c, 0, 53, 53
4, 32448, Note_on_c, 0, 53, 0
4, 32448, Note_on_c, 0, 41, 0
4, 32448, Control_c, 0, 64, 0
4, 33024, Control_c, 0, 64, 127
4, 33024, Note_on_c, 0, 37, 48
4, 33312, Note_on_c, 0, 56, 55
4, 33408, Note_on_c, 0, 56, 0
4, 33408, Note_on_c, 0, 65, 54
4, 33600, Note_on_c, 0, 65, 0
4, 33600, Control_c, 0, 64, 0
4, 33600, Note_on_c, 0, 56, 56
4, 33792, Note_on_c, 0, 56, 0
4, 33792, Note_on_c, 0, 37, 0
4, 33792, Note_on_c, 0, 66, 61
4, 33792, Note_on_c, 0, 69, 59
4, 34176, Note_on_c, 0, 69, 0
4, 34176, Note_on_c, 0, 66, 0
4, 34176, Note_on_c, 0, 56, 64
4, 34560, Note_on_c, 0, 56, 0
4, 34560, Note_on_c, 0, 37, 58
4, 34560, Note_on_c, 0, 49, 61
4, 34608, Control_c, 0, 64, 127
4, 34848, Note_on_c, 0, 53, 57
4, 34848, Note_on_c, 0, 61, 49
4, 34944, Note_on_c, 0, 61, 0
4, 34944, Note_on_c, 0, 53, 0
4, 34944, Note_on_c, 0, 56, 53
4, 34944, Note_on_c, 0, 65, 57
4, 35136, Note_on_c, 0, 65, 0
4, 35136, Note_on_c, 0, 56, 0
4, 35136, Note_on_c, 0, 53, 64
4, 35136, Note_on_c, 0, 61, 48
4, 35232, Control_c, 0, 64, 0
4, 35328, Note_on_c, 0, 61, 0
4, 35328, Note_on_c, 0, 37, 0
4, 35328, Note_on_c, 0, 49, 0
4, 35328, Note_on_c, 0, 53, 0
4, 35328, Note_on_c, 0, 56, 56
4, 35328, Note_on_c, 0, 65, 55
4, 35520, Note_on_c, 0, 65, 0
4, 35520, Note_on_c, 0, 56, 0
4, 35616, Note_on_c, 0, 49, 58
4, 35712, Note_on_c, 0, 53, 74
4, 35808, Note_on_c, 0, 49, 0
4, 35904, Note_on_c, 0, 53, 0
4, 35904, Note_on_c, 0, 36, 88
4, 35904, Note_on_c, 0, 48, 88
4, 36096, Note_on_c, 0, 48, 0
4, 36096, Note_on_c, 0, 36, 0
4, 36096, Note_on_c, 0, 29, 68
4, 36096, Note_on_c, 0, 41, 68
4, 36144, Control_c, 0, 64, 127
4, 36384, Note_on_c, 0, 41, 0
4, 36384, Note_on_c, 0, 29, 0
4, 36384, Note_on_c, 0, 53, 62
4, 36480, Note_on_c, 0, 53, 0
4, 36480, Control_c, 0, 64, 0
4, 36480, Note_on_c, 0, 56, 53
4, 36576, Note_on_c, 0, 56, 0
4, 36672, Note_on_c, 0, 39, 71
4, 36672, Note_on_c, 0, 51, 71
4, 36864, Note_on_c, 0, 51, 0
4, 36864, Note_on_c, 0, 39, 0
4, 36864, Note_on_c, 0, 32, 68
4, 36864, Note_on_c, 0, 44, 68
4, 36888, Control_c, 0, 64, 127
4, 37152, Note_on_c, 0, 44, 0
4, 37152, Note_on_c, 0, 32, 0
4, 37152, Note_on_c, 0, 56, 61
4, 37248, Note_on_c, 0, 56, 0
4, 37248, Control_c, 0, 64, 0
4, 37248, Note_on_c, 0, 60, 63
4, 37344, Note_on_c, 0, 60, 0
4, 37440, Note_on_c, 0, 43, 68
4, 37440, Note_on_c, 0, 55, 68
4, 37632, Note_on_c, 0, 55, 0
4, 37632, Note_on_c, 0, 43, 0
4, 37632, Note_on_c, 0, 36, 80
4, 37632, Note_on_c, 0, 48, 80
4, 37920, Note_on_c, 0, 48, 0
4, 37920, Note_on_c, 0, 36, 0
4, 37920, Note_on_c, 0, 29, 77
4, 37920, Note_on_c, 0, 41, 77
4, 37944, Control_c, 0, 64, 127
4, 38016, Note_on_c, 0, 48, 86
4, 38016, Note_on_c, 0, 53, 85
4, 38016, Note_on_c, 0, 57, 93
4, 38592, Note_on_c, 0, 57, 0
4, 38592, Note_on_c, 0, 48, 0
4, 38592, Note_on_c, 0, 29, 0
4, 38592, Note_on_c, 0, 41, 0
4, 38592, Note_on_c, 0, 53, 0
4, 38976, Control_c, 0, 64, 0
4, 39072, Note_on_c, 0, 58, 62
4, 39168, Note_on_c, 0, 58, 0
4, 39168, Note_on_c, 0, 61, 67
4, 39360, Note_on_c, 0, 61, 0
4, 39360, Note_on_c, 0, 60, 72
4, 39360, Note_on_c, 0, 63, 59
4, 39552, Note_on_c, 0, 63, 0
4, 39552, Note_on_c, 0, 60, 0
4, 39552, Note_on_c, 0, 61, 65
4, 39552, Note_on_c, 0, 65, 66
4, 39840, Note_on_c, 0, 65, 0
4, 39840, Note_on_c, 0, 61, 0
4, 39840, Note_on_c, 0, 34, 73
4, 39840, Note_on_c, 0, 46, 73
4, 39936, Note_on_c, 0, 46, 0
4, 39936, Note_on_c, 0, 34, 0
4, 39936, Control_c, 0, 64, 127
4, 39936, Note_on_c, 0, 34, 73
4, 39936, Note_on_c, 0, 46, 73
4, 40128, Note_on_c, 0, 60, 65
4, 40128, Note_on_c, 0, 63, 58
4, 40296, Note_on_c, 0, 46, 0
4, 40320, Note_on_c, 0, 63, 0
4, 40320, Note_on_c, 0, 60, 0
4, 40320, Control_c, 0, 64, 0
4, 40320, Note_on_c, 0, 61, 61
4, 40320, Note_on_c, 0, 65, 63
4, 40368, Note_on_c, 0, 34, 0
4, 40608, Note_on_c, 0, 34, 73
4, 40608, Note_on_c, 0, 46, 73
4, 40704, Note_on_c, 0, 46, 0
4, 40704, Note_on_c, 0, 34, 0
4, 40704, Note_on_c, 0, 34, 73
4, 40704, Note_on_c, 0, 46, 73
4, 40752, Control_c, 0, 64, 127
4, 40896, Note_on_c, 0, 65, 0
4, 40896, Note_on_c, 0, 61, 0
4, 40896, Note_on_c, 0, 60, 62
4, 40896, Note_on_c, 0, 63, 57
4, 41088, Note_on_c, 0, 63, 0
4, 41088, Note_on_c, 0, 46, 0
4, 41088, Note_on_c, 0, 34, 0
4, 41088, Note_on_c, 0, 60, 0
4, 41088, Control_c, 0, 64, 0
4, 41088, Note_on_c, 0, 58, 79
4, 41088, Note_on_c, 0, 61, 79
4, 41280, Note_on_c, 0, 61, 0
4, 41280, Note_on_c, 0, 58, 0
4, 41280, Note_on_c, 0, 53, 75
4, 41280, Note_on_c, 0, 60, 75
4, 41472, Note_on_c, 0, 60, 0
4, 41472, Note_on_c, 0, 53, 0
4, 41472, Note_on_c, 0, 49, 75
4, 41472, Note_on_c, 0, 58, 75
4, 41664, Note_on_c, 0, 58, 0
4, 41664, Note_on_c, 0, 49, 0
4, 42048, Note_on_c, 0, 44, 43
4, 42048, Note_on_c, 0, 56, 46
4, 42144, Note_on_c, 0, 56, 0
4, 42144, Note_on_c, 0, 44, 0
4, 42240, Note_on_c, 0, 42, 56
4, 42240, Note_on_c, 0, 54, 58
4, 42336, Note_on_c, 0, 54, 0
4, 42336, Note_on_c, 0, 42, 0
4, 42432, Note_on_c, 0, 41, 60
4, 42432, Note_on_c, 0, 53, 61
4, 42528, Note_on_c, 0, 53, 0
4, 42528, Note_on_c, 0, 41, 0
4, 42624, Note_on_c, 0, 39, 58
4, 42624, Note_on_c, 0, 51, 64
4, 42720, Note_on_c, 0, 51, 0
4, 42720, Note_on_c, 0, 39, 0
4, 42816, Note_on_c, 0, 51, 58
4, 42816, Note_on_c, 0, 54, 62
4, 42816, Note_on_c, 0, 58, 50
4, 43008, Note_on_c, 0, 58, 0
4, 43008, Note_on_c, 0, 54, 0
4, 43008, Note_on_c, 0, 51, 0
4, 43200, Note_on_c, 0, 37, 49
4, 43200, Note_on_c, 0, 49, 48
4, 43296, Note_on_c, 0, 49, 0
4, 43296, Note_on_c, 0, 37, 0
4, 43392, Note_on_c, 0, 39, 53
4, 43392, Note_on_c, 0, 51, 57
4, 43488, Note_on_c, 0, 51, 0
4, 43488, Note_on_c, 0, 39, 0
4, 43584, Note_on_c, 0, 51, 56
4, 43584, Note_on_c, 0, 54, 59
4, 43584, Note_on_c, 0, 58, 47
4, 43776, Note_on_c, 0, 58, 0
4, 43776, Note_on_c, 0, 54, 0
4, 43776, Note_on_c, 0, 51, 0
4, 43968, Note_on_c, 0, 37, 50
4, 43968, Note_on_c, 0, 49, 54
4, 44064, Note_on_c, 0, 49, 0
4, 44064, Note_on_c, 0, 37, 0
4, 44160, Note_on_c, 0, 39, 52
4, 44160, Note_on_c, 0, 51, 53
4, 44256, Note_on_c, 0, 51, 0
4, 44256, Note_on_c, 0, 39, 0
4, 44352, Note_on_c, 0, 37, 52
4, 44352, Note_on_c, 0, 49, 56
4, 44448, Note_on_c, 0, 49, 0
4, 44448, Note_on_c, 0, 37, 0
4, 44544, Note_on_c, 0, 41, 50
4, 44544, Note_on_c, 0, 53, 50
4, 44928, Note_on_c, 0, 41, 0
4, 45216, Note_on_c, 0, 53, 0
4, 45216, Note_on_c, 0, 53, 70
4, 45312, Note_on_c, 0, 49, 76
4, 45384, Note_on_c, 0, 53, 0
4, 45408, Note_on_c, 0, 49, 0
4, 45504, Note_on_c, 0, 48, 81
4, 45600, Note_on_c, 0, 48, 0
4, 45696, Note_on_c, 0, 46, 92
4, 45984, Note_on_c, 0, 46, 0
4, 45984, Note_on_c, 0, 48, 84
4, 46080, Note_on_c, 0, 48, 0
4, 46080, Note_on_c, 0, 49, 79
4, 46176, Note_on_c, 0, 49, 0
4, 46272, Note_on_c, 0, 51, 84
4, 46368, Note_on_c, 0, 51, 0
4, 46464, Note_on_c, 0, 52, 92
4, 46752, Note_on_c, 0, 52, 0
4, 46752, Note_on_c, 0, 53, 81
4, 46848, Note_on_c, 0, 53, 0
4, 46848, Note_on_c, 0, 49, 84
4, 46944, Note_on_c, 0, 49, 0
4, 47040, Note_on_c, 0, 48, 89
4, 47136, Note_on_c, 0, 48, 0
4, 47232, Note_on_c, 0, 34, 95
4, 47232, Note_on_c, 0, 46, 95
4, 47520, Note_on_c, 0, 46, 0
4, 47520, Note_on_c, 0, 34, 0
4, 47520, Note_on_c, 0, 36, 80
4, 47520, Note_on_c, 0, 48, 81
4, 47616, Note_on_c, 0, 48, 0
4, 47616, Note_on_c, 0, 36, 0
4, 47616, Note_on_c, 0, 37, 76
4, 47616, Note_on_c, 0, 49, 78
4, 47712, Note_on_c, 0, 49, 0
4, 47712, Note_on_c, 0, 37, 0
4, 47808, Note_on_c, 0, 39, 83
4, 47808, Note_on_c, 0, 51, 89
4, 47904, Note_on_c, 0, 51, 0
4, 47904, Note_on_c, 0, 39, 0
4, 48000, Note_on_c, 0, 40, 97
4, 48000, Note_on_c, 0, 52, 97
4, 48288, Note_on_c, 0, 52, 0
4, 48288, Note_on_c, 0, 40, 0
4, 48288, Note_on_c, 0, 41, 76
4, 48288, Note_on_c, 0, 53, 85
4, 48384, Note_on_c, 0, 53, 0
4, 48384, Note_on_c, 0, 41, 0
4, 48384, Note_on_c, 0, 37, 88
4, 48384, Note_on_c, 0, 49, 88
4, 48480, Note_on_c, 0, 49, 0
4, 48480, Note_on_c, 0, 37, 0
4, 48576, Note_on_c, 0, 36, 85
4, 48576, Note_on_c, 0, 48, 85
4, 48672, Note_on_c, 0, 48, 0
4, 48672, Note_on_c, 0, 36, 0
4, 48768, Note_on_c, 0, 34, 75
4, 48768, Note_on_c, 0, 46, 75
4, 48864, Note_on_c, 0, 46, 0
4, 48864, Note_on_c, 0, 34, 0
4, 48960, Note_on_c, 0, 32, 69
4, 48960, Note_on_c, 0, 44, 69
4, 49056, Note_on_c, 0, 44, 0
4, 49056, Note_on_c, 0, 32, 0
4, 49152, Note_on_c, 0, 30, 64
4, 49152, Note_on_c, 0, 42, 64
4, 49248, Note_on_c, 0, 42, 0
4, 49248, Note_on_c, 0, 30, 0
4, 49344, Note_on_c, 0, 29, 58
4, 49344, Note_on_c, 0, 41, 58
4, 49440, Note_on_c, 0, 41, 0
4, 49440, Note_on_c, 0, 29, 0
4, 49536, Note_on_c, 0, 27, 56
4, 49536, Note_on_c, 0, 39, 52
4, 49728, Note_on_c, 0, 39, 0
4, 49728, Note_on_c, 0, 27, 0
4, 49920, Note_on_c, 0, 29, 54
4, 49920, Note_on_c, 0, 41, 58
4, 50112, Note_on_c, 0, 41, 0
4, 50112, Note_on_c, 0, 29, 0
4, 50304, Control_c, 0, 64, 127
4, 50304, Note_on_c, 0, 22, 70
4, 50304, Note_on_c, 0, 34, 70
4, 50880, Note_on_c, 0, 34, 0
4, 50880, Note_on_c, 0, 22, 0
4, 50880, Control_c, 0, 64, 0
4, 51072, Control_c, 0, 64, 127
4, 51072, Note_on_c, 0, 22, 64
4, 51072, Note_on_c, 0, 34, 64
4, 51648, Note_on_c, 0, 34, 0
4, 51648, Note_on_c, 0, 22, 0
4, 51648, Control_c, 0, 64, 0
4, 51840, Control_c, 0, 64, 127
4, 51840, Note_on_c, 0, 22, 60
4, 51840, Note_on_c, 0, 34, 60
4, 52416, Note_on_c, 0, 34, 0
4, 52416, Note_on_c, 0, 22, 0
4, 52416, Control_c, 0, 64, 0
4, 52608, Control_c, 0, 64, 127
4, 52608, Note_on_c, 0, 37, 43
4, 52608, Note_on_c, 0, 49, 46
4, 53280, Control_c, 0, 64, 0
4, 53376, Note_on_c, 0, 49, 0
4, 53376, Note_on_c, 0, 37, 0
4, 53376, Control_c, 0, 64, 127
4, 53376, Note_on_c, 0, 30, 41
4, 53376, Note_on_c, 0, 42, 35
4, 53664, Note_on_c, 0, 42, 0
4, 53664, Note_on_c, 0, 30, 0
4, 53664, Note_on_c, 0, 49, 44
4, 53760, Note_on_c, 0, 49, 0
4, 53760, Control_c, 0, 64, 0
4, 53760, Note_on_c, 0, 61, 42
4, 53856, Note_on_c, 0, 61, 0
4, 53952, Note_on_c, 0, 49, 48
4, 54048, Note_on_c, 0, 49, 0
4, 54144, Note_on_c, 0, 61, 38
4, 54528, Note_on_c, 0, 61, 0
4, 54528, Note_on_c, 0, 49, 44
4, 54912, Note_on_c, 0, 49, 0
4, 54912, Control_c, 0, 64, 127
4, 54912, Note_on_c, 0, 30, 36
4, 54912, Note_on_c, 0, 42, 35
4, 55200, Note_on_c, 0, 42, 0
4, 55200, Note_on_c, 0, 30, 0
4, 55200, Note_on_c, 0, 49, 47
4, 55296, Note_on_c, 0, 49, 0
4, 55296, Note_on_c, 0, 61, 47
4, 55392, Note_on_c, 0, 61, 0
4, 55392, Control_c, 0, 64, 0
4, 55488, Note_on_c, 0, 49, 51
4, 55584, Note_on_c, 0, 49, 0
4, 55680, Note_on_c, 0, 42, 34
4, 56064, Note_on_c, 0, 42, 0
4, 56448, Control_c, 0, 64, 127
4, 56448, Note_on_c, 0, 27, 66
4, 56448, Note_on_c, 0, 39, 66
4, 56736, Note_on_c, 0, 39, 0
4, 56736, Note_on_c, 0, 27, 0
4, 56736, Note_on_c, 0, 51, 47
4, 56736, Note_on_c, 0, 58, 37
4, 56832, Note_on_c, 0, 58, 0
4, 56832, Note_on_c, 0, 51, 0
4, 56832, Control_c, 0, 64, 0
4, 56832, Note_on_c, 0, 54, 46
4, 56832, Note_on_c, 0, 61, 38
4, 57024, Note_on_c, 0, 61, 0
4, 57024, Note_on_c, 0, 54, 0
4, 57216, Control_c, 0, 64, 127
4, 57216, Note_on_c, 0, 32, 71
4, 57216, Note_on_c, 0, 44, 71
4, 57504, Note_on_c, 0, 44, 0
4, 57504, Note_on_c, 0, 32, 0
4, 57504, Control_c, 0, 64, 0
4, 57504, Note_on_c, 0, 51, 50
4, 57504, Note_on_c, 0, 60, 39
4, 57600, Note_on_c, 0, 60, 0
4, 57600, Note_on_c, 0, 51, 0
4, 57600, Note_on_c, 0, 56, 40
4, 57600, Note_on_c, 0, 63, 42
4, 57792, Note_on_c, 0, 63, 0
4, 57792, Note_on_c, 0, 56, 0
4, 57984, Control_c, 0, 64, 127
4, 57984, Note_on_c, 0, 37, 71
4, 58272, Note_on_c, 0, 37, 0
4, 58272, Note_on_c, 0, 53, 46
4, 58272, Note_on_c, 0, 61, 26
4, 58368, Note_on_c, 0, 61, 0
4, 58368, Note_on_c, 0, 53, 0
4, 58368, Control_c, 0, 64, 0
4, 58368, Note_on_c, 0, 56, 40
4, 58368, Note_on_c, 0, 65, 43
4, 58464, Note_on_c, 0, 65, 0
4, 58464, Note_on_c, 0, 56, 0
4, 58560, Note_on_c, 0, 53, 54
4, 58560, Note_on_c, 0, 61, 36
4, 58656, Note_on_c, 0, 61, 0
4, 58656, Note_on_c, 0, 53, 0
4, 58752, Note_on_c, 0, 63, 48
4, 59136, Note_on_c, 0, 63, 0
4, 59136, Note_on_c, 0, 51, 54
4, 59520, Note_on_c, 0, 51, 0
4, 59520, Note_on_c, 0, 32, 73
4, 59520, Note_on_c, 0, 44, 73
4, 59544, Control_c, 0, 64, 127
4, 59808, Note_on_c, 0, 51, 63
4, 59880, Note_on_c, 0, 44, 0
4, 59880, Note_on_c, 0, 32, 0
4, 59904, Note_on_c, 0, 63, 63
4, 59952, Note_on_c, 0, 51, 0
4, 60048, Note_on_c, 0, 63, 0
4, 60096, Note_on_c, 0, 51, 61
4, 60192, Note_on_c, 0, 51, 0
4, 60192, Control_c, 0, 64, 0
4, 60288, Note_on_c, 0, 61, 62
4, 60648, Note_on_c, 0, 61, 0
4, 60672, Note_on_c, 0, 61, 52
4, 60800, Note_on_c, 0, 59, 51
4, 60840, Note_on_c, 0, 61, 0
4, 60928, Note_on_c, 0, 58, 60
4, 61008, Note_on_c, 0, 59, 0
4, 61056, Note_on_c, 0, 58, 0
4, 61056, Note_on_c, 0, 56, 55
4, 61056, Note_on_c, 0, 61, 57
4, 61248, Note_on_c, 0, 61, 0
4, 61248, Note_on_c, 0, 56, 0
4, 61440, Note_on_c, 0, 59, 62
4, 62016, Note_on_c, 0, 59, 0
4, 62112, Note_on_c, 0, 59, 56
4, 62208, Note_on_c, 0, 59, 0
4, 62208, Note_on_c, 0, 63, 53
4, 62304, Note_on_c, 0, 63, 0
4, 62400, Note_on_c, 0, 59, 57
4, 62496, Note_on_c, 0, 59, 0
4, 62592, Note_on_c, 0, 58, 62
4, 62880, Note_on_c, 0, 58, 0
4, 62880, Note_on_c, 0, 54, 52
4, 62976, Note_on_c, 0, 51, 57
4, 63024, Note_on_c, 0, 54, 0
4, 63144, Note_on_c, 0, 51, 0
4, 63168, Note_on_c, 0, 47, 55
4, 63312, Note_on_c, 0, 47, 0
4, 63360, Note_on_c, 0, 49, 56
4, 63552, Note_on_c, 0, 37, 49
4, 63648, Note_on_c, 0, 49, 0
4, 63696, Note_on_c, 0, 37, 0
4, 63744, Note_on_c, 0, 61, 57
4, 64128, Note_on_c, 0, 61, 0
4, 64128, Note_on_c, 0, 30, 51
4, 64128, Note_on_c, 0, 42, 45
4, 64416, Note_on_c, 0, 49, 56
4, 64416, Note_on_c, 0, 58, 62
4, 64512, Note_on_c, 0, 58, 0
4, 64512, Note_on_c, 0, 49, 0
4, 64512, Note_on_c, 0, 54, 60
4, 64512, Note_on_c, 0, 61, 66
4, 64704, Note_on_c, 0, 61, 0
4, 64704, Note_on_c, 0, 54, 0
4, 64704, Note_on_c, 0, 58, 67
4, 64704, Note_on_c, 0, 66, 73
4, 64896, Note_on_c, 0, 66, 0
4, 64896, Note_on_c, 0, 58, 0
4, 64896, Note_on_c, 0, 61, 74
4, 64896, Note_on_c, 0, 70, 80
4, 65088, Note_on_c, 0, 70, 0
4, 65088, Note_on_c, 0, 61, 0
4, 65280, Note_on_c, 0, 37, 68
4, 65280, Note_on_c, 0, 49, 74
4, 65304, Control_c, 0, 64, 127
4, 65616, Control_c, 0, 64, 0
4, 65664, Note_on_c, 0, 49, 0
4, 65664, Note_on_c, 0, 30, 0
4, 65664, Note_on_c, 0, 42, 0
4, 65664, Note_on_c, 0, 37, 0
4, 65664, Note_on_c, 0, 30, 77
4, 65664, Note_on_c, 0, 42, 77
4, 65688, Control_c, 0, 64, 127
4, 65952, Note_on_c, 0, 49, 67
4, 66048, Note_on_c, 0, 49, 0
4, 66048, Note_on_c, 0, 61, 69
4, 66120, Control_c, 0, 64, 0
4, 66204, Note_on_c, 0, 61, 0
4, 66240, Note_on_c, 0, 61, 67
4, 66432, Note_on_c, 0, 61, 0
4, 66432, Note_on_c, 0, 73, 63
4, 66816, Note_on_c, 0, 73, 0
4, 66816, Note_on_c, 0, 37, 48
4, 66816, Note_on_c, 0, 49, 61
4, 67200, Note_on_c, 0, 49, 0
4, 67200, Note_on_c, 0, 30, 0
4, 67200, Note_on_c, 0, 42, 0
4, 67200, Note_on_c, 0, 37, 0
4, 67200, Note_on_c, 0, 30, 73
4, 67200, Note_on_c, 0, 42, 73
4, 67248, Control_c, 0, 64, 127
4, 67488, Note_on_c, 0, 49, 69
4, 67488, Note_on_c, 0, 58, 67
4, 67584, Note_on_c, 0, 58, 0
4, 67584, Note_on_c, 0, 49, 0
4, 67584, Note_on_c, 0, 54, 69
4, 67584, Note_on_c, 0, 61, 66
4, 67776, Note_on_c, 0, 61, 0
4, 67776, Note_on_c, 0, 54, 0
4, 67776, Note_on_c, 0, 58, 67
4, 67776, Note_on_c, 0, 66, 65
4, 67896, Control_c, 0, 64, 0
4, 67968, Note_on_c, 0, 66, 0
4, 67968, Note_on_c, 0, 58, 0
4, 67968, Note_on_c, 0, 61, 74
4, 67968, Note_on_c, 0, 70, 71
4, 68352, Note_on_c, 0, 70, 0
4, 68352, Note_on_c, 0, 61, 0
4, 68352, Note_on_c, 0, 58, 69
4, 68352, Note_on_c, 0, 66, 69
4, 68736, Note_on_c, 0, 66, 0
4, 68736, Note_on_c, 0, 30, 0
4, 68736, Note_on_c, 0, 42, 0
4, 68736, Note_on_c, 0, 58, 0
4, 68736, Note_on_c, 0, 27, 82
4, 68736, Note_on_c, 0, 39, 82
4, 68784, Control_c, 0, 64, 127
4, 69024, Note_on_c, 0, 54, 65
4, 69024, Note_on_c, 0, 61, 63
4, 69120, Note_on_c, 0, 61, 0
4, 69120, Note_on_c, 0, 54, 0
4, 69120, Note_on_c, 0, 58, 66
4, 69120, Note_on_c, 0, 66, 64
4, 69312, Note_on_c, 0, 66, 0
4, 69312, Note_on_c, 0, 58, 0
4, 69408, Control_c, 0, 64, 0
4, 69504, Note_on_c, 0, 39, 0
4, 69504, Note_on_c, 0, 27, 0
4, 69504, Note_on_c, 0, 32, 77
4, 69504, Note_on_c, 0, 44, 77
4, 69528, Control_c, 0, 64, 127
4, 69792, Note_on_c, 0, 51, 69
4, 69792, Note_on_c, 0, 60, 60
4, 69888, Note_on_c, 0, 60, 0
4, 69888, Note_on_c, 0, 51, 0
4, 69888, Note_on_c, 0, 56, 60
4, 69888, Note_on_c, 0, 66, 56
4, 70080, Note_on_c, 0, 66, 0
4, 70080, Note_on_c, 0, 56, 0
4, 70176, Control_c, 0, 64, 0
4, 70272, Note_on_c, 0, 44, 0
4, 70272, Note_on_c, 0, 32, 0
4, 70272, Note_on_c, 0, 25, 79
4, 70272, Note_on_c, 0, 37, 79
4, 70320, Control_c, 0, 64, 127
4, 70560, Note_on_c, 0, 53, 60
4, 70560, Note_on_c, 0, 61, 54
4, 70656, Note_on_c, 0, 61, 0
4, 70656, Note_on_c, 0, 53, 0
4, 70656, Note_on_c, 0, 56, 50
4, 70656, Note_on_c, 0, 65, 58
4, 70848, Note_on_c, 0, 65, 0
4, 70848, Note_on_c, 0, 56, 0
4, 70848, Note_on_c, 0, 53, 61
4, 70848, Note_on_c, 0, 61, 59
4, 70992, Control_c, 0, 64, 0
4, 71040, Note_on_c, 0, 61, 0
4, 71040, Note_on_c, 0, 25, 0
4, 71040, Note_on_c, 0, 37, 0
4, 71040, Note_on_c, 0, 53, 0
4, 71040, Note_on_c, 0, 27, 73
4, 71040, Note_on_c, 0, 39, 73
4, 71064, Control_c, 0, 64, 127
4, 71424, Note_on_c, 0, 61, 49
4, 71424, Note_on_c, 0, 63, 55
4, 71424, Note_on_c, 0, 67, 60
4, 71736, Control_c, 0, 64, 0
4, 71808, Note_on_c, 0, 67, 0
4, 71808, Note_on_c, 0, 61, 0
4, 71808, Note_on_c, 0, 27, 0
4, 71808, Note_on_c, 0, 39, 0
4, 71808, Note_on_c, 0, 63, 0
4, 71808, Note_on_c, 0, 32, 54
4, 71808, Note_on_c, 0, 44, 54
4, 72096, Note_on_c, 0, 51, 64
4, 72192, Note_on_c, 0, 51, 0
4, 72192, Note_on_c, 0, 63, 63
4, 72384, Note_on_c, 0, 63, 0
4, 72384, Note_on_c, 0, 51, 62
4, 72576, Note_on_c, 0, 51, 0
4, 72576, Note_on_c, 0, 44, 0
4, 72576, Note_on_c, 0, 32, 0
4, 72576, Note_on_c, 0, 61, 56
4, 72576, Note_on_c, 0, 64, 53
4, 72768, Note_on_c, 0, 51, 63
4, 72936, Note_on_c, 0, 64, 0
4, 72936, Note_on_c, 0, 61, 0
4, 72960, Note_on_c, 0, 51, 0
4, 72960, Note_on_c, 0, 61, 52
4, 72960, Note_on_c, 0, 64, 63
4, 73088, Note_on_c, 0, 61, 0
4, 73088, Note_on_c, 0, 59, 62
4, 73216, Note_on_c, 0, 59, 0
4, 73216, Note_on_c, 0, 58, 59
4, 73320, Note_on_c, 0, 64, 0
4, 73344, Note_on_c, 0, 58, 0
4, 73344, Note_on_c, 0, 61, 50
4, 73344, Note_on_c, 0, 64, 50
4, 73536, Note_on_c, 0, 64, 0
4, 73536, Note_on_c, 0, 61, 0
4, 73728, Note_on_c, 0, 59, 63
4, 73728, Note_on_c, 0, 63, 63
4, 74304, Note_on_c, 0, 63, 0
4, 74304, Note_on_c, 0, 59, 0
4, 74400, Note_on_c, 0, 59, 58
4, 74496, Note_on_c, 0, 59, 0
4, 74496, Note_on_c, 0, 63, 40
4, 74592, Note_on_c, 0, 63, 0
4, 74688, Note_on_c, 0, 59, 48
4, 74784, Note_on_c, 0, 59, 0
4, 74880, Note_on_c, 0, 58, 52
4, 75168, Note_on_c, 0, 58, 0
4, 75168, Note_on_c, 0, 54, 50
4, 75264, Note_on_c, 0, 54, 0
4, 75264, Note_on_c, 0, 51, 53
4, 75360, Note_on_c, 0, 51, 0
4, 75456, Note_on_c, 0, 47, 50
4, 75552, Note_on_c, 0, 47, 0
4, 75648, Note_on_c, 0, 49, 54
4, 75744, Note_on_c, 0, 49, 0
4, 75840, Note_on_c, 0, 37, 53
4, 75936, Note_on_c, 0, 37, 0
4, 76032, Note_on_c, 0, 61, 48
4, 76416, Note_on_c, 0, 61, 0
4, 76416, Note_on_c, 0, 30, 34
4, 76416, Note_on_c, 0, 42, 34
4, 76464, Control_c, 0, 64, 127
4, 76704, Note_on_c, 0, 58, 46
4, 76704, Note_on_c, 0, 66, 46
4, 76800, Note_on_c, 0, 66, 0
4, 76800, Note_on_c, 0, 58, 0
4, 76800, Note_on_c, 0, 61, 51
4, 76800, Note_on_c, 0, 70, 51
4, 76992, Note_on_c, 0, 70, 0
4, 76992, Note_on_c, 0, 61, 0
4, 76992, Note_on_c, 0, 66, 61
4, 76992, Note_on_c, 0, 73, 61
4, 77184, Note_on_c, 0, 73, 0
4, 77184, Note_on_c, 0, 30, 0
4, 77184, Note_on_c, 0, 42, 0
4, 77184, Note_on_c, 0, 66, 0
4, 77208, Note_on_c, 0, 66, 70
4, 77256, Note_on_c, 0, 73, 73
4, 77304, Note_on_c, 0, 78, 76
4, 77352, Note_on_c, 0, 82, 79
4, 77400, Note_on_c, 0, 85, 81
4, 77448, Note_on_c, 0, 90, 84
4, 77496, Note_on_c, 0, 94, 87
4, 77568, Note_on_c, 0, 102, 91
4, 77592, Note_on_c, 0, 66, 0
4, 77640, Note_on_c, 0, 73, 0
4, 77688, Note_on_c, 0, 78, 0
4, 77736, Note_on_c, 0, 82, 0
4, 77784, Note_on_c, 0, 85, 0
4, 77832, Note_on_c, 0, 90, 0
4, 77880, Note_on_c, 0, 94, 0
4, 77952, Note_on_c, 0, 102, 0
4, 78312, Control_c, 0, 64, 0
4, 78312, End_track
0, 0, End_of_file
