0, 0, Header, 1, 3, 384
1, 0, Start_track
1, 0, Title_t, "--------"
1, 0, Sequencer_specific, 3, 0, 0, 65
1, 0, Time_signature, 3, 2, 24, 8
1, 0, Key_signature, -3, "major"
1, 0, Tempo, 413793
1, 34944, Tempo, 521739
1, 36480, Tempo, 413793
1, 74496, Tempo, 521739
1, 75648, Tempo, 413793
1, 102528, Tempo, 413793
1, 102592, Tempo, 416667
1, 102656, Tempo, 419580
1, 102720, Tempo, 422535
1, 102784, Tempo, 425532
1, 102848, Tempo, 428571
1, 102912, Tempo, 431655
1, 102976, Tempo, 434783
1, 103040, Tempo, 437956
1, 103104, Tempo, 441176
1, 103168, Tempo, 444444
1, 103232, Tempo, 447761
1, 103296, Tempo, 451128
1, 103360, Tempo, 454545
1, 103424, Tempo, 458015
1, 103488, Tempo, 461538
1, 103552, Tempo, 465116
1, 103616, Tempo, 468750
1, 103680, Tempo, 472441
1, 103744, Tempo, 476190
1, 103808, Tempo, 480000
1, 103872, Tempo, 483871
1, 103936, Tempo, 487805
1, 104000, Tempo, 491803
1, 104064, Tempo, 495868
1, 104128, Tempo, 500000
1, 104192, Tempo, 504202
1, 104256, Tempo, 508475
1, 104320, Tempo, 512821
1, 104384, Tempo, 517241
1, 104448, Tempo, 521739
1, 114816, Tempo, 521739
1, 114816, End_track
2, 0, Start_track
2, 0, Title_t, "Minuet in E flat"
2, 0, Control_c, 0, 0, 0
2, 0, Control_c, 0, 7, 100
2, 0, Control_c, 0, 10, 79
2, 0, Control_c, 0, 91, 78
2, 0, Control_c, 0, 93, 63
2, 0, Control_c, 0, 32, 0
2, 1, Program_c, 0, 0
2, 768, Note_on_c, 0, 67, 100
2, 892, Note_on_c, 0, 67, 0
2, 1152, Note_on_c, 0, 67, 100
2, 1408, Note_on_c, 0, 67, 0
2, 1920, Note_on_c, 0, 72, 100
2, 2044, Note_on_c, 0, 72, 0
2, 2304, Note_on_c, 0, 72, 100
2, 2560, Note_on_c, 0, 72, 0
2, 3072, Note_on_c, 0, 75, 100
2, 3196, Note_on_c, 0, 75, 0
2, 3456, Note_on_c, 0, 75, 100
2, 3584, Note_on_c, 0, 75, 0
2, 3648, Note_on_c, 0, 74, 100
2, 3776, Note_on_c, 0, 74, 0
2, 3840, Note_on_c, 0, 74, 100
2, 3968, Note_on_c, 0, 74, 0
2, 4032, Note_on_c, 0, 72, 100
2, 4160, Note_on_c, 0, 72, 0
2, 4224, Note_on_c, 0, 74, 100
2, 4224, Note_on_c, 0, 74, 100
2, 4352, Note_on_c, 0, 74, 0
2, 4352, Note_on_c, 0, 74, 0
2, 4416, Note_on_c, 0, 71, 100
2, 4544, Note_on_c, 0, 71, 0
2, 4608, Note_on_c, 0, 72, 100
2, 4864, Note_on_c, 0, 72, 0
2, 5376, Note_on_c, 0, 79, 117
2, 5632, Note_on_c, 0, 79, 0
2, 5760, Note_on_c, 0, 84, 117
2, 6016, Note_on_c, 0, 84, 0
2, 6144, Note_on_c, 0, 84, 117
2, 6272, Note_on_c, 0, 84, 0
2, 6336, Note_on_c, 0, 83, 117
2, 6464, Note_on_c, 0, 83, 0
2, 6528, Note_on_c, 0, 84, 117
2, 6784, Note_on_c, 0, 84, 0
2, 6912, Note_on_c, 0, 80, 117
2, 7168, Note_on_c, 0, 80, 0
2, 7296, Note_on_c, 0, 77, 117
2, 7552, Note_on_c, 0, 77, 0
2, 7680, Note_on_c, 0, 74, 117
2, 7936, Note_on_c, 0, 74, 0
2, 8064, Note_on_c, 0, 71, 117
2, 8188, Note_on_c, 0, 71, 0
2, 8448, Note_on_c, 0, 79, 117
2, 8576, Note_on_c, 0, 79, 0
2, 8640, Note_on_c, 0, 80, 117
2, 8768, Note_on_c, 0, 80, 0
2, 8832, Note_on_c, 0, 79, 117
2, 8960, Note_on_c, 0, 79, 0
2, 9024, Note_on_c, 0, 77, 117
2, 9152, Note_on_c, 0, 77, 0
2, 9216, Note_on_c, 0, 75, 117
2, 9472, Note_on_c, 0, 75, 0
2, 9600, Note_on_c, 0, 72, 117
2, 9724, Note_on_c, 0, 72, 0
2, 9984, Note_on_c, 0, 67, 100
2, 10108, Note_on_c, 0, 67, 0
2, 10368, Note_on_c, 0, 67, 100
2, 10624, Note_on_c, 0, 67, 0
2, 11136, Note_on_c, 0, 72, 100
2, 11260, Note_on_c, 0, 72, 0
2, 11520, Note_on_c, 0, 72, 100
2, 11776, Note_on_c, 0, 72, 0
2, 12288, Note_on_c, 0, 75, 100
2, 12412, Note_on_c, 0, 75, 0
2, 12672, Note_on_c, 0, 75, 100
2, 12800, Note_on_c, 0, 75, 0
2, 12864, Note_on_c, 0, 74, 102
2, 12992, Note_on_c, 0, 74, 0
2, 13056, Note_on_c, 0, 74, 106
2, 13184, Note_on_c, 0, 74, 0
2, 13248, Note_on_c, 0, 72, 110
2, 13376, Note_on_c, 0, 72, 0
2, 13440, Note_on_c, 0, 74, 114
2, 13568, Note_on_c, 0, 74, 0
2, 13632, Note_on_c, 0, 70, 117
2, 13760, Note_on_c, 0, 70, 0
2, 13824, Note_on_c, 0, 75, 117
2, 14080, Note_on_c, 0, 75, 0
2, 14592, Note_on_c, 0, 75, 117
2, 14716, Note_on_c, 0, 75, 0
2, 14976, Note_on_c, 0, 75, 117
2, 15104, Note_on_c, 0, 75, 0
2, 15168, Note_on_c, 0, 74, 117
2, 15296, Note_on_c, 0, 74, 0
2, 15360, Note_on_c, 0, 74, 117
2, 15488, Note_on_c, 0, 74, 0
2, 15552, Note_on_c, 0, 72, 117
2, 15680, Note_on_c, 0, 72, 0
2, 15744, Note_on_c, 0, 74, 117
2, 15872, Note_on_c, 0, 74, 0
2, 15936, Note_on_c, 0, 70, 117
2, 16064, Note_on_c, 0, 70, 0
2, 16128, Note_on_c, 0, 75, 117
2, 16384, Note_on_c, 0, 75, 0
2, 16512, Note_on_c, 0, 79, 117
2, 16636, Note_on_c, 0, 79, 0
2, 16896, Note_on_c, 0, 82, 117
2, 17020, Note_on_c, 0, 82, 0
2, 17280, Note_on_c, 0, 82, 117
2, 17408, Note_on_c, 0, 82, 0
2, 17472, Note_on_c, 0, 80, 117
2, 17600, Note_on_c, 0, 80, 0
2, 17664, Note_on_c, 0, 80, 117
2, 17792, Note_on_c, 0, 80, 0
2, 17856, Note_on_c, 0, 79, 117
2, 17984, Note_on_c, 0, 79, 0
2, 18048, Note_on_c, 0, 80, 117
2, 18176, Note_on_c, 0, 80, 0
2, 18240, Note_on_c, 0, 77, 117
2, 18368, Note_on_c, 0, 77, 0
2, 18432, Note_on_c, 0, 79, 117
2, 18560, Note_on_c, 0, 79, 0
2, 18624, Note_on_c, 0, 77, 117
2, 18752, Note_on_c, 0, 77, 0
2, 18816, Note_on_c, 0, 75, 117
2, 18944, Note_on_c, 0, 75, 0
2, 19008, Note_on_c, 0, 74, 117
2, 19136, Note_on_c, 0, 74, 0
2, 19200, Note_on_c, 0, 72, 117
2, 19328, Note_on_c, 0, 72, 0
2, 19392, Note_on_c, 0, 70, 117
2, 19520, Note_on_c, 0, 70, 0
2, 19584, Note_on_c, 0, 68, 117
2, 19584, Note_on_c, 0, 68, 117
2, 19712, Note_on_c, 0, 68, 0
2, 19712, Note_on_c, 0, 68, 0
2, 19776, Note_on_c, 0, 67, 117
2, 19904, Note_on_c, 0, 67, 0
2, 19968, Note_on_c, 0, 65, 117
2, 20096, Note_on_c, 0, 65, 0
2, 20160, Note_on_c, 0, 63, 117
2, 20288, Note_on_c, 0, 63, 0
2, 20352, Note_on_c, 0, 62, 117
2, 20480, Note_on_c, 0, 62, 0
2, 20544, Note_on_c, 0, 70, 117
2, 20672, Note_on_c, 0, 70, 0
2, 20736, Note_on_c, 0, 63, 117
2, 21248, Note_on_c, 0, 63, 0
2, 21408, Note_on_c, 0, 81, 117
2, 21472, Note_on_c, 0, 81, 0
2, 21504, Note_on_c, 0, 82, 117
2, 21628, Note_on_c, 0, 82, 0
2, 21888, Note_on_c, 0, 62, 117
2, 22400, Note_on_c, 0, 62, 0
2, 22560, Note_on_c, 0, 81, 117
2, 22624, Note_on_c, 0, 81, 0
2, 22656, Note_on_c, 0, 82, 117
2, 22780, Note_on_c, 0, 82, 0
2, 23040, Note_on_c, 0, 63, 117
2, 23552, Note_on_c, 0, 63, 0
2, 23712, Note_on_c, 0, 81, 117
2, 23776, Note_on_c, 0, 81, 0
2, 23808, Note_on_c, 0, 82, 117
2, 23932, Note_on_c, 0, 82, 0
2, 24192, Note_on_c, 0, 62, 117
2, 24704, Note_on_c, 0, 62, 0
2, 24864, Note_on_c, 0, 81, 117
2, 24928, Note_on_c, 0, 81, 0
2, 24960, Note_on_c, 0, 82, 117
2, 25084, Note_on_c, 0, 82, 0
2, 25344, Note_on_c, 0, 63, 117
2, 25600, Note_on_c, 0, 63, 0
2, 27168, Note_on_c, 0, 74, 100
2, 27232, Note_on_c, 0, 74, 0
2, 27264, Note_on_c, 0, 75, 100
2, 27388, Note_on_c, 0, 75, 0
2, 27648, Note_on_c, 0, 63, 100
2, 28160, Note_on_c, 0, 63, 0
2, 28416, Note_on_c, 0, 64, 112
2, 28672, Note_on_c, 0, 64, 0
2, 28800, Note_on_c, 0, 67, 117
2, 29056, Note_on_c, 0, 67, 0
2, 29184, Note_on_c, 0, 65, 117
2, 29440, Note_on_c, 0, 65, 0
2, 29472, Note_on_c, 0, 76, 117
2, 29536, Note_on_c, 0, 76, 0
2, 29568, Note_on_c, 0, 77, 117
2, 29692, Note_on_c, 0, 77, 0
2, 29952, Note_on_c, 0, 65, 100
2, 30464, Note_on_c, 0, 65, 0
2, 30720, Note_on_c, 0, 66, 117
2, 30976, Note_on_c, 0, 66, 0
2, 31104, Note_on_c, 0, 69, 117
2, 31360, Note_on_c, 0, 69, 0
2, 31488, Note_on_c, 0, 67, 117
2, 31744, Note_on_c, 0, 67, 0
2, 32640, Note_on_c, 0, 74, 117
2, 32640, Note_on_c, 0, 77, 117
2, 32896, Note_on_c, 0, 77, 0
2, 32896, Note_on_c, 0, 74, 0
2, 33024, Note_on_c, 0, 75, 117
2, 33024, Note_on_c, 0, 72, 117
2, 33280, Note_on_c, 0, 72, 0
2, 33280, Note_on_c, 0, 75, 0
2, 33792, Note_on_c, 0, 72, 117
2, 33792, Note_on_c, 0, 75, 117
2, 34048, Note_on_c, 0, 75, 0
2, 34048, Note_on_c, 0, 72, 0
2, 34176, Note_on_c, 0, 74, 117
2, 34176, Note_on_c, 0, 70, 117
2, 34432, Note_on_c, 0, 70, 0
2, 34432, Note_on_c, 0, 74, 0
2, 34944, Note_on_c, 0, 63, 117
2, 34944, Note_on_c, 0, 72, 117
2, 35068, Note_on_c, 0, 72, 0
2, 35068, Note_on_c, 0, 63, 0
2, 35328, Note_on_c, 0, 60, 117
2, 35328, Note_on_c, 0, 63, 117
2, 35328, Note_on_c, 0, 66, 117
2, 35452, Note_on_c, 0, 66, 0
2, 35452, Note_on_c, 0, 63, 0
2, 35452, Note_on_c, 0, 60, 0
2, 35712, Note_on_c, 0, 60, 117
2, 35712, Note_on_c, 0, 63, 117
2, 35712, Note_on_c, 0, 67, 117
2, 35968, Note_on_c, 0, 67, 0
2, 35968, Note_on_c, 0, 63, 0
2, 35968, Note_on_c, 0, 60, 0
2, 36096, Note_on_c, 0, 59, 110
2, 36096, Note_on_c, 0, 62, 110
2, 36220, Note_on_c, 0, 62, 0
2, 36220, Note_on_c, 0, 59, 0
2, 36480, Note_on_c, 0, 67, 100
2, 36736, Note_on_c, 0, 67, 0
2, 36864, Note_on_c, 0, 67, 100
2, 37120, Note_on_c, 0, 67, 0
2, 37632, Note_on_c, 0, 72, 100
2, 37756, Note_on_c, 0, 72, 0
2, 38016, Note_on_c, 0, 72, 100
2, 38272, Note_on_c, 0, 72, 0
2, 38784, Note_on_c, 0, 75, 100
2, 38908, Note_on_c, 0, 75, 0
2, 39168, Note_on_c, 0, 75, 100
2, 39296, Note_on_c, 0, 75, 0
2, 39360, Note_on_c, 0, 74, 100
2, 39488, Note_on_c, 0, 74, 0
2, 39552, Note_on_c, 0, 74, 100
2, 39680, Note_on_c, 0, 74, 0
2, 39744, Note_on_c, 0, 72, 100
2, 39872, Note_on_c, 0, 72, 0
2, 39936, Note_on_c, 0, 74, 100
2, 39936, Note_on_c, 0, 74, 100
2, 40064, Note_on_c, 0, 74, 0
2, 40064, Note_on_c, 0, 74, 0
2, 40128, Note_on_c, 0, 71, 100
2, 40256, Note_on_c, 0, 71, 0
2, 40320, Note_on_c, 0, 72, 100
2, 40576, Note_on_c, 0, 72, 0
2, 41088, Note_on_c, 0, 79, 117
2, 41344, Note_on_c, 0, 79, 0
2, 41472, Note_on_c, 0, 84, 117
2, 41728, Note_on_c, 0, 84, 0
2, 41856, Note_on_c, 0, 84, 117
2, 41984, Note_on_c, 0, 84, 0
2, 42048, Note_on_c, 0, 83, 117
2, 42176, Note_on_c, 0, 83, 0
2, 42240, Note_on_c, 0, 84, 117
2, 42496, Note_on_c, 0, 84, 0
2, 42624, Note_on_c, 0, 80, 117
2, 42880, Note_on_c, 0, 80, 0
2, 43008, Note_on_c, 0, 77, 117
2, 43132, Note_on_c, 0, 77, 0
2, 43392, Note_on_c, 0, 74, 117
2, 43648, Note_on_c, 0, 74, 0
2, 43776, Note_on_c, 0, 71, 117
2, 43900, Note_on_c, 0, 71, 0
2, 44160, Note_on_c, 0, 79, 117
2, 44288, Note_on_c, 0, 79, 0
2, 44352, Note_on_c, 0, 80, 117
2, 44480, Note_on_c, 0, 80, 0
2, 44544, Note_on_c, 0, 79, 117
2, 44672, Note_on_c, 0, 79, 0
2, 44736, Note_on_c, 0, 77, 117
2, 44864, Note_on_c, 0, 77, 0
2, 44928, Note_on_c, 0, 75, 117
2, 45184, Note_on_c, 0, 75, 0
2, 45312, Note_on_c, 0, 72, 117
2, 45436, Note_on_c, 0, 72, 0
2, 45696, Note_on_c, 0, 67, 100
2, 45820, Note_on_c, 0, 67, 0
2, 46080, Note_on_c, 0, 67, 100
2, 46336, Note_on_c, 0, 67, 0
2, 46848, Note_on_c, 0, 72, 100
2, 46972, Note_on_c, 0, 72, 0
2, 47232, Note_on_c, 0, 72, 100
2, 47488, Note_on_c, 0, 72, 0
2, 48000, Note_on_c, 0, 77, 100
2, 48124, Note_on_c, 0, 77, 0
2, 48384, Note_on_c, 0, 77, 117
2, 48640, Note_on_c, 0, 77, 0
2, 48768, Note_on_c, 0, 83, 117
2, 48892, Note_on_c, 0, 83, 0
2, 49152, Note_on_c, 0, 86, 117
2, 49276, Note_on_c, 0, 86, 0
2, 49536, Note_on_c, 0, 89, 117
2, 49660, Note_on_c, 0, 89, 0
2, 51456, Note_on_c, 0, 56, 100
2, 51580, Note_on_c, 0, 56, 0
2, 51840, Note_on_c, 0, 56, 100
2, 52096, Note_on_c, 0, 56, 0
2, 52224, Note_on_c, 0, 61, 100
2, 52348, Note_on_c, 0, 61, 0
2, 52608, Note_on_c, 0, 65, 100
2, 52732, Note_on_c, 0, 65, 0
2, 52992, Note_on_c, 0, 68, 100
2, 53504, Note_on_c, 0, 68, 0
2, 53760, Note_on_c, 0, 60, 117
2, 53760, Note_on_c, 0, 66, 117
2, 53884, Note_on_c, 0, 66, 0
2, 53884, Note_on_c, 0, 60, 0
2, 54144, Note_on_c, 0, 63, 117
2, 54144, Note_on_c, 0, 63, 117
2, 54144, Note_on_c, 0, 67, 117
2, 54400, Note_on_c, 0, 67, 0
2, 54400, Note_on_c, 0, 63, 0
2, 54400, Note_on_c, 0, 63, 0
2, 54528, Note_on_c, 0, 60, 117
2, 54528, Note_on_c, 0, 63, 117
2, 54652, Note_on_c, 0, 63, 0
2, 54652, Note_on_c, 0, 60, 0
2, 54912, Note_on_c, 0, 62, 110
2, 54912, Note_on_c, 0, 59, 110
2, 55036, Note_on_c, 0, 59, 0
2, 55036, Note_on_c, 0, 62, 0
2, 55296, Note_on_c, 0, 60, 100
2, 55552, Note_on_c, 0, 60, 0
2, 56064, Note_on_c, 0, 67, 104
2, 56064, Note_on_c, 0, 75, 104
2, 56188, Note_on_c, 0, 75, 0
2, 56320, Note_on_c, 0, 67, 0
2, 56448, Note_on_c, 0, 65, 108
2, 56448, Note_on_c, 0, 75, 108
2, 56576, Note_on_c, 0, 75, 0
2, 56640, Note_on_c, 0, 74, 110
2, 56704, Note_on_c, 0, 65, 0
2, 56768, Note_on_c, 0, 74, 0
2, 56832, Note_on_c, 0, 65, 110
2, 56832, Note_on_c, 0, 74, 110
2, 56960, Note_on_c, 0, 74, 0
2, 57024, Note_on_c, 0, 72, 112
2, 57088, Note_on_c, 0, 65, 0
2, 57152, Note_on_c, 0, 72, 0
2, 57216, Note_on_c, 0, 74, 114
2, 57344, Note_on_c, 0, 74, 0
2, 57408, Note_on_c, 0, 71, 114
2, 57536, Note_on_c, 0, 71, 0
2, 57600, Note_on_c, 0, 72, 116
2, 57600, Note_on_c, 0, 63, 116
2, 57724, Note_on_c, 0, 72, 0
2, 57856, Note_on_c, 0, 63, 0
2, 58368, Note_on_c, 0, 79, 117
2, 58368, Note_on_c, 0, 75, 117
2, 58492, Note_on_c, 0, 79, 0
2, 58624, Note_on_c, 0, 75, 0
2, 58752, Note_on_c, 0, 74, 117
2, 58752, Note_on_c, 0, 79, 117
2, 58880, Note_on_c, 0, 79, 0
2, 58944, Note_on_c, 0, 77, 117
2, 59008, Note_on_c, 0, 74, 0
2, 59072, Note_on_c, 0, 77, 0
2, 59136, Note_on_c, 0, 77, 117
2, 59264, Note_on_c, 0, 77, 0
2, 59328, Note_on_c, 0, 75, 117
2, 59456, Note_on_c, 0, 75, 0
2, 59520, Note_on_c, 0, 71, 117
2, 59520, Note_on_c, 0, 77, 117
2, 59648, Note_on_c, 0, 77, 0
2, 59712, Note_on_c, 0, 74, 117
2, 59776, Note_on_c, 0, 71, 0
2, 59840, Note_on_c, 0, 74, 0
2, 59904, Note_on_c, 0, 72, 117
2, 59904, Note_on_c, 0, 75, 117
2, 60028, Note_on_c, 0, 75, 0
2, 60160, Note_on_c, 0, 72, 0
2, 60672, Note_on_c, 0, 79, 117
2, 60928, Note_on_c, 0, 79, 0
2, 61056, Note_on_c, 0, 84, 117
2, 61180, Note_on_c, 0, 84, 0
2, 61344, Note_on_c, 0, 86, 117
2, 61408, Note_on_c, 0, 86, 0
2, 61440, Note_on_c, 0, 84, 117
2, 61568, Note_on_c, 0, 84, 0
2, 61632, Note_on_c, 0, 83, 117
2, 61760, Note_on_c, 0, 83, 0
2, 61824, Note_on_c, 0, 84, 117
2, 62080, Note_on_c, 0, 84, 0
2, 62208, Note_on_c, 0, 80, 117
2, 62332, Note_on_c, 0, 80, 0
2, 63360, Note_on_c, 0, 62, 117
2, 63360, Note_on_c, 0, 65, 117
2, 63360, Note_on_c, 0, 67, 117
2, 63360, Note_on_c, 0, 67, 117
2, 63360, Note_on_c, 0, 71, 117
2, 63484, Note_on_c, 0, 71, 0
2, 63484, Note_on_c, 0, 67, 0
2, 63484, Note_on_c, 0, 62, 0
2, 63484, Note_on_c, 0, 65, 0
2, 63484, Note_on_c, 0, 67, 0
2, 63744, Note_on_c, 0, 62, 117
2, 63744, Note_on_c, 0, 65, 117
2, 63744, Note_on_c, 0, 67, 117
2, 63744, Note_on_c, 0, 71, 117
2, 63868, Note_on_c, 0, 71, 0
2, 63868, Note_on_c, 0, 62, 0
2, 63868, Note_on_c, 0, 65, 0
2, 63868, Note_on_c, 0, 67, 0
2, 64128, Note_on_c, 0, 62, 117
2, 64128, Note_on_c, 0, 65, 117
2, 64128, Note_on_c, 0, 67, 117
2, 64128, Note_on_c, 0, 71, 117
2, 64252, Note_on_c, 0, 71, 0
2, 64252, Note_on_c, 0, 62, 0
2, 64252, Note_on_c, 0, 65, 0
2, 64252, Note_on_c, 0, 67, 0
2, 64512, Note_on_c, 0, 63, 117
2, 64512, Note_on_c, 0, 67, 117
2, 64512, Note_on_c, 0, 72, 117
2, 64636, Note_on_c, 0, 72, 0
2, 64636, Note_on_c, 0, 67, 0
2, 64636, Note_on_c, 0, 63, 0
2, 66336, Note_on_c, 0, 74, 100
2, 66400, Note_on_c, 0, 74, 0
2, 66432, Note_on_c, 0, 75, 102
2, 66556, Note_on_c, 0, 75, 0
2, 66816, Note_on_c, 0, 63, 108
2, 67328, Note_on_c, 0, 63, 0
2, 67584, Note_on_c, 0, 64, 117
2, 67840, Note_on_c, 0, 64, 0
2, 67968, Note_on_c, 0, 67, 117
2, 68224, Note_on_c, 0, 67, 0
2, 68352, Note_on_c, 0, 65, 117
2, 68608, Note_on_c, 0, 65, 0
2, 68640, Note_on_c, 0, 76, 117
2, 68704, Note_on_c, 0, 76, 0
2, 68736, Note_on_c, 0, 77, 117
2, 68860, Note_on_c, 0, 77, 0
2, 69120, Note_on_c, 0, 65, 100
2, 69632, Note_on_c, 0, 65, 0
2, 69888, Note_on_c, 0, 66, 117
2, 70144, Note_on_c, 0, 66, 0
2, 70272, Note_on_c, 0, 69, 117
2, 70528, Note_on_c, 0, 69, 0
2, 70656, Note_on_c, 0, 67, 117
2, 70912, Note_on_c, 0, 67, 0
2, 71808, Note_on_c, 0, 74, 117
2, 71808, Note_on_c, 0, 77, 117
2, 72064, Note_on_c, 0, 77, 0
2, 72064, Note_on_c, 0, 74, 0
2, 72192, Note_on_c, 0, 75, 117
2, 72192, Note_on_c, 0, 72, 117
2, 72448, Note_on_c, 0, 72, 0
2, 72448, Note_on_c, 0, 75, 0
2, 72960, Note_on_c, 0, 72, 117
2, 72960, Note_on_c, 0, 75, 117
2, 73216, Note_on_c, 0, 75, 0
2, 73216, Note_on_c, 0, 72, 0
2, 73344, Note_on_c, 0, 74, 117
2, 73344, Note_on_c, 0, 70, 117
2, 73600, Note_on_c, 0, 70, 0
2, 73600, Note_on_c, 0, 74, 0
2, 74112, Note_on_c, 0, 63, 117
2, 74112, Note_on_c, 0, 72, 117
2, 74236, Note_on_c, 0, 72, 0
2, 74236, Note_on_c, 0, 63, 0
2, 74496, Note_on_c, 0, 60, 117
2, 74496, Note_on_c, 0, 63, 117
2, 74496, Note_on_c, 0, 66, 117
2, 74620, Note_on_c, 0, 66, 0
2, 74620, Note_on_c, 0, 63, 0
2, 74620, Note_on_c, 0, 60, 0
2, 74880, Note_on_c, 0, 60, 117
2, 74880, Note_on_c, 0, 63, 117
2, 74880, Note_on_c, 0, 67, 117
2, 75136, Note_on_c, 0, 67, 0
2, 75136, Note_on_c, 0, 63, 0
2, 75136, Note_on_c, 0, 60, 0
2, 75264, Note_on_c, 0, 59, 117
2, 75264, Note_on_c, 0, 62, 117
2, 75388, Note_on_c, 0, 62, 0
2, 75388, Note_on_c, 0, 59, 0
2, 75648, Note_on_c, 0, 67, 100
2, 75904, Note_on_c, 0, 67, 0
2, 76032, Note_on_c, 0, 67, 100
2, 76288, Note_on_c, 0, 67, 0
2, 76800, Note_on_c, 0, 72, 100
2, 76924, Note_on_c, 0, 72, 0
2, 77184, Note_on_c, 0, 72, 100
2, 77440, Note_on_c, 0, 72, 0
2, 77952, Note_on_c, 0, 75, 100
2, 78076, Note_on_c, 0, 75, 0
2, 78336, Note_on_c, 0, 75, 100
2, 78464, Note_on_c, 0, 75, 0
2, 78528, Note_on_c, 0, 74, 100
2, 78656, Note_on_c, 0, 74, 0
2, 78720, Note_on_c, 0, 74, 100
2, 78848, Note_on_c, 0, 74, 0
2, 78912, Note_on_c, 0, 72, 100
2, 79040, Note_on_c, 0, 72, 0
2, 79104, Note_on_c, 0, 74, 100
2, 79104, Note_on_c, 0, 74, 100
2, 79232, Note_on_c, 0, 74, 0
2, 79232, Note_on_c, 0, 74, 0
2, 79296, Note_on_c, 0, 71, 100
2, 79424, Note_on_c, 0, 71, 0
2, 79488, Note_on_c, 0, 72, 100
2, 79744, Note_on_c, 0, 72, 0
2, 80256, Note_on_c, 0, 79, 117
2, 80512, Note_on_c, 0, 79, 0
2, 80640, Note_on_c, 0, 84, 117
2, 80896, Note_on_c, 0, 84, 0
2, 81024, Note_on_c, 0, 84, 117
2, 81152, Note_on_c, 0, 84, 0
2, 81216, Note_on_c, 0, 83, 117
2, 81344, Note_on_c, 0, 83, 0
2, 81408, Note_on_c, 0, 84, 117
2, 81664, Note_on_c, 0, 84, 0
2, 81792, Note_on_c, 0, 80, 117
2, 82048, Note_on_c, 0, 80, 0
2, 82176, Note_on_c, 0, 77, 117
2, 82300, Note_on_c, 0, 77, 0
2, 82560, Note_on_c, 0, 74, 117
2, 82816, Note_on_c, 0, 74, 0
2, 82944, Note_on_c, 0, 71, 117
2, 83068, Note_on_c, 0, 71, 0
2, 83328, Note_on_c, 0, 79, 117
2, 83456, Note_on_c, 0, 79, 0
2, 83520, Note_on_c, 0, 80, 117
2, 83648, Note_on_c, 0, 80, 0
2, 83712, Note_on_c, 0, 79, 117
2, 83840, Note_on_c, 0, 79, 0
2, 83904, Note_on_c, 0, 77, 117
2, 84032, Note_on_c, 0, 77, 0
2, 84096, Note_on_c, 0, 75, 117
2, 84352, Note_on_c, 0, 75, 0
2, 84480, Note_on_c, 0, 72, 117
2, 84604, Note_on_c, 0, 72, 0
2, 84864, Note_on_c, 0, 67, 100
2, 84988, Note_on_c, 0, 67, 0
2, 85248, Note_on_c, 0, 67, 100
2, 85504, Note_on_c, 0, 67, 0
2, 86016, Note_on_c, 0, 72, 100
2, 86140, Note_on_c, 0, 72, 0
2, 86400, Note_on_c, 0, 72, 100
2, 86656, Note_on_c, 0, 72, 0
2, 87168, Note_on_c, 0, 77, 100
2, 87292, Note_on_c, 0, 77, 0
2, 87552, Note_on_c, 0, 77, 117
2, 87808, Note_on_c, 0, 77, 0
2, 87936, Note_on_c, 0, 83, 117
2, 88060, Note_on_c, 0, 83, 0
2, 88320, Note_on_c, 0, 86, 117
2, 88444, Note_on_c, 0, 86, 0
2, 88704, Note_on_c, 0, 89, 117
2, 88828, Note_on_c, 0, 89, 0
2, 90624, Note_on_c, 0, 56, 100
2, 90748, Note_on_c, 0, 56, 0
2, 91008, Note_on_c, 0, 56, 100
2, 91264, Note_on_c, 0, 56, 0
2, 91392, Note_on_c, 0, 61, 100
2, 91516, Note_on_c, 0, 61, 0
2, 91776, Note_on_c, 0, 65, 100
2, 91900, Note_on_c, 0, 65, 0
2, 92160, Note_on_c, 0, 68, 100
2, 92672, Note_on_c, 0, 68, 0
2, 92928, Note_on_c, 0, 60, 117
2, 92928, Note_on_c, 0, 66, 117
2, 93052, Note_on_c, 0, 66, 0
2, 93052, Note_on_c, 0, 60, 0
2, 93312, Note_on_c, 0, 63, 117
2, 93312, Note_on_c, 0, 63, 117
2, 93312, Note_on_c, 0, 67, 117
2, 93568, Note_on_c, 0, 67, 0
2, 93568, Note_on_c, 0, 63, 0
2, 93568, Note_on_c, 0, 63, 0
2, 93696, Note_on_c, 0, 60, 117
2, 93696, Note_on_c, 0, 63, 117
2, 93820, Note_on_c, 0, 63, 0
2, 93820, Note_on_c, 0, 60, 0
2, 94080, Note_on_c, 0, 62, 110
2, 94080, Note_on_c, 0, 59, 110
2, 94204, Note_on_c, 0, 59, 0
2, 94204, Note_on_c, 0, 62, 0
2, 94464, Note_on_c, 0, 60, 100
2, 94720, Note_on_c, 0, 60, 0
2, 95232, Note_on_c, 0, 67, 104
2, 95232, Note_on_c, 0, 75, 104
2, 95356, Note_on_c, 0, 75, 0
2, 95488, Note_on_c, 0, 67, 0
2, 95616, Note_on_c, 0, 65, 108
2, 95616, Note_on_c, 0, 75, 108
2, 95744, Note_on_c, 0, 75, 0
2, 95808, Note_on_c, 0, 74, 110
2, 95872, Note_on_c, 0, 65, 0
2, 95936, Note_on_c, 0, 74, 0
2, 96000, Note_on_c, 0, 65, 110
2, 96000, Note_on_c, 0, 74, 110
2, 96128, Note_on_c, 0, 74, 0
2, 96192, Note_on_c, 0, 72, 112
2, 96256, Note_on_c, 0, 65, 0
2, 96320, Note_on_c, 0, 72, 0
2, 96384, Note_on_c, 0, 74, 114
2, 96512, Note_on_c, 0, 74, 0
2, 96576, Note_on_c, 0, 71, 114
2, 96704, Note_on_c, 0, 71, 0
2, 96768, Note_on_c, 0, 72, 116
2, 96768, Note_on_c, 0, 63, 116
2, 96892, Note_on_c, 0, 72, 0
2, 97024, Note_on_c, 0, 63, 0
2, 97536, Note_on_c, 0, 79, 117
2, 97536, Note_on_c, 0, 75, 117
2, 97660, Note_on_c, 0, 79, 0
2, 97792, Note_on_c, 0, 75, 0
2, 97920, Note_on_c, 0, 74, 117
2, 97920, Note_on_c, 0, 79, 117
2, 98048, Note_on_c, 0, 79, 0
2, 98112, Note_on_c, 0, 77, 117
2, 98176, Note_on_c, 0, 74, 0
2, 98240, Note_on_c, 0, 77, 0
2, 98304, Note_on_c, 0, 77, 117
2, 98432, Note_on_c, 0, 77, 0
2, 98496, Note_on_c, 0, 75, 117
2, 98624, Note_on_c, 0, 75, 0
2, 98688, Note_on_c, 0, 71, 117
2, 98688, Note_on_c, 0, 77, 117
2, 98816, Note_on_c, 0, 77, 0
2, 98880, Note_on_c, 0, 74, 117
2, 98944, Note_on_c, 0, 71, 0
2, 99008, Note_on_c, 0, 74, 0
2, 99072, Note_on_c, 0, 72, 117
2, 99072, Note_on_c, 0, 75, 117
2, 99196, Note_on_c, 0, 75, 0
2, 99328, Note_on_c, 0, 72, 0
2, 99840, Note_on_c, 0, 79, 117
2, 100096, Note_on_c, 0, 79, 0
2, 100224, Note_on_c, 0, 84, 117
2, 100348, Note_on_c, 0, 84, 0
2, 100512, Note_on_c, 0, 86, 117
2, 100576, Note_on_c, 0, 86, 0
2, 100608, Note_on_c, 0, 84, 117
2, 100736, Note_on_c, 0, 84, 0
2, 100800, Note_on_c, 0, 83, 117
2, 100928, Note_on_c, 0, 83, 0
2, 100992, Note_on_c, 0, 84, 117
2, 101248, Note_on_c, 0, 84, 0
2, 101376, Note_on_c, 0, 80, 117
2, 101500, Note_on_c, 0, 80, 0
2, 102528, Note_on_c, 0, 62, 117
2, 102528, Note_on_c, 0, 65, 117
2, 102528, Note_on_c, 0, 67, 117
2, 102528, Note_on_c, 0, 67, 117
2, 102528, Note_on_c, 0, 71, 117
2, 102652, Note_on_c, 0, 71, 0
2, 102652, Note_on_c, 0, 67, 0
2, 102652, Note_on_c, 0, 62, 0
2, 102652, Note_on_c, 0, 65, 0
2, 102652, Note_on_c, 0, 67, 0
2, 102912, Note_on_c, 0, 62, 117
2, 102912, Note_on_c, 0, 65, 117
2, 102912, Note_on_c, 0, 67, 117
2, 102912, Note_on_c, 0, 71, 117
2, 103036, Note_on_c, 0, 71, 0
2, 103036, Note_on_c, 0, 62, 0
2, 103036, Note_on_c, 0, 65, 0
2, 103036, Note_on_c, 0, 67, 0
2, 103296, Note_on_c, 0, 62, 117
2, 103296, Note_on_c, 0, 65, 117
2, 103296, Note_on_c, 0, 67, 117
2, 103296, Note_on_c, 0, 71, 117
2, 103420, Note_on_c, 0, 71, 0
2, 103420, Note_on_c, 0, 62, 0
2, 103420, Note_on_c, 0, 65, 0
2, 103420, Note_on_c, 0, 67, 0
2, 103680, Note_on_c, 0, 63, 117
2, 103680, Note_on_c, 0, 67, 117
2, 103680, Note_on_c, 0, 72, 117
2, 103932, Note_on_c, 0, 72, 0
2, 103932, Note_on_c, 0, 67, 0
2, 103932, Note_on_c, 0, 63, 0
2, 103932, End_track
3, 0, Start_track
3, 0, Title_t, "Joseph Haydn"
3, 0, Control_c, 0, 0, 0
3, 0, Control_c, 0, 7, 100
3, 0, Control_c, 0, 10, 48
3, 0, Control_c, 0, 91, 81
3, 0, Control_c, 0, 93, 53
3, 0, Control_c, 0, 32, 0
3, 1, Program_c, 0, 0
3, 1536, Note_on_c, 0, 60, 100
3, 1536, Note_on_c, 0, 63, 100
3, 1660, Note_on_c, 0, 63, 0
3, 1660, Note_on_c, 0, 60, 0
3, 1920, Note_on_c, 0, 63, 100
3, 1920, Note_on_c, 0, 60, 100
3, 2044, Note_on_c, 0, 60, 0
3, 2044, Note_on_c, 0, 63, 0
3, 2688, Note_on_c, 0, 60, 100
3, 2688, Note_on_c, 0, 63, 100
3, 2688, Note_on_c, 0, 67, 100
3, 2812, Note_on_c, 0, 67, 0
3, 2812, Note_on_c, 0, 63, 0
3, 2812, Note_on_c, 0, 60, 0
3, 3072, Note_on_c, 0, 67, 100
3, 3072, Note_on_c, 0, 63, 100
3, 3072, Note_on_c, 0, 60, 100
3, 3196, Note_on_c, 0, 60, 0
3, 3196, Note_on_c, 0, 63, 0
3, 3196, Note_on_c, 0, 67, 0
3, 3456, Note_on_c, 0, 60, 100
3, 3456, Note_on_c, 0, 65, 100
3, 3456, Note_on_c, 0, 67, 100
3, 3580, Note_on_c, 0, 67, 0
3, 3580, Note_on_c, 0, 65, 0
3, 3580, Note_on_c, 0, 60, 0
3, 3840, Note_on_c, 0, 60, 100
3, 3840, Note_on_c, 0, 65, 100
3, 3840, Note_on_c, 0, 67, 100
3, 3964, Note_on_c, 0, 67, 0
3, 3964, Note_on_c, 0, 65, 0
3, 3964, Note_on_c, 0, 60, 0
3, 4224, Note_on_c, 0, 60, 100
3, 4224, Note_on_c, 0, 65, 100
3, 4224, Note_on_c, 0, 67, 100
3, 4348, Note_on_c, 0, 67, 0
3, 4348, Note_on_c, 0, 65, 0
3, 4348, Note_on_c, 0, 60, 0
3, 4608, Note_on_c, 0, 60, 100
3, 4608, Note_on_c, 0, 63, 100
3, 4608, Note_on_c, 0, 67, 100
3, 4732, Note_on_c, 0, 67, 0
3, 4732, Note_on_c, 0, 63, 0
3, 4732, Note_on_c, 0, 60, 0
3, 4992, Note_on_c, 0, 63, 100
3, 4992, Note_on_c, 0, 67, 100
3, 4992, Note_on_c, 0, 60, 100
3, 5116, Note_on_c, 0, 60, 0
3, 5116, Note_on_c, 0, 67, 0
3, 5116, Note_on_c, 0, 63, 0
3, 5760, Note_on_c, 0, 51, 117
3, 5760, Note_on_c, 0, 55, 117
3, 5760, Note_on_c, 0, 60, 117
3, 5884, Note_on_c, 0, 60, 0
3, 5884, Note_on_c, 0, 55, 0
3, 5884, Note_on_c, 0, 51, 0
3, 6144, Note_on_c, 0, 60, 117
3, 6144, Note_on_c, 0, 55, 117
3, 6144, Note_on_c, 0, 51, 117
3, 6268, Note_on_c, 0, 51, 0
3, 6268, Note_on_c, 0, 55, 0
3, 6268, Note_on_c, 0, 60, 0
3, 6528, Note_on_c, 0, 51, 117
3, 6528, Note_on_c, 0, 55, 117
3, 6528, Note_on_c, 0, 60, 117
3, 6652, Note_on_c, 0, 60, 0
3, 6652, Note_on_c, 0, 55, 0
3, 6652, Note_on_c, 0, 51, 0
3, 6912, Note_on_c, 0, 53, 117
3, 6912, Note_on_c, 0, 56, 117
3, 6912, Note_on_c, 0, 62, 117
3, 7680, Note_on_c, 0, 62, 0
3, 7680, Note_on_c, 0, 56, 0
3, 7680, Note_on_c, 0, 53, 0
3, 8064, Note_on_c, 0, 55, 117
3, 8064, Note_on_c, 0, 62, 117
3, 8188, Note_on_c, 0, 62, 0
3, 8188, Note_on_c, 0, 55, 0
3, 8448, Note_on_c, 0, 59, 117
3, 8448, Note_on_c, 0, 55, 117
3, 8572, Note_on_c, 0, 55, 0
3, 8572, Note_on_c, 0, 59, 0
3, 8832, Note_on_c, 0, 55, 117
3, 8832, Note_on_c, 0, 59, 117
3, 8956, Note_on_c, 0, 59, 0
3, 8956, Note_on_c, 0, 55, 0
3, 9216, Note_on_c, 0, 60, 117
3, 9216, Note_on_c, 0, 63, 117
3, 9472, Note_on_c, 0, 63, 0
3, 9472, Note_on_c, 0, 60, 0
3, 10752, Note_on_c, 0, 67, 100
3, 10752, Note_on_c, 0, 63, 100
3, 10876, Note_on_c, 0, 63, 0
3, 10876, Note_on_c, 0, 67, 0
3, 11136, Note_on_c, 0, 67, 100
3, 11136, Note_on_c, 0, 63, 100
3, 11260, Note_on_c, 0, 63, 0
3, 11260, Note_on_c, 0, 67, 0
3, 11904, Note_on_c, 0, 67, 100
3, 11904, Note_on_c, 0, 63, 100
3, 11904, Note_on_c, 0, 60, 100
3, 12028, Note_on_c, 0, 60, 0
3, 12028, Note_on_c, 0, 63, 0
3, 12028, Note_on_c, 0, 67, 0
3, 12288, Note_on_c, 0, 60, 100
3, 12288, Note_on_c, 0, 63, 100
3, 12288, Note_on_c, 0, 67, 100
3, 12412, Note_on_c, 0, 67, 0
3, 12412, Note_on_c, 0, 63, 0
3, 12412, Note_on_c, 0, 60, 0
3, 12672, Note_on_c, 0, 58, 100
3, 12672, Note_on_c, 0, 65, 100
3, 12672, Note_on_c, 0, 68, 100
3, 13440, Note_on_c, 0, 68, 0
3, 13440, Note_on_c, 0, 65, 0
3, 13440, Note_on_c, 0, 58, 0
3, 13824, Note_on_c, 0, 58, 117
3, 13824, Note_on_c, 0, 63, 117
3, 13824, Note_on_c, 0, 67, 117
3, 13948, Note_on_c, 0, 67, 0
3, 13948, Note_on_c, 0, 63, 0
3, 13948, Note_on_c, 0, 58, 0
3, 14208, Note_on_c, 0, 67, 117
3, 14208, Note_on_c, 0, 63, 117
3, 14208, Note_on_c, 0, 58, 117
3, 14332, Note_on_c, 0, 58, 0
3, 14332, Note_on_c, 0, 63, 0
3, 14332, Note_on_c, 0, 67, 0
3, 14592, Note_on_c, 0, 63, 117
3, 14592, Note_on_c, 0, 58, 117
3, 14716, Note_on_c, 0, 58, 0
3, 14716, Note_on_c, 0, 63, 0
3, 14976, Note_on_c, 0, 68, 117
3, 14976, Note_on_c, 0, 65, 117
3, 14976, Note_on_c, 0, 58, 117
3, 15488, Note_on_c, 0, 58, 0
3, 15488, Note_on_c, 0, 65, 0
3, 15488, Note_on_c, 0, 68, 0
3, 15744, Note_on_c, 0, 56, 117
3, 15744, Note_on_c, 0, 58, 117
3, 15744, Note_on_c, 0, 65, 117
3, 16000, Note_on_c, 0, 65, 0
3, 16000, Note_on_c, 0, 58, 0
3, 16000, Note_on_c, 0, 56, 0
3, 16128, Note_on_c, 0, 55, 117
3, 16128, Note_on_c, 0, 58, 117
3, 16128, Note_on_c, 0, 63, 117
3, 16640, Note_on_c, 0, 63, 0
3, 16640, Note_on_c, 0, 58, 0
3, 16640, Note_on_c, 0, 55, 0
3, 16896, Note_on_c, 0, 55, 117
3, 16896, Note_on_c, 0, 51, 117
3, 17020, Note_on_c, 0, 51, 0
3, 17020, Note_on_c, 0, 55, 0
3, 17280, Note_on_c, 0, 50, 117
3, 17280, Note_on_c, 0, 53, 117
3, 17280, Note_on_c, 0, 58, 117
3, 17792, Note_on_c, 0, 58, 0
3, 17792, Note_on_c, 0, 53, 0
3, 17792, Note_on_c, 0, 50, 0
3, 18048, Note_on_c, 0, 50, 117
3, 18048, Note_on_c, 0, 53, 117
3, 18304, Note_on_c, 0, 53, 0
3, 18304, Note_on_c, 0, 50, 0
3, 18432, Note_on_c, 0, 51, 117
3, 18432, Note_on_c, 0, 55, 117
3, 18688, Note_on_c, 0, 55, 0
3, 18688, Note_on_c, 0, 51, 0
3, 18816, Note_on_c, 0, 56, 117
3, 18816, Note_on_c, 0, 53, 117
3, 19072, Note_on_c, 0, 53, 0
3, 19072, Note_on_c, 0, 56, 0
3, 19200, Note_on_c, 0, 55, 117
3, 19200, Note_on_c, 0, 58, 117
3, 19456, Note_on_c, 0, 58, 0
3, 19456, Note_on_c, 0, 55, 0
3, 19584, Note_on_c, 0, 56, 117
3, 19584, Note_on_c, 0, 60, 117
3, 19840, Note_on_c, 0, 60, 0
3, 19840, Note_on_c, 0, 56, 0
3, 20352, Note_on_c, 0, 46, 117
3, 20352, Note_on_c, 0, 53, 117
3, 20352, Note_on_c, 0, 56, 117
3, 20476, Note_on_c, 0, 56, 0
3, 20476, Note_on_c, 0, 53, 0
3, 20476, Note_on_c, 0, 46, 0
3, 20736, Note_on_c, 0, 51, 117
3, 20736, Note_on_c, 0, 55, 117
3, 20864, Note_on_c, 0, 55, 0
3, 20928, Note_on_c, 0, 58, 117
3, 20992, Note_on_c, 0, 51, 0
3, 21056, Note_on_c, 0, 58, 0
3, 21120, Note_on_c, 0, 51, 117
3, 21120, Note_on_c, 0, 55, 117
3, 21248, Note_on_c, 0, 55, 0
3, 21312, Note_on_c, 0, 58, 117
3, 21376, Note_on_c, 0, 51, 0
3, 21440, Note_on_c, 0, 58, 0
3, 21504, Note_on_c, 0, 51, 117
3, 21504, Note_on_c, 0, 55, 117
3, 21632, Note_on_c, 0, 55, 0
3, 21696, Note_on_c, 0, 58, 117
3, 21760, Note_on_c, 0, 51, 0
3, 21824, Note_on_c, 0, 58, 0
3, 21888, Note_on_c, 0, 51, 117
3, 21888, Note_on_c, 0, 53, 117
3, 21888, Note_on_c, 0, 56, 117
3, 22016, Note_on_c, 0, 56, 0
3, 22080, Note_on_c, 0, 58, 117
3, 22144, Note_on_c, 0, 53, 0
3, 22144, Note_on_c, 0, 51, 0
3, 22208, Note_on_c, 0, 58, 0
3, 22272, Note_on_c, 0, 51, 117
3, 22272, Note_on_c, 0, 53, 117
3, 22272, Note_on_c, 0, 56, 117
3, 22400, Note_on_c, 0, 56, 0
3, 22464, Note_on_c, 0, 58, 117
3, 22528, Note_on_c, 0, 53, 0
3, 22528, Note_on_c, 0, 51, 0
3, 22592, Note_on_c, 0, 58, 0
3, 22656, Note_on_c, 0, 51, 117
3, 22656, Note_on_c, 0, 53, 117
3, 22656, Note_on_c, 0, 56, 117
3, 22784, Note_on_c, 0, 56, 0
3, 22848, Note_on_c, 0, 58, 117
3, 22912, Note_on_c, 0, 53, 0
3, 22912, Note_on_c, 0, 51, 0
3, 22976, Note_on_c, 0, 58, 0
3, 23040, Note_on_c, 0, 51, 117
3, 23040, Note_on_c, 0, 55, 117
3, 23168, Note_on_c, 0, 55, 0
3, 23232, Note_on_c, 0, 58, 117
3, 23296, Note_on_c, 0, 51, 0
3, 23360, Note_on_c, 0, 58, 0
3, 23424, Note_on_c, 0, 51, 117
3, 23424, Note_on_c, 0, 55, 117
3, 23552, Note_on_c, 0, 55, 0
3, 23616, Note_on_c, 0, 58, 117
3, 23680, Note_on_c, 0, 51, 0
3, 23744, Note_on_c, 0, 58, 0
3, 23808, Note_on_c, 0, 51, 117
3, 23808, Note_on_c, 0, 55, 117
3, 23936, Note_on_c, 0, 55, 0
3, 24000, Note_on_c, 0, 58, 117
3, 24064, Note_on_c, 0, 51, 0
3, 24128, Note_on_c, 0, 58, 0
3, 24192, Note_on_c, 0, 51, 117
3, 24192, Note_on_c, 0, 53, 117
3, 24192, Note_on_c, 0, 56, 117
3, 24320, Note_on_c, 0, 56, 0
3, 24384, Note_on_c, 0, 58, 117
3, 24448, Note_on_c, 0, 53, 0
3, 24448, Note_on_c, 0, 51, 0
3, 24512, Note_on_c, 0, 58, 0
3, 24576, Note_on_c, 0, 51, 117
3, 24576, Note_on_c, 0, 53, 117
3, 24576, Note_on_c, 0, 56, 117
3, 24704, Note_on_c, 0, 56, 0
3, 24768, Note_on_c, 0, 58, 117
3, 24832, Note_on_c, 0, 53, 0
3, 24832, Note_on_c, 0, 51, 0
3, 24896, Note_on_c, 0, 58, 0
3, 24960, Note_on_c, 0, 51, 117
3, 24960, Note_on_c, 0, 53, 117
3, 24960, Note_on_c, 0, 56, 117
3, 25088, Note_on_c, 0, 56, 0
3, 25152, Note_on_c, 0, 58, 117
3, 25216, Note_on_c, 0, 53, 0
3, 25216, Note_on_c, 0, 51, 0
3, 25280, Note_on_c, 0, 58, 0
3, 25344, Note_on_c, 0, 55, 117
3, 25344, Note_on_c, 0, 51, 117
3, 25600, Note_on_c, 0, 51, 0
3, 25600, Note_on_c, 0, 55, 0
3, 27648, Note_on_c, 0, 55, 100
3, 28032, Note_on_c, 0, 58, 106
3, 28288, Note_on_c, 0, 58, 0
3, 28416, Note_on_c, 0, 55, 0
3, 28416, Note_on_c, 0, 61, 112
3, 28672, Note_on_c, 0, 61, 0
3, 28800, Note_on_c, 0, 56, 117
3, 28800, Note_on_c, 0, 60, 117
3, 29056, Note_on_c, 0, 60, 0
3, 29056, Note_on_c, 0, 56, 0
3, 29952, Note_on_c, 0, 57, 100
3, 30336, Note_on_c, 0, 60, 117
3, 30592, Note_on_c, 0, 60, 0
3, 30720, Note_on_c, 0, 57, 0
3, 30720, Note_on_c, 0, 63, 117
3, 30976, Note_on_c, 0, 63, 0
3, 31104, Note_on_c, 0, 62, 117
3, 31104, Note_on_c, 0, 59, 117
3, 31360, Note_on_c, 0, 59, 0
3, 31360, Note_on_c, 0, 62, 0
3, 31776, Note_on_c, 0, 54, 117
3, 31840, Note_on_c, 0, 54, 0
3, 31872, Note_on_c, 0, 55, 117
3, 31996, Note_on_c, 0, 55, 0
3, 32256, Note_on_c, 0, 43, 117
3, 32768, Note_on_c, 0, 43, 0
3, 32928, Note_on_c, 0, 54, 117
3, 32992, Note_on_c, 0, 54, 0
3, 33024, Note_on_c, 0, 55, 117
3, 33148, Note_on_c, 0, 55, 0
3, 33408, Note_on_c, 0, 43, 117
3, 33920, Note_on_c, 0, 43, 0
3, 34080, Note_on_c, 0, 54, 117
3, 34144, Note_on_c, 0, 54, 0
3, 34176, Note_on_c, 0, 55, 117
3, 34300, Note_on_c, 0, 55, 0
3, 34560, Note_on_c, 0, 44, 117
3, 35328, Note_on_c, 0, 44, 0
3, 35712, Note_on_c, 0, 43, 117
3, 35968, Note_on_c, 0, 43, 0
3, 36096, Note_on_c, 0, 55, 117
3, 36220, Note_on_c, 0, 55, 0
3, 37248, Note_on_c, 0, 63, 100
3, 37248, Note_on_c, 0, 60, 100
3, 37372, Note_on_c, 0, 60, 0
3, 37372, Note_on_c, 0, 63, 0
3, 37632, Note_on_c, 0, 60, 100
3, 37632, Note_on_c, 0, 63, 100
3, 37632, Note_on_c, 0, 63, 100
3, 37756, Note_on_c, 0, 63, 0
3, 37756, Note_on_c, 0, 63, 0
3, 37756, Note_on_c, 0, 60, 0
3, 38400, Note_on_c, 0, 67, 100
3, 38400, Note_on_c, 0, 63, 100
3, 38400, Note_on_c, 0, 60, 100
3, 38524, Note_on_c, 0, 60, 0
3, 38524, Note_on_c, 0, 63, 0
3, 38524, Note_on_c, 0, 67, 0
3, 38784, Note_on_c, 0, 60, 100
3, 38784, Note_on_c, 0, 63, 100
3, 38784, Note_on_c, 0, 67, 100
3, 38908, Note_on_c, 0, 67, 0
3, 38908, Note_on_c, 0, 63, 0
3, 38908, Note_on_c, 0, 60, 0
3, 39168, Note_on_c, 0, 60, 100
3, 39168, Note_on_c, 0, 65, 100
3, 39168, Note_on_c, 0, 67, 100
3, 39292, Note_on_c, 0, 67, 0
3, 39292, Note_on_c, 0, 65, 0
3, 39292, Note_on_c, 0, 60, 0
3, 39552, Note_on_c, 0, 60, 100
3, 39552, Note_on_c, 0, 65, 100
3, 39552, Note_on_c, 0, 67, 100
3, 39676, Note_on_c, 0, 67, 0
3, 39676, Note_on_c, 0, 65, 0
3, 39676, Note_on_c, 0, 60, 0
3, 39936, Note_on_c, 0, 67, 100
3, 39936, Note_on_c, 0, 65, 100
3, 39936, Note_on_c, 0, 60, 100
3, 40060, Note_on_c, 0, 60, 0
3, 40060, Note_on_c, 0, 65, 0
3, 40060, Note_on_c, 0, 67, 0
3, 40320, Note_on_c, 0, 60, 100
3, 40320, Note_on_c, 0, 63, 100
3, 40320, Note_on_c, 0, 67, 100
3, 40444, Note_on_c, 0, 67, 0
3, 40444, Note_on_c, 0, 63, 0
3, 40444, Note_on_c, 0, 60, 0
3, 40704, Note_on_c, 0, 67, 100
3, 40704, Note_on_c, 0, 63, 100
3, 40704, Note_on_c, 0, 60, 100
3, 40828, Note_on_c, 0, 60, 0
3, 40828, Note_on_c, 0, 63, 0
3, 40828, Note_on_c, 0, 67, 0
3, 41472, Note_on_c, 0, 60, 117
3, 41472, Note_on_c, 0, 55, 117
3, 41472, Note_on_c, 0, 51, 117
3, 41596, Note_on_c, 0, 51, 0
3, 41596, Note_on_c, 0, 55, 0
3, 41596, Note_on_c, 0, 60, 0
3, 41856, Note_on_c, 0, 60, 117
3, 41856, Note_on_c, 0, 55, 117
3, 41856, Note_on_c, 0, 51, 117
3, 41980, Note_on_c, 0, 51, 0
3, 41980, Note_on_c, 0, 55, 0
3, 41980, Note_on_c, 0, 60, 0
3, 42240, Note_on_c, 0, 51, 117
3, 42240, Note_on_c, 0, 55, 117
3, 42240, Note_on_c, 0, 60, 117
3, 42364, Note_on_c, 0, 60, 0
3, 42364, Note_on_c, 0, 55, 0
3, 42364, Note_on_c, 0, 51, 0
3, 42624, Note_on_c, 0, 53, 117
3, 42624, Note_on_c, 0, 56, 117
3, 42624, Note_on_c, 0, 62, 117
3, 43392, Note_on_c, 0, 62, 0
3, 43392, Note_on_c, 0, 56, 0
3, 43392, Note_on_c, 0, 53, 0
3, 43776, Note_on_c, 0, 62, 117
3, 43776, Note_on_c, 0, 55, 117
3, 43900, Note_on_c, 0, 55, 0
3, 43900, Note_on_c, 0, 62, 0
3, 44160, Note_on_c, 0, 59, 117
3, 44160, Note_on_c, 0, 55, 117
3, 44284, Note_on_c, 0, 55, 0
3, 44284, Note_on_c, 0, 59, 0
3, 44544, Note_on_c, 0, 55, 117
3, 44544, Note_on_c, 0, 59, 117
3, 44668, Note_on_c, 0, 59, 0
3, 44668, Note_on_c, 0, 55, 0
3, 44928, Note_on_c, 0, 63, 117
3, 44928, Note_on_c, 0, 60, 117
3, 45184, Note_on_c, 0, 60, 0
3, 45184, Note_on_c, 0, 63, 0
3, 46464, Note_on_c, 0, 58, 100
3, 46464, Note_on_c, 0, 60, 100
3, 46464, Note_on_c, 0, 63, 100
3, 46588, Note_on_c, 0, 63, 0
3, 46588, Note_on_c, 0, 60, 0
3, 46588, Note_on_c, 0, 58, 0
3, 46848, Note_on_c, 0, 63, 100
3, 46848, Note_on_c, 0, 60, 100
3, 46848, Note_on_c, 0, 58, 100
3, 46972, Note_on_c, 0, 58, 0
3, 46972, Note_on_c, 0, 60, 0
3, 46972, Note_on_c, 0, 63, 0
3, 47616, Note_on_c, 0, 65, 100
3, 47616, Note_on_c, 0, 60, 100
3, 47616, Note_on_c, 0, 56, 100
3, 47740, Note_on_c, 0, 56, 0
3, 47740, Note_on_c, 0, 60, 0
3, 47740, Note_on_c, 0, 65, 0
3, 48000, Note_on_c, 0, 56, 100
3, 48000, Note_on_c, 0, 60, 100
3, 48000, Note_on_c, 0, 65, 100
3, 48124, Note_on_c, 0, 65, 0
3, 48124, Note_on_c, 0, 60, 0
3, 48124, Note_on_c, 0, 56, 0
3, 48768, Note_on_c, 0, 55, 117
3, 48768, Note_on_c, 0, 59, 117
3, 48768, Note_on_c, 0, 62, 117
3, 48768, Note_on_c, 0, 65, 117
3, 48892, Note_on_c, 0, 65, 0
3, 48892, Note_on_c, 0, 55, 0
3, 48892, Note_on_c, 0, 59, 0
3, 48892, Note_on_c, 0, 62, 0
3, 49152, Note_on_c, 0, 55, 117
3, 49152, Note_on_c, 0, 59, 117
3, 49152, Note_on_c, 0, 62, 117
3, 49152, Note_on_c, 0, 65, 117
3, 49276, Note_on_c, 0, 65, 0
3, 49276, Note_on_c, 0, 55, 0
3, 49276, Note_on_c, 0, 59, 0
3, 49276, Note_on_c, 0, 62, 0
3, 49536, Note_on_c, 0, 55, 117
3, 49536, Note_on_c, 0, 59, 117
3, 49536, Note_on_c, 0, 62, 117
3, 49536, Note_on_c, 0, 65, 117
3, 49660, Note_on_c, 0, 65, 0
3, 49660, Note_on_c, 0, 55, 0
3, 49660, Note_on_c, 0, 59, 0
3, 49660, Note_on_c, 0, 62, 0
3, 51840, Note_on_c, 0, 41, 100
3, 51840, Note_on_c, 0, 53, 100
3, 52608, Note_on_c, 0, 53, 0
3, 52608, Note_on_c, 0, 41, 0
3, 52992, Note_on_c, 0, 41, 100
3, 52992, Note_on_c, 0, 53, 100
3, 53504, Note_on_c, 0, 53, 0
3, 53504, Note_on_c, 0, 41, 0
3, 53760, Note_on_c, 0, 44, 117
3, 53884, Note_on_c, 0, 44, 0
3, 54144, Note_on_c, 0, 43, 117
3, 54912, Note_on_c, 0, 43, 0
3, 55296, Note_on_c, 0, 36, 100
3, 55424, Note_on_c, 0, 36, 0
3, 55488, Note_on_c, 0, 48, 100
3, 55616, Note_on_c, 0, 48, 0
3, 55680, Note_on_c, 0, 36, 102
3, 55808, Note_on_c, 0, 36, 0
3, 55872, Note_on_c, 0, 48, 104
3, 56000, Note_on_c, 0, 48, 0
3, 56064, Note_on_c, 0, 36, 104
3, 56192, Note_on_c, 0, 36, 0
3, 56256, Note_on_c, 0, 48, 106
3, 56256, Note_on_c, 0, 48, 106
3, 56384, Note_on_c, 0, 48, 0
3, 56384, Note_on_c, 0, 48, 0
3, 56448, Note_on_c, 0, 36, 108
3, 56576, Note_on_c, 0, 36, 0
3, 56640, Note_on_c, 0, 48, 110
3, 56768, Note_on_c, 0, 48, 0
3, 56832, Note_on_c, 0, 36, 110
3, 56960, Note_on_c, 0, 36, 0
3, 57024, Note_on_c, 0, 48, 112
3, 57152, Note_on_c, 0, 48, 0
3, 57216, Note_on_c, 0, 36, 114
3, 57344, Note_on_c, 0, 36, 0
3, 57408, Note_on_c, 0, 48, 114
3, 57408, Note_on_c, 0, 48, 114
3, 57536, Note_on_c, 0, 48, 0
3, 57536, Note_on_c, 0, 48, 0
3, 57600, Note_on_c, 0, 36, 116
3, 57728, Note_on_c, 0, 36, 0
3, 57792, Note_on_c, 0, 48, 117
3, 57920, Note_on_c, 0, 48, 0
3, 57984, Note_on_c, 0, 36, 117
3, 58112, Note_on_c, 0, 36, 0
3, 58176, Note_on_c, 0, 48, 117
3, 58304, Note_on_c, 0, 48, 0
3, 58368, Note_on_c, 0, 36, 117
3, 58496, Note_on_c, 0, 36, 0
3, 58560, Note_on_c, 0, 48, 117
3, 58560, Note_on_c, 0, 48, 117
3, 58688, Note_on_c, 0, 48, 0
3, 58688, Note_on_c, 0, 48, 0
3, 58752, Note_on_c, 0, 36, 117
3, 58880, Note_on_c, 0, 36, 0
3, 58944, Note_on_c, 0, 48, 117
3, 59072, Note_on_c, 0, 48, 0
3, 59136, Note_on_c, 0, 36, 117
3, 59264, Note_on_c, 0, 36, 0
3, 59328, Note_on_c, 0, 48, 117
3, 59456, Note_on_c, 0, 48, 0
3, 59520, Note_on_c, 0, 36, 117
3, 59648, Note_on_c, 0, 36, 0
3, 59712, Note_on_c, 0, 48, 117
3, 59712, Note_on_c, 0, 48, 117
3, 59840, Note_on_c, 0, 48, 0
3, 59840, Note_on_c, 0, 48, 0
3, 59904, Note_on_c, 0, 36, 117
3, 60032, Note_on_c, 0, 36, 0
3, 60096, Note_on_c, 0, 48, 117
3, 60224, Note_on_c, 0, 48, 0
3, 60288, Note_on_c, 0, 36, 117
3, 60416, Note_on_c, 0, 36, 0
3, 60480, Note_on_c, 0, 48, 117
3, 60608, Note_on_c, 0, 48, 0
3, 60672, Note_on_c, 0, 36, 117
3, 60928, Note_on_c, 0, 36, 0
3, 61056, Note_on_c, 0, 60, 117
3, 61056, Note_on_c, 0, 55, 117
3, 61056, Note_on_c, 0, 51, 117
3, 61180, Note_on_c, 0, 51, 0
3, 61180, Note_on_c, 0, 55, 0
3, 61180, Note_on_c, 0, 60, 0
3, 61440, Note_on_c, 0, 51, 117
3, 61440, Note_on_c, 0, 55, 117
3, 61440, Note_on_c, 0, 60, 117
3, 61564, Note_on_c, 0, 60, 0
3, 61564, Note_on_c, 0, 55, 0
3, 61564, Note_on_c, 0, 51, 0
3, 61824, Note_on_c, 0, 60, 117
3, 61824, Note_on_c, 0, 55, 117
3, 61824, Note_on_c, 0, 51, 117
3, 61948, Note_on_c, 0, 51, 0
3, 61948, Note_on_c, 0, 55, 0
3, 61948, Note_on_c, 0, 60, 0
3, 62208, Note_on_c, 0, 62, 117
3, 62208, Note_on_c, 0, 56, 117
3, 62208, Note_on_c, 0, 53, 117
3, 62332, Note_on_c, 0, 53, 0
3, 62332, Note_on_c, 0, 56, 0
3, 62332, Note_on_c, 0, 62, 0
3, 63360, Note_on_c, 0, 43, 117
3, 63360, Note_on_c, 0, 55, 117
3, 63484, Note_on_c, 0, 55, 0
3, 63484, Note_on_c, 0, 43, 0
3, 63744, Note_on_c, 0, 55, 117
3, 63744, Note_on_c, 0, 43, 117
3, 63868, Note_on_c, 0, 43, 0
3, 63868, Note_on_c, 0, 55, 0
3, 64128, Note_on_c, 0, 43, 117
3, 64128, Note_on_c, 0, 55, 117
3, 64252, Note_on_c, 0, 55, 0
3, 64252, Note_on_c, 0, 43, 0
3, 64512, Note_on_c, 0, 36, 117
3, 64512, Note_on_c, 0, 48, 117
3, 64636, Note_on_c, 0, 48, 0
3, 64636, Note_on_c, 0, 36, 0
3, 66816, Note_on_c, 0, 55, 108
3, 67200, Note_on_c, 0, 58, 112
3, 67456, Note_on_c, 0, 58, 0
3, 67584, Note_on_c, 0, 55, 0
3, 67584, Note_on_c, 0, 61, 117
3, 67840, Note_on_c, 0, 61, 0
3, 67968, Note_on_c, 0, 56, 117
3, 67968, Note_on_c, 0, 60, 117
3, 68224, Note_on_c, 0, 60, 0
3, 68224, Note_on_c, 0, 56, 0
3, 69120, Note_on_c, 0, 57, 100
3, 69504, Note_on_c, 0, 60, 117
3, 69760, Note_on_c, 0, 60, 0
3, 69888, Note_on_c, 0, 57, 0
3, 69888, Note_on_c, 0, 63, 117
3, 70144, Note_on_c, 0, 63, 0
3, 70272, Note_on_c, 0, 62, 117
3, 70272, Note_on_c, 0, 59, 117
3, 70528, Note_on_c, 0, 59, 0
3, 70528, Note_on_c, 0, 62, 0
3, 70944, Note_on_c, 0, 54, 117
3, 71008, Note_on_c, 0, 54, 0
3, 71040, Note_on_c, 0, 55, 117
3, 71164, Note_on_c, 0, 55, 0
3, 71424, Note_on_c, 0, 43, 117
3, 71936, Note_on_c, 0, 43, 0
3, 72096, Note_on_c, 0, 54, 117
3, 72160, Note_on_c, 0, 54, 0
3, 72192, Note_on_c, 0, 55, 117
3, 72316, Note_on_c, 0, 55, 0
3, 72576, Note_on_c, 0, 43, 117
3, 73088, Note_on_c, 0, 43, 0
3, 73248, Note_on_c, 0, 54, 117
3, 73312, Note_on_c, 0, 54, 0
3, 73344, Note_on_c, 0, 55, 117
3, 73468, Note_on_c, 0, 55, 0
3, 73728, Note_on_c, 0, 44, 117
3, 74496, Note_on_c, 0, 44, 0
3, 74880, Note_on_c, 0, 43, 117
3, 75136, Note_on_c, 0, 43, 0
3, 75264, Note_on_c, 0, 55, 117
3, 75388, Note_on_c, 0, 55, 0
3, 76416, Note_on_c, 0, 63, 100
3, 76416, Note_on_c, 0, 60, 100
3, 76540, Note_on_c, 0, 60, 0
3, 76540, Note_on_c, 0, 63, 0
3, 76800, Note_on_c, 0, 60, 100
3, 76800, Note_on_c, 0, 63, 100
3, 76800, Note_on_c, 0, 63, 100
3, 76924, Note_on_c, 0, 63, 0
3, 76924, Note_on_c, 0, 63, 0
3, 76924, Note_on_c, 0, 60, 0
3, 77568, Note_on_c, 0, 67, 100
3, 77568, Note_on_c, 0, 63, 100
3, 77568, Note_on_c, 0, 60, 100
3, 77692, Note_on_c, 0, 60, 0
3, 77692, Note_on_c, 0, 63, 0
3, 77692, Note_on_c, 0, 67, 0
3, 77952, Note_on_c, 0, 60, 100
3, 77952, Note_on_c, 0, 63, 100
3, 77952, Note_on_c, 0, 67, 100
3, 78076, Note_on_c, 0, 67, 0
3, 78076, Note_on_c, 0, 63, 0
3, 78076, Note_on_c, 0, 60, 0
3, 78336, Note_on_c, 0, 60, 100
3, 78336, Note_on_c, 0, 65, 100
3, 78336, Note_on_c, 0, 67, 100
3, 78460, Note_on_c, 0, 67, 0
3, 78460, Note_on_c, 0, 65, 0
3, 78460, Note_on_c, 0, 60, 0
3, 78720, Note_on_c, 0, 60, 100
3, 78720, Note_on_c, 0, 65, 100
3, 78720, Note_on_c, 0, 67, 100
3, 78844, Note_on_c, 0, 67, 0
3, 78844, Note_on_c, 0, 65, 0
3, 78844, Note_on_c, 0, 60, 0
3, 79104, Note_on_c, 0, 67, 100
3, 79104, Note_on_c, 0, 65, 100
3, 79104, Note_on_c, 0, 60, 100
3, 79228, Note_on_c, 0, 60, 0
3, 79228, Note_on_c, 0, 65, 0
3, 79228, Note_on_c, 0, 67, 0
3, 79488, Note_on_c, 0, 60, 100
3, 79488, Note_on_c, 0, 63, 100
3, 79488, Note_on_c, 0, 67, 100
3, 79612, Note_on_c, 0, 67, 0
3, 79612, Note_on_c, 0, 63, 0
3, 79612, Note_on_c, 0, 60, 0
3, 79872, Note_on_c, 0, 67, 100
3, 79872, Note_on_c, 0, 63, 100
3, 79872, Note_on_c, 0, 60, 100
3, 79996, Note_on_c, 0, 60, 0
3, 79996, Note_on_c, 0, 63, 0
3, 79996, Note_on_c, 0, 67, 0
3, 80640, Note_on_c, 0, 60, 117
3, 80640, Note_on_c, 0, 55, 117
3, 80640, Note_on_c, 0, 51, 117
3, 80764, Note_on_c, 0, 51, 0
3, 80764, Note_on_c, 0, 55, 0
3, 80764, Note_on_c, 0, 60, 0
3, 81024, Note_on_c, 0, 60, 117
3, 81024, Note_on_c, 0, 55, 117
3, 81024, Note_on_c, 0, 51, 117
3, 81148, Note_on_c, 0, 51, 0
3, 81148, Note_on_c, 0, 55, 0
3, 81148, Note_on_c, 0, 60, 0
3, 81408, Note_on_c, 0, 51, 117
3, 81408, Note_on_c, 0, 55, 117
3, 81408, Note_on_c, 0, 60, 117
3, 81532, Note_on_c, 0, 60, 0
3, 81532, Note_on_c, 0, 55, 0
3, 81532, Note_on_c, 0, 51, 0
3, 81792, Note_on_c, 0, 53, 117
3, 81792, Note_on_c, 0, 56, 117
3, 81792, Note_on_c, 0, 62, 117
3, 82560, Note_on_c, 0, 62, 0
3, 82560, Note_on_c, 0, 56, 0
3, 82560, Note_on_c, 0, 53, 0
3, 82944, Note_on_c, 0, 62, 117
3, 82944, Note_on_c, 0, 55, 117
3, 83068, Note_on_c, 0, 55, 0
3, 83068, Note_on_c, 0, 62, 0
3, 83328, Note_on_c, 0, 59, 117
3, 83328, Note_on_c, 0, 55, 117
3, 83452, Note_on_c, 0, 55, 0
3, 83452, Note_on_c, 0, 59, 0
3, 83712, Note_on_c, 0, 55, 117
3, 83712, Note_on_c, 0, 59, 117
3, 83836, Note_on_c, 0, 59, 0
3, 83836, Note_on_c, 0, 55, 0
3, 84096, Note_on_c, 0, 63, 117
3, 84096, Note_on_c, 0, 60, 117
3, 84352, Note_on_c, 0, 60, 0
3, 84352, Note_on_c, 0, 63, 0
3, 85632, Note_on_c, 0, 58, 100
3, 85632, Note_on_c, 0, 60, 100
3, 85632, Note_on_c, 0, 63, 100
3, 85756, Note_on_c, 0, 63, 0
3, 85756, Note_on_c, 0, 60, 0
3, 85756, Note_on_c, 0, 58, 0
3, 86016, Note_on_c, 0, 63, 100
3, 86016, Note_on_c, 0, 60, 100
3, 86016, Note_on_c, 0, 58, 100
3, 86140, Note_on_c, 0, 58, 0
3, 86140, Note_on_c, 0, 60, 0
3, 86140, Note_on_c, 0, 63, 0
3, 86784, Note_on_c, 0, 65, 100
3, 86784, Note_on_c, 0, 60, 100
3, 86784, Note_on_c, 0, 56, 100
3, 86908, Note_on_c, 0, 56, 0
3, 86908, Note_on_c, 0, 60, 0
3, 86908, Note_on_c, 0, 65, 0
3, 87168, Note_on_c, 0, 56, 100
3, 87168, Note_on_c, 0, 60, 100
3, 87168, Note_on_c, 0, 65, 100
3, 87292, Note_on_c, 0, 65, 0
3, 87292, Note_on_c, 0, 60, 0
3, 87292, Note_on_c, 0, 56, 0
3, 87936, Note_on_c, 0, 55, 117
3, 87936, Note_on_c, 0, 59, 117
3, 87936, Note_on_c, 0, 62, 117
3, 87936, Note_on_c, 0, 65, 117
3, 88060, Note_on_c, 0, 65, 0
3, 88060, Note_on_c, 0, 55, 0
3, 88060, Note_on_c, 0, 59, 0
3, 88060, Note_on_c, 0, 62, 0
3, 88320, Note_on_c, 0, 55, 117
3, 88320, Note_on_c, 0, 59, 117
3, 88320, Note_on_c, 0, 62, 117
3, 88320, Note_on_c, 0, 65, 117
3, 88444, Note_on_c, 0, 65, 0
3, 88444, Note_on_c, 0, 55, 0
3, 88444, Note_on_c, 0, 59, 0
3, 88444, Note_on_c, 0, 62, 0
3, 88704, Note_on_c, 0, 55, 117
3, 88704, Note_on_c, 0, 59, 117
3, 88704, Note_on_c, 0, 62, 117
3, 88704, Note_on_c, 0, 65, 117
3, 88828, Note_on_c, 0, 65, 0
3, 88828, Note_on_c, 0, 55, 0
3, 88828, Note_on_c, 0, 59, 0
3, 88828, Note_on_c, 0, 62, 0
3, 91008, Note_on_c, 0, 41, 100
3, 91008, Note_on_c, 0, 53, 100
3, 91776, Note_on_c, 0, 53, 0
3, 91776, Note_on_c, 0, 41, 0
3, 92160, Note_on_c, 0, 41, 100
3, 92160, Note_on_c, 0, 53, 100
3, 92672, Note_on_c, 0, 53, 0
3, 92672, Note_on_c, 0, 41, 0
3, 92928, Note_on_c, 0, 44, 117
3, 93052, Note_on_c, 0, 44, 0
3, 93312, Note_on_c, 0, 43, 117
3, 94080, Note_on_c, 0, 43, 0
3, 94464, Note_on_c, 0, 36, 100
3, 94592, Note_on_c, 0, 36, 0
3, 94656, Note_on_c, 0, 48, 100
3, 94784, Note_on_c, 0, 48, 0
3, 94848, Note_on_c, 0, 36, 102
3, 94976, Note_on_c, 0, 36, 0
3, 95040, Note_on_c, 0, 48, 104
3, 95168, Note_on_c, 0, 48, 0
3, 95232, Note_on_c, 0, 36, 104
3, 95360, Note_on_c, 0, 36, 0
3, 95424, Note_on_c, 0, 48, 106
3, 95424, Note_on_c, 0, 48, 106
3, 95552, Note_on_c, 0, 48, 0
3, 95552, Note_on_c, 0, 48, 0
3, 95616, Note_on_c, 0, 36, 108
3, 95744, Note_on_c, 0, 36, 0
3, 95808, Note_on_c, 0, 48, 110
3, 95936, Note_on_c, 0, 48, 0
3, 96000, Note_on_c, 0, 36, 110
3, 96128, Note_on_c, 0, 36, 0
3, 96192, Note_on_c, 0, 48, 112
3, 96320, Note_on_c, 0, 48, 0
3, 96384, Note_on_c, 0, 36, 114
3, 96512, Note_on_c, 0, 36, 0
3, 96576, Note_on_c, 0, 48, 114
3, 96576, Note_on_c, 0, 48, 114
3, 96704, Note_on_c, 0, 48, 0
3, 96704, Note_on_c, 0, 48, 0
3, 96768, Note_on_c, 0, 36, 116
3, 96896, Note_on_c, 0, 36, 0
3, 96960, Note_on_c, 0, 48, 117
3, 97088, Note_on_c, 0, 48, 0
3, 97152, Note_on_c, 0, 36, 117
3, 97280, Note_on_c, 0, 36, 0
3, 97344, Note_on_c, 0, 48, 117
3, 97472, Note_on_c, 0, 48, 0
3, 97536, Note_on_c, 0, 36, 117
3, 97664, Note_on_c, 0, 36, 0
3, 97728, Note_on_c, 0, 48, 117
3, 97728, Note_on_c, 0, 48, 117
3, 97856, Note_on_c, 0, 48, 0
3, 97856, Note_on_c, 0, 48, 0
3, 97920, Note_on_c, 0, 36, 117
3, 98048, Note_on_c, 0, 36, 0
3, 98112, Note_on_c, 0, 48, 117
3, 98240, Note_on_c, 0, 48, 0
3, 98304, Note_on_c, 0, 36, 117
3, 98432, Note_on_c, 0, 36, 0
3, 98496, Note_on_c, 0, 48, 117
3, 98624, Note_on_c, 0, 48, 0
3, 98688, Note_on_c, 0, 36, 117
3, 98816, Note_on_c, 0, 36, 0
3, 98880, Note_on_c, 0, 48, 117
3, 98880, Note_on_c, 0, 48, 117
3, 99008, Note_on_c, 0, 48, 0
3, 99008, Note_on_c, 0, 48, 0
3, 99072, Note_on_c, 0, 36, 117
3, 99200, Note_on_c, 0, 36, 0
3, 99264, Note_on_c, 0, 48, 117
3, 99392, Note_on_c, 0, 48, 0
3, 99456, Note_on_c, 0, 36, 117
3, 99584, Note_on_c, 0, 36, 0
3, 99648, Note_on_c, 0, 48, 117
3, 99776, Note_on_c, 0, 48, 0
3, 99840, Note_on_c, 0, 36, 117
3, 100096, Note_on_c, 0, 36, 0
3, 100224, Note_on_c, 0, 60, 117
3, 100224, Note_on_c, 0, 55, 117
3, 100224, Note_on_c, 0, 51, 117
3, 100348, Note_on_c, 0, 51, 0
3, 100348, Note_on_c, 0, 55, 0
3, 100348, Note_on_c, 0, 60, 0
3, 100608, Note_on_c, 0, 51, 117
3, 100608, Note_on_c, 0, 55, 117
3, 100608, Note_on_c, 0, 60, 117
3, 100732, Note_on_c, 0, 60, 0
3, 100732, Note_on_c, 0, 55, 0
3, 100732, Note_on_c, 0, 51, 0
3, 100992, Note_on_c, 0, 60, 117
3, 100992, Note_on_c, 0, 55, 117
3, 100992, Note_on_c, 0, 51, 117
3, 101116, Note_on_c, 0, 51, 0
3, 101116, Note_on_c, 0, 55, 0
3, 101116, Note_on_c, 0, 60, 0
3, 101376, Note_on_c, 0, 62, 117
3, 101376, Note_on_c, 0, 56, 117
3, 101376, Note_on_c, 0, 53, 117
3, 101500, Note_on_c, 0, 53, 0
3, 101500, Note_on_c, 0, 56, 0
3, 101500, Note_on_c, 0, 62, 0
3, 102528, Note_on_c, 0, 43, 117
3, 102528, Note_on_c, 0, 55, 117
3, 102652, Note_on_c, 0, 55, 0
3, 102652, Note_on_c, 0, 43, 0
3, 102912, Note_on_c, 0, 55, 117
3, 102912, Note_on_c, 0, 43, 117
3, 103036, Note_on_c, 0, 43, 0
3, 103036, Note_on_c, 0, 55, 0
3, 103296, Note_on_c, 0, 43, 117
3, 103296, Note_on_c, 0, 55, 117
3, 103420, Note_on_c, 0, 55, 0
3, 103420, Note_on_c, 0, 43, 0
3, 103680, Note_on_c, 0, 36, 117
3, 103680, Note_on_c, 0, 48, 117
3, 103932, Note_on_c, 0, 48, 0
3, 103932, Note_on_c, 0, 36, 0
3, 103932, End_track
0, 0, End_of_file
